id,name,ally,villages,points,att,def,sup,all
798,Krissy,513,1,2942,0,7560,2286,9846
1211,amigote,318,4,11660,0,382,1307,1689
4652,ThEErAsEr,0,2,3123,0,116556,0,116556
7576,Roberto Bashio,0,1,563,0,49,0,49
9966,GERD,498,4,12756,58,65,0,123
10320,Bigmama,0,1,3562,0,4551,0,4551
11451,birax,806,1,795,0,21969,0,21969
15705,Liebesengel,0,1,324,0,208,0,208
16262,Nodor,518,1,3986,0,20,0,20
19594,Anthelios,0,1,670,0,0,0,0
22718,hwei,340,1,1417,339,98436,0,98775
46212,Ragewear,0,2,5113,16143,344,0,16487
51578,CrashTestDummy,0,1,355,7409,15677,0,23086
52326,Leopold55,0,1,26,0,11406,0,11406
52534,roter rabe,342,1,989,0,5815,0,5815
55121,MGDriver,0,1,438,0,529,0,529
60395,schmusekater46,14,1,1974,850,248,0,1098
60416,Skally,0,1,800,851,0,0,851
60462,framichel,452,2,1739,4455,65364,0,69819
63348,Konv,521,3,2091,0,1710,0,1710
64657,Sir Fitz Oblong,424,6,14826,438,689,0,1127
72835,kasperkarl,350,1,3322,26,0,0,26
92165,Sir-AS,0,1,1724,0,2008,0,2008
96264,Vatti,0,1,2374,0,73397,0,73397
96551,Lord Bergi,56,1,3526,0,0,0,0
98114,jerry77,612,1,901,0,188,0,188
104322,Taps0815,0,1,369,0,1188,0,1188
106967,Terence Hill,565,19,73335,131150,15881,93822,240853
111003,the dark kasa,343,1,863,0,0,0,0
112157,RiddleAura,0,1,2573,0,74196,0,74196
119382,rambow,694,12,48174,36656,24203,12615,73474
126447,Bentle,0,1,115,0,14,0,14
128761,logos,0,1,245,0,370,0,370
129353,Spaki,0,1,5885,0,74,0,74
129687,~TheRock~,0,0,0,0,191,0,191
131441,Lübby,557,5,7685,1740,91,0,1831
133852,Broncho,625,0,0,5831,25612,0,31443
140127,tandem 270,0,1,887,0,10,0,10
142049,theillnes,235,1,1698,0,8277,0,8277
142764,Thor49,318,5,16582,434,634,0,1068
154754,Re´u,0,1,3155,0,19340,0,19340
155938,fratest,725,4,9067,293,528,0,821
160236,PirateOfGrandLine,392,1,138,0,0,0,0
168411,Kibitz,0,1,1489,0,180,0,180
168739,RobQ,386,4,11031,1753,245,0,1998
171619,Sancerre,32,17,79071,66512,37306,0,103818
174728,M@dm@x,0,1,3298,61,6947,0,7008
181887,rednexx,0,1,3580,0,11065,0,11065
186056,El Cid 3001,0,1,437,100870,72929,0,173799
187349,Beaty,264,1,925,0,10,0,10
190628,MasterIllidan,0,1,935,0,21259,0,21259
191025,ByBlios,0,1,26,0,0,0,0
193940,Siedlerfan,0,1,3365,0,0,0,0
194641,DarkRider 1,37,1,381,675,5187,4964,10826
196499,Holzhackerjunki,737,1,517,0,0,0,0
198161,abudi,277,2,9648,0,195,0,195
208949,WhitePanther,712,1,1116,0,0,0,0
211951,eurofighter89,373,3,7604,0,2108,0,2108
213937,Hunar,0,0,0,154,2660,0,2814
226041,Flix500,0,1,26,0,0,0,0
228573,Makiavelli,0,1,32,0,0,0,0
229943,eisbear,555,1,1989,3614,6380,0,9994
235580,Death Side,557,1,3923,0,10,0,10
238079,striked,0,1,26,0,0,0,0
239493,colonist,99,1,1115,0,34,0,34
246804,sunny123,0,1,46,0,0,0,0
251919,notpolizei1993,61,1,2685,0,0,0,0
253790,OBIS,312,2,4288,55,23514,0,23569
257510,DrHooxon,826,1,2408,562,82,0,644
258773,Saifra,123,41,206119,378561,71900,7,450468
259525,der zocker,160,3,5574,0,952,0,952
262227,Charlie,264,1,479,0,454,0,454
266380,Jawl96,0,1,792,0,169,0,169
268365,Buddy01,59,2,5776,0,914,0,914
272291,good punisher,0,1,1120,0,2655,0,2655
275014,Rhana,0,1,219,0,2304,0,2304
278715,Alfred Biolek,18,2,4892,0,1117,0,1117
286292,derAlte,0,1,1489,90,646,0,736
287459,Evangelina,20,1,782,0,1558,0,1558
287884,Barnes,0,1,1437,130,6121,0,6251
287971,S4mson,130,16,41749,1504,2233,0,3737
295281,bay3rnt.ter04,456,51,207225,175167,6384,20080,201631
299371,pwnd,777,4,11509,3405,7817,0,11222
300370,Tom 1,369,5,18044,26296,652,0,26948
307622,aragon14,0,1,363,0,591,0,591
310663,humululu,461,8,14529,24746,205632,907,231285
311848,poti,293,7,34251,124387,7465,64069,195921
312204,Stiesel,277,2,2199,0,41306,0,41306
313901,Malekith,314,3,5077,0,223,0,223
316840,FireBurn,0,1,641,0,108,0,108
319612,juescha13,0,1,376,0,0,0,0
319909,Der Held schlecht hin,295,7,26160,7278,43299,0,50577
321249,Speedy2607,0,1,849,0,0,0,0
321726,Beizer,0,0,0,0,58408,0,58408
322147,HobNixx,646,2,6828,3763,0,0,3763
326912,Lord Odin,0,1,270,0,0,0,0
330523,Guido71,0,1,2251,0,10,0,10
333547,K.G.S,0,0,0,0,8446,0,8446
337961,PAULIANER,85,1,943,0,0,4341,4341
339337,Kehrmann3,0,1,3574,0,148,0,148
340131,Drees,0,1,1925,0,10,0,10
341231,flockie,0,1,7683,0,47382,0,47382
351069,Blabb,342,1,5790,0,0,0,0
359552,psyscho66,0,1,267,0,0,0,0
359880,dave4sfb,0,1,26,0,0,0,0
360538,Dirty Harry 3,0,0,0,0,34281,0,34281
363748,Kokusho Abendstern,631,1,1686,0,0,0,0
364995,Battlemonc,0,1,26,0,0,0,0
365113,chaos_elfe,0,1,256,0,78,0,78
368877,karatekid1,791,1,1040,8948,1697,0,10645
369544,king pani,0,2,6793,4,1518,0,1522
369646,Daddeldu,89,1,1042,11268,34857,0,46125
373382,Lord Bananus,0,1,310,0,0,0,0
383773,Timo der 1.,322,12,54563,35799,47718,0,83517
387223,Mastermjk,365,1,3424,0,0,0,0
393893,MasonicMind,348,1,1884,0,0,0,0
397337,Hirsch-Bock,0,1,278,38176,19637,20,57833
400157,wobroy,295,4,13539,16728,56,1333,18117
402274,gabymaria,0,1,1661,0,8,0,8
402492,töm,0,1,1008,0,11049,0,11049
406907,7on9,6,1,5171,3643,33250,0,36893
409814,Skybuggy,0,1,373,0,0,0,0
419042,fsb1,0,1,707,0,1059,0,1059
419879,quiter,0,1,611,0,160,0,160
428497,Keksfahrer,0,1,237,62609,923,0,63532
438481,pharmazeuticus,0,1,6971,0,0,0,0
438853,microOdt,0,1,91,0,0,0,0
445308,inYaFace69,0,1,26,0,0,0,0
446010,***Border***,49,4,7907,6405,1332,0,7737
455448,Unit 01,282,3,10096,15036,236,16841,32113
477421,skareb,65,7,26810,0,2065,12,2077
485965,MichaCologne1,0,1,1364,0,271,0,271
494126,merci-cherie,0,1,254,0,0,0,0
495404,lover1,524,1,1891,0,49527,0,49527
496108,hoepa,0,1,377,0,0,0,0
518590,Der wahre gamezocker,0,1,3090,0,18911,0,18911
520283,prinzwilli,18,1,1541,15371,73517,177,89065
521016,katerle70,348,1,528,0,0,0,0
529923,turtscholu,0,5,34833,191052,68,0,191120
531673,Lenze,285,10,69351,230237,170,0,230407
532597,Betharon,591,3,18423,0,553,2066,2619
540087,Alexej23,373,0,0,1195,81056,0,82251
543535,mantu,0,1,2498,0,0,0,0
548866,Thespiti,413,2,4599,7756,84289,315,92360
549261,usherle,0,1,357,0,35941,0,35941
550694,toni2805,454,0,0,0,9383,0,9383
552642,fuzzy1710,0,1,6009,16733,276,0,17009
553757,Aschilos61,0,1,965,0,1252,0,1252
554029,Master91X,0,1,227,0,0,0,0
556673,Cyberdominik,237,4,5157,1802,17541,4016,23359
558418,kk5791,0,1,118,0,1568,0,1568
558807,Max1!,0,3,6399,0,2632,0,2632
564586,msk06,0,1,264,0,2023,0,2023
577655,flofighter88,0,1,1025,0,0,0,0
580170,Mr König,436,1,1064,0,6,0,6
583367,koolkat,328,1,2886,925,0,0,925
583857,Wolf 007,59,13,55950,44499,1858,88,46445
591854,Budendropper,0,2,6418,0,0,0,0
606419,Maaarvin,0,1,336,0,7457,0,7457
607767,volke25,21,3,9150,453,29691,0,30144
608497,meluana,221,21,84853,175019,16777,7446,199242
614761,d ugt,0,1,1951,4,0,740,744
618448,Bad Boys 77,150,3,5365,48293,158954,556,207803
624214,Atariandi,132,4,8263,250,1831,0,2081
624770,Bergbaron,59,9,22925,13017,2232,106,15355
626553,Maxy 01,185,1,1766,0,10,0,10
629214,Asgamba Huh,237,1,456,0,91,0,91
632653,Sepp von Drazdany,59,2,8886,0,8585,0,8585
633349,louisX,0,1,679,0,1288,0,1288
656703,pergola,0,1,1778,0,492,0,492
659722,padi1988,237,1,5426,18283,1950,20733,40966
663711,Thoschi84,0,1,1821,17,14729,0,14746
670761,kirtap000,0,1,72,0,0,0,0
677000,H3KTOR,262,2,2843,16,36577,0,36593
681019,KingGerman88,373,12,34120,81115,687,152,81954
685229,Alkapone-,0,1,321,0,655,0,655
687990,dilo123,0,1,410,0,6473,0,6473
689302,saxmut1066,293,3,9905,5527,230,6306,12063
704848,McSteinbrecher,28,16,73133,54027,183898,31,237956
705747,Don-Killa,65,1,7964,0,0,0,0
710130,Devil57,851,1,534,54,4153,0,4207
710149,gus06,0,1,233,0,838,0,838
715401,Blackbird-erp,0,1,679,0,1918,0,1918
716354,xxtraderxx,0,1,342,0,0,0,0
724844,Hans Wagenrad,744,3,6369,352,946,3025,4323
725995,dj shout,365,9,30021,52395,520048,2271,574714
729308,grobi92,508,1,856,0,9670,0,9670
733755,Donn promillo,745,8,8750,220,2339,0,2559
759436,peter2805,0,1,280,0,0,0,0
760440,Mevo,533,11,65351,13,702,0,715
767514,Suse1979,99,3,6066,0,2566,0,2566
770631,Schrupphuhn,185,1,2022,4,10,0,14
782862,Halstenbek,0,1,1754,0,111,0,111
787594,stiefel92,123,7,55334,127016,2189,0,129205
792488,mertcan75,0,9,28071,11027,711758,68360,791145
794331,roddickma,0,1,1926,0,4,0,4
800447,Fam0usOne,0,1,283,0,0,0,0
801831,JüGg!,565,15,69607,50135,131,17824,68090
802330,St.Jo,609,1,2639,0,0,0,0
803854,Der Rächer 30,839,4,19623,0,841,0,841
809354,Hennessy,413,1,970,0,39612,0,39612
813539,Larslaxx,456,37,201655,140866,66863,9055,216784
819560,dragon35,348,1,3246,0,450,0,450
823432,chacky chan,0,1,265,0,0,0,0
824029,MoreDreadofother,473,4,8750,248,2296,9,2553
830397,eddy the king,312,1,864,0,13028,0,13028
834384,Partizan Thomas,0,1,514,0,398,0,398
835383,Mark1990,0,1,209,0,7177,0,7177
836299,super big boss,518,1,4303,298,0,13727,14025
840147,Black Willy,0,1,3188,3470,1660,0,5130
844458,Larb,0,1,2354,0,78,0,78
852853,Lord of Megadesaster,473,4,16039,771,749,0,1520
858526,schuschei,85,1,3081,0,17767,82661,100428
860807,Bierschutzverein,518,1,6855,0,0,0,0
863854,Hagenug,474,1,2140,0,10,0,10
870268,gem1,36,1,672,0,1149,0,1149
875525,langer45,0,0,0,13915,1385,21349,36649
879345,DerFriedvolle,14,1,1364,0,682,0,682
881130,zuhomer,0,1,2269,0,394,0,394
881657,Der Hanseat,791,1,406,0,1062,0,1062
884339,McSid,545,1,3013,0,560,0,560
885738,fuzzi.007,232,9,30149,347,1927,20,2294
885891,CHR!S1988,55,0,0,0,113232,0,113232
902658,jeannedarc49,175,2,3481,0,4957,0,4957
903724,Sid43,0,1,1399,0,50,0,50
910346,The blue Hero,0,1,2197,0,26524,0,26524
919250,Jamiez,0,0,0,4365,4376,0,8741
922851,$king OF Kings$,0,1,323,0,390,0,390
935200,Karamelbonbon,0,1,26,0,0,0,0
940772,Jawion,386,7,34968,58895,127,0,59022
941519,bibi100,0,1,107,0,2961,0,2961
946904,El Jugador Loco,369,5,12840,53,79,0,132
947376,bigboy01,22,1,979,2284,22449,0,24733
948372,Pitkhan,637,1,2629,0,0,0,0
950144,delanorte,170,1,864,0,0,0,0
950524,Lucicia,0,0,0,0,1436,0,1436
957722,wolle40,0,1,2822,0,2214,0,2214
964842,streamline,14,5,12405,19743,59881,0,79624
965430,Nygel,0,1,26,0,0,0,0
967089,TT-MS69,0,1,38,0,0,0,0
971259,totward,8,17,71296,136007,2952,0,138959
973186,die Sauerländerin,351,1,1744,125,670,0,795
976704,arims08,0,1,1315,228,1332,0,1560
978765,Soundcraft Si Impact,8,10,43192,113627,221,16824,130672
981963,Vampyrchen,346,4,8756,0,1101,3770,4871
982237,Lieschen33,0,1,798,0,318,0,318
984171,alf ölfass,0,1,1183,0,770,0,770
984470,knorzer,51,4,14190,417,69796,1179,71392
984474,Robin der Basher,0,1,26,0,0,0,0
986329,NoArch,14,1,2854,21,244,0,265
992163,Bunnito,0,1,1510,0,2267,0,2267
994247,Boyer1,609,5,7316,0,1016,0,1016
996347,Feuertänzer9999,82,1,341,0,0,0,0
998056,shiva 10,35,1,701,0,9592,0,9592
1006884,Skyhammer,0,2,994,4,5258,0,5262
1008140,cnemod,0,1,26,0,0,0,0
1015155,bjrn202000,83,1,4263,0,0,0,0
1016918,.RetroVirus,152,1,2266,0,0,0,0
1019948,ohura,6,1,1088,0,112,0,112
1020788,Gromper,0,0,0,0,71520,0,71520
1027253,jusumi,0,1,1646,0,0,0,0
1032951,ecstom,215,1,1248,0,6062,0,6062
1038126,Greggg,78,1,752,0,0,0,0
1039613,der bessere imperator,386,4,9522,2953,744,0,3697
1041015,Loopy,456,17,50051,190,60024,45879,106093
1045021,Marvin@,0,1,260,0,365,0,365
1060260,Chicko97,0,1,447,0,0,0,0
1061536,King Yannik,0,5,18448,63670,385647,0,449317
1065350,Die Sowältsche,52,19,87763,230771,9183,48289,288243
1074846,Serverschreck,61,1,1053,0,0,0,0
1078044,McKilroy,654,1,249,0,752,0,752
1080223,alte wolf,0,1,705,0,2683,0,2683
1086282,m-k-zwonix,0,1,893,0,250,0,250
1089822,Kietzi70,0,1,26,0,0,0,0
1091740,BlackWitch83,558,1,970,465,16116,0,16581
1093771,Thyros,0,1,2961,0,0,0,0
1094420,Korn85,405,14,54713,25436,3312,9040,37788
1096027,valentine2,49,1,6648,30,0,0,30
1100582,Kowest,0,3,7887,20385,97647,0,118032
1102568,mein papa,443,28,135979,95721,56246,0,151967
1102804,Unicorn Pink Fluffy,565,35,152615,166570,129669,11293,307532
1103024,abbar,221,11,26504,17445,3670,0,21115
1106388,lusser,87,2,9042,4972,902,22443,28317
1108559,pc....,0,1,1212,0,504,0,504
1109602,totodami,0,1,2737,322,23578,0,23900
1113238,schnapsnasenhai,41,9,26782,271,3778,26,4075
1116310,trolli675,237,1,406,0,16,0,16
1125583,Mickylein,694,10,23354,1332,9723,32423,43478
1130518,LS1992,443,23,116459,147854,91100,6782,245736
1134183,Chryssys,82,1,693,0,0,0,0
1135150,Kämpfer 1234,0,1,26,0,0,0,0
1143844,Urbl,0,1,254,0,0,0,0
1144521,maduen,130,157,588472,504143,126819,60547,691509
1144626,Joker619,0,1,47,0,0,0,0
1153440,FRAH,64,1,2191,0,64,12749,12813
1161362,Bauernkicker,837,1,1473,0,312,0,312
1162413,aufschwung,0,1,824,0,551,0,551
1167086,green-girl,0,0,0,7338,1294,0,8632
1168172,fahrradschrauber,85,1,412,0,21554,0,21554
1169680,Hugoland,0,0,0,0,314,0,314
1184529,Flatussi,0,1,197,0,0,0,0
1186708,spenco92,0,1,313,0,1626,0,1626
1193505,Wumpelos-Knopperos,0,1,555,0,0,0,0
1211055,Cataleya1,3,7,17335,0,12012,0,12012
1214022,balla bing 1,219,1,900,0,0,0,0
1216362,Kaldi,221,22,102659,87041,7984,341,95366
1222447,halvdan,0,1,52,0,0,0,0
1230673,KinkyTime,0,1,449,0,108,0,108
1234644,alex3128,762,2,3849,3808,25996,7113,36917
1239642,futbolplaya,386,7,17878,6912,1141,0,8053
1244552,allymante,0,0,0,2795,754,0,3549
1257571,Invasion Marc,456,25,88424,54408,2139,61784,118331
1259273,portobello,0,1,1409,0,11188,0,11188
1260323,Linessa,771,1,1694,260,37898,0,38158
1260565,RoyalTiger,436,3,11102,28886,943,0,29829
1265792,Esrobaldh,247,4,7786,92,255,0,347
1266614,tümm 99,0,1,26,0,0,0,0
1274350,Eisenbein,0,1,450,0,1,0,1
1285199,legion.o,0,1,3732,3596,1190,0,4786
1291828,CommanderCain,365,1,309,199,133065,31776,165040
1295499,Juwen,295,6,16306,9017,2255,3607,14879
1296370,Tanitha,0,1,807,0,0,0,0
1297454,dlanesH,0,1,1893,0,40981,0,40981
1303880,Michael65,0,1,328,0,20194,0,20194
1304688,marivi,36,1,528,0,0,0,0
1306780,Klabautermann4444,0,4,4451,14833,33298,4615,52746
1308041,Lord Liemert,0,1,2286,0,322,0,322
1324944,50 Alexander,176,1,1329,102,10,0,112
1329319,skipistensau,0,0,0,62225,155217,0,217442
1333459,Mallawie,39,5,11336,4275,532,0,4807
1334449,strong 2,35,1,545,0,0,0,0
1337938,diphinila,0,1,2499,0,3823,0,3823
1339166,Fredix,0,0,0,0,3054,0,3054
1344079,neew,0,1,26,0,973,0,973
1349444,Kaiserin Yvette,0,1,328,0,423,0,423
1354094,hevi,0,1,116,0,474,0,474
1356874,Panda66,724,1,410,5,4625,0,4630
1372342,alsi der schmächtige,313,2,4234,0,1801,0,1801
1375412,ulrich-ag,59,23,76591,29536,4396,593,34525
1381625,silvu93,0,2,3728,25035,16738,0,41773
1382731,Nicola111,384,1,2307,4286,69210,16931,90427
1406771,Powergirl 4ever,59,3,9099,162,547,973,1682
1407936,O.oCatweazelo.O,0,1,405,0,2225,0,2225
1410479,Hundertzwölf,281,1,369,0,1412,0,1412
1427530,Elsabele,21,1,210,18293,39472,6049,63814
1442482,ThanaTos3k,348,1,2546,0,5456,0,5456
1447921,AM-Paulchen,0,1,5159,0,0,0,0
1457530,Jörg-Hans,0,1,2676,0,0,0,0
1458607,TheDy,128,8,37705,92783,980,2855,96618
1459068,Egeran,789,1,2419,319,5487,0,5806
1461885,Lord Balardir,49,8,22603,3914,1153,0,5067
1469461,Grimmiger Wolf,759,1,1041,119,0,0,119
1471481,XxDiegoxX,176,1,5899,629,531,0,1160
1472477,knack123,63,9,35861,357,3648,0,4005
1476550,Linde 100,694,18,88477,122685,418567,70302,611554
1479250,King Maximus1,0,1,220,3014,57476,0,60490
1479446,Straatus,451,3,7888,1737,661,18480,20878
1492377,Desert Fox,95,5,13160,0,1081,4771,5852
1492908,Indianola,29,1,2545,0,9236,0,9236
1493164,RINGLER,694,7,19239,20648,4578,32223,57449
1495707,IMPERATORMP,0,1,355,0,873,0,873
1496613,*13*er Kriger,64,1,1837,0,0,0,0
1497019,Sharkmore,0,0,0,0,462,0,462
1498194,Perle4711,0,1,477,0,412,0,412
1499500,Skyair,0,1,1306,0,0,0,0
1503822,Dorfguru,114,6,23259,17767,50515,28,68310
1516616,Totendealer,744,3,4602,0,197,113,310
1518944,Atlam,160,5,15144,8659,674,155,9488
1520704,Andy2905,558,2,4351,0,11432,0,11432
1531607,ZeChY,0,1,2339,0,28,0,28
1536512,Trikon,0,2,10615,349,803,0,1152
1537208,Glubschie2007,0,1,167,0,542,0,542
1537497,kardinal6,65,1,1214,0,4320,0,4320
1555549,killday,77,9,43019,19690,1710,3540,24940
1556117,ghettonen,371,1,394,0,7679,0,7679
1557369,Candamir der Wikinger,0,1,117,0,10,0,10
1559855,Stimmloser,0,1,314,90,192,0,282
1561562,Pati 96,56,1,911,2062,54582,0,56644
1563352,Medi1807,0,1,412,0,1670,0,1670
1564941,leuchtkaefer,0,1,3170,0,76,0,76
1565777,lisent,0,1,1694,12,318,0,330
1566476,bmw44,0,1,144,0,46,0,46
1567606,Wolfwood-42,0,1,26,0,0,0,0
1576855,Anbu95,0,1,666,0,0,0,0
1577897,Bedienner,205,11,17549,1215,76249,32533,109997
1587999,lucky0211,0,1,1428,0,0,0,0
1588656,Dark Shadow19,0,1,531,0,13,0,13
1591268,dragodriss,0,1,784,0,729,0,729
1594795,Soldat Kreei,0,1,1244,18168,58286,0,76454
1596362,15siggi,486,0,0,0,2526,0,2526
1601449,xesar,148,7,17926,4855,1981,109,6945
1620439,ixlok,0,1,200,0,0,0,0
1625740,Wie ich,56,1,2694,838,552,770,2160
1625880,Karl der Kaefer99,328,8,26151,22507,22,0,22529
1630041,@Platoon@,498,1,5181,90,258,0,348
1635585,ahura,0,1,1212,9,1148,0,1157
1637531,klaudesi,501,1,2076,0,10,0,10
1639634,Wylaryzel,322,9,23860,18604,3102,4550,26256
1640677,Hermanvaan,536,1,2095,1382,120,0,1502
1643095,burni47,99,1,2367,161,20333,0,20494
1649481,spasmo,880,3,7370,4549,33986,6,38541
1650546,gunnar11,301,1,676,70,2148,0,2218
1657908,NOMINE78,0,0,0,0,718,0,718
1661507,S-ScheLL,879,1,1797,0,0,0,0
1668821,pwillrich,82,3,6690,172,6698,0,6870
1670892,llarissa,762,5,16205,29115,3891,0,33006
1671427,King Kerberos,0,1,1732,0,1033,0,1033
1677602,SirLelalot,0,0,0,9798,44302,752,54852
1684295,MWKiller80,20,1,1609,0,14,0,14
1684361,iain.james,0,1,26,0,21705,0,21705
1689796,Gandalf Silberbart,41,8,29736,232,1437,0,1669
1706835,Biker750,0,1,51,0,0,0,0
1709152,Klohner,0,0,0,0,4629,0,4629
1720464,Lady Angelica,0,1,3996,292,20,0,312
1725309,9PRF,314,7,10879,634,15165,0,15799
1728057,Playa Bouys Vernichter,0,4,10560,0,6480,0,6480
1734830,Scheisedu,0,1,804,0,258,0,258
1743772,Squall58,791,2,4663,2882,8,0,2890
1747473,Master Grisworld,343,1,3181,303,0,0,303
1755579,sebi994,205,10,8992,0,794,0,794
1761946,DIeter01,244,1,427,0,51,0,51
1765590,liebesbotin,6,1,2780,0,13096,0,13096
1769818,masterlukas1,0,1,3868,0,1290,0,1290
1780546,Faehnleinmeister,637,1,609,0,12350,0,12350
1782632,zarteseele,0,1,51,0,0,0,0
1785224,looch,560,4,10712,3590,758,5231,9579
1791682,Eto1,797,1,8968,280,28694,0,28974
1792869,McCooLLL,237,3,8226,12112,26410,9302,47824
1807708,Erik Odinson,6,1,2923,0,0,0,0
1819870,tod13,77,16,46379,56684,871,63157,120712
1821774,ADA09,343,2,4525,49,158,0,207
1823376,Nitramuss,0,1,308,0,0,0,0
1838107,Botuser,285,4,19323,35319,36925,0,72244
1847901,Dragon1312,0,3,9616,0,0,0,0
1854435,xx bjoern xx,206,1,1098,14,24429,0,24443
1865942,IltisBlume886,0,2,7844,2602,30614,4919,38135
1870481,Fuchs 4,139,1,1000,17667,13013,0,30680
1873287,Erdnuckel97,0,1,1846,0,22,0,22
1873810,Flogensi,351,1,922,0,12247,0,12247
1884528,holzbob und co2,10,1,1766,0,0,0,0
1897528,biri13,0,1,3164,1824,429,0,2253
1902642,King-Kenan,101,1,339,0,27843,0,27843
1903840,Tom van Elohim,0,1,116,0,0,0,0
1916922,yv77,29,1,993,278,9825,0,10103
1928966,svandy,557,4,6707,347,88297,0,88644
1932859,Mitron von Mandor,516,4,6962,272,632,3479,4383
1934876,laolamia,18,10,38932,72195,1958,0,74153
1938428,verlag,0,1,127,0,0,0,0
1938959,Mecki96,283,1,1964,0,32,0,32
1940255,pionier18,501,1,1261,815,156,0,971
1944959,MerkurHB,287,1,1940,0,1832,6,1838
1949165,bigstruppie,342,1,1073,0,8598,0,8598
1956243,nistor,560,2,10045,0,76289,0,76289
1958261,Dragon53,386,3,4550,0,1227,0,1227
1966463,bruno der böse,0,1,2150,0,0,0,0
1974764,ajax der III,565,6,25072,86708,367990,8369,463067
1976241,Fusssballer,782,2,4404,18701,23986,67,42754
1985925,SK Rapid96,0,1,660,0,2325,0,2325
1989819,Endless21,0,2,11721,3170,26428,0,29598
1993524,Lidelkuhn,0,1,193,0,0,0,0
2003379,dennis kr,0,1,733,0,302,0,302
2018081,Wolfshirn,0,0,0,0,5255,0,5255
2022683,Tim20051,318,4,7576,0,212,0,212
2022803,Gasimbor,0,1,250,0,18255,0,18255
2022962,**feechen**,0,1,130,0,92,0,92
2026010,SaffyKid,0,1,1203,0,8226,0,8226
2030365,PID 2030365,0,1,26,0,0,0,0
2033332,Stammmeister10000,29,1,456,0,1119,0,1119
2033355,Malleeeee,762,2,3474,508,26,0,534
2038810,Stellonyus,0,3,5979,0,3255,0,3255
2048415,Superinter,0,1,1582,0,1289,0,1289
2049553,Ak7i7ra,451,4,6747,1127,468,0,1595
2050145,zecke33,518,2,6310,0,117,0,117
2051862,dä caro,107,1,1224,0,58,0,58
2067883,ElfeNaseweis,21,1,2986,0,0,0,0
2069066,AndiDTI,0,1,309,0,0,0,0
2069613,voliimann,560,17,62272,11699,2975,13449,28123
2074808,C4m3lfreak,222,1,3259,0,843,2765,3608
2078242,Flo Hoege,555,1,679,0,54501,0,54501
2086313,King Stingray,0,2,8288,17848,9117,0,26965
2089421,Burgi26,0,1,270,0,84,0,84
2100127,SkullFull,123,76,282661,94412,145789,41112,281313
2105859,Big Mom,0,1,262,0,851,0,851
2108124,von verl,0,1,1881,0,8540,0,8540
2110165,sir franzl,386,5,16384,10027,2273,0,12300
2114228,Virtual Hunter,0,1,208,0,446,0,446
2114935,BodomTrier,451,1,2726,0,22,8859,8881
2124349,fudel**,98,1,1944,9,4261,0,4270
2128175,Lord Manfa,0,2,3778,90,142712,0,142802
2128250,Michael73,0,1,1213,0,60,0,60
2130884,thokem,19,1,1055,0,9845,0,9845
2135938,1234 willi,235,2,5939,3798,334,0,4132
2148643,Der Ruhige60,591,1,4192,441,4594,1594,6629
2156727,nilswal,342,1,1446,0,374,0,374
2160809,Wulfmann,277,4,8059,2827,4983,0,7810
2167472,Betty13,0,1,239,0,0,0,0
2177751,Graf Blacula,0,1,712,0,30,0,30
2178609,Schmackos,382,1,1626,23,11828,0,11851
2184767,chania,0,1,2967,0,0,0,0
2185695,Buddel,0,3,7048,0,200,0,200
2201913,freddy1972,789,1,3143,15223,3209,0,18432
2205323,-Illuminati-,834,1,3214,0,0,0,0
2206021,Silla1993,0,1,26,0,0,0,0
2206898,Enterprise 2,298,2,2046,595,74637,0,75232
2213853,mbty,0,1,619,0,788,0,788
2214565,nomellis,0,1,829,33,50,0,83
2216242,sparti andreas,176,1,1757,27,2421,6888,9336
2217626,Sumono,0,8,39192,3812,538,8,4358
2217868,Dragon1318,0,1,2765,228,258,0,486
2219529,Herly,0,1,294,101,0,0,101
2220214,Japo1,351,2,10940,195,13025,0,13220
2225843,torsten2409,822,1,240,0,536,0,536
2227947,SengokuSan,0,0,0,0,17704,0,17704
2229269,Diorgle,886,1,952,0,0,0,0
2231408,LaWitch,424,14,46354,680,1496,0,2176
2240021,pipin68,0,5,12797,469,2249,0,2718
2241644,ulanbator,222,3,2054,0,44304,0,44304
2246298,Lady Sarah 2002,0,1,2405,0,32,0,32
2248983,-manfred,282,4,9949,1276,20,2041,3337
2254926,Kerstin-der-wolff,624,1,1439,8387,20366,102,28855
2255761,fatboy16,41,3,10210,3405,0,0,3405
2261699,thomas1994x,461,8,19182,2820,80285,73519,156624
2266248,DuRindvieh,108,3,5187,0,164,0,164
2269847,Lord Tomious,340,1,283,0,50,0,50
2279625,Herbergsmutter,0,1,2049,228,173,0,401
2284054,Mc Gillivray,0,1,180,0,0,0,0
2288408,ein-locky,413,3,3226,39,384193,0,384232
2293713,nepumuk 111,0,1,26,0,0,0,0
2302763,richy2,0,1,110,0,6547,0,6547
2305723,Klamerg,0,1,111,0,0,0,0
2314068,turbobaerchen,0,1,601,0,0,0,0
2314840,*luzifer*,8,42,204239,337197,24330,0,361527
2314915,robinhutt,0,1,514,0,0,0,0
2322208,larsistdumm,506,3,10825,208,0,10,218
2327236,TRBashing,0,1,1456,0,91,0,91
2332271,Jokelan,295,3,7663,0,694,45,739
2335309,Audiluft,114,5,12573,5887,3670,10471,20028
2339794,REKIT,591,3,5057,0,1196,0,1196
2341461,Vampire1,0,1,160,0,5312,0,5312
2342017,Hanftiger,0,0,0,216,8821,2895,11932
2342210,Dämonenkönig,0,2,7485,0,715,0,715
2349646,Rabenmann20,95,7,10413,375,58210,0,58585
2351874,Raaawrr,77,17,58463,46315,29089,21547,96951
2353459,Neptun92,734,1,790,0,0,0,0
2355753,dl3101,8,19,41419,31931,1590,1865,35386
2359175,gisispock,521,1,1016,0,1066,0,1066
2363816,wifi,797,30,198321,1451,2174,0,3625
2375326,olliwilli,18,4,12756,5072,38460,26124,69656
2376637,Zwockel20,19,3,2719,140,11938,0,12078
2384888,tilgin,0,1,647,60,12652,0,12712
2387304,schoersi,3,4,7864,0,455,0,455
2390715,Razor491,0,1,531,0,3640,0,3640
2395835,majory,0,1,4119,0,62,0,62
2403248,Tahs,0,1,84,0,0,0,0
2412701,Pippiar,176,1,742,0,4,0,4
2415593,chemische stadt,39,1,1527,0,3176,0,3176
2417293,mumi01,0,1,684,0,0,0,0
2419698,Kendo1,328,3,13341,4562,30,1511,6103
2425525,Razor04,181,1,1107,0,971,0,971
2425826,Striker222,601,5,24250,464,0,0,464
2427265,pizzafressa,0,1,26,0,0,0,0
2427964,homboy-frank,544,1,196,0,3439,0,3439
2436252,ppbomber,789,1,1054,94,0,0,94
2437521,Alexander Wagnder,0,1,223,0,0,0,0
2444984,Bauernsepp,293,8,24419,0,3128,7161,10289
2460140,Lukso,782,2,4029,0,29016,12061,41077
2466650,-Y-Coreopsis,0,1,76,0,0,0,0
2467275,potiguar1974,342,2,8585,0,400,0,400
2471620,El Shit,446,0,0,0,956,0,956
2473387,MongoMango,0,1,46,0,0,0,0
2475332,0664,0,1,358,0,6647,0,6647
2493351,Sternenkämpfer.xD,0,1,51,0,0,0,0
2498717,philipp1795,0,1,122,0,0,0,0
2504443,FerryVienna,0,1,900,0,0,0,0
2506399,wickal,0,1,449,0,10,0,10
2513190,Groschatau,0,1,2171,0,11035,0,11035
2513210,Red208,376,7,14440,305,3681,0,3986
2522339,Sir.Snoopy,0,0,0,7197,23271,0,30468
2524878,hagtysja,591,5,15159,900,1744,0,2644
2527984,*Thorshammer*,0,1,183,0,133,0,133
2538184,der-einsame-wolf,138,1,1370,0,0,0,0
2541410,Quasel,788,2,5670,2647,745,0,3392
2542603,**KingMeffi**,542,4,6976,0,6362,2875,9237
2543115,Comander Marill,0,1,3217,0,1744,0,1744
2543815,Avalon68,0,1,329,0,0,0,0
2560242,DaSilva1978,175,1,728,0,432,0,432
2560315,sappilein,637,3,4848,122,1847,3495,5464
2565025,padjustu,0,1,432,0,0,0,0
2566327,Jani444,480,1,2099,293,179,0,472
2566530,-ReXor-,6,1,4444,0,0,0,0
2567982,Fino1963,0,1,3823,0,27219,0,27219
2568739,Stef der Killer,640,1,2487,9374,23445,0,32819
2572253,13dome13,0,1,806,0,3313,0,3313
2590130,der anfaenger,0,1,352,0,4296,0,4296
2598281,Bruderlowenherz,0,1,397,0,1803,0,1803
2603009,Gnadi67,0,1,851,0,10,0,10
2605217,STARWARS007,0,0,0,0,302,0,302
2606474,Folwark Illugison,0,1,418,703,11765,0,12468
2607380,herkules 3,413,3,5225,35629,220406,41,256076
2613067,does this look infected?,764,10,40711,17455,6529,35,24019
2617477,Saraclia,0,1,2318,7272,4662,0,11934
2621667,poldi112,0,1,26,0,0,0,0
2622884,Diesi95,0,1,1230,0,70,0,70
2626221,Mc Richi,0,1,2722,9,0,0,9
2629821,titchen,138,1,1322,0,204,0,204
2632406,Dogs1,0,1,289,0,0,0,0
2636022,myron12310,693,9,42325,27057,3402,2872,33331
2642692,Amydala32,114,6,15901,4039,5228,0,9267
2646418,Frostmonarch44,0,2,11000,401,642,0,1043
2652136,Sandra34,3,13,53945,71132,5691,54,76877
2656458,Der Rächer der H.,408,1,4778,0,26,0,26
2661895,amorin,557,3,5285,55,18,0,73
2663633,Usbekistan,139,2,1495,0,24155,0,24155
2671317,Kle-92,557,3,7916,188,353,0,541
2672701,Alfred.,0,1,26,0,0,0,0
2675182,Feldwebel Blue,0,1,198,0,0,0,0
2677727,lucifer08,314,1,1921,0,28112,0,28112
2679276,ANHALTINER1,0,1,351,50,30214,0,30264
2682450,Shuuhei,0,1,1345,4748,9820,0,14568
2684434,tgru1,0,1,1824,8426,17703,0,26129
2692451,Lord Hurricane,0,0,0,105,2231,0,2336
2704677,Zockerfreak5895,0,1,1413,0,0,0,0
2709178,Die grauen Adler,0,1,573,26,0,0,26
2720463,seehas56,223,1,429,0,2625,0,2625
2722276,Jöel,0,1,4939,165,0,0,165
2727215,MefoHunter,386,3,7530,169,2525,0,2694
2737519,LilChakuza,0,1,410,0,293,0,293
2740929,wikinger1978,0,1,167,0,0,0,0
2741812,Dragon Burg,0,1,1879,0,109913,19440,129353
2746540,König Astra,0,1,3151,3189,22,0,3211
2755831,Gunter der Burgunder,63,6,29877,29544,14002,0,43546
2767750,king luser,0,1,241,0,0,0,0
2779332,Lüttringhauser,30,1,1065,22580,7715,1230,31525
2782053,Kampfsau03,0,1,526,0,0,0,0
2786487,de Bruin,0,1,217,0,0,0,0
2786643,Iceman78,0,1,1299,0,557,0,557
2793200,Lars der Eisbaer,782,6,12594,32,1850,5620,7502
2797585,caesar1990,257,3,5850,0,899,0,899
2804029,spielnix,41,2,4780,0,1662,0,1662
2807607,Andy467,386,5,10951,10102,544,0,10646
2811774,Ölümsüz Kahraman,0,1,1016,0,0,0,0
2813519,screamhert,0,2,3055,0,10,0,10
2815069,Ares01,413,13,71513,2727,8103,20013,30843
2815150,susa,295,3,9816,2102,10118,2860,15080
2817313,Sir von Hoffenheim,383,1,941,0,62129,0,62129
2827873,Bratenbrutzler,0,1,150,0,91,0,91
2833750,D0me10,114,6,8961,18684,107054,0,125738
2843385,back* to Home,110,3,8177,0,14375,0,14375
2851966,winniwilly,0,1,690,0,0,0,0
2862059,schweini?31,0,0,0,0,1090,0,1090
2865875,flying-man,131,1,3327,24,1883,21008,22915
2870253,Fritz Benedict,0,1,3997,14208,107,3794,18109
2873698,General Fischer,0,1,712,0,133,0,133
2875899,debaier,152,1,998,0,17318,0,17318
2876883,charliyi,232,8,15239,449,1421,0,1870
2880548,Der welten Zerstörer,461,6,25434,4514,1168,32,5714
2883671,S6Avant,0,1,3032,0,5899,0,5899
2884541,Lord Aries,41,7,15866,0,2262,70,2332
2887937,King Lothar 3,314,1,123,657,12700,0,13357
2890598,Teddybaer1253,0,1,298,0,226,0,226
2898146,Püppili,63,4,11374,3481,3305,0,6786
2901348,AnDup,637,7,13837,0,148847,13541,162388
2904998,Winney Puuh1,601,3,15426,62320,11709,0,74029
2919699,jan 08,0,1,1133,0,17926,0,17926
2921602,metzäL,474,1,1935,0,0,1386,1386
2924886,huey65,377,1,208,0,3206,0,3206
2926315,Gameforum,154,0,0,0,15972,0,15972
2927517,Diemacht1,0,1,175,0,18171,0,18171
2934561,Williundsusi,848,1,621,0,0,0,0
2943946,Armin9,0,0,0,94870,18091,0,112961
2946413,Kirito sao,0,1,1721,0,0,0,0
2948997,Hellsingx3,0,1,26,919,6046,0,6965
2950142,Raindl,95,7,23392,11839,149669,4527,166035
2951338,BushidoMuaytTaiFan,797,8,39519,23014,0,0,23014
2959267,brodnic,0,1,672,18,308,0,326
2962689,DonDingDong,572,2,12947,12901,0,0,12901
2962805,Maximusd,759,1,1491,720,987,0,1707
2965180,Ticabell,0,1,653,0,0,0,0
2969224,soulmaster666,6,1,474,37,717,0,754
2976313,xxxoplanerxxx,474,2,3375,180,428,0,608
2981106,LiiKeAFreaaK,0,1,26,0,7335,0,7335
2981138,Manulord,551,2,4289,0,299,0,299
2987629,Grauhelm,513,1,1580,0,0,0,0
2989803,power miners,0,1,1465,0,1100,0,1100
2991338,Illuminati72,655,1,319,0,821,0,821
2992563,CoMunichCation,467,1,657,0,4753,0,4753
2995090,Wagegg,0,1,198,0,51938,0,51938
3016698,Der Templer01,0,1,597,0,350,0,350
3016955,Suea,176,1,607,0,2708,0,2708
3019681,Sennerin,0,2,2123,0,80125,0,80125
3020287,ORMEN,0,2,4256,3790,5761,0,9551
3023691,AVALON2009,0,1,255,135,1293,0,1428
3029085,Gregori 98,78,1,1149,0,0,0,0
3029779,markus.civ,39,1,1512,12,30,0,42
3031607,Seuche75,0,5,20484,2760,5424,0,8184
3034750,gandalf der 01,316,1,210,340,2292,0,2632
3036004,Ronny X,0,1,2595,0,1365,0,1365
3036529,-Hardcore,0,1,2010,0,37,0,37
3037125,DomiLP,639,2,3909,8,65544,7770,73322
3038553,DON1980,61,0,0,0,36015,7179,43194
3039070,MattCity,533,0,0,163883,78564,17963,260410
3049448,Rammsess,0,1,779,0,7210,0,7210
3056377,g0bit0dic,0,1,332,0,0,0,0
3056942,schlumpf 19,0,1,803,0,28370,0,28370
3060911,Morgana Le Fay,21,3,6842,0,446,0,446
3072213,senator tim,851,1,1164,0,0,0,0
3072380,DarkSlide1994,742,1,4052,0,0,0,0
3074049,Alexa555,631,1,3891,0,0,6352,6352
3079876,Ultrafurz,108,2,5574,0,390,0,390
3081957,Eisennator,0,1,2946,0,0,0,0
3084607,GoldJunge999,461,12,41812,75808,115634,54979,246421
3085077,Thondor,788,2,8483,161,0,0,161
3085501,WuestenFuchss,0,1,2581,0,616,0,616
3091369,Bubi68,0,1,937,0,3023,0,3023
3091488,redbull303,185,1,622,0,13709,0,13709
3092259,GFRK,0,1,1604,0,84,0,84
3094599,McOwen,49,19,75067,128565,2434,956,131955
3096060,-Focke-,640,1,1199,7866,73344,25340,106550
3100947,Michel der Grausame,473,4,13472,0,1578,0,1578
3107331,hallo-gisela,0,1,3705,0,0,0,0
3116062,torkiller,3,4,17958,44057,982,1397,46436
3118288,Morglum,424,51,132983,2563,6141,70,8774
3126992,-Kasde-,342,1,4546,11940,1777,0,13717
3130542,Austriapitbull,232,6,16656,6579,598,456,7633
3143715,EchtkPvL,0,0,0,0,8472,0,8472
3144164,kampfzahn,0,1,26,0,14841,0,14841
3148113,bloodyface,0,1,2221,11966,630,3,12599
3162736,schlotzi,65,1,1095,0,0,0,0
3169269,THUND3R,0,1,26,0,0,0,0
3172459,Rocky09,114,17,32346,21131,3761,0,24892
3179289,IronSteel,0,1,1163,0,186,0,186
3182831,Torti22222,0,1,752,0,1833,0,1833
3201313,hachi23,0,1,1686,0,0,0,0
3230217,hölmut,0,1,1258,4078,4606,0,8684
3234977,Pepi Ritter,0,1,584,84,2243,0,2327
3237093,Defence 232,0,1,349,0,2055,0,2055
3240273,Slayer666Slayer,348,1,588,0,3279,0,3279
3240324,Luckylos3r,423,4,17588,13268,423,0,13691
3245276,Piratentot,0,1,3730,0,1115,0,1115
3246288,teucek,0,4,14850,396,123765,0,124161
3248439,Hero-Queen,14,2,10676,0,304,0,304
3252877,Mike1893,534,5,14903,31789,15,0,31804
3257711,NAxxxOR,624,1,3171,0,0,0,0
3259870,templer 1118,2,3,6402,63,3597,0,3660
3264210,piccolina,0,1,1501,0,212,0,212
3266776,Jerremy198,29,1,7094,1106,0,1524,2630
3274478,sato75,312,2,7121,115,1449,13930,15494
3274619,Mimose11,318,3,6495,4082,234,1090,5406
3276379,agent scally,0,1,1376,0,0,0,0
3283984,Böhse Onkelz02,0,1,291,0,0,0,0
3287479,xaver39,0,1,1927,0,807,0,807
3289691,Warriors 23,295,1,4285,82178,22,0,82200
3303973,daniel2144,737,1,1859,1606,0,0,1606
3304353,kunigunde62,0,1,121,0,0,0,0
3317083,Metalolli,342,1,466,0,0,0,0
3320432,schokolade1234,0,1,138,0,0,0,0
3320503,Hikura,755,1,949,155,0,3,158
3323662,SilverBig,693,3,7909,9181,55138,0,64319
3327844,Jin Woo,232,4,25177,120001,1355,0,121356
3344458,Lord Mantrax,0,1,713,0,60,0,60
3344554,Dappedier,0,1,1167,0,224,0,224
3345087,keiler-105,0,1,1343,0,0,0,0
3348969,Fc energie,0,0,0,0,12740,0,12740
3351481,NoDoubt,0,1,421,0,4,0,4
3356538,-MaXiMuZ-,0,7,23284,67513,31311,2,98826
3366443,winkmirzu,0,1,2481,248,12396,0,12644
3379636,Blaulichter,0,1,569,0,771,0,771
3382442,Meisterwerk,0,1,1486,252,7610,99,7961
3385146,dasglug,0,1,321,0,244,0,244
3387377,gery40,0,1,2510,0,725,0,725
3392114,Romerrius,318,16,60021,597,1511,0,2108
3392753,Free running,724,1,1881,468,87,0,555
3392858,Engelskrieger 8,56,1,548,0,8040,0,8040
3392934,Timmy das Schäfchen,724,1,259,2535,4920,0,7455
3401644,great-kali,0,1,38,0,0,0,0
3405957,Kiri878,257,3,7817,809,0,0,809
3407741,Freiheit2000,0,1,766,0,662,0,662
3411934,Mickey69,14,1,3424,76,0,0,76
3434913,Mettwurst001,168,1,3863,0,1464,0,1464
3436998,Brunhold,167,1,3336,248,12,0,260
3438089,Barbar23,0,1,777,0,0,0,0
3440179,alexx1238,0,1,308,1560,4796,0,6356
3440784,ema54,0,1,256,0,2328,0,2328
3441985,Hobbit der Grosse,0,1,346,0,1407,0,1407
3447585,Spike123456789,183,1,86,0,3346,0,3346
3449459,Trochaeus,419,1,2064,0,0,0,0
3449925,Hexe Lilly,735,1,3046,210,0,0,210
3453488,gueggi,0,0,0,0,3052,0,3052
3454984,bondle,0,3,5496,760,19188,0,19948
3459464,Wangerooge,32,10,53703,54957,58353,0,113310
3459704,KKrauti,59,6,19182,0,1716,289,2005
3462792,Friedensnobelpreisträger,183,1,1376,0,0,0,0
3465287,drache micha,350,1,394,0,5545,0,5545
3468267,Papermaker,0,1,649,15843,90040,54358,160241
3472244,Grisu-Krümel,22,1,1099,61,0,0,61
3474131,Bountyqueen,177,1,922,0,468,0,468
3478371,könig Björn,0,0,0,0,10187,0,10187
4824573,S. Jeffrey,0,5,26459,39018,1852,0,40870
7593337,Siegfriedson,0,0,0,0,258,0,258
7595575,be.le,0,1,1359,0,190,0,190
7598683,thecrow09,177,1,1740,234,1609,0,1843
7599043,Ha Ha 3,0,1,26,0,0,0,0
7608140,magie92,20,1,1270,3300,2818,0,6118
7611787,Lady Sparrow,78,2,7046,0,939,457,1396
7621130,Chrisch33,293,4,10553,1612,232,46207,48051
7624025,yugioh13,0,0,0,0,8871,0,8871
7624103,Nervix,0,1,1099,0,0,0,0
7627091,Wynnypuuu,0,1,576,2076,6433,0,8509
7637874,Orlando2500,0,1,169,0,0,0,0
7639221,The Phantom 007,328,1,3349,36,12190,1842,14068
7646509,Nyynyya,95,1,3085,94,4100,0,4194
7647170,konni1990,775,1,3197,2824,41763,0,44587
7654106,marcel989,237,1,765,0,0,0,0
7664851,Ameliae,152,1,260,0,10359,0,10359
7667875,Tellstown,160,5,22357,3080,856,0,3936
7668055,EZhome,63,2,3229,8541,6456,0,14997
7682250,Jaganott,0,1,131,8445,8275,0,16720
7688782,Andreas der Hunne,0,1,634,0,5415,0,5415
7690653,Apocalyptimus,29,1,3060,16,318,0,334
7690802,JCVD,0,1,278,11,5458,0,5469
7693690,Giganto 1506,10,1,418,38,41779,0,41817
7697330,bannanidimotte,0,1,816,0,112,0,112
7698082,tommitom,0,1,1235,0,30,0,30
7704883,Thorongil II,533,4,27114,131476,105736,0,237212
7707065,Da Julien,167,1,7386,20685,10524,0,31209
7710295,planton111,318,8,32184,56339,2650,0,58989
7712374,jepus,0,1,545,0,1557,0,1557
7714224,brueckenbulle,0,0,0,651,25144,0,25795
7715742,H1N1ko,859,3,5919,1998,31763,0,33761
7717016,MMonstrum,496,1,2430,0,0,0,0
7721275,shigamini,734,3,13410,11149,0,0,11149
7726094,Ge3debauer,160,15,60288,386,6001,0,6387
7730087,cody99,148,27,120442,47142,6711,11391,65244
7731714,maxi.x7,0,1,2735,0,6373,0,6373
7734781,Miedi,613,1,8599,43594,207771,0,251365
7742857,djemre1991,232,5,19064,44925,237,7475,52637
7755816,ZeCeKahn,30,4,10155,1329,1082,0,2411
7756628,Arthur der neunte,178,5,14076,109,1247,1,1357
7758047,Canim123,451,2,5262,0,1044,5974,7018
7760377,Nymph,0,1,2359,0,46,0,46
7764645,Lionheart II,506,1,3437,0,6612,1756,8368
7776593,Lord Eastwick,163,1,1295,1,12005,0,12006
7776657,c.klitschko,39,1,2602,0,954,0,954
7780487,MHL1,0,2,5216,256,887,0,1143
7780921,till500k,41,7,13245,0,779,475,1254
7784288,Koreison,542,2,5752,360,960,0,1320
7785993,keutschi,342,5,15012,13145,814,0,13959
7791572,RagnaRockstar,0,1,1230,0,0,0,0
7805538,Matzerot29,0,1,828,0,936,0,936
7805918,MoehreOlli,25,2,2132,10894,2800,4033,17727
7806131,parker10,0,0,0,32,8242,0,8274
7808206,MoehreFranky,25,1,951,0,2674,1186,3860
7810677,Haucky,0,1,1023,0,78,0,78
7811077,mayster,797,19,56093,16236,2856,2,19094
7818701,Daniel8880,0,1,81,0,0,0,0
7825556,Speed1988,0,0,0,0,2242,0,2242
7837755,Temar,87,3,15385,4633,88,0,4721
7857075,Toxicco,0,1,255,0,69,0,69
7860348,Vollmond62,755,1,929,0,21,489,510
7869583,michi9595,56,3,3753,0,10848,0,10848
7869989,1415,0,1,1280,0,81,0,81
7875995,Heinert,0,1,2713,0,0,0,0
7879631,gjk1,553,1,3289,0,1177,0,1177
7880842,chaurus,518,3,5929,19812,354935,0,374747
7882883,schlartzi,0,1,470,0,0,0,0
7883310,Master Raller,0,1,1698,6947,1589,1644,10180
7887904,noah 11111,0,1,484,0,0,0,0
7890448,ThePurge187,424,2,13909,2890,158,0,3048
7893545,flachter,0,1,479,0,0,0,0
7897590,levo09,0,1,26,0,0,0,0
7897717,Königder Könige,744,5,12690,2159,997,541,3697
7902649,RUAL-Tex GmbH,0,1,1006,0,0,0,0
7904967,East India Company,541,11,54874,85523,469,234,86226
7906706,Niklas2710,131,1,2739,0,0,0,0
7909153,Crime2,128,5,12235,0,58908,3511,62419
7917499,Schwarz-zu-Blau,322,10,45197,33134,624,0,33758
7921348,Chapman65,0,1,502,0,776,0,776
7921491,Tyr Anasazi,185,1,388,0,0,29287,29287
7927886,ZZZZ4444,0,1,1803,0,0,0,0
7930640,Lumminator,0,1,26,0,0,0,0
7936026,Billardspieler,41,10,34435,24332,119486,0,143818
7936236,jonny1965,0,1,2571,0,64,0,64
7940389,i wie,789,1,477,0,1695,0,1695
7944359,dragon1967,0,1,165,0,0,0,0
7945509,turbo1tom,0,1,106,0,2368,0,2368
7949590,Diabetiker,626,2,4481,2162,39,0,2201
7954330,Ritter ohne Mut,0,1,3189,121,1025,0,1146
7956383,Krieger Gondors,0,1,394,0,485,0,485
7958107,Luck1104,313,3,6072,1962,793,0,2755
7958717,Schiefey93,0,0,0,0,5577,0,5577
7961306,AURORA*NOX,153,1,2156,0,0,9,9
7961799,REV-Bremerhaven,165,20,87790,129309,44197,29965,203471
7964298,paolo2310,737,1,1807,1457,2499,0,3956
7966515,earthworm,0,2,11336,2032,67,0,2099
7969496,HerrClaus,0,3,4082,5952,167156,6517,179625
7970409,chrischy66,0,1,777,0,1630,0,1630
7970769,Phosby,99,1,726,0,0,0,0
7976002,nicklas2009,63,5,21902,11577,1141,0,12718
7979971,nonamePDG,0,1,209,0,0,0,0
7980586,chilli 90,365,3,7390,0,65726,34933,100659
7993086,Ritter Darkmore,88,1,5688,4337,308,0,4645
7996265,pokkenwilli,0,1,2595,134,0,0,134
8002715,piepe3008,0,1,635,0,0,0,0
8004100,Whigger,28,14,28443,75685,18636,2638,96959
8005194,Spliffstar85,0,4,5474,704,0,0,704
8006337,stri-72,0,1,1229,0,249,0,249
8007706,nowo3,0,10,25963,31571,3241,0,34812
8008019,lb98,167,1,1895,0,10,0,10
8009331,maxoma,0,1,475,0,5233,0,5233
8010686,RedPowerLady,0,1,26,0,0,0,0
8011950,A.Team,21,1,1710,0,0,0,0
8012511,Basilisk55,0,6,23220,40463,9603,0,50066
8013865,timmäh14,533,5,38064,215238,40,0,215278
8015217,DreamTerror3112,0,1,2108,8,254,0,262
8016780,Ungeschlagen,0,1,26,0,0,0,0
8017853,maccamplay,405,9,42760,42505,254,0,42759
8017942,worry69,119,0,0,24,10466,0,10490
8023121,albert kempter,0,4,4975,0,2846,0,2846
8024461,seilram01,346,8,19136,64,494,0,558
8027248,Haite,0,1,26,0,0,0,0
8033485,gerwolfen,461,4,23348,1150,413,1151,2714
8036780,01037023,0,1,800,0,0,0,0
8037033,princess lea,0,1,529,0,784,0,784
8037199,Lord Trumkin der Treue,0,1,3407,0,163,0,163
8039582,Rafael22,95,4,1633,43154,179004,1508,223666
8039657,nso1,0,1,695,0,8875,0,8875
8048244,selmana14,65,1,3051,0,0,0,0
8051260,boschtler,281,1,617,0,42695,0,42695
8059172,kendo01,459,4,6998,10,15599,0,15609
8070008,friend66,451,3,8190,0,312,0,312
8071280,xXHorst OliverXx,226,4,7390,72,40794,0,40866
8072994,susi.4u,120,10,39605,94294,797,0,95091
8077558,hosch355,0,1,247,0,196,0,196
8077640,Quade Foelke,223,1,788,0,0,0,0
8084861,Y nnik 2468,0,1,3770,0,0,0,0
8088379,joschi2000,0,1,1458,0,537,0,537
8088387,Pyro-Jan95,759,2,4915,1665,306,819,2790
8090598,miracelmiracel,298,1,789,20,9893,40934,50847
8091743,Hoge 123,0,1,607,0,767,0,767
8092758,Entspannend,110,1,2655,0,6,0,6
8096091,Eishai,0,0,0,0,1219,0,1219
8096103,MasterofPeace,114,4,11761,10337,691,0,11028
8097540,KingMaddin,0,1,48,0,0,0,0
8099881,Trivium0706,0,1,1732,0,44,0,44
8110441,ANeu,0,1,76,0,0,0,0
8110776,Xului,0,1,4933,0,5306,0,5306
8111187,Balian von Ibbelin,0,1,208,0,410,0,410
8111844,joggi24,63,6,33380,33261,722,0,33983
8113697,Namenslos,633,1,642,0,657,0,657
8116656,starwars71,98,1,1907,0,3536,0,3536
8120170,Lord Diggnsagg,238,1,6630,393,190,0,583
8123551,janniclass,0,1,1006,0,20,0,20
8124846,FCNFCNFCN,0,1,1307,16,10,0,26
8131470,Calina009,0,1,651,0,0,0,0
8131481,boto22,0,1,772,0,273,0,273
8134989,moemmy,0,2,2918,83,4652,0,4735
8135482,Salettimann,0,1,1448,0,176,0,176
8135599,Adler23,156,2,3749,206,8907,0,9113
8135958,Leonidas174,0,1,116,0,0,0,0
8137802,ToxArchos,0,1,165,0,0,0,0
8141336,hajuwo,47,2,8067,0,1352,0,1352
8142713,WensiHasi,423,4,15733,0,546,0,546
8149229,andiiih,0,0,0,0,3595,9049,12644
8153826,--BARROW--,0,1,264,0,57,0,57
8155607,BüVo,0,1,3530,0,0,0,0
8156505,Lola05,0,1,1829,688,4473,0,5161
8160707,Chris 133,19,1,327,0,21680,0,21680
8161459,Spitzebubbi,694,12,56672,110571,161372,128104,400047
8167694,Ohrenarzt,0,1,906,0,5947,0,5947
8168972,harigen09,521,1,4670,0,1212,0,1212
8169554,Voosi,0,6,34177,185597,45889,1210,232696
8172660,Leonidas d.1,560,4,17439,114942,277336,0,392278
8175470,pelo64,0,1,2704,0,884,0,884
8185409,Dian Keto,384,1,2407,0,1571,0,1571
8186966,VergesseneSeele,290,0,0,0,7150,5,7155
8198259,Tiger1896,59,2,7543,9292,3298,0,12590
8203309,Neta9,0,1,101,0,0,0,0
8207383,Opa54,567,1,3256,0,0,0,0
8209720,Todland,0,1,795,0,2230,0,2230
8213975,Loser84,0,1,26,9,35058,0,35067
8214432,banane1314,0,1,870,0,1,0,1
8217072,Lo Gxbox,0,1,244,0,10650,0,10650
8228010,Aggro Pingu,0,1,224,0,118,0,118
8230207,Conan43,223,1,3348,8737,770,0,9507
8231565,Telegrafix,815,4,12482,0,3711,0,3711
8234377,Mehringer75,0,3,5975,42,29106,0,29148
8237990,rudiberbe,0,1,1610,0,48,0,48
8243220,coffeemann,0,1,1699,0,806,0,806
8245875,wutzegickel,167,1,1737,4,7324,0,7328
8246098,Eddy Garuzo,221,12,54498,127250,4199,0,131449
8247237,kokojo3,515,1,226,14,4607,0,4621
8247369,Golde Roger,0,1,146,7476,4675,0,12151
8247637,bocki62,51,3,22552,0,351,11206,11557
8248225,marley09,0,1,56,0,0,0,0
8251401,Caprylic,0,1,1421,0,30,0,30
8253419,ToTo0O0oT,276,1,3677,620,440,0,1060
8254079,Sennid,348,1,1485,0,0,0,0
8255587,BlackMonsters,373,1,4577,40,0,895,935
8255635,*New-S-T*,0,1,1778,0,6874,0,6874
8260921,Graf Herzer,762,3,6985,0,1084,0,1084
8269450,rutin,677,2,7792,0,1968,0,1968
8269463,Freckled,103,4,6114,9570,3799,0,13369
8273303,dickkopf99,0,1,393,781,6328,1111,8220
8277166,Held der Nordfront,215,0,0,19486,91281,0,110767
8280090,hart112,181,1,641,0,0,0,0
8282453,soana001,0,0,0,0,77,0,77
8286107,Diamantblatt,0,1,196,0,0,0,0
8290526,isgimlie,138,5,13948,32293,41864,0,74157
8294810,banjo99,0,1,1667,0,10,0,10
8301038,Nom Anor,0,1,918,0,4552,0,4552
8304302,Ritter Alf 1,221,18,62793,57544,6582,7,64133
8307895,Mansyk,0,2,6304,22072,97952,0,120024
8308415,Lord Michael der Grosse,63,7,44654,52469,73147,0,125616
8308784,speedy801,0,0,0,0,424,0,424
8313953,Seargent1,0,1,5887,0,276,0,276
8316552,lu10ul,788,1,3847,0,8367,0,8367
8324097,Rocker Max,0,0,0,0,3321,0,3321
8325022,Unicornlasagne,840,1,3706,30994,1685,0,32679
8328690,blackblacky79,0,1,2718,217,7564,0,7781
8337772,biglady97,0,1,126,0,0,0,0
8340700,schotter1966,0,1,1897,0,1734,0,1734
8341356,Kettcar,10,1,5443,0,0,0,0
8354082,AndreasI.,0,1,792,0,6,0,6
8355696,Asick,0,1,336,268,41565,0,41833
8363828,lord fussl,30,7,27363,28430,43022,93835,165287
8370596,aL3xEy,529,1,2807,0,0,0,0
8377913,nicole68,0,1,373,0,529,0,529
8381239,Dr.Deadpool,0,1,173,0,0,0,0
8391066,Aphrodite66,413,2,9006,0,2688,0,2688
8393802,PLUESCHIOS,41,1,3868,0,0,0,0
8397652,Vinditgader,0,1,477,0,0,0,0
8404340,wolleinvs,0,1,157,134,296,0,430
8404713,usk4,386,4,8343,418,798,0,1216
8404900,roman133,448,1,902,0,1034,0,1034
8405997,KleinerRoterDrache,609,2,6225,0,1600,172,1772
8412736,dilma,176,1,962,0,24081,0,24081
8415543,Antze,0,1,509,0,0,0,0
8416945,saik06,474,1,774,18328,32103,17617,68048
8423897,Rhune,0,1,3681,0,17002,0,17002
8429695,Manfred 73,0,1,1156,0,15319,0,15319
8430997,kingkodde,328,1,2915,0,0,0,0
8444925,Blechheim,276,1,4300,2358,0,1471,3829
8447777,Zoeba,262,3,3818,37464,260737,1419,299620
8449541,Svan I,591,9,21776,84,821,2517,3422
8453826,wegei,498,5,8362,2159,52,0,2211
8455208,Yvicus,318,6,32891,10125,132,1809,12066
8455753,Fee.,82,1,312,0,142,0,142
8460835,d-s-d,529,7,41715,1392,5485,0,6877
8460947,unkrautexx,521,1,3108,0,710,15,725
8462835,voitl,557,4,7061,2347,11104,57,13508
8463845,Seleucus,221,13,44234,2475,77523,0,79998
8468592,FANKY III,82,1,2361,0,5155,0,5155
8469495,3puma3,0,0,0,0,1834,0,1834
8475251,hasenkrieger98,21,2,5795,0,214,0,214
8482049,*Black Eagle*,614,1,2996,26,1440,0,1466
8482437,mein stamm57,0,1,826,0,0,0,0
8484618,Sir DJ der Große,0,3,19359,148228,92665,0,240893
8487021,graf pit,0,1,923,0,21193,0,21193
8489593,Nairolf 2000,0,1,26,0,0,0,0
8499874,Mad Maxi,0,1,4511,1303,2612,0,3915
8500850,Bernhard der III.,0,1,44,0,0,0,0
8502039,Mustang123,248,1,2867,0,20685,2590,23275
8502900,AlexanderDerDicke,0,0,0,720,10112,0,10832
8504229,Nr.121096,248,1,785,0,3254,0,3254
8508105,World Ablaze,0,1,420,0,249,0,249
8512556,dagrunge,0,0,0,0,33339,0,33339
8512794,Iconfighter,0,1,462,0,35560,0,35560
8515428,ZZacharias,451,1,2422,146,391,7956,8493
8515756,Seuchenmord,159,1,261,0,8649,0,8649
8516154,HP1987,0,5,9305,62783,143016,266,206065
8519064,Cottan,0,1,2732,0,24,0,24
8524758,L.C.Macer,0,0,0,0,645,0,645
8531744,Angus von Geldar,0,1,912,0,14,0,14
8536543,bickelsberg,32,4,28008,125910,235566,8129,369605
8543704,Stefan.2000,0,1,111,0,0,0,0
8547967,money rulez,0,4,15896,0,922,1499,2421
8548996,Handel00,474,1,1631,0,10,0,10
8551393,Sir Tobi von Gelderland,0,5,5990,52,1909,0,1961
8554566,Pippin30.,443,15,76321,183583,101137,0,284720
8556155,sg7394,0,1,128,0,0,0,0
8562343,rocktroll,14,1,2339,0,0,0,0
8564063,Seebiii,32,3,14736,83534,1415,1936,86885
8576766,IItrabzonII,0,1,68,0,0,0,0
8579140,wolles welt,534,3,5237,0,570,0,570
8591038,BashMenWalking,0,1,282,0,0,0,0
8592674,Memelländer,175,1,369,0,4172,0,4172
8593822,Der bvb Boss,219,1,4510,0,6,0,6
8593889,Dark-Horse,424,6,20485,31118,24850,0,55968
8609191,klon-nuzgul,130,63,414447,914762,551030,528,1466320
8611766,MisterDavid,0,1,828,0,33,0,33
8612645,Niklas2812,0,1,1151,0,0,0,0
8620666,Alobi,0,1,216,0,0,0,0
8621050,sonnengottcup,442,39,142074,93482,435174,12447,541103
8629743,Furkan.23,0,1,281,0,0,0,0
8631615,nobbi1,334,1,1144,97,0,0,97
8632187,Kriewel,747,1,239,0,0,0,0
8635569,Blazed420AG,443,23,82803,132704,2045,45558,180307
8639312,J--O,295,5,12439,9790,3015,5618,18423
8642542,yasin yilmaz,640,1,432,0,0,0,0
8645017,einlord,0,1,2373,0,576,0,576
8645048,Heinblöd,0,1,26,0,0,0,0
8658019,LuckyDudels,442,43,231634,279121,344698,73,623892
8658286,Aspen,725,2,3962,0,0,0,0
8658681,Ernesto 1962,424,14,42122,71113,30940,0,102053
8661795,Buchara,459,1,4246,0,0,0,0
8663038,Rondorfer Jung,771,1,1635,0,1263,0,1263
8664507,spataner33,0,3,7102,18606,208,8342,27156
8666725,McDudel,10,1,2377,0,10,0,10
8668581,G-Data 99,0,1,1658,2122,2430,0,4552
8669149,Giulia09,0,1,445,0,0,0,0
8676321,viagrow,176,2,4695,0,19706,0,19706
8676363,Endonia,0,0,0,0,2828,0,2828
8677854,mayladynrw,0,1,316,0,0,0,0
8677916,king-of-nothing,0,3,29078,65505,2185,1758,69448
8678939,Miggatron,0,3,6609,0,2690,0,2690
8679106,Guantanamera,0,1,644,277,1277,0,1554
8685599,PanterWien,386,21,62008,30970,306,0,31276
8692265,bonbonhersteller,0,1,942,6986,0,0,6986
8694621,*TruckerJack*,459,10,11304,659,4192,19041,23892
8699223,peelo,0,1,881,0,6280,0,6280
8707259,silly27,0,1,2469,1558,9459,0,11017
8708540,fuchs04,379,1,1030,0,0,0,0
8719883,spartanerII,0,1,671,0,2852,0,2852
8726402,Cheguevarra,0,1,2142,318,0,0,318
8726438,Mr.Greeeny,20,1,2925,4014,2113,0,6127
8726631,mitsch321,0,1,64,0,0,0,0
8732096,Spikezzi,0,1,856,0,0,0,0
8737828,Kleinstadtmann,57,1,2956,0,13221,0,13221
8739396,rawiya,82,1,207,0,0,0,0
8740198,haida92,8,15,96190,28914,1018,0,29932
8740368,Eiserner Gustav,640,1,1820,0,134,0,134
8740839,Do Ping,178,3,8661,1043,1163,0,2206
8743494,Lotterjan,226,1,3678,0,766,0,766
8743574,ole86,0,1,1636,989,0,0,989
8745455,Meliandra,0,1,2650,0,8,0,8
8748138,A. S.,0,1,26,0,0,0,0
8751337,-Horrorfreak-,49,3,7048,3788,0,0,3788
8752816,Calvas,0,1,336,0,0,0,0
8754093,01Gondor01,0,1,26,468,2637,0,3105
8760631,Annameh,223,2,3305,0,54,0,54
8771557,OGVMKA,771,2,4067,0,946,28,974
8774668,KingDavies19,631,8,20237,15720,39320,0,55040
8776383,Cheat Code,456,13,66405,89683,5988,1062,96733
8780048,-Noctis-,0,1,26,0,33325,3906,37231
8780359,hackmac6,152,1,142,0,0,0,0
8784105,Prummoland,0,1,26,0,0,0,0
8785562,Hades-Flamme,0,1,26,0,0,0,0
8790349,.King-Dani.,235,4,9072,10744,216,0,10960
8791390,König MasterBen,22,1,2292,0,6897,0,6897
8792368,Maximo 10,0,1,296,0,18535,0,18535
8797322,elbo1994,0,1,4277,0,0,0,0
8797401,Ekatarina,14,1,1313,0,0,0,0
8797422,Sardo69,0,1,310,0,0,0,0
8804334,Schbabba,624,1,2854,345,0,0,345
8812458,U.M.B.R.E.L.L.A,59,12,38154,2586,3119,0,5705
8814768,Arcadion,99,1,1895,0,0,0,0
8815904,rrr68,0,6,8502,0,2196,0,2196
8816522,Regad,461,17,56447,79282,911,110316,190509
8816641,Combin,0,1,485,0,0,0,0
8819338,kursch,346,3,7884,0,517,0,517
8819359,Die Drachen Ritter,81,2,10224,0,292,0,292
8819928,Der-Papst 1234,82,2,8386,135,115256,0,115391
8822016,Leviathania,65,1,1932,0,0,0,0
8828794,PüttBull,413,0,0,5400,28402,210,34012
8830653,meru32,0,1,404,0,0,0,0
8831957,manny0,39,1,4130,0,12,38539,38551
8832113,WolfiiM1,179,5,14408,94184,13861,0,108045
8832677,.tHaleF.,295,12,23187,69569,1650,6726,77945
8832891,likous,63,16,47658,39323,8162,0,47485
8834755,AlextheG,209,2,6872,328,234,15028,15590
8836149,killer0796,0,1,26,0,0,0,0
8836591,Valkyren,14,2,8427,223,12439,0,12662
8837766,Egozentrisch,114,37,74344,98154,18293,0,116447
8840411,sannio,0,1,157,0,0,0,0
8841559,snakeman1236,0,1,1852,217,2895,0,3112
8843354,Enya24,0,1,548,0,0,0,0
8848121,Light Lion,0,1,2055,2983,0,0,2983
8850243,Thomax56,22,1,3660,0,20825,0,20825
8856430,etzel1,0,1,702,0,854,0,854
8860225,scirocco09,3,12,38796,16555,103833,50,120438
8863692,Xenon IV,0,1,2479,0,10,0,10
8864491,Capul,529,4,24198,90690,0,6255,96945
8869598,MuHG,0,1,259,0,0,0,0
8871014,krokus2,861,1,799,0,30,199,229
8871990,Dragon Castle Heart,0,1,2370,0,8262,0,8262
8874350,waldi3,560,2,7823,7212,224,4632,12068
8876749,babysnake,298,1,1800,41,6,0,47
8879435,snacke99,0,1,204,0,320,0,320
8881769,Buschkaempfer,209,1,1907,0,0,0,0
8883289,alexaar,209,1,767,0,2185,0,2185
8883916,SpeckiOnTour,392,2,10776,46725,0,0,46725
8884643,Tierasyl,386,3,5352,0,2230,0,2230
8886769,Alkaline08,731,13,16232,688,0,2850,3538
8890908,derTom67,0,1,265,0,41108,0,41108
8893463,superchuvak,0,1,48,0,0,0,0
8894996,1Troll,59,5,15789,7420,2758,0,10178
8902725,Shark99,0,1,471,0,0,0,0
8919554,Schraubenzieher12,0,1,384,0,0,0,0
8921774,enchantra,14,1,3197,0,706,0,706
8924265,David Ross,773,1,2311,613,4874,0,5487
8927127,LKAV Maracuja,797,21,135162,2414,1037,0,3451
8931073,alfredo17,498,7,22013,2540,611,0,3151
8932566,oloc-acoc,0,1,320,0,1085,0,1085
8934337,alidee,0,1,1124,0,0,0,0
8942925,Amaterzu,130,57,258298,98657,79884,0,178541
8946319,amorina1986,316,1,1631,0,317,0,317
8951815,j-bet,0,0,0,383,325,0,708
8952348,sibbzen,725,1,4915,0,10,0,10
8953474,homiie xD,0,1,26,14802,383,0,15185
8954846,1000Volt,32,12,49999,93244,6819,318,100381
8956688,TheGameNight,0,1,2180,47,4,0,51
8960583,nobby55,0,1,529,0,0,0,0
8961276,Lord Sepo,0,1,2000,0,104,0,104
8962998,SHIFTA,116,1,927,0,220,0,220
8963155,mietmann,177,4,10479,2373,771,0,3144
8963712,Silver94,123,68,368676,37698,55483,40713,133894
8964017,mcrene85,0,1,491,0,0,0,0
8967775,Geralt von Riva,342,1,3245,0,4,0,4
8968357,Hockii,0,1,348,0,0,0,0
8968526,bollan,311,1,410,0,5233,0,5233
8969364,Brandon02,637,1,122,0,0,0,0
8971236,Hoerbi1955,282,7,27501,1866,24267,1061,27194
8977264,Br0k3nRuLeZ,0,1,533,0,1686,0,1686
8978916,Patrick Star,0,1,26,0,0,0,0
8979093,colderaser,456,36,143417,334089,11869,10276,356234
8983119,Miss-Persidrall,0,1,229,0,22763,0,22763
8985583,felli1,0,1,281,0,4,0,4
8987073,-ProReene-,0,1,408,0,267,0,267
8989395,*queenie*,405,5,17720,8529,894,45857,55280
8993459,miss sofie,222,4,10103,0,8684,43437,52121
8993660,iremage,461,7,20622,4504,515,4001,9020
8996017,rittervomseckenpferd,148,6,25205,11528,8940,392,20860
8997736,Kompei13,0,0,0,0,2039,0,2039
9000115,SpaKacke,0,1,1334,202,14331,0,14533
9012353,R4upe Nimmersatt,0,0,0,0,1766,0,1766
9013490,Crypto-Boy,884,5,3798,0,26,0,26
9014775,xTuRnScHuHx,0,1,234,0,3328,0,3328
9018960,Nachtweide,0,1,26,0,0,0,0
9023586,Flamin,119,1,1403,46,0,0,46
9026799,Luzifer1985,434,2,4394,0,4312,0,4312
9031418,JubaTBS,529,9,44213,47435,17459,3802,68696
9037321,IceT007,0,1,1426,0,10,0,10
9045605,Mumba007,0,1,273,0,0,0,0
9047515,TheSledgehammer,0,1,26,0,0,0,0
9051932,QUERDURSCHWALL,0,1,26,0,0,0,0
9055044,Pokalsieger 1974,782,1,3575,60,5473,100,5633
9057335,Prezident,0,1,567,0,0,0,0
9060726,Jetzki1986,0,1,2134,232,0,0,232
9062610,odin heals ya,557,19,41170,48067,936,10,49013
9066175,rjb000,0,1,1846,0,8360,0,8360
9068699,liebydeutschland,0,1,513,0,0,0,0
9076037,Zappenduster64,328,2,6897,6315,110,0,6425
9076589,Nissius,705,1,2545,0,103,0,103
9076801,SpecialAirService,179,2,2023,0,11900,0,11900
9082103,Pro7.,0,1,4379,105,0,0,105
9084786,der buddy,21,1,2504,0,0,0,0
9088230,ahuta,27,1,1105,0,93,0,93
9088940,yakusa75,0,1,403,63,11114,0,11177
9091456,kevken98,107,1,2416,0,212,656,868
9092674,charly 65,225,1,4390,0,20,5417,5437
9092884,crubbysfan,0,1,204,0,182,0,182
9094864,ratte100,0,1,768,0,0,0,0
9098317,00-THOR-00,290,3,12493,372,105127,0,105499
9099194,saloniki365,0,1,209,0,0,0,0
9099199,revenger53,0,1,4313,0,8019,0,8019
9099325,ulibulli,0,1,1902,368,12936,0,13304
9099524,Monarchs87,0,2,2530,5085,171210,893,177188
9101668,Magic Catweazle,759,3,5533,268,932,18,1218
9104871,Sitting Wulf,0,1,1369,0,0,0,0
9108586,schnauzevollnix,90,1,973,344,150169,8965,159478
9114927,Lord off Ring,0,0,0,5830,5094,0,10924
9116012,UndercoverCrew,533,19,93712,14251,141511,2211,157973
9120425,Thymalus,533,13,97396,491374,12473,0,503847
9123526,bomml89,0,1,191,0,0,0,0
9124434,Eisi-is-back,694,4,8484,5196,75,0,5271
9125957,sasharex,87,1,2662,0,22790,46,22836
9135298,unknown-dead,63,8,19574,818,3380,0,4198
9140273,Koksi T,114,5,7581,6355,841,525,7721
9147907,WartsABerKILLTdich,0,5,28629,16676,2078,0,18754
9149215,MaGunTiA,0,1,319,0,1135,0,1135
9153025,Mask.,346,5,10858,5195,3064,0,8259
9154837,alkal2,0,1,469,0,207,0,207
9157999,DunkleHand,0,2,911,0,7137,0,7137
9159245,mif1,85,1,2018,0,216,21283,21499
9162755,duffydeff,0,2,11211,0,150,0,150
9165288,Graf von Schleswig,0,1,1038,0,23269,0,23269
9168384,heter12,0,1,1388,0,0,0,0
9169093,ottoda,0,1,518,0,2026,0,2026
9170540,Mausebär69,20,2,5624,0,713,0,713
9175201,Minionx3,0,43,135777,15762,1736,0,17498
9182416,DJ Networks,178,1,1545,20,0,0,20
9182638,Mr. SmartGuy,0,5,14612,38304,30330,0,68634
9185120,Ritter 2052,276,1,3668,10761,0,0,10761
9185657,dr0genhund,0,1,2013,40,10,0,50
9186675,Peganx,63,5,23410,87328,52,1516,88896
9187482,Bademantel5,0,1,809,0,26,0,26
9188430,MHFS1,0,1,26,0,0,0,0
9189327,pompejus magnus,103,8,12286,23659,35770,120,59549
9190818,Black-DragonKnight,0,1,1546,270,466,0,736
9195438,Prof.Fessor,0,1,1155,0,222,0,222
9195798,Messi 11,19,1,733,0,30,0,30
9196619,Flolex mit Rolex,61,6,18474,0,1643,0,1643
9197016,Blincki99,0,1,743,0,0,0,0
9200871,d3s3rter,0,1,679,0,0,0,0
9210701,De Kölsche Jung,0,4,5431,12,2077,0,2089
9214215,peper123,0,2,1902,26383,42019,1969,70371
9218699,-powerkid*,572,5,20931,23495,1728,6048,31271
9218780,asdfghj1,0,1,368,0,4360,0,4360
9219282,Mariechen Jolie,63,10,26988,491,2476,0,2967
9228461,Agent Smoker,0,1,119,0,0,0,0
9228611,germania77,36,1,357,0,0,0,0
9228930,Hells Bulldog,0,1,300,0,267,0,267
9238397,mrsandro2,0,2,4321,0,309,0,309
9240321,minus2,0,1,145,0,0,0,0
9245483,Yanka,181,1,3255,0,0,0,0
9245489,PartyFreak65,5,1,3564,41,774,0,815
9256607,xxnightstarxx,541,2,5378,6314,0,0,6314
9256749,Thor010,56,6,22328,640,2106,0,2746
9259264,Jungäää,0,1,26,0,0,0,0
9260660,omepo,0,1,393,0,232,0,232
9261979,Joergi...,28,20,77605,76326,217953,49,294328
9267037,DarkShadow5,0,1,382,0,0,0,0
9268817,Kätzchen1001,0,1,26,0,0,0,0
9269369,NicoELreY,176,3,2644,1105,84646,0,85751
9270972,Falcon192,0,3,8700,0,1451,0,1451
9272872,colonel xXx,0,1,26,0,0,0,0
9275232,MARVINMARTIAN,225,7,25427,35939,26094,2245,64278
9277021,Little Pietro,443,6,43960,332618,9423,123,342164
9277878,wellness123,0,1,26,0,0,0,0
9280036,Alfredux,0,1,854,70,4631,0,4701
9285938,Jonayay,123,47,273499,367611,1869,1667,371147
9292252,xAdler,0,1,26,0,0,0,0
9292921,Wanderers,0,2,5121,848,24407,0,25255
9293195,Crasy-Monkey,474,2,4387,1048,100,632,1780
9297409,Tarrja,41,1,2220,2454,0,16,2470
9307854,Ubbser11,0,1,26,0,312,0,312
9308732,mertcan324,0,1,26,0,0,0,0
9312476,Fürst Warwick,0,1,182,0,24,0,24
9318609,Cellenseres,82,1,841,0,224,0,224
9319477,Schindi123,0,7,33756,15271,185,0,15456
9322215,MaxHSV1996,0,0,0,9,1861,0,1870
9323669,fmp1968,664,1,1974,0,1729,0,1729
9323718,JPsGameShow,0,1,26,0,0,0,0
9326402,Ax of Honor,0,1,2106,288,424,0,712
9326844,d.gwünner,0,1,170,0,67,0,67
9327306,killer659,856,1,776,430,114,0,544
9338798,RitterHelki,36,1,783,0,3878,0,3878
9340027,Gittchen,0,1,633,0,0,0,0
9345564,Kaffeefilterfallenlasser,0,1,3417,403,0,0,403
9347110,Conquesor,0,1,1371,0,196,8,204
9347235,Mausi202,0,1,294,0,0,0,0
9351492,Sprintbox,0,1,224,0,0,0,0
9353209,deffonly-,289,1,26,47,6392,0,6439
9353440,Freakmate,0,0,0,3290,44875,0,48165
9355345,falke077,0,1,100,0,0,0,0
9358729,azecubalig,0,1,26,0,9220,0,9220
9359584,KKatzuja,77,11,52146,395829,200684,85127,681640
9360958,Niinchy,0,1,708,0,21,0,21
9366705,Atomi16,0,1,86,0,0,0,0
9367330,POWERblitz100,651,1,2166,1019,2033,0,3052
9371107,David-91,0,1,237,0,1151,0,1151
9374247,tik99,0,0,0,0,3028,0,3028
9374692,Caesar 42,759,0,0,4,457,0,461
9376314,Enrico Pallazzo,0,1,667,0,476,0,476
9380742,PoStI94,0,1,383,0,706,0,706
9385114,Dazimir,0,1,314,0,1689,14,1703
9387269,Caroch,0,1,723,0,1523,0,1523
9387446,königlennard1,351,7,18738,420,483,134,1037
9389833,Gringen,278,1,250,438,7513,0,7951
9393737,xFameXx,0,1,1756,0,1873,0,1873
9394926,Ronald 12,19,1,1508,4,31722,48337,80063
9398196,kantega xc,393,1,1876,0,0,0,0
9398381,Elefantenfriseur,759,3,9679,24,1025,14653,15702
9401829,timay112,0,1,6001,5212,8116,0,13328
9406441,Tinaruh,0,1,108,0,0,0,0
9410100,Improversum,0,1,26,0,0,0,0
9415938,Maoky,0,2,8896,410,397,0,807
9419874,QueenMelanie,264,1,608,0,0,0,0
9420921,xXxBomber96xXX,591,2,5653,7511,2379,17522,27412
9422184,Emit187,194,1,471,55106,53844,0,108950
9423740,little smily,0,1,4075,300,4102,0,4402
9432494,Brauner 79,0,0,0,801,3929,0,4730
9435332,Karaya,558,1,351,0,1520,0,1520
9437130,Kirschkönik reloaded,177,1,936,0,0,0,0
9442447,snowdruss,78,10,11783,5731,46890,5042,57663
9442893,*Harka*,0,1,26,0,0,0,0
9442904,ilana22,0,1,2589,0,2024,0,2024
9443259,Ankh.Morpork,226,1,1329,0,736,0,736
9443579,N3v3rF0rg0tten,268,1,2229,10,62,0,72
9443789,Die Glatze 01,861,1,703,0,414,0,414
9444183,hexerwelt,0,1,405,139,3211,0,3350
9446231,xXWaSGeHtXx,0,1,1642,0,619,0,619
9448034,odi77,521,2,7998,601,632,0,1233
9450268,S04-philipp,0,1,4021,74,10,0,84
9452098,Spike2009,0,1,975,0,300,0,300
9455847,Joe Kocker,0,1,894,0,1070,0,1070
9467012,Simon von Dassel,0,1,868,146,8,0,154
9469545,pit67,350,1,4369,69,830,0,899
9471881,Bloodanabolic,443,42,189727,241171,1981,0,243152
9473037,Dimoret,12,1,2663,360,3307,0,3667
9473617,Ratze89,756,1,283,0,0,0,0
9474193,Ruhepuls180,0,1,26,0,0,0,0
9474313,VOSSI der Große,0,1,1861,0,56,0,56
9476676,Ritter Cied,0,7,14669,8615,59155,0,67770
9478306,AfgBoyS,867,1,3120,0,7165,0,7165
9480542,uppswienix,0,1,26,0,0,0,0
9486136,-Alpha-Wolf-,620,2,11669,68,424,595,1087
9486777,sterni 44,99,1,483,0,236,0,236
9486802,chaosgamer84,0,1,26,0,0,0,0
9487771,auto240,20,1,315,0,0,0,0
9488902,-Tufak-,0,1,2372,0,262,0,262
9490221,und alle so yeeow,456,17,90277,83929,83496,142,167567
9491819,Luk7506,518,9,24766,6383,11070,32338,49791
9492470,YoJonny,52,3,13936,33611,283990,51,317652
9501224,GräfinOl,131,2,8612,33649,0,0,33649
9503234,karllder,63,4,18728,64835,313,0,65148
9509555,MI-MI,19,1,1342,0,1095,0,1095
9512410,M@jicMushroom,0,1,26,0,0,0,0
9515129,Shania VI.,14,1,2696,12,0,0,12
9521725,k1nqk0rq,640,1,1827,3317,24909,0,28226
9523129,TehDragoon,572,16,67266,346439,87836,74427,508702
9523680,stiefelkater,0,1,387,0,248,0,248
9523859,Shisuii,565,15,74209,102261,47228,6177,155666
9529703,Aladin von Trödel,14,1,2319,0,1022,0,1022
9531649,Terror Spongi,0,1,2177,0,3286,0,3286
9532782,Jupiter2512,834,1,1471,0,5335,0,5335
9533770,aimmarkx3,276,3,10309,260,338,20442,21040
9536436,keniboy89,0,3,6198,0,9819,0,9819
9536838,GRiIMME,253,1,5459,16496,15976,0,32472
9537555,Specki0,0,1,26,0,1674,0,1674
9540202,Faralis,0,1,26,0,0,0,0
9541583,basher2013,20,1,1590,0,13914,0,13914
9550292,feldi68,41,5,12921,2815,5882,11,8708
9552664,Operisto,0,1,188,0,0,0,0
9552667,Skriptlos,0,1,1823,72,17168,0,17240
9556597,Don Pascual,295,6,20720,51256,190419,21,241696
9557512,Schredder1996,782,2,6058,10170,4,266,10440
9558738,.RefleXx,0,1,1070,0,0,0,0
9559034,loddar2012,0,1,2190,0,7377,9559,16936
9559905,Krokuspokus,0,1,253,0,575,0,575
9561979,patrock 20,0,1,1154,0,1642,0,1642
9563463,W53-,18,4,11999,27044,113011,18324,158379
9565258,ForscherM,0,1,3249,0,400,4724,5124
9566838,SaMMir,0,1,211,0,0,0,0
9569646,dieter2808,0,2,3310,0,14591,7,14598
9576784,Muay Thai one,0,1,169,0,0,0,0
9585424,Sternenphalanx,102,1,721,0,64,0,64
9585439,Warhead92,376,4,11063,109,16936,0,17045
9588126,chillavilla,373,8,29052,22365,5021,0,27386
9588977,Baba1990,0,1,539,0,40,0,40
9589519,Assassin1904,141,1,644,0,0,0,0
9589587,PuzzleDrucker,108,1,5507,0,0,0,0
9590681,jodave1,0,0,0,0,4585,0,4585
9592232,Moaddl****,365,1,1632,276,2,1703,1981
9594338,andi97912,6,1,3020,0,4,0,4
9606309,oOmaddaOo,0,1,174,0,0,0,0
9607649,GrimsborithOrik,0,3,8753,1746,146643,0,148389
9609260,Luwiski,0,1,26,0,0,0,0
9613917,fireCannon,0,1,1105,0,0,0,0
9621123,Assassin1601,141,1,193,0,1170,0,1170
9621806,Curbii,221,17,102213,235403,854,891,237148
9626601,King-Gondor,0,2,2673,0,687,0,687
9630363,yogi1986,0,1,182,0,0,0,0
9634636,Idefix2301,0,1,799,0,12,0,12
9636145,FloCommander,28,13,32356,1997,1666,16565,20228
9637025,Ninkasi,386,6,28720,0,78,0,78
9640463,Odins - berserker,56,1,948,9962,12093,0,22055
9642632,Micha041,130,61,263868,84799,63510,0,148309
9644708,Niborr11,501,1,2804,224,0,0,224
9645171,Cherok der Ältere,14,1,4372,0,20525,0,20525
9645437,Doomsday Specter 1.0,28,13,87433,192920,40891,12492,246303
9646360,Anderl7212,0,1,1029,0,679,0,679
9647496,Phaith,0,0,0,13,1289,0,1302
9652694,Laston,215,1,782,0,416,0,416
9652862,Sinf4er,796,1,1208,0,0,0,0
9658964,Baron Vladimir Harkonnen,0,1,170,0,70,0,70
9661946,Miche96,0,1,127,0,29,0,29
9662289,Krawallbruder,631,5,6756,312,1544,6086,7942
9666061,rodrigues66,0,1,921,0,0,0,0
9668412,MyRessort,0,1,68,0,0,0,0
9669093,Titus Arminius,0,1,339,0,0,0,0
9669578,Vogi98,869,2,4189,809,611,0,1420
9671885,ICH gott DU nichts,223,1,1286,4,68417,0,68421
9673019,thoscho66,65,7,17994,9283,1070,0,10353
9673176,Der Barkeeper,0,1,1150,0,0,0,0
9674526,MyNameIst,0,1,1406,0,564,0,564
9681086,Tamiel,860,1,1732,0,0,0,0
9683680,flake45,0,2,4079,5059,5054,0,10113
9684280,dachsei,179,1,1219,167,41698,553,42418
9685542,isenhart234,0,1,664,0,0,0,0
9691813,Capu u Keks,0,1,4936,80,400,0,480
9692821,ZazikiAllesDrauf,0,1,26,0,0,0,0
9694414,Lord of Dragoonheart,0,1,337,0,0,0,0
9695732,*AlxX*,777,2,6641,17808,0,0,17808
9698641,Sep Man,0,1,880,0,1622,0,1622
9700469,ThoraldRagnarsson,0,1,877,986,21800,0,22786
9704671,roter chaot,498,4,12023,8448,1225,1199,10872
9704970,Lucifer,759,3,4978,0,2892,3,2895
9710676,BigL1,0,1,777,0,1661,0,1661
9712101,tactic-commando,0,1,1398,0,0,0,0
9712134,GrafvonT.,21,2,5700,36781,9460,0,46241
9713061,Waintganden,0,1,2903,0,2971,0,2971
9713579,dimmu borgir,762,1,2445,0,0,0,0
9714341,Eckifighter,551,1,554,0,0,0,0
9719422,DasWurstAuto,282,13,46207,37750,27560,34693,100003
9728316,Obiwan Knobi,0,1,26,0,0,0,0
9733550,Omahabeach,824,2,8040,18,1140,0,1158
9741357,Judas der gerechte,285,1,8488,18232,4865,0,23097
9743622,Z3rst03r3r,205,5,12965,271,125,0,396
9745750,domy0s,0,1,26,0,0,0,0
9749238,Dalldorf,567,3,11519,0,24531,4329,28860
9752057,Punni,797,5,26703,12010,158270,9837,180117
9752314,Lennacker,0,1,650,40,1722,0,1762
9752551,ArturGollom,47,6,18216,6345,64078,481,70904
9757868,MAXIMUS-02,3,3,12361,8150,126340,10389,144879
9762608,Halber1234,0,0,0,135,25193,0,25328
9768644,Thor3.0,28,19,70757,51218,9024,2998,63240
9768961,Wok27,0,1,363,0,3040,0,3040
9772362,Der Spartaner 2,0,1,168,0,0,0,0
9773638,otto67,0,1,271,46,16718,0,16764
9775462,Lord Steinlaus,0,1,26,0,0,0,0
9779516,schwarenegg,351,4,9079,22076,99601,0,121677
9781088,spata1989,295,5,8410,0,592,0,592
9785230,Lord Eleasar,0,1,747,94,4989,0,5083
9786979,Lord Zeus,247,3,13345,9,221,0,230
9789555,Propaganda.Panda,165,28,168782,53443,4773,21857,80073
9791018,Lord Gandolph,0,1,185,0,0,0,0
9792638,captainschokoflaces,0,1,553,0,0,0,0
9793141,hirss,0,2,5757,7130,0,0,7130
9797735,adamus,0,1,976,0,0,0,0
9800838,your darkest nightmare,8,38,133241,158871,39708,7408,205987
9800954,lucky173,518,2,4770,2307,624,0,2931
9801163,Allianz,148,39,196382,227434,6355,31498,265287
9804675,Mondwölfin,0,1,289,0,88,6836,6924
9804716,Frazer26398,232,6,17149,23798,11811,2597,38206
9805903,Medusia,0,1,6908,36,136485,0,136521
9805933,mambuso,0,1,78,0,0,0,0
9806406,PnCake,461,9,34068,71351,5944,4947,82242
9806727,Toddy,0,1,425,0,397,0,397
9808270,El Maze,442,29,114672,51483,2561,106110,160154
9808690,Mc Basher,565,18,56108,23990,37217,0,61207
9809725,Mark170996,0,1,26,0,439,0,439
9810710,Taimo94,373,7,40362,36725,1312,167,38204
9811082,King LORD IRON,29,1,1049,0,26815,0,26815
9813194,lord of spartakus,0,3,15090,4166,31676,0,35842
9813370,Anonym,36,1,758,0,22902,0,22902
9814162,Grammarum,77,7,23748,0,1297,10997,12294
9818744,Megaxantix,0,1,68,0,9025,0,9025
9819326,MutIw0w,83,1,3083,0,0,0,0
9820716,Schatzz,0,1,79,0,0,0,0
9821670,lordrocky1,567,3,7012,15771,736,0,16507
9825814,daron2001,0,1,3631,0,450,0,450
9827597,kaoli,651,4,6890,0,675,3514,4189
9827990,denjo0815,59,5,11525,4291,18004,0,22295
9830022,Lord bayerndödel,0,1,434,240,7655,0,7895
9831039,Black Sun,0,1,403,0,708,0,708
9832333,Jonny Azzlack,0,1,202,0,0,0,0
9832339,Cowly,10,0,0,35,1854,0,1889
9832876,Black Gecko,64,4,9668,306,5490,24,5820
9834413,Kurath,232,16,66104,32517,130337,15559,178413
9835776,HektorderGroße,0,1,26,0,0,0,0
9837004,Piet65,0,1,1646,0,504,0,504
9837436,The Devil Lady,848,1,454,0,0,0,0
9837572,CrazyWarlord,786,1,1710,0,20480,0,20480
9838515,MachtChina,0,1,26,0,0,0,0
9839014,Saltyy,443,56,261843,245603,15260,25243,286106
9839137,DEAD EYES,424,11,83351,124455,8296,0,132751
9839693,Chrom13,0,3,9814,6234,1773,0,8007
9840269,mc477,0,1,337,187,3515,0,3702
9840953,shakattack,285,8,22899,707,22262,0,22969
9841263,Ultra Schwere Kavallerie,777,13,25158,11718,130,0,11848
9843352,ericdravenx,0,1,2092,0,1538,0,1538
9843548,**Monja**,82,1,171,0,0,0,0
9845211,dakilla1994,128,6,34879,39444,66,23,39533
9845400,lampl1,0,1,167,0,0,0,0
9845680,Sarungal1,0,1,398,0,0,0,0
9846318,rock-and-riot,0,1,26,0,0,0,0
9846914,Sabretooth,498,13,35746,774,627,0,1401
9849095,FlyingKilla,762,1,2087,2298,44,0,2342
9851322,.DoNN,0,1,1140,0,0,0,0
9852355,uuli,0,1,4317,0,172,0,172
9853713,LordMick,277,3,7307,303,308,0,611
9855390,Dontworry,679,1,2287,0,56,0,56
9857324,Lady Torte,293,4,6816,169,49981,2558,52708
9857437,Squirtle,266,13,79277,7385,1220,52499,61104
9858041,Udin 1,0,1,810,0,0,0,0
9859907,Ich mag Katzen,0,1,260,0,0,0,0
9862313,the-realm,0,1,152,0,438,0,438
9863875,Dragonslayer2.0,624,4,9180,76,2304,5339,7719
9864164,SNIPxxxR,0,0,0,298,71745,5,72048
9864904,Schwergewicht,591,3,13418,14164,0,4095,18259
9864953,schlachten,0,14,30458,28134,1175,5600,34909
9868021,unioner78,0,1,2226,0,10,0,10
9869866,.Aufklärer,114,19,112345,454289,69628,29545,553462
9871136,magnum16,41,2,6052,138,0,1347,1485
9875797,Edrock,221,7,31574,192,910,185,1287
9875998,Killu,0,1,42,0,0,0,0
9876086,almtraum,461,14,67311,43338,68146,1186,112670
9883742,luchse,41,7,29758,1131,316,2028,3475
9884430,Lord tiger62richard,0,1,1351,0,26,0,26
9884519,The Black R3V,0,1,92,0,0,0,0
9888571,kleibi88,787,10,29834,26081,3224,0,29305
9888572,Spectre,797,25,156256,10819,2417,0,13236
9888583,Alphax Industries,0,1,4442,0,42003,0,42003
9889787,chris1aut,0,1,26,0,0,0,0
9890811,LoveMarie2009,23,1,938,0,292,0,292
9891566,Alboo16,0,1,225,0,0,0,0
9892468,King Conan,639,1,1345,111,9609,12514,22234
9899518,Hiotori,14,1,3902,64,2040,0,2104
9903130,NoFightNoFight,0,1,235,0,120,0,120
9904651,Gambeler,501,1,3171,6886,4935,0,11821
9908956,Taifun94,613,1,4283,0,9520,0,9520
9909262,auberer,442,31,79850,69254,27769,3121,100144
9909432,kraeuterr,0,1,921,0,9605,0,9605
9911246,Kortaar,0,1,2152,602,0,0,602
9914747,RainerPinkler,0,2,9717,0,67404,0,67404
9915885,Pit1898,603,1,434,0,22768,0,22768
9920231,Fatecrasher,130,32,126311,172876,2319,0,175195
9926069,Son of Anarchy,0,4,7568,0,7084,0,7084
9926210,Grisubux,59,6,10848,8026,1469,0,9495
9928424,Staubsaugernasenmannn,0,1,62,0,0,0,0
9930015,LadyMaria,646,8,26019,6806,4622,0,11428
9930226,König marcopolo,0,1,154,0,10975,0,10975
9932155,LBJ4MVP,0,1,26,0,41482,0,41482
9933325,SchobiX,734,6,9657,13205,129,0,13334
9934088,shad3r,0,1,1091,1230,6384,0,7614
9937671,hqelle,0,1,880,0,0,0,0
9938860,corsacks28,0,1,713,0,0,0,0
9938943,nordmänner666,0,1,238,0,0,0,0
9941410,nameo,436,9,21867,30766,124275,59145,214186
9941603,Annique,0,0,0,6067,190,0,6257
9943602,ek6001,0,1,218,0,0,0,0
9944239,chrisl666,117,0,0,0,4216,0,4216
9945005,Der Gamer 300,0,1,620,48,8,0,56
9946437,besen14,0,1,2854,23083,103858,0,126941
9947088,SKRK,277,2,2664,1234,25261,0,26495
9948037,Christopher15,0,1,26,0,0,0,0
9950685,Krantix,0,1,368,0,0,0,0
9952730,Seelendieb,587,0,0,0,7541,0,7541
9953171,john956,0,1,714,0,27423,0,27423
9953806,daylight17,14,1,442,0,0,0,0
9953850,d2minik,516,0,0,4823,5211,2720,12754
9956736,Skorpion71,751,1,2411,22,0,0,22
9958324,Luks12345,0,1,55,0,0,0,0
9960037,Boss Xca,0,1,2818,8748,2114,0,10862
9963539,Vulnona,0,1,26,0,0,0,0
9967293,willium46,313,9,31657,13554,701,0,14255
9967370,didi020276,791,1,755,0,8,0,8
9967472,Lord Limit,0,1,206,0,0,0,0
9968576,ItzReAcH,0,0,0,14345,77464,0,91809
9968798,makasar,443,24,111300,225495,2663,30552,258710
9970109,man566,0,0,0,0,5645,0,5645
9970396,erna1967,56,2,5672,0,1884,371,2255
9971029,Herr der Flocken,473,4,10699,6,1186,43,1235
9971170,Trojan135,221,6,34005,57011,168480,1312,226803
9973716,chriscross1987,533,2,4928,11464,1376,0,12840
9978487,sieben?,541,14,74033,118408,21265,0,139673
9978884,nexuspremium,0,1,85,0,0,0,0
9979507,Kailiminogue,565,35,137681,187918,3177,12,191107
9979780,König Exxo,0,1,225,0,0,0,0
9979838,II Babu II,156,1,2109,0,0,0,0
9980885,highpure,0,0,0,834,241,0,1075
9983815,treez,77,6,30792,44262,2274,0,46536
9988813,Flupjes,639,1,1129,301,3078,0,3379
9992670,crazzo1,648,1,1088,0,1471,0,1471
9994020,Kampfzwerg 2013,0,1,2296,12693,36461,0,49154
9996621,Lady mati,0,1,2956,0,0,0,0
9997018,Shain,0,1,1715,0,0,0,0
10002120,LoSiento,639,1,2262,0,0,39,39
10006222,kracherx,694,6,14005,692,3700,49223,53615
10006855,TubenSalz,0,1,318,0,0,0,0
10006909,marco23031,0,1,47,0,0,0,0
10007049,Cryptkeeper5174,222,6,8575,5266,69810,9536,84612
10007100,Barthas,114,13,34592,11021,59865,8127,79013
10007877,wuze,0,1,132,0,29903,0,29903
10015177,Arms50,721,8,35363,92154,158,0,92312
10015247,noah 11.4.2001,0,0,0,11251,1590,0,12841
10017115,superneusi,123,86,397563,98378,11312,0,109690
10018971,Sephlux,791,1,2796,0,0,0,0
10024612,Edduard Stark,553,1,4086,267,224,0,491
10024985,LordAtesh,0,1,542,0,0,0,0
10026606,FAiRNiS,205,4,2193,323,4408,16,4747
10026843,Hygrom der Hüne,373,3,16588,7154,804,143,8101
10027337,Zorkonnon,0,1,1275,0,2728,0,2728
10028010,kingrichert,0,1,26,0,0,0,0
10028320,alterhaselassmichinruh,0,1,415,0,614,0,614
10031338,Old School Inc.,0,1,207,0,58,0,58
10033456,steff11en,0,1,161,0,0,0,0
10034424,Khazadl,541,6,14418,78,74,4105,4257
10036900,matuten,0,1,431,0,4246,0,4246
10039713,KATAstrophal oO,0,1,680,0,0,0,0
10039871,Paulosaso,591,11,33820,31054,942,32804,64800
10040927,Herzog-Stiffler,834,1,1370,10798,8501,3642,22941
10041214,Ritter-Fips,41,1,1432,9353,3218,0,12571
10043304,Feuerf@lter,176,1,1270,0,1454,0,1454
10043516,Kratos der Mächtige,0,2,3791,1192,145,0,1337
10044196,crasher4,0,1,2019,0,885,0,885
10047033,odinsherr,77,10,31187,224,3334,42800,46358
10049938,Just a Name,0,1,76,0,0,0,0
10053662,Matzekill34,0,1,26,0,0,0,0
10053790,plutoos,158,1,180,0,3531,0,3531
10055367,Lord gagg,221,5,15988,840,2287,0,3127
10057023,bauherralex,0,1,340,9600,4016,9428,23044
10058709,xXNadjeschdaXx,0,1,108,0,0,0,0
10059408,Nuss1980,412,1,2179,0,0,0,0
10059567,.-Bountyhunter-.,152,1,26,155,35553,0,35708
10060634,Hornissimo,158,1,571,0,75,0,75
10061197,DruPat2013,277,5,7705,0,579,0,579
10063604,Erzmärtyrer,0,1,243,0,1053,0,1053
10065295,wiennie-witch,99,1,87,0,0,0,0
10069751,.JohnWayne,0,1,26,0,11922,0,11922
10070392,Haimenchen,277,6,17015,469,850,0,1319
10071988,Schalke1962,3,9,56578,65797,21492,42,87331
10075493,Lord Ramgni,0,1,843,0,38,0,38
10085518,Lord Äppelwoi,221,5,20002,198,130,0,328
10088655,Fiipsii,64,3,7201,0,1989,0,1989
10090482,Engelchen und Teufelchen,247,5,30198,0,351,0,351
10092563,Reisender,123,17,99895,131795,2537,2955,137287
10093609,Trostlos,0,0,0,3967,8373,0,12340
10093818,Ralle1919,17,1,2394,0,130,0,130
10094800,.exoticbanane,0,1,26,122,583,0,705
10094903,KingOfPirat Monkey,232,12,52714,11530,16432,0,27962
10095098,nilshs,771,1,1742,0,17768,7896,25664
10095891,Bastard28,0,1,102,0,0,0,0
10104019,roenser1985,0,1,943,0,994,0,994
10105414,Atlantean,569,1,5110,14311,254,0,14565
10113203,Saklus,744,2,3994,0,39462,11842,51304
10113602,Wild Storm,36,1,1503,0,8445,0,8445
10114117,Lady Shiwa,82,1,323,0,0,0,0
10114864,schapowal,0,2,10922,0,234,0,234
10115225,Dorfplünderer,745,1,990,0,383,0,383
10115869,tayeb,533,5,36862,93747,2920,0,96667
10118752,clash77,165,21,109001,112463,713,632,113808
10118874,sly-boogy,120,4,1586,555,7478,0,8033
10120799,Dyannik,518,3,7373,31061,26312,0,57373
10133104,TerryHenry,0,1,584,0,2878,0,2878
10135618,Alcandia,177,1,2118,257,196,0,453
10138043,Der Frosthauch des Todes,12,1,1307,0,8517,0,8517
10139606,POIU,0,1,26,0,0,0,0
10140478,TRE KRONOR,0,5,10370,34519,2538,0,37057
10144667,Lady Shirshu,35,1,343,0,384,0,384
10152802,perle0815,8,5,22664,29294,1861,2937,34092
10152880,--DarkHydra--,350,1,2348,0,834,0,834
10156484,Lammbock1,0,1,351,0,0,0,0
10161198,skybeast,0,1,127,0,13,0,13
10163603,LUMPILORD,648,3,5101,0,0,0,0
10164353,der recher der 10,613,8,25225,41253,18492,0,59745
10171558,tgvwerio,87,1,5098,5331,3002,934,9267
10181634,Farin der 1,846,1,394,0,711,0,711
10185363,Lernender,0,1,137,0,86,0,86
10186923,danyok,651,1,333,0,20085,0,20085
10187026,König shadowwolf,345,2,4173,327,1683,0,2010
10187316,Champacho,0,7,35830,145953,113188,0,259141
10188951,King James 6,318,4,13507,4916,79522,777,85215
10189407,Reibekuchen,646,5,17898,55,2061,0,2116
10192925,Dahra,797,24,192602,50742,2897,0,53639
10201640,LethalGhost,516,1,3220,47,88,0,135
10203582,DrMedikament,0,5,20980,23131,1899,66,25096
10207868,ChillVince,0,1,238,0,0,0,0
10209709,Spotzebärchen,0,1,76,0,0,0,0
10210452,Nee0x,0,1,26,0,0,0,0
10213323,navi1,826,4,5235,0,1053,0,1053
10213364,Lord Arthurios,18,5,17365,9564,35065,9428,54057
10213641,Libuda64,293,4,13689,49,596,307,952
10214135,Bobblz,0,1,32,0,0,0,0
10225898,utruh,0,1,115,0,0,0,0
10228790,Melkor10,613,3,7635,67509,80817,0,148326
10235247,Robinakis,567,1,3658,1515,8418,0,9933
10236499,Alexxx19,557,4,9618,31076,105,0,31181
10237002,KillerFy,0,1,133,0,12,0,12
10240356,jut300,156,1,348,0,674,0,674
10241010,Mr.Raiden,0,0,0,91,39425,0,39516
10241344,Teutobald,177,1,2888,641,10,0,651
10241668,BlackOperator,0,2,584,0,15888,0,15888
10245120,muxximan,0,1,202,0,0,0,0
10251603,lowzz,0,1,736,0,11243,0,11243
10253420,Tider,744,2,3389,0,63861,13973,77834
10253824,hogelo,290,0,0,0,666,2436,3102
10257779,Markus78,533,12,19892,48416,3242,0,51658
10260178,Donnerhuf01,167,1,1507,0,7422,0,7422
10260447,xX-TheExecutioner-Xx,824,5,15529,21999,6724,8310,37033
10261171,Kisshu Papaiordanis,87,3,10087,0,2309,0,2309
10262759,Fabi12345,0,1,619,0,0,0,0
10268214,Blumenhüter,21,2,4993,263,792,983,2038
10269061,Lady Streitaxt,183,1,1568,0,0,0,0
10271260,Fab.Be,0,1,2447,0,0,0,0
10273179,LadyMiriam,0,1,296,0,527,0,527
10273957,Casperqt,707,0,0,117,10778,0,10895
10275168,Mr. Cookie der Hungrige,791,1,3287,0,0,0,0
10277944,Buchling,0,1,1749,0,4968,0,4968
10278747,Thilias,328,1,4594,0,540,0,540
10282079,sirbatro72,350,1,2317,0,0,0,0
10285623,pw91,0,1,74,0,0,0,0
10287096,jackson13,47,5,15541,50332,770,536,51638
10287436,Baerchen140173,219,1,4092,0,0,0,0
10290502,kaputte lampe,0,1,1207,0,5741,0,5741
10290721,Gumblix,0,1,238,0,103,0,103
10291630,ita78,0,1,113,0,0,0,0
10291874,wanield,0,3,3462,755,260,0,1015
10292087,EsTeR1364,70,1,1607,122,1158,0,1280
10293616,Skidbladnir,468,1,2647,0,20,0,20
10295997,xpast,0,1,3158,0,150,0,150
1575842212,Redbull.power,461,4,14766,126,9529,4193,13848
1575842364,Cpt. Jack Swallows,0,1,641,0,0,0,0
1575851444,Vento1993,56,2,6950,439,0,0,439
1575852426,Lord schabby,0,1,26,0,0,0,0
1575853380,Dana-cup,0,3,4399,0,1719,0,1719
1575854527,mex112,0,0,0,0,7178,0,7178
1575858373,Xoni97,0,1,463,0,0,0,0
1575859303,virus.exe,784,10,38223,10444,188,0,10632
1575861527,blackhans,78,1,1701,2523,18118,0,20641
1575866300,König Laotse,0,1,1506,0,7310,0,7310
1575867488,byhugoboss,296,1,947,0,0,0,0
1575869975,gangco,459,3,13124,0,1675,10600,12275
1575876150,König Rahl,0,1,208,0,0,0,0
1575878782,Razz0r77,787,2,2519,896,145,0,1041
1575880550,Stylisher,343,1,3949,47,15020,0,15067
1575885880,hoddewumba,59,2,6244,95,460,145,700
1575886951,-Headyiy-,0,1,744,90,0,0,90
1575888070,Lord Wespe,365,1,2708,449,0,5737,6186
1575896777,zoltan74,223,1,1808,0,17490,0,17490
1575901833,Hamanschie,0,1,1073,0,17304,0,17304
1575907315,schlumi1005,0,1,464,0,0,0,0
1575909831,gotyou,88,1,1921,0,0,0,0
1575909931,Dexter90,226,2,8137,0,91,0,91
1575910129,Baboz,0,1,26,0,0,0,0
1575914865,CrazyTyp,0,2,1028,0,1833,0,1833
1575914969,Lord DAFABI,346,5,17203,109,496,0,605
1575916072,HolloWSleep,0,1,26,0,0,0,0
1575919279,Schattentöter1,631,1,3119,3563,0,0,3563
1575921027,TRI METRA,393,1,26,0,477,0,477
1575927180,Lord Fi,609,3,5320,12815,32717,15,45547
1575927745,Lord of the Ganja,148,8,27491,44799,257,0,45056
1575928808,Salvatrucha7,459,3,12556,4715,221,0,4936
1575929722,Tombinator,313,3,8040,0,533,0,533
1575932674,spaudi,0,1,2494,882,0,0,882
1575934548,König -Nero-,59,8,24880,36045,1421,0,37466
1575936953,Der-alte-Sack,334,1,3892,13,3767,0,3780
1575940519,Oger1991,660,2,3724,106,195,0,301
1575942295,Donathello,65,4,16003,1613,27206,0,28819
1575943186,basti2411,442,16,24459,192902,364860,4027,561789
1575946207,A11rounder,656,1,1253,1400,832,0,2232
1575950833,Duergy,0,1,399,0,429,0,429
1575952891,GermanRebell93,0,19,66786,196825,282601,0,479426
1575953070,Emanuel Lasker,348,1,803,0,0,0,0
1575953711,Falkenhain1,771,1,1401,0,58,0,58
1575955688,rupple,0,0,0,0,692,0,692
1575955890,DuFarmst IchKauf,0,1,92,0,35,0,35
1575958808,xbabuzx,810,1,26,0,0,0,0
1575961017,Z1tro Extr3m,533,17,70114,135296,16426,942,152664
1575961062,INTELLIGENCEisSEXY,0,1,26,0,0,0,0
1575961225,Lord nex213,0,1,175,47314,5241,0,52555
1575964447,Westgohte,759,1,2039,0,0,0,0
1575964748,wuppi58,0,1,1708,0,0,0,0
1575964828,DexterMichi,0,1,94,0,0,0,0
1575965709,Lord Alexis,114,16,42995,11927,637,0,12564
1575965793,uniustun,0,1,52,0,0,0,0
1575967762,Lord Wilder Watz,0,1,554,0,0,0,0
1575968781,Mondguggerin,0,1,313,0,62305,0,62305
1575969109,XeroXenot,0,1,851,0,1246,0,1246
1575980004,kdg1992,0,1,226,0,0,0,0
1575986581,wheinachtsmann 2,87,5,18169,0,13396,274,13670
1575987740,LouiFCH,318,4,17851,44290,1042,0,45332
1575989858,Fightlord5,0,1,625,0,38,0,38
1575993768,Hexemaus,0,1,704,0,0,0,0
1575994676,FetterEdi1,0,1,26,0,0,0,0
1575995793,ixanthos,130,61,198097,443313,5730,12786,461829
1576005182,N1ne 1tachi Uchiha,168,1,1686,0,0,0,0
1576006509,thomas6,160,7,21406,0,3471,5,3476
1576007173,Axel1958,175,1,207,0,2728,0,2728
1576015297,WhitePunch,247,3,11678,290,97,0,387
1576016218,Lord Schwarzbrot,816,1,829,1540,242123,23130,266793
1576017717,Cugerner,87,4,5774,1127,604,0,1731
1576018908,luca joe,222,5,10450,286,10028,0,10314
1576022646,Goreng I.,61,1,1390,113,0,0,113
1576025187,Toofi,318,7,29183,113,1167,7834,9114
1576025888,MHacker110,0,1,77,0,0,0,0
1576026644,Neoox370,0,1,26,0,0,0,0
1576031131,Joerg,0,1,1144,0,20,0,20
1576031502,Lord Hagen v. Tronje,0,0,0,1000,13186,0,14186
1576037002,Mr.Robot,0,1,416,0,0,0,0
1576039189,DerEisWolf,386,18,75402,50126,367,0,50493
1576047340,FatihSultan40,0,1,217,0,0,0,0
1576048465,tomtom-deluxe,340,1,223,0,0,0,0
1576049067,Einfach GeiL,0,0,0,0,9683,0,9683
1576049073,asimbivastos201,318,12,25057,6403,16426,1930,24759
1576049187,dark knight88,0,1,1349,0,6579,0,6579
1576055242,Lord Martin 1.,412,1,1769,9,144,3583,3736
1576056461,Lady ma the g,21,2,6100,7554,1860,1,9415
1576057874,BrianherodesJunior,99,1,2772,8,320,0,328
1576064820,Nyko,0,1,218,0,0,0,0
1576065532,KINI der Pate,225,5,15546,33449,0,2494,35943
1576067811,watchdogs,569,1,1856,0,1382,0,1382
1576068536,SiraJohn,0,0,0,0,145,0,145
1576070918,Lady Nobody,78,1,529,0,56,0,56
1576077425,laborchef,0,1,76,0,0,0,0
1576079298,NothingToSay,0,1,124,0,0,0,0
1576079416,Handel und Gretel,0,2,5787,56,1463,0,1519
1576079866,nohi,87,5,21026,56,205,0,261
1576080273,Dom347,0,1,2168,4,0,0,4
1576082374,piefke22,543,1,4436,5025,48,0,5073
1576082892,Drogonos,474,1,1389,0,32421,4117,36538
1576083107,Lord Newcastle,0,1,561,0,511,0,511
1576086539,WaZon,0,1,4377,0,24,0,24
1576089655,Thorkel,0,1,1955,2320,887,0,3207
1576090863,viktor-85,0,1,1136,0,0,0,0
1576093251,David the Brain,28,61,176380,72040,16622,27395,116057
1576095183,xRazor1209,0,1,2190,0,29877,0,29877
1576095344,KaiserKarlIX,49,7,25719,79003,2828,40919,122750
1576095712,Bombenkönig..,386,3,5610,286,509,1174,1969
1576096938,JanBam,442,40,150722,200741,422497,1607,624845
1576096956,ExXeZ,0,1,459,0,33219,0,33219
1576097827,kuschu,832,1,1083,0,7124,0,7124
1576099489,melli87,0,1,1862,0,0,0,0
1576100744,Dark2Flow,0,1,566,0,2682,0,2682
1576101656,Tanke,19,1,168,9432,29051,0,38483
1576102350,Lord Tommygun,365,2,4039,12072,4101,5096,21269
1576105308,-SinCity,285,4,7740,2331,1163,0,3494
1576115430,zelda69,0,1,770,0,0,0,0
1576115557,artoss,551,1,319,0,3811,0,3811
1576119142,BRB Apollo,110,6,24317,84012,3538,0,87550
1576122141,Swapmeet,21,1,551,0,6540,0,6540
1576130859,Faultierfarm,32,18,83042,25604,1214,0,26818
1576130910,FootballStrike,560,6,33398,76671,241941,29595,348207
1576132434,Schlei999,0,1,152,0,0,0,0
1576133947,Florian Würzt,0,1,540,0,1542,0,1542
1576138691,DieGallier,461,2,7930,1402,78,0,1480
1576143090,WhiteHorse,424,7,10303,3831,548,0,4379
1576144557,Fly3r,0,1,26,0,0,0,0
1576145339,xt600,0,1,3054,0,54,0,54
1576145743,Luffeshunter,0,0,0,20,4297,0,4317
1576152929,HiddenTask2,0,1,1989,0,10518,0,10518
1576154550,Catweazle 64,0,1,70,0,0,0,0
1576154840,gangsta9,211,6,17822,0,413,0,413
1576155415,sascha zillenbiller,413,4,2969,4572,64158,0,68730
1576157178,speedowner,0,1,138,0,0,0,0
1576167311,adrirok135,0,1,195,0,315,0,315
1576171959,Ostpruzze,186,1,3138,0,16704,0,16704
1576172159,l ber,848,1,674,0,0,1,1
1576173553,raukada,721,5,4165,2144,16282,0,18426
1576174082,pepe1989,843,1,1301,0,0,0,0
1576174284,Buddy Orange,0,1,97,0,0,0,0
1576174848,pasca19,0,1,26,14,7048,0,7062
1576176852,Graf Fürstenberg,541,12,52605,90582,2659,11,93252
1576178650,xSoniiXx,0,1,26,0,0,0,0
1576179409,zbnjr3b6,0,1,244,41963,46170,32,88165
1576180596,Blizzard69,0,1,26,0,0,0,0
1576181114,-Nostra Culpa-,0,1,786,0,1652,0,1652
1576183154,Halleiner König,0,1,2395,33,3480,0,3513
1576184924,lukulus,521,1,199,0,1410,0,1410
1576189583,Könighundi,0,1,205,0,0,0,0
1576189616,Lord Revilo,64,1,1084,2658,0,0,2658
1576190061,MrVolli,0,1,726,0,2362,0,2362
1576192469,ALPHA-KNECHT,116,0,0,0,2057,0,2057
1576204516,sKiLeRiX,442,74,227137,1471,5148,7262,13881
1576205507,alteDame,20,1,68,0,25622,0,25622
1576209065,armasi,526,4,9392,1049,12539,0,13588
1576209495,Warez01,0,1,41,0,0,0,0
1576209926,Iwan13,474,3,3422,5170,35002,17479,57651
1576218789,Wurdnam,0,1,357,0,0,0,0
1576223442,Wirkstoff? Fehlanzeige,32,2,5245,2496,0,0,2496
1576234397,traks stils,0,1,80,0,0,0,0
1576240098,Lord Jordy,883,1,199,0,7735,0,7735
1576242125,MurphyMcLoud,0,1,5704,0,146,0,146
1576244879,arijen90,205,11,30417,70614,1277,1535,73426
1576245162,Alex007,351,1,166,0,640,0,640
1576247077,Ivan13,175,1,4380,121,8042,0,8163
1576248074,JimBimJimBim,0,0,0,0,10517,0,10517
1576248246,gama8,0,1,1767,230,122,0,352
1576255757,Biest1,461,1,980,72936,118797,11980,203713
1576256779,Sandokan3,744,2,6694,841,1970,6457,9268
1576261366,Tadazone,0,1,1830,495,2775,0,3270
1576261740,WeiserMars,513,1,1938,17,16290,7,16314
1576264125,FCBNr1,0,1,125,0,693,0,693
1576266099,Marthel12,0,0,0,0,1165,0,1165
1576266169,Cliffhanger7,0,1,800,0,0,0,0
1576268464,Chaos1999,541,3,17962,15069,844,0,15913
1576268569,BlackDevill,0,1,432,0,7062,0,7062
1576268917,Psychotherapeut,0,1,859,45,0,0,45
1576270609,Zyph,0,1,275,0,2235,0,2235
1576270672,xXCleptoXx,128,21,108979,177969,220262,15602,413833
1576272155,Yavila,0,1,1693,0,198,0,198
1576272935,sir minci,0,1,610,0,725,0,725
1576274298,Chnuddelbärli,6,2,7350,606,660,0,1266
1576276909,-PiXeL.?,0,1,26,0,0,0,0
1576279686,Unaufhaltbar,128,4,16867,6141,630,1646,8417
1576280685,Whitenose,0,2,4349,431,583,0,1014
1576280846,Leevu,0,1,424,0,11737,0,11737
1576280988,Der Faktenman,0,1,26,0,0,0,0
1576281097,König imad,0,1,703,0,10182,0,10182
1576284555,TeraL,0,1,506,318,30967,0,31285
1576286508,Mumba,223,3,6944,327,5661,0,5988
1576287406,ecki91,0,1,165,0,0,0,0
1576291593,Lord Jason King,0,1,645,0,2594,0,2594
1576292505,Tamey,36,1,773,0,46,0,46
1576297320,Kavi Alonso,116,1,1000,131,9944,0,10075
1576298928,Lt.Ogad,130,100,395089,164383,69346,81838,315567
1576302219,RE4LY?,0,2,4962,0,139,0,139
1576303850,ILvy,345,3,6384,74,15633,0,15707
1576304363,Sorpoor,572,4,20782,68040,105684,59,173783
1576304811,Nuyke132,340,4,9222,0,12252,0,12252
1576310930,eastwarmaster,745,1,2000,40,0,0,40
1576312757,redglavy,322,27,98661,40307,14625,71473,126405
1576312958,Empire444,314,1,2085,0,5578,0,5578
1576322378,flupilan,0,1,2694,0,140,0,140
1576328662,-sturmdrang75-,389,1,299,0,200,0,200
1576328934,Fellow13,316,1,751,0,0,0,0
1576332985,Panthip,0,1,341,0,0,0,0
1576336082,Schnotty,0,1,695,0,1788,0,1788
1576338327,Mr.Smiht,696,1,3534,0,0,0,0
1576338573,DerLockere69,0,1,435,0,0,0,0
1576338946,Fear The Beer,219,1,1689,20,174,0,194
1576339491,TomHaeger,23,1,2370,0,0,0,0
1576341980,Pitta,533,10,86174,405418,165,0,405583
1576342370,fabsken,0,1,1483,0,747,0,747
1576342688,kape0815,0,0,0,30733,7203,0,37936
1576343120,RonaldMcDonald,0,1,1243,0,22,0,22
1576344740,drache 07,147,1,1273,837,10251,0,11088
1576347194,Oberstleutnant,28,15,40525,62654,2487,21844,86985
1576347628,mollidk,0,1,445,0,2497,0,2497
1576349760,Templer60,248,1,916,0,20447,0,20447
1576355925,Hesse2008,393,2,3202,0,20360,0,20360
1576356553,Doktor,560,5,17918,573,86681,18380,105634
1576361844,Daemon666,651,1,3374,0,0,0,0
1576363634,Nijumi,49,4,17556,44499,16470,8,60977
1576364315,zu Ebersberg,0,1,74,0,0,0,0
1576365354,Lady Maralla,104,2,4508,3313,1652,0,4965
1576365478,chris190,158,1,301,0,2727,0,2727
1576365732,Lord seidelbier,95,2,9261,58121,89381,13357,160859
1576366062,killerbiker,131,2,12756,46873,124598,0,171471
1576367462,Hanssnah,0,1,204,0,0,0,0
1576369173,Silver Surver,0,0,0,19600,12329,0,31929
1576369762,Fliehende Stürme,142,1,658,0,614,353,967
1576369777,gunga,37,1,1821,7432,83642,15002,106076
1576370608,BigBlackLady,0,1,840,22,1418,0,1440
1576372017,Ace2,735,1,2733,2061,0,0,2061
1576372265,Bambe77,0,1,179,0,0,0,0
1576372885,Batman88,0,1,717,0,0,0,0
1576375838,Dowson,171,1,473,0,0,0,0
1576377622,Earl Xande,0,1,5860,15,49,0,64
1576378335,BasherTime,275,0,0,0,78,5692,5770
1576380128,Adler17,631,2,6338,4499,901,0,5400
1576380392,Ronald Barnabas Schill,0,1,124,0,0,0,0
1576380753,Lord TheGenrok,0,1,367,0,143,0,143
1576384520,Tripplesix,277,1,6891,14,0,0,14
1576387125,-Scofield-,0,1,221,0,0,0,0
1576388748,Sk694,0,1,155,0,681,0,681
1576389212,könig bum bum,257,2,5024,60,0,0,60
1576391853,martinbigus,322,16,42845,10644,4161,8219,23024
1576395534,Crueel,365,4,11004,32553,88,9484,42125
1576396215,Poel,0,1,169,240,45686,0,45926
1576396374,GERISIM,0,1,3382,0,942,0,942
1576397793,Darthrida,386,2,5470,0,172,0,172
1576398737,Agent 003,328,3,8096,0,588,0,588
1576400455,Todeus,0,1,591,91,2102,0,2193
1576401633,wütender Panda,28,59,193910,151983,7849,16786,176618
1576402128,Xilot,0,1,723,0,0,0,0
1576402134,Hasenburg,0,1,2086,0,0,0,0
1576404106,Maddin1302,0,1,49,0,0,0,0
1576404408,Azzlackyascha,0,1,7403,0,0,0,0
1576407464,EatSleepRaveRepeat,0,1,309,0,137,0,137
1576407582,lapxpresss,0,1,323,218,44341,0,44559
1576409112,Looki,0,1,678,135,10916,0,11051
1576411268,MrLausH,0,1,732,0,0,0,0
1576413431,2mMensch,0,1,26,0,0,0,0
1576416278,mystery castle,0,1,541,0,0,0,0
1576416823,Zamparus,0,1,1100,0,0,0,0
1576418323,BB 2014,501,3,10288,13881,3559,0,17440
1576418916,cowboy08,0,1,3501,951,28,0,979
1576420299,SiRiUsTm,0,0,0,0,449,0,449
1576421275,Danielb93,0,1,642,0,0,0,0
1576422542,Rheingeist23,0,1,763,0,1061,0,1061
1576423733,Brotha Lynch Hung,261,1,579,0,0,0,0
1576424249,Daktari,0,1,83,0,29,0,29
1576425365,kk195,59,9,34575,23898,835,896,25629
1576425580,Secko3397,518,3,11523,848,5979,0,6827
1576426865,CRonaldo7,0,4,11505,4349,618,0,4967
1576430483,DruffisAmWerk,0,0,0,78,295,0,373
1576431758,Seaghda,3,7,31672,6188,91,157118,163397
1576434748,FAITH,0,1,3976,2993,2542,0,5535
1576435917,DörferRecyclingGmbH,572,7,34117,59100,6643,0,65743
1576436571,xxAuronxx,20,1,1608,0,0,0,0
1576439886,Ktownboy,123,16,123932,164877,481,7883,173241
1576440292,kuglet,123,17,93269,38347,2564,31061,71972
1576440628,Fortum,0,1,2318,457,638,0,1095
1576448982,Checker.j,0,1,3310,0,609,0,609
1576449100,PikAssSticht,443,29,147212,194035,41511,689,236235
1576450370,NoL1fer,572,3,22051,52137,1543,0,53680
1576451822,profcharlieeppes,0,1,1578,0,0,0,0
1576452595,Lizzy66,676,1,2804,0,1556,0,1556
1576453418,MaPii,0,1,408,0,395,0,395
1576453687,ERSTER,0,1,337,0,0,0,0
1576454928,Lord Frowin,0,2,3565,387,887,0,1274
1576455517,SirBoss,0,1,785,0,0,0,0
1576455816,Irgendwas mit Power,0,1,47,0,0,0,0
1576455968,König raupe,506,2,11602,33,130,0,163
1576459432,ShirKhan,14,1,1066,0,5491,0,5491
1576461649,Pat5rick,734,21,56961,3193,160,0,3353
1576462448,inFecTeD-Fox,0,1,300,9,15710,0,15719
1576462603,AngelofDoom,0,1,842,0,0,0,0
1576464486,Warriors 1,591,5,11388,0,17271,0,17271
1576471065,JhonlaLama,0,0,0,0,478,0,478
1576472132,immerpower,848,1,299,0,0,0,0
1576473077,xKaizen,0,1,178,0,0,0,0
1576473122,Lady Athene die Erste,413,0,0,0,24341,5120,29461
1576473280,austria01,0,5,32222,39313,117,0,39430
1576473817,Robert9663,0,1,52,0,0,0,0
1576474941,Sir T,0,1,630,0,186,0,186
1576475933,Pvt Cat,0,1,1449,0,0,0,0
1576476295,Grawp,0,1,947,0,5659,0,5659
1576476421,Iron Hero,788,3,6773,94,2259,0,2353
1576476752,Kotomi,0,4,15341,12429,27,0,12456
1576479032,steinschlag,130,11,42046,29767,115015,0,144782
1576480147,xaxa...,609,2,4943,402,190,0,592
1576486955,Gentian,322,7,14890,5231,312,0,5543
1576487399,Marcaner,565,9,43911,103345,1592,8778,113715
1576489397,Kamalinee,0,1,203,0,8569,0,8569
1576489492,ChillaDerBabo,52,3,15800,10005,1371,66713,78089
1576491315,Hjalfar,0,1,328,20,5999,0,6019
1576491434,SKAV Maracuja,340,1,546,0,8285,0,8285
1576491732,NameIstPr0gramm,0,1,1809,35004,13615,0,48619
1576494648,kallfreehd,0,1,121,0,0,0,0
1576494894,Robowabohu,0,0,0,0,1656,0,1656
1576495289,CEVO,639,1,980,0,14,0,14
1576495736,LaMarie,365,1,1593,50,180,11947,12177
1576496293,maestro tony,0,1,26,0,0,0,0
1576497434,Ella2412,384,1,2788,14,0,0,14
1576497454,LightningMcQueen,0,1,1984,0,3196,0,3196
1576500390,Extremoo,861,1,633,422,183,0,605
1576507059,Jack Daniels1,0,1,268,0,0,0,0
1576508063,blbkiller,277,2,2115,0,16463,0,16463
1576510839,404 Solid,0,0,0,0,924,0,924
1576513180,Catgirl,340,1,1522,0,158,0,158
1576514735,Lord Bertus,0,1,26,14470,31129,0,45599
1576515268,kalio1993,342,5,16493,0,14273,0,14273
1576520758,Don Jonsen,22,1,802,8,0,0,8
1576525456,uhu stic 09,558,1,1528,5840,46755,6109,58704
1576526597,LiveD,340,1,2851,0,0,0,0
1576528969,kleiner schlumpf,0,3,1463,0,3094,0,3094
1576533606,Konan3,32,15,52520,164341,8687,0,173028
1576534956,mad man maddi,78,1,4097,0,0,65,65
1576535784,JonSP423,861,1,638,0,11141,0,11141
1576538982,Russian Grenadier,0,1,236,0,559,0,559
1576539242,raphael1602,0,3,4556,0,130,0,130
1576540159,Strantius,0,1,26,0,0,0,0
1576540808,DieGEZ,648,1,5455,90,4332,0,4422
1576541148,cyber01,0,1,2617,0,1302,0,1302
1576542732,KnappeLarsi1,0,1,2171,0,323,0,323
1576547168,Ulfhednir,0,1,316,0,0,0,0
1576547789,Totally.,0,1,61,0,0,0,0
1576547936,xPlatonx,225,4,4457,7095,914,1873,9882
1576552912,Bauwagen,516,5,7901,8404,3776,3,12183
1576553789,Gulasch.de,0,1,1409,0,10,0,10
1576554122,Bomber3991,759,1,3145,0,0,0,0
1576559031,patsturm1,797,9,33341,16522,60047,4,76573
1576559711,SickTrax,0,1,26,0,0,0,0
1576560410,KesselSepp1234,567,1,5629,375,14708,0,15083
1576561543,evoluti0n,0,1,712,10309,621,0,10930
1576562718,Lord-Z,0,1,2201,0,0,0,0
1576563053,Atek,51,8,37890,0,2368,1427,3795
1576566802,Orlando1,0,1,2780,1285,10,0,1295
1576567337,Deffen ist ein Heiligtum,412,3,3804,25,36427,141,36593
1576567340,Sad but True,0,1,2393,15,960,0,975
1576568862,Tru3 History,355,4,5871,33,299,0,332
1576569073,Hofknecht,0,1,1041,0,44,0,44
1576569505,Franzi 96,771,1,1609,54,1149,377,1580
1576571758,Kohlensäure,0,1,186,0,167,0,167
1576572587,GipfelAmor,0,0,0,0,3298,0,3298
1576574201,Mschr92,77,6,38419,153113,4778,0,157891
1576575051,Babbelaar,0,0,0,0,51482,0,51482
1576577085,Dark Flower,0,1,477,0,44,0,44
1576577871,xInfamous,631,1,2637,0,2477,0,2477
1576585422,elfderpinke,0,1,26,0,0,0,0
1576588036,RAUPE NIMMERSATT,373,16,52553,62888,11333,6762,80983
1576588394,Bauer-RFL,436,7,9326,4759,1918,0,6677
1576591032,UNICRON,452,1,474,603,54402,0,55005
1576591949,ErliFuckingWashington,0,1,2957,0,378,0,378
1576595891,Der Alte vom Berg,0,1,653,0,356,0,356
1576596143,BarakKOR,29,1,3855,534,54070,0,54604
1576596699,powerboy001,0,1,635,42,72778,0,72820
1576596873,FcIngolstadt04,8,13,78068,42529,1090,5,43624
1576597864,Hakuna-Matata,0,1,26,0,0,0,0
1576598150,Haudaneben,130,111,327697,353047,8980,145,362172
1576598175,hary1,215,1,346,0,0,0,0
1576598461,KI-GG,185,1,534,0,8670,0,8670
1576602048,Qacax,0,1,395,0,677,0,677
1576603248,R4dic01,405,6,15073,8444,117811,4103,130358
1576603662,grepkin,553,2,4746,0,259,1800,2059
1576604413,Sir Hool,36,2,3486,0,1922,0,1922
1576605277,Cubee,28,9,51293,110379,10956,39049,160384
1576605399,TheP0empel21,0,5,13172,8278,2769,0,11047
1576606301,Lady Lady,637,1,1762,0,14187,0,14187
1576608156,deslow,130,111,489860,136186,76875,13600,226661
1576612841,Michiisback,49,9,24020,36316,85,0,36401
1576613041,GrubeAxt93,313,2,6887,727,195,0,922
1576613198,Whoes Next?,0,1,41,0,0,0,0
1576614653,R3pl4y,782,7,18757,20955,5972,1581,28508
1576615120,Thor-hammer,737,1,675,0,0,0,0
1576617388,Kaiser Julian I,295,3,4868,14,15,119,148
1576619279,KingTaoX,152,1,1211,0,752,0,752
1576620519,ASRTomi,35,1,808,83,23507,0,23590
1576620778,Fuddiii,0,1,696,0,6646,0,6646
1576620804,JonyQ7,285,30,108147,61157,2996,0,64153
1576623132,TheChaosCaptain,384,1,1344,0,84,0,84
1576623690,Smurf,0,1,142,0,0,0,0
1576624664,Grönländer,405,5,13740,33973,17749,1750,53472
1576625307,My Name is Jeff 2004,0,1,26,0,0,0,0
1576626206,Keks85,0,0,0,8,16249,0,16257
1576626579,AtillaFakhro,0,1,410,0,0,0,0
1576626963,jonas27,688,3,7072,3940,96657,0,100597
1576627034,Fitz-Gervais,0,1,1019,0,7524,0,7524
1576632270,Ettenfreak,312,1,256,1084,5717,0,6801
1576634644,SDSZocker95,160,4,11011,17263,356,0,17619
1576635644,lovelesssemmel,513,1,664,2229,339,188,2756
1576635820,Tom Clancy,56,1,2102,0,636,0,636
1576636270,RobTheTop122,116,1,403,0,6764,0,6764
1576638753,Reality93,386,4,12489,16092,990,0,17082
1576639267,Strobbie,86,1,1728,0,20,0,20
1576640373,sgh2002,703,7,22711,5320,2062,0,7382
1576644130,MM70,0,1,186,0,10925,0,10925
1576644829,Hexer01,0,1,125,0,0,0,0
1576645163,hold1,0,1,119,0,39,0,39
1576645733,kurtohnegurt,209,3,4883,13,104,0,117
1576645834,3FingerMoe,609,8,19238,27012,888,8357,36257
1576647692,major-chang,762,1,5520,0,856,0,856
1576648097,LordMorgon,152,0,0,1065,7185,0,8250
1576648670,Haward,0,1,276,0,0,0,0
1576651382,hase61,291,3,5945,0,1343,0,1343
1576652508,marv2206,613,5,16852,20649,1982,17200,39831
1576653088,hyperboreu,67,1,447,0,0,0,0
1576653298,Sir Alex Ferguson XXVI,0,1,252,0,172,0,172
1576654199,oOlaf,0,1,26,0,0,0,0
1576654562,DreamTeamS,0,0,0,6645,11737,0,18382
1576654981,Lord skippy,824,3,8443,6155,5845,0,12000
1576655476,Tiger187,456,34,68633,36018,27753,2254,66025
1576655807,JibrilBestWaifu,0,0,0,0,57447,0,57447
1576656195,BinNichtDu,814,1,1933,20,0,0,20
1576658413,KaffeeJunky,0,1,1961,0,0,0,0
1576658950,Molinari,264,1,1085,10,5656,0,5666
1576659874,picollo007,0,1,256,0,0,0,0
1576659949,STW13,51,0,0,1844,345,4,2193
1576660308,Bob der BowMeister,0,1,1379,0,1550,0,1550
1576662455,colege,369,4,14439,740,22398,0,23138
1576664209,mobelwobel,0,1,4018,0,14,0,14
1576664222,Orri,49,7,38660,9,247,0,256
1576664300,Schattenherscher,0,3,8029,3001,24040,0,27041
1576664847,Seung-woo,0,1,1148,0,5252,0,5252
1576667094,baba.1,0,1,1671,0,54,0,54
1576669167,GIB8,209,1,758,0,0,0,0
1576669855,King Pommes,35,3,24500,896,394,37,1327
1576670683,Adlet Mayer,211,10,66853,318549,65432,0,383981
1576671825,Music,797,48,97837,60060,1427,0,61487
1576672722,bandit0815,0,1,4019,30540,2492,0,33032
1576679816,Bienenkönig,351,9,19589,1415,6093,0,7508
1576680602,Lord weedstar420,167,1,915,0,8364,0,8364
1576683351,Fendrix,0,5,37694,53248,285,7,53540
1576684815,Tyrion L,0,1,468,0,0,0,0
1576686689,Stammsan,369,7,21567,43492,651,0,44143
1576686712,SirCrasher,28,11,24817,25072,684,0,25756
1576686856,Peberes,0,1,1152,0,16454,0,16454
1576688222,xBebix,0,1,48,0,0,0,0
1576689785,samm,78,2,4284,133,134367,1620,136120
1576691351,Jogardus,348,1,306,0,0,0,0
1576691820,Itz ALL Ogre now,221,14,57770,301,4885,0,5186
1576692101,CHEFSPIELER,0,1,657,0,60,0,60
1576694135,raschii,0,1,26,9047,223,0,9270
1576695920,eternox,0,1,306,0,0,0,0
1576696487,SchläferH,443,15,81185,221980,2483,42204,266667
1576696541,Bäämm,708,1,2137,0,1759,0,1759
1576699503,xFaustx,343,1,4948,0,0,0,0
1576699803,Gänsehoden,232,33,222210,283122,77872,5999,366993
1576703850,Mischkoh,63,21,66092,6941,38338,0,45279
1576704073,Domdom94,0,1,1483,0,11591,0,11591
1576705402,Haethras.,83,1,1755,0,0,0,0
1576706178,xSt0rmx,0,2,8202,0,78,0,78
1576706274,omgkeinname,177,0,0,1201,14534,0,15735
1576707460,Neoninside,0,1,3759,21,10,0,31
1576708775,hänsel 75,0,1,2914,1434,9226,0,10660
1576708872,xWirro,618,1,1533,0,180,0,180
1576709651,gnik,0,1,865,0,1883,0,1883
1576712239,Schattenloch,18,3,6879,413,30902,5150,36465
1576712413,Whitlock96,424,15,72465,113363,80,0,113443
1576712705,MausRainbowcookie,99,1,1098,0,0,0,0
1576716190,SAYCOS ACCOUNTANT,130,141,441707,51935,9438,58991,120364
1576716202,benutzer,0,1,504,0,0,0,0
1576717468,reykra,0,2,4543,9959,5535,0,15494
1576717992,Michaela2002,0,1,780,0,1172,0,1172
1576720012,Surfi,0,0,0,735,7367,0,8102
1576720923,princessinlove,0,1,119,0,0,0,0
1576721037,Sir Smoke Alot,0,1,140,0,0,0,0
1576723614,lollipop98,0,1,697,0,220,0,220
1576725981,Lord Klaus Gröschl,651,3,4457,40,9939,758,10737
1576728802,ac10003,0,4,15597,3854,656,0,4510
1576730854,Einzylinder,0,1,2661,0,11903,0,11903
1576732605,sue-la,0,8,30535,11619,6576,0,18195
1576733612,Morrighan,0,2,13883,0,124,0,124
1576738170,Arminius Germanicus,737,1,1697,0,15577,0,15577
1576739311,Laurel,0,1,1285,65,1402,0,1467
1576740692,Graf Thor,637,1,744,0,0,0,0
1576748712,Metzgermeißter,0,1,497,0,0,0,0
1576751743,Monkey D Luffy,486,1,658,0,769,0,769
1576752430,Erdbeerkopf,0,1,8676,297,17601,0,17898
1576752667,xXLindeXx,456,25,59828,31659,324,11111,43094
1576756316,Koju,0,1,843,0,935,0,935
1576756867,hias88,443,24,111882,158132,8064,8456,174652
1576760279,spray,0,0,0,0,12240,0,12240
1576761492,janwe01,0,1,328,0,19761,0,19761
1576761891,Ansfried1,0,0,0,0,5073,0,5073
1576763259,Rannug68,759,1,1348,0,0,0,0
1576764192,SgtDuck,0,1,1397,0,775,0,775
1576765928,HeroMaster,0,1,934,0,0,0,0
1576767174,Tribun48,0,1,487,0,196,0,196
1576767361,witcom,0,1,26,0,0,0,0
1576769131,-Frauenversteher-,249,1,801,0,0,0,0
1576769492,HorstdesJahres,120,6,15926,6996,16787,0,23783
1576769806,dani ln da haus,529,1,2320,0,0,0,0
1576773470,Gandalfmer2016,601,7,45864,145428,264,0,145692
1576773690,BreakingDead,373,1,3971,40,26967,0,27007
1576774930,Pr0f1ler,501,1,2035,0,200,0,200
1576775167,Salus,0,1,1920,735,17938,0,18673
1576776027,Bierchen812,103,0,0,20,35652,0,35672
1576776469,König Lord MaxiKing,52,2,3701,10147,192607,7,202761
1576776584,IIDubstq,0,1,55,0,0,0,0
1576777856,shaaadix,0,1,2520,0,10146,0,10146
1576778129,hajüschi57,0,1,2760,0,0,0,0
1576779551,LeviSword,59,13,49173,25772,5920,0,31692
1576780512,WildeWaldelfe,0,1,93,0,49,0,49
1576781253,badgirl666,442,29,91069,44286,4991,24311,73588
1576783714,Lord Mac Georg,139,1,453,0,33811,1218,35029
1576786471,Prince187,0,1,673,0,708,0,708
1576786657,König Frei.Wild,0,3,6270,6987,2664,0,9651
1576786684,Lincoln-Six-Echo,0,1,248,0,0,0,0
1576787615,Ernte Helfer,533,6,36149,109294,36,0,109330
1576789347,Silent Company,0,1,1157,4850,1433,0,6283
1576789578,bighecht,351,1,2029,0,1326,0,1326
1576793179,Luckytoast,534,7,23164,24,1437,0,1461
1576793181,BordSteinLegende,0,1,905,4,0,0,4
1576794370,Siedler11,28,12,90715,50746,1029,33572,85347
1576794600,JayJayOkocha,0,1,2438,0,0,0,0
1576794601,Drazkiev,556,1,4746,510,1363,0,1873
1576794747,RedNova 01,0,1,1516,0,3647,0,3647
1576794795,NewYorker33,351,1,538,0,2718,0,2718
1576797952,Lord Lumpa,0,1,353,0,0,0,0
1576800489,Snackers,0,1,135,0,0,0,0
1576804770,Geilomat,0,1,730,0,0,0,0
1576804824,dermoai,0,1,958,0,5400,0,5400
1576805224,Sir Orrin Snook,516,5,14878,6629,2896,10188,19713
1576805404,Shazar47,312,1,1469,186,982,0,1168
1576807749,Kann nicht spielen,529,8,52390,2511,351,0,2862
1576811131,weon,0,1,238,0,0,0,0
1576812784,Tomi1,0,1,2137,0,1370,0,1370
1576813435,Vondi,247,5,37879,3668,327,0,3995
1576814808,Bunny Yuu,0,1,1343,0,1164,0,1164
1576815190,König RobinHood,160,3,5872,1759,1137,5,2901
1576815445,TurnUp420,152,1,2759,0,0,0,0
1576816646,*Hunter*,0,1,112,0,0,0,0
1576817379,.79.,0,1,244,0,0,0,0
1576818702,ibinswer?,0,1,183,0,56,0,56
1576818801,Ivichel,0,1,301,0,90,0,90
1576819504,NutzPunsch,881,4,7546,0,0,0,0
1576820570,dittmar,153,1,1298,0,695,646,1341
1576821058,Lord030,631,1,2762,0,0,0,0
1576822556,pittiplatt,413,12,30440,19715,27794,215,47724
1576823061,Uncreativee,0,1,198,0,0,0,0
1576823565,DVD91,61,5,17878,3734,95956,61995,161685
1576824164,Tankstar,28,10,36415,31451,20617,22984,75052
1576826421,Carper,373,1,3039,51,468,0,519
1576826979,König Shimo,0,3,4911,7395,3320,0,10715
1576827758,Brocolli,0,1,26,0,0,0,0
1576827772,Mr.Loomy,0,0,0,0,113,6203,6316
1576827798,KevinRota,0,1,3771,0,0,0,0
1576828404,rosenbluete22,0,1,701,0,544,0,544
1576828512,auchwiederda,85,1,1265,2401,185533,27599,215533
1576830417,Rapoto,0,1,171,0,0,0,0
1576832033,das Camel,5,2,6697,0,0,0,0
1576833186,Kaizokai,0,1,26,0,0,0,0
1576835232,VareMeGaming,0,1,2078,271,39140,10,39421
1576836244,Axel Nässe,81,1,194,99618,210363,11597,321578
1576838151,Xatorion,0,1,585,0,0,0,0
1576838199,der.fremde,36,0,0,0,21767,0,21767
1576839110,MrLappen,443,39,222224,456366,16841,8756,481963
1576840311,PapaKuschelbär,343,1,1471,12,0,0,12
1576840707,DumboKappa,0,1,109,0,139,0,139
1576842103,KecReloaded,0,1,26,4126,18,0,4144
1576844728,Gobiva,0,1,2087,0,10,0,10
1576845661,Laune100,0,1,424,0,0,0,0
1576846661,Reboldius,639,1,1660,1569,0,0,1569
1576846722,Lokist2003,221,2,10707,114,1414,0,1528
1576846808,KaiserJohn,0,1,163,0,8,0,8
1576847374,Meister Gepetto,0,1,163,0,26,0,26
1576848036,SteamerZ,176,1,2549,757,10,0,767
1576848291,Black Wolf,0,1,1225,0,0,0,0
1576849499,rasimk,501,1,992,0,598,0,598
1576850414,Pat257,533,6,34051,155623,223322,39172,418117
1576851076,Compaac,306,1,534,0,16,0,16
1576851170,seerose1,0,1,221,0,115,0,115
1576855663,Alibaba Steunzelmann,402,1,2463,0,6385,0,6385
1576855867,anstei77,0,1,149,0,0,0,0
1576856634,büchele-der-33,788,4,9601,3621,104,0,3725
1576856673,Esox96,311,1,1285,14406,8208,0,22614
1576856768,Lord Freemann,29,1,783,0,218,0,218
1576857191,Herewego,0,1,190,0,176,0,176
1576858619,Noo-Noo,99,1,1466,0,6571,0,6571
1576859369,Candyplayz,0,4,3013,141,48008,0,48149
1576860405,.Crongo,0,1,105,0,52,0,52
1576862060,Supreme69,123,32,233604,240890,52239,30275,323404
1576863190,Unfähig und Faul,0,1,1232,0,965,0,965
1576863915,lubenko1,0,1,139,0,2243,0,2243
1576865370,haveanicedave,343,1,3223,0,13578,0,13578
1576867246,Knurstel1337,0,1,409,0,469,0,469
1576869848,Muff1n,410,2,5612,30,351,8,389
1576870277,Robbin-Hood,0,1,713,0,15086,0,15086
1576873073,lukithebest,6,1,2482,792,0,0,792
1576873095,ph97,762,4,12845,878,93,0,971
1576873620,Lord Stutentreiber,771,1,842,0,18747,0,18747
1576873674,GTSN,0,6,11129,4148,26,0,4174
1576874427,Pineberry,226,1,1216,0,0,0,0
1576874829,lennytheking,0,1,88,0,0,0,0
1576875619,NinjaElephant,159,1,826,0,1507,2382,3889
1576875679,Bandit78,176,1,3235,0,2128,0,2128
1576876141,jokeer5032,0,1,26,0,0,0,0
1576879058,Dornig,0,1,1246,1265,784,0,2049
1576879498,Ratinha,0,1,194,0,0,0,0
1576881256,Das Ende kommt,541,4,11399,0,2419,0,2419
1576885187,Domi143,0,1,159,0,191,0,191
1576886455,Headshot80y,348,1,841,0,0,0,0
1576886887,r8killer98,128,11,60931,80277,14564,12511,107352
1576887284,Goldfuxx,0,1,1220,0,0,0,0
1576887552,Nine Two Five,350,1,317,0,48054,0,48054
1576888698,MaryLou274,310,1,1999,746,1488,0,2234
1576889009,Mr. Mojo,195,1,2882,124,4750,0,4874
1576889530,Cysx,0,1,374,0,2592,7,2599
1576890801,JessiStressi,311,1,632,0,16,0,16
1576890825,BarbossaxX,209,1,3147,19766,8260,0,28026
1576890954,Death Note,0,1,245,0,403,0,403
1576891056,malte95,451,5,16309,2526,86568,0,89094
1576891488,Sato1110,0,0,0,0,2141,0,2141
1576891614,Marsupilian,0,1,71,0,0,0,0
1576892184,Flashbeam,0,1,8094,0,6460,0,6460
1576892602,kisi,0,1,763,0,0,0,0
1576896170,Tickitacker,0,0,0,0,1998,0,1998
1576897201,xDaReDeViLx,856,1,1778,0,0,0,0
1576897890,*Wilde Hilde*,293,5,25425,730,485,901,2116
1576898454,pente phrenes,39,3,5282,0,961,0,961
1576899498,Königin Sanny,0,0,0,0,20847,0,20847
1576900092,xSmoke,442,19,81958,70037,19224,0,89261
1576902492,LeiderGeil,314,2,4459,20101,0,0,20101
1576902757,vorletzter,0,1,211,0,0,0,0
1576905025,Michaell,343,1,3625,0,0,0,0
1576905863,Epos,0,1,26,0,0,0,0
1576907335,hokahe,0,0,0,0,1436,0,1436
1576908596,dekarsten,0,1,95,0,6653,0,6653
1576908661,xRango,226,1,26,0,26482,0,26482
1576909729,Wiener Ramme,0,1,1091,0,0,0,0
1576910554,Bultimpakt,0,1,411,0,1607,0,1607
1576912487,Vercingetorix64,736,1,184,0,570,0,570
1576913707,Der Zauberer,735,1,1814,263,799,0,1062
1576914262,Bezaubernde Jeannie,0,1,26,0,0,0,0
1576914400,JSHardcore,0,1,26,0,0,0,0
1576914570,blueorange,562,1,3033,11823,0,0,11823
1576914615,Wuzzy,0,1,483,0,0,0,0
1576915122,Raphael the Hunter,547,0,0,65,5351,0,5416
1576915527,midland,0,1,1790,0,10,0,10
1576915765,Midrael,398,1,879,0,0,1,1
1576916261,Fischchen15,0,1,545,0,1737,0,1737
1576919944,Kashargul,0,1,2618,0,7309,0,7309
1576920219,drache 61,0,1,1476,0,63,0,63
1576920235,König Noah,627,1,1953,0,140,0,140
1576921594,killapinguin,0,1,1710,90,118,0,208
1576922342,MichiderPole21,0,1,26,0,0,0,0
1576924325,rakatashi,0,1,4462,0,70662,0,70662
1576924855,40JahreDieFlippers,589,1,127,0,0,0,0
1576925535,Jagenau,0,1,507,0,0,0,0
1576926761,-Dark Phoenix*,0,0,0,19104,5860,0,24964
1576928876,Grummel7,0,1,2287,0,2363,679,3042
1576929715,Supersippel,0,0,0,0,3521,0,3521
1576932528,sport1,0,1,529,0,0,0,0
1576932602,Grantlbart95,3,1,2318,9739,59517,0,69256
1576932853,KronenEx,0,1,2106,8,4627,0,4635
1576933233,Fireslice,721,2,12182,13388,0,0,13388
1576934650,-*ExIt*-,0,1,93,33,3726,0,3759
1576935310,Patromenti,0,0,0,0,356,0,356
1576936872,König Elvis Presley,0,1,1740,0,0,0,0
1576937611,noxzz,0,1,925,0,24,0,24
1576937673,Octagon 05,85,2,2905,0,39523,13553,53076
1576937737,sachse72,824,1,4399,874,0,0,874
1576937849,Irahatam,868,35,126825,70799,9799,2096,82694
1576938782,König Günther1,420,1,922,0,0,0,0
1576940959,Bege1202,0,0,0,5040,10715,0,15755
1576942861,Gremlinseye,392,1,6626,0,0,0,0
1576944265,taubelol,175,1,3000,0,224,0,224
1576944456,Binfords,0,1,140,0,0,0,0
1576946684,Sn0x,0,1,1515,0,7336,0,7336
1576947739,Seedraking,0,1,215,0,0,0,0
1576948030,Tobias131994,0,1,561,0,10,0,10
1576951073,Ignorance,226,1,26,371,0,0,371
1576951932,maxking,0,3,10164,7733,622,0,8355
1576952691,EVIL.Legende,448,1,495,0,4694,0,4694
1576952981,Mahle,782,2,5489,8058,1903,100,10061
1576953908,Schreckensmeister,225,4,11741,4262,47166,0,51428
1576954552,Instant Karma,343,1,2039,0,0,0,0
1576955837,xxx Andy,772,1,5076,11493,58864,0,70357
1576956198,Marion1,413,2,2577,780,63411,19998,84189
1576956732,pflaumenaugust,0,1,52,0,0,0,0
1576957331,Puppaia*,226,1,1592,0,17,0,17
1576957795,Myco Max,0,1,3728,289,2647,0,2936
1576959079,guterpeko,0,1,512,0,0,0,0
1576959656,HHS Hugo,81,4,7079,1083,34350,0,35433
1576959781,Armadildo,0,0,0,249,27246,0,27495
1576960376,Flockyy,415,1,642,0,744,0,744
1576962042,ZANDER 1,0,1,2990,0,64,0,64
1576962665,DerNameIstProgramm,247,4,13171,26532,23,0,26555
1576962756,Raph194,0,1,262,0,0,0,0
1576962923,Djbasic92,0,0,0,0,6978,0,6978
1576962937,Raptor Formagie GmbH,0,1,6410,0,0,0,0
1576963983,Thor00,87,7,25555,54475,4558,0,59033
1576965330,schaumbad,0,1,194,0,0,0,0
1576967225,Graf Bezuchov,631,2,5910,0,410,9332,9742
1576969417,Lord merlin,346,5,5508,0,2341,0,2341
1576970765,Der Ringgeneral,0,0,0,15,19694,0,19709
1576970888,A-lex 992,0,1,910,0,585,0,585
1576971899,Mr.GentleMan,725,2,5760,901,0,0,901
1576973176,Sanasar,0,1,915,0,234,0,234
1576973271,Solange,0,1,142,0,208,0,208
1576973896,Kreativ?,165,23,61203,153543,65786,46338,265667
1576976099,Skorpion85,123,42,236469,164869,50925,31008,246802
1576979580,Red John.,130,36,106855,16769,93266,0,110035
1576979892,Cold As 1ce,168,1,1151,0,14,0,14
1576980601,TimeEx,194,1,367,0,0,0,0
1576980895,Kitotze,0,1,26,0,0,0,0
1576981126,Leonidas9274,0,1,1880,0,10352,0,10352
1576982294,Jamall Plan,19,1,236,0,8415,0,8415
1576982506,BeFloKi,285,4,16099,37375,0,0,37375
1576982550,fürstinsusi,51,3,9780,0,2029,4486,6515
1576982665,bigdevil,762,1,4564,0,154,0,154
1576982986,Aiello,49,22,95728,131093,366496,1226,498815
1576983540,FrankenPranken,223,1,796,0,1814,0,1814
1576983908,Lord bigmike,199,1,2519,432,29581,0,30013
1576984345,FiveFingerDeath,456,153,384622,7399,8354,301,16054
1576984375,Leonidas2611,128,17,69643,254584,93890,16831,365305
1576984951,Lady angelique54,318,6,19831,433,12511,805,13749
1576985105,Ikkaku,0,1,445,0,16570,0,16570
1576985337,TheTitan,0,1,3889,50,556,0,606
1576985771,Darkman63,59,14,45692,20255,24928,0,45183
1576986707,Hayat0,0,0,0,0,5409,0,5409
1576987613,rogergunner,5,6,17995,3270,1926,22454,27650
1576987620,sugarDAM,0,1,264,0,0,0,0
1576987821,Viking1103,0,1,422,0,0,0,0
1576987865,silvershot,834,1,1688,37,182,0,219
1576988649,Sterni-94,0,1,2211,0,16,0,16
1576988659,qwer12,0,1,133,0,0,0,0
1576989650,mecora58,0,1,26,0,0,0,0
1576990175,Murena,162,1,1000,0,0,0,0
1576990588,xiUnikat,0,1,1251,0,90105,0,90105
1576990782,falke9911,0,1,689,0,13863,0,13863
1576992254,legrend,321,1,401,0,0,0,0
1576992707,Lautern0815,0,1,348,0,127,0,127
1576993779,Paprikaner112,313,1,6467,0,0,0,0
1576994739,Hollidom,0,1,121,0,0,0,0
1576997632,Sommerzeit,0,1,489,32529,106119,27977,166625
1576997658,Schlingelchen,131,1,997,0,0,0,0
1576998227,Lord Conakli,82,1,676,0,0,0,0
1576999585,Pupsi23,0,2,1275,8782,13319,2143,24244
1576999701,Rhodridge,19,1,214,0,0,0,0
1577000617,DusT2g,0,1,87,0,33,0,33
1577000757,bella10,3,5,18475,6813,2748,10634,20195
1577001333,sanders711,690,5,25245,542,78705,0,79247
1577001885,Basti23,771,1,1642,437,100,0,537
1577002817,NeBuNu,0,1,324,0,125,0,125
1577004394,End-.HIDORI,0,1,3012,4214,140,0,4354
1577004920,MagierBlubb,12,1,792,70,16648,0,16718
1577004926,derstb,0,1,138,0,479,0,479
1577005782,H4dz0R,276,8,13398,5815,1837,4468,12120
1577006245,leroyberlin,0,1,1627,157,762,0,919
1577007420,Bananenwurst123,107,1,3364,0,0,0,0
1577007968,Travyar,721,1,2438,0,7619,0,7619
1577008602,be115,0,1,355,6616,477,957,8050
1577009019,Ivko90,637,1,1966,0,0,0,0
1577009392,Franz Zeckenbauer,392,1,1018,3581,4160,0,7741
1577009468,littlenaomi,0,1,679,0,0,0,0
1577009556,Bengser,0,0,0,0,3462,0,3462
1577009702,Fluke667,0,1,26,0,0,0,0
1577010036,Sasha Grey,456,41,138260,187420,314115,14460,515995
1577010115,erikthechamp2,0,1,4903,2894,434,0,3328
1577010125,crischa,0,1,1322,0,134,0,134
1577010727,StarSlayer700,866,1,78,0,0,0,0
1577010966,King Stannis,0,1,623,0,0,0,0
1577011153,*Altair the Assassine*,413,0,0,279,4427,0,4706
1577011450,Inaunso,502,1,460,0,9305,0,9305
1577012344,Son G0ku,0,1,50,0,0,0,0
1577012582,CR3W,0,1,26,0,0,0,0
1577014194,schneiderb,501,1,2333,787,20,0,807
1577014421,RealBigT,0,0,0,12,6607,0,6619
1577014844,MadameQ,0,1,187,0,0,0,0
1577015446,Katas zur Beruhigung,0,1,1949,0,20,0,20
1577015674,DevilFruit,0,1,309,0,0,0,0
1577015962,Hadem92,0,1,1382,0,27,0,27
1577016108,skull crasher,340,2,7113,5,10,0,15
1577016743,Lord Symetic,565,5,19165,39435,11157,703,51295
1577017123,Kleine Hexe123,120,1,1710,0,411,0,411
1577018188,Captain ballu,0,1,232,0,0,0,0
1577021205,klommar882,0,1,978,90,1052,0,1142
1577021422,Zork,0,1,932,0,0,0,0
1577021648,Serco1461,56,3,6155,0,7267,741,8008
1577023202,Lord Sanyok,342,1,675,0,0,0,0
1577023771,CiderPitcher,0,1,3469,0,174,0,174
1577026411,Palurin,843,1,1327,0,0,0,0
1577026463,dreiUndeinWenig,0,0,0,243,43364,0,43607
1577026642,Hito Hito no Mi,0,1,26,0,0,0,0
1577027714,Mr.Hard.GG,0,1,249,0,0,0,0
1577027732,schulli1,415,1,7834,472,0,0,472
1577027850,NikkelangeloHS,0,1,26,0,0,0,0
1577027971,JonnyK24,0,0,0,154,2399,0,2553
1577028321,DragonMaster80,591,5,15099,0,982,81668,82650
1577028879,hoch25,205,3,6818,5581,6995,0,12576
1577029422,stbaumann1972,0,1,681,0,40,0,40
1577030740,xKILICx,0,1,26,0,0,0,0
1577031512,BaBu,72,1,6733,0,0,0,0
1577032159,Tevares,0,1,5650,3185,1408,315,4908
1577033300,Umanic,0,1,1867,0,0,0,0
1577033389,GulEvek,276,5,16563,0,114527,678,115205
1577034305,Yosemite Sam,725,3,5727,0,7613,0,7613
1577034377,F3myS,639,2,3352,0,20458,4475,24933
1577034997,Tine2102,0,1,398,0,0,0,0
1577035038,KobeerBryant,160,4,23906,9595,442,0,10037
1577035106,Hulk30,0,1,2934,33,10,0,43
1577036766,Solo Hunter,0,1,796,9865,46485,0,56350
1577038440,KscFreak94,0,1,1839,34,8,0,42
1577038619,Trivun,0,1,26,0,0,0,0
1577039227,sepuss,0,0,0,0,103,0,103
1577039235,KamelDieb,557,1,2841,0,575,116,691
1577040263,Beer97,28,77,250237,332032,254251,10728,597011
1577040475,Herzog Enzo,0,1,973,0,28212,0,28212
1577042248,könig hanz peter,0,1,545,0,1287,0,1287
1577044518,El Amigo,0,1,1077,7034,5947,0,12981
1577045238,schnecke12345,0,2,528,0,8473,0,8473
1577045351,ellinger,328,8,24613,8819,29545,1019,39383
1577046315,Frag.Nag,0,1,979,0,314,0,314
1577046434,Aufstand,0,0,0,0,10184,0,10184
1577046752,Lord Gumbelbert,0,1,1012,0,5909,0,5909
1577047091,HardcoreSuchti,276,3,10082,22704,1424,968,25096
1577048182,valteax,0,4,1338,11421,33825,0,45246
1577049933,drakudirk,346,4,7921,6027,183,221,6431
1577050492,xDave98,498,3,9153,0,5994,0,5994
1577050582,xteatow,0,1,26,0,0,0,0
1577050969,quazar95,95,4,14707,1430,1510,19792,22732
1577051456,sandpfurz,95,4,18816,540,1113,5759,7412
1577051660,XXIIVI,0,1,417,0,0,0,0
1577052639,Emre.VI,0,1,992,0,10872,0,10872
1577052872,mario99123,513,1,913,0,0,0,0
1577052944,definitely not sony,0,1,747,0,0,0,0
1577053002,Humulus lupulus,0,1,68,0,0,0,0
1577054379,Whatzzzz,0,1,47,0,58394,934,59328
1577056535,Gotti1904,0,1,5815,0,30456,0,30456
1577056538,LordMico,277,1,4334,3809,4991,373,9173
1577056564,Lord Mobitz,235,1,4826,278,0,0,278
1577057044,C I T R U S,0,10,10786,2923,456,0,3379
1577057532,ritter27,0,1,387,0,0,0,0
1577057758,Ultra-Instinkt,0,1,49,0,1164,0,1164
1577057767,12345678910,0,0,0,0,13557,901,14458
1577058013,*Rantanplan,29,1,1666,130,0,7371,7501
1577058788,Danbil,0,1,1819,813,0,0,813
1577058995,KrachBummEntee,247,1,2665,0,0,0,0
1577059639,Pomidorit,0,1,5640,0,0,0,0
1577059736,Angst Potter?,123,77,413257,423775,85002,50307,559084
1577060442,ELTURKO61,128,12,78869,69209,12064,4069,85342
1577060580,Rimduin,185,1,1703,0,2607,0,2607
1577060944,Alpalmeras,221,11,46080,14014,5502,3615,23131
1577061017,wuestenfuchs93,322,3,11625,920,326,4,1250
1577061292,king113,135,0,0,0,1430,0,1430
1577062261,.Kekshandel,734,1,1668,0,843,0,843
1577062835,Diego Maradona,0,1,549,0,0,0,0
1577062970,sadulah und silberberg,0,1,369,0,0,0,0
1577063774,stubbigainz,0,1,191,0,0,0,0
1577064270,robert47,408,1,211,0,1620,0,1620
1577064445,Nightwolf,456,9,36699,32686,840,32485,66011
1577065153,GmaesProu,276,4,9722,12810,520,0,13330
1577065516,adikill1998,0,1,192,0,0,0,0
1577066276,eism,0,8,22776,3790,2461,0,6251
1577066459,bigdaddy19670,0,1,2982,0,4507,0,4507
1577066533,Tungdil,0,0,0,0,45603,6379,51982
1577066546,JuKu,0,1,521,0,0,0,0
1577067077,ole einar,0,1,757,0,0,0,0
1577067325,Sun God NIKA,0,1,156,0,96,0,96
1577067968,Niiesii,128,5,19996,22093,12974,53,35120
1577069213,canrafet,620,7,38603,172533,335,1273,174141
1577069277,Bauer sucht Sau,0,1,759,0,0,0,0
1577069440,laagi97,0,1,129,0,0,0,0
1577070679,Goldrausch,868,35,168018,52799,3434,0,56233
1577071224,Coca,0,0,0,0,42,0,42
1577071465,Felix1987,27,4,14230,2891,236,0,3127
1577071691,Rollo,0,1,430,0,371,0,371
1577072244,Südwest,0,1,3067,6396,12,0,6408
1577072710,Jan28,185,1,4359,11180,96647,0,107827
1577073064,easy,130,105,472738,32741,8114,31471,72326
1577073353,Alkerus,731,2,7586,39,24052,1104,25195
1577073824,MonaLisa,318,3,4745,0,3351,0,3351
1577074133,Teckplayer,0,1,517,0,7486,0,7486
1577074612,Tevion87,744,1,4849,46,72,0,118
1577075050,KönigSNODEFF,461,1,1264,0,1406,0,1406
1577075090,Fendtinator,844,1,341,350,28031,0,28381
1577075489,VENTRON,0,0,0,16390,553,0,16943
1577076020,GrafFi59,717,1,2707,0,16,0,16
1577076103,shiny01,0,1,124,0,0,0,0
1577076156,nikki,0,1,1289,0,2957,0,2957
1577076297,Cali,646,2,6965,940,0,0,940
1577076302,ramir,646,3,10494,8503,138,0,8641
1577076417,MatzeOD,0,1,1189,1699,0,0,1699
1577076729,papaholger,59,3,10629,2180,0,170,2350
1577076731,Merowinger,0,1,294,0,53076,0,53076
1577076991,Fleischi Hansen,0,1,228,0,156,0,156
1577077281,kris99,287,1,1052,0,0,0,0
1577077320,Zaniolo,0,1,5322,0,0,0,0
1577077787,Kinorushi12,52,9,29933,54307,2792,4013,61112
1577077797,evocza,52,5,23077,35763,12966,15413,64142
1577077854,Schnurrr,744,1,2024,0,10372,0,10372
1577077942,blubb89,0,1,1096,0,0,0,0
1577080010,Lord Moschi,0,1,41,0,0,0,0
1577080702,maikvd,624,1,1994,0,811,0,811
1577081964,jonny5lebt,797,6,10074,0,1953,10677,12630
1577082707,Arco-18,0,1,26,0,8,0,8
1577083660,Hrothgar I,21,1,816,0,0,0,0
1577083688,Ezenyy,0,1,215,0,220,0,220
1577084043,Strassner,0,1,1590,0,0,0,0
1577084206,INKOGNITO,434,5,10970,0,239,0,239
1577084876,Mephlon,0,1,886,0,2387,0,2387
1577085256,Turtok,661,1,265,0,30,0,30
1577085351,Hoschy,496,0,0,767,25545,0,26312
1577086049,xero,125,3,9223,415,0,0,415
1577086830,xXTrontalXx,0,1,26,0,0,0,0
1577087562,Sehzade,0,1,70,0,0,0,0
1577090203,-Golden.b0y*,0,1,26,0,0,0,0
1577090861,LegendKiller,734,2,3639,0,450,0,450
1577091000,Little Sis,0,1,473,0,2768,0,2768
1577091431,Stevebe78,41,3,6692,0,302,0,302
1577091879,sp23,0,1,26,0,0,0,0
1577092404,cab.thomas,232,10,29632,15253,3752,0,19005
1577092645,Ritter von Rost,0,1,193,0,277,0,277
1577093508,Buckwild,0,1,2431,0,0,0,0
1577094555,S1TTT,0,0,0,0,8882,0,8882
1577094661,Marie0504,730,1,2711,56,7045,0,7101
1577094827,Schäfchen,0,1,554,0,0,0,0
1577095727,dogan,0,1,2970,0,400,0,400
1577096307,Konrad der Salier,203,1,1512,0,1132,10735,11867
1577096875,Delgando,0,1,106,0,10125,0,10125
1577097076,chaosdevil,3,7,27531,2226,4124,2480,8830
1577097155,Fürst der Finsternis,0,1,2762,0,138,0,138
1577097230,Loggarizm,0,1,4536,0,0,0,0
1577097300,SunnyFromHell,36,1,1825,0,10,0,10
1577097792,Kasimir006,0,1,77,0,0,0,0
1577098185,Sakura,498,2,3605,228,39,0,267
1577098237,Scciropo.,0,1,26,0,0,0,0
1577098495,Wladimir123,827,1,4805,0,16,0,16
1577099059,Dafrashrokil,518,1,6545,0,1385,36497,37882
1577099251,cronos67,560,1,4155,10061,6415,445,16921
1577100425,PREVOT,0,1,26,0,0,0,0
1577100814,DragonSinMeliodas,77,8,41321,44180,5013,37147,86340
1577100878,johnny21,0,1,434,0,0,0,0
1577100880,soeldner,27,1,1020,0,0,0,0
1577101506,zmustxvm,0,1,106,0,0,0,0
1577102104,TeddyBaer,0,1,47,801,43568,0,44369
1577102106,Ncohsl,0,1,1047,20043,18171,0,38214
1577102232,MrSchicko,0,0,0,0,285,0,285
1577102640,Hooligan777,285,4,29105,103627,0,0,103627
1577102842,pdots2,0,4,7758,14582,106,7533,22221
1577103522,Flexxiitt,30,3,7142,11700,17518,0,29218
1577103695,NimantFFM,295,4,15922,80,777,30101,30958
1577103914,the exxx,293,15,58575,80083,44382,34457,158922
1577103976,DiszTriix,382,1,91,0,0,0,0
1577103979,DerCandyflipper,382,1,57,0,0,0,0
1577104233,stehbeisl3002,0,1,2069,0,39,0,39
1577104559,FrancoGlarus,52,5,14171,27997,8016,3099,39112
1577105211,jana48,81,5,13128,40,1230,0,1270
1577105758,Helmut Horst,0,1,44,0,0,0,0
1577106029,DronkZ,0,1,352,0,0,0,0
1577106077,der Falke,41,4,13074,370,607,0,977
1577106499,flady der 1.,148,7,32930,110837,236559,244,347640
1577106833,Nedoh,276,1,4432,450,0,24284,24734
1577107114,Fnutsch,41,10,23952,50946,21522,4627,77095
1577107541,MaBaker,120,1,277,5543,1070,0,6613
1577108159,.007,151,1,1650,0,6076,0,6076
1577108311,Tante1,787,1,1559,1316,340,0,1656
1577109722,4g1v3m3,312,1,3636,0,0,0,0
1577111565,Megatron,83,2,6793,40,0,0,40
1577111834,Lone Star,0,0,0,0,4355,0,4355
1577111906,badxdog,123,33,109895,166745,18898,0,185643
1577111915,Senetral,0,1,89,0,0,0,0
1577112204,LordKempf,0,4,13373,369,1031,0,1400
1577112613,Batterie,0,1,26,0,2468,0,2468
1577112641,QPXX,0,1,954,0,12,0,12
1577112742,Strikta,0,1,1565,0,1900,0,1900
1577113456,King-Cold93,646,3,5599,0,12221,0,12221
1577114057,Hansueli12,63,50,188139,55029,10275,0,65304
1577114774,Dua Lipa,0,1,26,0,0,0,0
1577115198,Baxxter,0,1,1589,0,11533,0,11533
1577115400,Superquerulant,0,1,1165,0,287,0,287
1577115602,Telenass,0,0,0,0,207,0,207
1577116597,Bierdimpfe,679,4,29831,141172,5649,0,146821
1577116754,Bleckmann,175,1,1095,0,0,1477,1477
1577117195,NikBorCCCP,0,1,246,0,19,0,19
1577117198,barcley,0,1,26,0,0,0,0
1577117696,GetLucky,0,0,0,1006,9452,11050,21508
1577119226,Alex3118,0,1,26,0,229,0,229
1577119317,MüllersBüro,272,1,1181,27,0,0,27
1577119675,StasiiHasii,0,1,26,0,0,0,0
1577120751,yerushalem,39,1,863,0,0,0,0
1577121755,Kro308,0,1,26,0,0,0,0
1577121930,iq100,0,1,2377,3383,290,0,3673
1577122126,CriticaLType,443,24,182162,154719,54,4366,159139
1577122431,Onkel-Nille,0,0,0,0,766,0,766
1577123026,Fr34k,0,1,333,0,1241,0,1241
1577123159,Rocs,730,1,939,0,10,0,10
1577123178,Kuno130,621,1,1706,13334,0,1059,14393
1577123694,Salaran,784,7,21090,4750,1023,0,5773
1577123936,WoCShadow,90,2,1667,0,58484,0,58484
1577124090,BornToBash,32,16,105710,195290,18936,0,214226
1577124464,hightower,0,1,595,0,1236,0,1236
1577124570,Powder,185,0,0,422,42443,0,42865
1577124977,.wav,5,5,33843,25072,506,3429,29007
1577125198,neffe,209,1,966,0,0,0,0
1577125318,andidergroße,0,1,26,0,0,0,0
1577125671,Dicker Bibimann93,0,1,359,0,0,0,0
1577126109,Le Günni,456,6,26254,48684,1437,52248,102369
1577126254,PlayBoyTommy,0,3,6276,0,2551,0,2551
1577126356,Arexis,759,4,7102,124,49606,27,49757
1577126611,Eisteefarmer,0,1,2997,0,5295,0,5295
1577127010,preston1337,639,1,2777,0,2454,15681,18135
1577127089,Karl Heinz,0,1,6270,0,2410,0,2410
1577127233,Kellyrex,413,1,769,0,85,0,85
1577127281,Smeyer,0,2,7587,43558,258,0,43816
1577127354,Pullover,702,7,18570,0,1052,19006,20058
1577128080,Odenwald,183,1,657,0,6842,0,6842
1577128393,dossantos1896,0,1,2628,0,7297,0,7297
1577128585,Derores,0,1,2312,1069,172818,0,173887
1577129123,harur 555,115,0,0,264,43684,0,43948
1577129131,desi,811,1,598,0,0,0,0
1577129341,Peda0208,0,1,123,0,0,0,0
1577129652,der toni,0,1,4843,5453,0,0,5453
1577129674,DerMüdeJoe,293,2,7203,0,224,1177,1401
1577129795,Lord Fabian,609,1,3352,0,5139,0,5139
1577130115,Spiffy27,0,1,1695,0,0,0,0
1577130776,held123,313,2,4256,0,1638,0,1638
1577130926,mentos,77,15,49416,35780,8475,77,44332
1577131139,Gilan01,0,1,521,0,527,0,527
1577131789,ReGeKo,0,1,1254,0,6581,0,6581
1577132384,gisgis,824,9,32471,4309,3355,0,7664
1577133059,Dorf Rum,0,1,388,16805,34136,0,50941
1577133602,Lembo420,0,1,787,0,3119,0,3119
1577133696,Soldierofdeath,0,2,3506,0,795,0,795
1577134720,knispel,0,0,0,0,697,0,697
1577135119,Gasse,0,0,0,266,6083,0,6349
1577135128,Lady Raffzahn,0,1,180,0,0,0,0
1577136114,Scopexkiller,818,1,610,0,0,0,0
1577136190,lebo,0,5,7477,1869,0,0,1869
1577136351,SAYCO D. VORTEX,565,226,901758,259056,515066,106210,880332
1577136480,davevid96,0,1,1748,1,0,0,1
1577137331,Alexandros o Megalos,0,1,137,0,70,0,70
1577137816,odin1977,87,3,10221,25222,54,0,25276
1577137838,Konan der Barbar,87,4,14964,34678,62,0,34740
1577139084,königmatze,0,1,307,0,469,0,469
1577139113,Wolff,0,1,26,0,0,0,0
1577139117,Boomray,560,13,54954,95803,4354,25922,126079
1577139820,SGBene,529,4,21406,1570,823,0,2393
1577139881,Elron McBong,10,1,777,368,2936,0,3304
1577140988,Mauro7,205,8,19222,265,41572,747,42584
1577141028,ManiaXn,0,0,0,683,1257,0,1940
1577141690,Loka1s,0,1,1153,0,0,0,0
1577141862,osse,757,1,77,0,0,0,0
1577141887,redtiger,626,5,10325,587,169,0,756
1577142359,Liobana,63,11,28672,4315,1144,0,5459
1577142722,Bammb,0,1,173,0,0,0,0
1577143315,nikschel,0,0,0,1949,3540,0,5489
1577143346,Lutz74,0,5,20405,0,1095,0,1095
1577143473,Racedeath1,0,1,26,0,0,0,0
1577143631,brygg,0,1,685,249,7730,0,7979
1577144291,MissSchlumpf,0,1,26,0,0,0,0
1577144624,Phonix11,168,1,2568,0,72,0,72
1577146031,fries,0,1,1391,0,0,0,0
1577146210,Giebele,0,1,1884,434,98,0,532
1577146558,Lunde1893,0,1,607,0,0,0,0
1577146713,4tomKern,0,1,47,0,0,0,0
1577147034,XXLDöner,541,5,13956,228,7514,2674,10416
1577147190,IchLerneDeutsch,181,1,3857,5470,0,17,5487
1577147822,pepe1997,0,1,26,0,0,0,0
1577148092,Etstargamer,436,4,19594,151963,53676,3278,208917
1577148956,Namless,277,1,1194,0,0,0,0
1577149287,Bulow,0,0,0,378,5266,0,5644
1577149319,BombenProdukt,0,1,297,0,0,0,0
1577149615,Lord Ernir,223,1,568,0,20714,0,20714
1577149988,Flakes,0,1,26,0,0,0,0
1577150723,Wanna Play?,456,7,27355,1709,7873,14335,23917
1577151127,Lollxy,49,7,42913,64839,10099,0,74938
1577151636,NunNunArbeit,36,4,8270,3694,429,0,4123
1577152569,Guniver,0,1,528,0,0,0,0
1577153080,Ragnar der Lange,0,1,135,0,0,0,0
1577153617,Cronos,0,2,4066,727,229,0,956
1577153654,verrückte socke,293,10,28203,46248,2671,36912,85831
1577153767,flinkman10,516,6,12309,1302,2499,7370,11171
1577153814,Christians4,0,1,307,0,0,0,0
1577154317,McSwebo,0,1,176,0,0,0,0
1577154496,Wäldianer,0,1,71,0,858,0,858
1577155175,Karl94,0,0,0,0,14460,0,14460
1577155209,der blinde,176,3,7305,0,1210,0,1210
1577155422,kkeeyyll,0,1,864,0,16500,0,16500
1577155607,Nicky199,0,1,38,0,0,0,0
1577156277,GrabMyPocket,0,1,1206,0,0,0,0
1577157567,Sawyer,0,0,0,0,4834,0,4834
1577157747,Vegeta87,0,1,26,0,0,0,0
1577158244,ScHiTzZo,39,5,19160,1438,926,0,2364
1577158435,DerBote31,413,1,4081,0,1150,0,1150
1577158475,ELEGALANT,0,1,26,0,0,0,0
1577159196,Hawkeye13,806,1,487,0,0,0,0
1577159811,dbecks,318,7,20509,156,2015,0,2171
1577160154,Nugi,0,1,26,0,0,0,0
1577160178,*Dauerblau*,39,1,2179,0,4340,0,4340
1577161932,DerHirsch,0,1,447,0,3934,0,3934
1577162139,Prinz Ziegel,0,2,8231,652,12404,0,13056
1577163180,Rofa TTN,671,6,16717,12788,19214,0,32002
1577164343,PriesterManfred,0,1,1491,0,0,0,0
1577164549,salz1,95,4,9605,2954,387,0,3341
1577165089,Skurima,518,3,5280,0,2546,0,2546
1577165451,didi459,99,1,2229,211,117254,0,117465
1577165550,xran94,0,1,70,0,0,0,0
1577165638,ActionBattleDeluxe,0,1,776,0,0,0,0
1577166007,Hansi141,99,1,5352,74,8940,0,9014
1577167337,xLegend17x,0,1,26,0,0,0,0
1577167537,Shadow20,0,1,26,0,0,0,0
1577167719,Lord Justitia,0,1,998,0,1597,0,1597
1577168148,depp007,0,1,658,0,0,0,0
1577168847,EISBABY,312,1,854,0,430,0,430
1577169022,Kuznov,0,1,2654,9028,714,0,9742
1577169492,HummelS1,424,35,126670,45602,11328,0,56930
1577169689,Kandes,0,1,2487,0,3801,0,3801
1577169755,SeenViper,185,1,3112,0,3120,0,3120
1577170060,YugoBetrugo,442,21,44326,66270,28755,49164,144189
1577170459,DackJaniel,0,1,499,0,0,0,0
1577170716,Perser-Krieger,191,1,5067,0,110,0,110
1577171282,dorhug,0,1,44,0,0,0,0
1577171451,-SoulReaver-,0,1,1969,2594,264,0,2858
1577171625,Mirage2000,613,3,2760,5238,24311,3208,32757
1577171897,EDELSTEMMER,456,26,69344,45738,4308,35344,85390
1577171906,IchWillKekse,0,1,671,0,0,0,0
1577172098,Derweißewolf,0,0,0,0,1114,0,1114
1577172541,Alan of Helmsby,815,3,8058,0,377,0,377
1577172863,Knoblauchbrot,797,3,15984,28734,766,0,29500
1577174132,Vorschlaghammer1887,815,2,6426,3650,10,0,3660
1577175046,Mozeq-,0,1,77,0,0,0,0
1577175064,Neues Textdokument,0,1,1336,0,252,0,252
1577175136,Mountainfarm,0,1,133,0,0,0,0
1577175835,basde96,351,2,5592,4721,2575,0,7296
1577175861,Hanibal Hackmetzler,49,1,7124,37026,0,0,37026
1577176262,Mantga,165,27,113391,206159,91020,78907,376086
1577176669,CRINITUS,0,1,711,0,4771,0,4771
1577178460,MEDITATION,533,12,35833,15159,6933,0,22092
1577178575,F3npost,355,20,146437,191,4676,0,4867
1577178702,Unbekannter Spieler,442,44,166746,100653,12026,61511,174190
1577179200,Wolfram von Eschenbach,0,1,74,0,0,0,0
1577179248,Legion of Boom,8,15,62759,42834,988,41067,84889
1577180388,Deathstroke,0,1,26,0,0,0,0
1577180515,Lord xADTRx,516,3,6303,4403,11627,0,16030
1577180701,Kleiner dicker König,535,1,1382,0,4743,0,4743
1577180990,merino,0,1,1103,0,36914,0,36914
1577181077,RomanBalboaGk,415,5,9684,0,12764,0,12764
1577181107,kunibert,128,2,10912,4325,1522,29,5876
1577181310,Bullwerk,560,7,21433,8074,2164,13798,24036
1577181313,michelschroer,0,1,829,0,28,0,28
1577181321,Nolay,0,0,0,3297,48740,0,52037
1577181324,Vinda Loo,706,1,2193,0,3680,0,3680
1577181396,Stöpsel,0,1,134,0,0,0,0
1577181462,Bonzentrip,0,1,3279,0,145,0,145
1577181969,Maximus22,77,14,42312,112271,2583,59789,174643
1577182090,Germania,225,4,10202,0,80711,200,80911
1577182446,mike 96,412,1,2505,10,3095,0,3105
1577182459,DarkDenis86,0,1,2235,3294,304,0,3598
1577182467,Tiger9000,0,1,1284,0,20,0,20
1577182690,xRayQore,220,0,0,0,10914,0,10914
1577183141,Zeus1972,0,1,288,0,32282,0,32282
1577183151,Cecil,0,1,80,0,0,0,0
1577183390,Romanova,0,1,150,0,0,0,0
1577183423,unique,124,1,938,16,92,0,108
1577184777,Marc2610,0,1,146,11405,118278,120,129803
1577185326,ordupower696,351,1,480,7645,21974,0,29619
1577185564,are you scar7d?,0,1,1329,0,6620,0,6620
1577185700,newman2,0,1,3257,547,5745,0,6292
1577185724,Reusmeyang,0,1,135,0,0,0,0
1577187211,August.iner,456,10,33663,52918,1043,2248,56209
1577187252,Gideon,506,1,1056,0,25621,0,25621
1577187746,dmar1999,191,1,2797,15954,570,0,16524
1577187836,wochta,473,1,1781,5067,41671,0,46738
1577187912,Yoshi85,861,1,1337,0,86242,5820,92062
1577188140,Fafnir,0,1,1914,0,76,0,76
1577188672,Der Haie,0,1,990,0,2086,0,2086
1577189027,OberDuff,0,0,0,0,0,0,0
1577190559,william95,120,1,1552,265,52726,0,52991
1577192256,lukas1999,221,12,58408,49077,741,24795,74613
1577192290,Bastator,0,1,568,0,0,0,0
1577193376,Sigurd 528,293,1,625,201,59458,3560,63219
1577193999,mulek,0,1,1717,0,136,0,136
1577194000,ganznett01,0,1,55,0,0,0,0
1577194015,horn1x,393,1,26,0,7660,0,7660
1577194022,exohq,834,1,1370,0,8,0,8
1577194190,elena syxgott,0,1,311,0,0,0,0
1577194197,otto der 13,501,1,4010,0,0,0,0
1577194494,hamster97,0,1,3902,192,1711,0,1903
1577194710,Ryo95,0,1,287,0,143,0,143
1577194828,Mauki38,797,1,4683,118,0,0,118
1577195047,Zorbs,0,1,68,0,0,0,0
1577195098,RSPSOG,0,5,4560,36007,173124,0,209131
1577195729,Beowulf I,21,1,594,0,0,0,0
1577195951,Supersonic569,0,1,727,0,8,0,8
1577196314,Fett Bär,0,1,181,0,93,0,93
1577196840,Eisenhart13,277,5,8196,0,1572,0,1572
1577197167,ToStrikeBack,0,1,26,0,0,0,0
1577197630,Damnus,456,7,28470,2902,336,22020,25258
1577198169,stokrotka 02,181,1,1492,0,1470,0,1470
1577198969,Schwarze.Witwe,0,1,89,0,0,0,0
1577199800,BurningsStyle,0,1,802,0,4144,0,4144
1577200081,Odini1972,0,1,246,0,0,0,0
1577200172,Fuchs1996,281,3,1277,0,444,0,444
1577200461,Poseidon666,63,3,11305,0,533,0,533
1577200851,vapeers,340,1,302,0,474,0,474
1577202434,Matthew144,39,4,8706,0,92311,0,92311
1577202461,guard-fighter,0,1,1549,0,0,0,0
1577202865,Patrick-Star,0,1,991,0,1823,0,1823
1577203572,TheyHatin,0,1,142,12722,9277,1276,23275
1577204506,TheGreatJonny,20,1,798,0,13159,0,13159
1577206281,Petra 03,0,1,352,0,42,0,42
1577206379,NoSkillJustBash,0,1,2437,0,2890,0,2890
1577206729,zorro-44-,651,3,3517,1143,10482,0,11625
1577206838,werner 61,248,2,3031,9798,1128,0,10926
1577206901,Edku,0,1,1028,0,16,0,16
1577207138,Hydraulikhammer,0,0,0,0,3070,0,3070
1577207636,Falke92,694,5,18165,38987,1706,42989,83682
1577208663,deathhimself,0,1,1011,0,245,0,245
1577209268,SirPatrickI,282,2,4054,0,39421,0,39421
1577209323,Sabo 1972,19,3,6296,0,5426,0,5426
1577209345,Flo111,0,0,0,0,8736,0,8736
1577209492,Amadeus2019,107,2,4597,0,15079,0,15079
1577210058,Johnhigh,0,1,41,0,0,0,0
1577210194,Wirr,351,3,12370,146,699,0,845
1577210309,larcosss,0,1,121,0,0,0,0
1577210741,Lord Tristan,311,0,0,72,8934,0,9006
1577211388,Tony.Shopper,0,1,26,0,0,0,0
1577212131,Schamane,52,13,47315,16580,5299,65680,87559
1577213638,Shafflox,0,1,1210,0,81,0,81
1577214430,esy88,295,6,17919,110,34516,4015,38641
1577216148,AdlerIII,728,2,8620,66986,0,0,66986
1577216618,xKrypto,0,1,5695,0,844,0,844
1577218222,Don 767,591,4,13747,886,963,59278,61127
1577218445,frit,0,3,7516,1411,19246,0,20657
1577218615,Joske,0,2,1828,0,34413,0,34413
1577219394,Netox,0,1,26,0,3739,0,3739
1577219860,VAGbnd,0,1,337,0,0,0,0
1577220260,Elrado44,0,1,908,0,10,0,10
1577220753,xploe,281,1,1298,0,811,0,811
1577220971,taktika66,0,1,678,649,17764,0,18413
1577221172,MariX-Revolution,730,1,1879,0,0,0,0
1577221194,Feldschlafsack,0,0,0,1553,4235,0,5788
1577222045,Janusch79,348,2,4695,0,458,0,458
1577222215,snazzipani,0,0,0,0,29033,0,29033
1577222240,Dr.Feelgood,177,1,1083,0,0,0,0
1577223838,timdette,0,1,3334,14,1274,0,1288
1577224371,Vlad der Pfähler,0,1,1700,0,160,0,160
1577224945,Andormus,0,1,448,0,0,0,0
1577225875,Hacey,787,1,1637,0,6,0,6
1577226944,Saiboy,0,1,1989,0,848,0,848
1577227865,hixs,0,1,3274,0,4,0,4
1577227930,Pwnk1ller,0,1,26,0,0,0,0
1577228787,westzero94,246,1,26,0,3967,0,3967
1577228894,VzDaiivvo,816,1,173,0,0,0,0
1577229327,Wutz,0,2,1648,637,207748,0,208385
1577229463,charlie64,0,0,0,0,13008,0,13008
1577229730,Sarajlija,28,17,68743,60064,19497,19934,99495
1577229926,Export1000,393,1,1848,0,28,0,28
1577230584,Wory w Sakone,311,1,89,0,431,0,431
1577230624,thekillfoxXx93,205,5,12372,9458,801,1514,11773
1577231003,SchoggiPanzer,565,14,67074,7306,1191,154460,162957
1577231016,LasWeb,0,2,3923,0,784,0,784
1577231281,JogelerG,0,1,677,0,0,0,0
1577231729,amateur,556,3,24161,266561,1706,0,268267
1577232018,ereew29,285,5,19115,0,676,0,676
1577232098,zlyhalphn,695,1,2803,0,3241,0,3241
1577232385,TobiGie,0,1,712,90,23110,0,23200
1577232503,Scorpion2k,442,61,391878,321646,500729,240251,1062626
1577232846,Dusted95,816,3,7145,2346,38283,61344,101973
1577232856,moert4,0,1,200,0,274,0,274
1577233319,Squishy,0,1,26,0,0,0,0
1577234466,emarcel14,0,1,3011,0,0,0,0
1577234701,Sir Gregor Clegane,200,4,8632,322,150,0,472
1577234964,WarLord--,0,1,1724,82,18,0,100
1577235374,Wegi187,0,1,446,0,0,0,0
1577235417,Elasthor,0,1,279,0,0,0,0
1577235704,Goaskinny94,0,1,303,0,0,0,0
1577235815,Kinnklötenloser,0,1,26,0,0,0,0
1577236526,Pinki72,21,1,6281,0,53540,0,53540
1577237207,Ben Crusher,759,1,542,1190,40638,2526,44354
1577237518,poxaca,0,1,3529,0,5064,0,5064
1577237519,kakek,0,1,5200,0,8677,0,8677
1577237520,yoganoj,542,1,5004,0,13,0,13
1577237537,rokayov,506,1,6018,0,12406,0,12406
1577237631,dersechsundvierzichste,61,1,530,0,0,0,0
1577237718,Hanspeter91,295,5,18046,97,5222,93043,98362
1577238536,ShadowHunter88,639,1,1633,0,17054,2150,19204
1577238546,19stiffler06,15,1,26,0,18677,0,18677
1577238595,McAdil,0,1,2753,582,14421,0,15003
1577238719,Lordking2,0,0,0,0,122,0,122
1577239211,Danny,0,1,1167,0,188,0,188
1577239282,KayOby,0,1,162,6225,30577,0,36802
1577240501,DarkGlow,0,1,1876,0,445,6512,6957
1577240807,A s p e C t,41,9,54178,8750,403,0,9153
1577241033,Burton10,0,14,48734,10528,385018,28250,423796
1577241502,Fluux,0,1,26,0,0,0,0
1577241684,DasGameover,810,1,2798,0,1213,0,1213
1577241742,Matrix-king,0,1,26,0,0,0,0
1577241783,Lord Reidy,0,1,222,0,115,0,115
1577241891,JennyMaus,223,1,1637,2979,22,0,3001
1577243394,Fyror,734,2,4258,348,0,0,348
1577243518,Miraculis der Sanfte,0,2,4123,0,468,1,469
1577244301,Nilsdergroße,0,1,56,0,0,0,0
1577244359,Crychotik,0,2,3161,306,43268,0,43574
1577244557,Weisi aus Heidelberg,386,4,9673,850,234,0,1084
1577244614,Mysterygaming,222,1,2417,5,0,0,5
1577244712,Peter1704,3,10,43603,0,31074,0,31074
1577245043,Active,235,4,12771,14182,546,0,14728
1577245253,sevensculls,637,5,5438,0,552,2532,3084
1577245974,JoJaDa0815,0,1,1979,56,0,0,56
1577246107,KeksxD,631,1,2189,1000,0,0,1000
1577246161,KakashiX3,0,1,248,0,0,0,0
1577246283,Aran,49,6,26293,11323,0,0,11323
1577246297,yfloriaN,108,1,874,0,0,0,0
1577246381,surpr1se,342,5,20185,44,1656,15,1715
1577246929,Kevin77,0,1,1389,0,0,0,0
1577247011,Yamila,0,0,0,0,5251,0,5251
1577247043,Lord MK,442,33,172558,171586,152701,229633,553920
1577247164,Karyu61,32,12,42982,25729,6003,33,31765
1577247181,.Nicosta,0,1,26,0,0,0,0
1577247202,Slasher,36,1,423,0,0,0,0
1577247987,SirStone88,542,1,2382,42,7027,0,7069
1577248072,Nauticus,0,1,255,0,0,0,0
1577248110,*MD*,103,3,6560,762,2589,0,3351
1577248415,00Hans00,0,1,26,0,0,0,0
1577248476,Chefmoss,762,5,6484,306,41,0,347
1577248591,Gentleman 2026,0,1,648,0,10558,0,10558
1577248732,Thor25,64,4,10678,4530,1747,0,6277
1577248785,Jundeik,0,1,536,0,0,0,0
1577248822,Toad,176,1,3666,0,10,0,10
1577249106,Charizard,745,5,17483,10733,10853,0,21586
1577249221,vovela2393,393,2,11779,10933,0,0,10933
1577249320,MrMPire,0,0,0,7597,4717,0,12314
1577249771,Frank Reich,223,1,510,0,0,0,0
1577249881,zeimmen,405,10,31608,15955,1038,6357,23350
1577249935,SweetJenny03,533,8,57684,151580,289,0,151869
1577250846,Gumble1983,725,1,3723,0,4227,0,4227
1577250973,Goldi9ers,0,1,377,0,0,0,0
1577251651,Brandhaus,61,1,4581,0,0,152,152
1577252028,Wechsel22,65,1,1338,0,4463,0,4463
1577252110,i ll be back,0,1,26,0,0,0,0
1577252400,kruemelm0nster5,0,1,160,0,0,0,0
1577252455,JohnHB,461,6,26600,37691,110,36058,73859
1577252481,milchschnitte55,35,0,0,9,6212,0,6221
1577252933,vwpgle,205,1,1416,0,0,0,0
1577253176,stefan1988,0,1,856,0,208,0,208
1577253197,baman111,0,1,109,0,32,0,32
1577253630,EisBaer902021,0,1,103,0,0,0,0
1577254024,??WhySoSerious??,0,0,0,9,36889,0,36898
1577255503,nohalso,0,1,401,0,0,0,0
1577256187,Support 69,0,1,1006,0,0,0,0
1577256674,didi55,0,1,37,0,0,0,0
1577256965,MeGaMimBa,0,1,326,0,0,0,0
1577257072,gsaelzbaer,481,1,994,0,3010,0,3010
1577257223,senebo7612,0,0,0,0,5619,0,5619
1577257828,El Guerrero Oscuro,220,1,1306,0,78,1141,1219
1577258251,zapanek,18,5,14810,3763,6521,0,10284
1577258479,dilady,637,2,3266,34,823,5153,6010
1577259051,Gus Griswald,235,1,482,0,941,0,941
1577259085,chaottt,0,1,1603,0,0,0,0
1577259910,MisterInsane,0,1,1340,0,2022,14082,16104
1577259996,Voltattack,0,1,38,0,0,0,0
1577261042,Lord König Dave,0,1,94,0,0,0,0
1577261448,SextoNeR,0,1,26,0,0,0,0
1577261762,Lord Durango,232,7,26348,130351,944,0,131295
1577261773,kingelvis,533,10,41471,76827,955,0,77782
1577262209,S0ull3ss,181,2,9084,36047,80502,0,116549
1577262490,Schiri,515,17,60467,23684,4869,0,28553
1577262710,militantetante,0,1,1660,67,10,0,77
1577262713,Alex Jost,373,1,680,0,49351,0,49351
1577263043,mCube,0,1,26,0,0,0,0
1577263257,bosz,0,1,26,0,0,0,0
1577263330,Fairy Tale,0,0,0,0,6687,0,6687
1577264227,stephander456789,551,1,1279,0,0,0,0
1577264815,BitaceS,167,1,255,0,0,0,0
1577265577,Michael Paulsberg,0,1,1531,0,1437,0,1437
1577265934,Jordend,52,8,34497,71001,2913,65242,139156
1577266133,Sagistrar,0,1,1222,0,6369,0,6369
1577266271,Fabrice1993,745,1,1816,496,10,0,506
1577266320,donkrause,0,0,0,0,1737,0,1737
1577266463,LukHel,0,0,0,3645,3224,0,6869
1577266491,Witch-King of Angmar,0,1,155,0,1,0,1
1577267198,SilenceTim,0,1,26,0,0,0,0
1577267275,Fenox,496,1,2256,425,1371,0,1796
1577267909,schoden,22,1,1854,8454,85,0,8539
1577268024,max4496,533,7,25313,33219,90669,1253,125141
1577268028,Svantjevit,0,1,1845,0,0,0,0
1577268653,Maximus Decimus Meridius,123,45,215956,468732,660917,0,1129649
1577268661,Shivato,77,11,36813,8533,135633,65570,209736
1577269088,-Teach?,0,1,1209,0,660,0,660
1577269517,levent27,0,3,5008,12255,3552,3783,19590
1577269554,.approved.,87,1,11019,2572,10,20,2602
1577269612,XxGermanexX,0,1,380,0,0,0,0
1577270215,Achi93,77,8,35017,48501,522,16819,65842
1577270307,Krämo,609,7,19412,9889,2992,543,13424
1577270441,Ooleg,823,1,686,0,28,0,28
1577270488,Ginoboluz,0,1,155,0,0,0,0
1577270693,spiderentchen,167,1,846,0,1233,0,1233
1577272132,Doktor Alman,0,1,26,0,0,0,0
1577272401,petz,312,1,408,0,789,0,789
1577273041,Tatze11,0,1,26,0,0,0,0
1577273211,kaioshin,130,48,249853,3880,62718,68857,135455
1577273228,ElGrande,0,1,773,0,0,0,0
1577273674,PfeifiAUT,0,1,167,0,7723,0,7723
1577273700,soulyra,0,1,26,0,0,0,0
1577273802,Broum,10,1,855,15,7639,0,7654
1577273910,Imperator111,419,1,2367,0,0,0,0
1577273952,Naca,498,6,25161,3117,73,38,3228
1577274016,Henczy13,0,1,2022,63858,26596,2856,93310
1577274339,GxSturmi,130,17,80815,33744,313891,4543,352178
1577274738,Kush420,533,5,25396,52116,603,3931,56650
1577275161,Chholzer,851,1,496,0,0,0,0
1577276866,Sonico,0,1,201,0,4703,0,4703
1577276908,Mogol,56,3,13518,6216,699,0,6915
1577277611,huhu1234,0,1,38,0,0,0,0
1577277673,Saracee,446,1,3107,4420,1289,0,5709
1577278006,Schwarze7,646,3,8099,6109,1153,0,7262
1577278242,Tighteeeh,8,8,39948,34788,522,8392,43702
1577278426,xGREENMOONx,0,1,526,0,33,0,33
1577278560,ironwill,314,1,4514,0,348,0,348
1577278764,PId1577278764,0,0,0,2170,6154,0,8324
1577278803,xBauarbeiter-,762,1,1913,668,152,12968,13788
1577278987,Streussel88,0,1,585,0,1598,0,1598
1577279310,NoLimitx3,442,106,442752,190399,124313,468891,783603
1577279438,Zaros,762,7,18441,417,18255,0,18672
1577279613,Bilderstürmer,0,1,414,0,0,0,0
1577279628,OTTOTTO,0,1,541,0,0,0,0
1577279869,Schattenhofer,424,8,26054,64584,518,0,65102
1577279914,Der Brächer,221,26,82688,109358,7087,10,116455
1577280298,dreckssau45,0,1,129,0,78,0,78
1577280535,MangoTraube3,0,1,2027,10341,2,0,10343
1577280603,Kingtönni,759,1,1281,6,0,0,6
1577281138,Biscit,0,1,1583,0,447,0,447
1577281588,Ringelow,0,2,3688,12406,31315,669,44390
1577281597,Edga31,529,4,22704,21548,109,0,21657
1577282394,hawo,521,1,2572,0,1620,0,1620
1577282472,Sonny,0,1,176,0,92,0,92
1577282851,toniazemi 19,0,0,0,0,3636,0,3636
1577282858,gustav1101212,3,16,48768,59676,282704,2818,345198
1577283178,Texter,0,0,0,0,770,0,770
1577283370,PLISKiN,0,1,26,0,0,0,0
1577283400,BlueBird,0,1,1297,592,19859,0,20451
1577283427,JediMindTrick94,0,3,10239,18050,2605,0,20655
1577283444,derTrollinger,0,3,9124,0,3636,0,3636
1577283453,Weltensieg.,0,1,1675,20,0,0,20
1577283611,Simone1994,0,1,363,0,5643,0,5643
1577284128,emir23,0,1,26,0,0,0,0
1577284151,MrPaperboy,0,2,4021,0,50003,0,50003
1577284257,McKilroy60,152,1,195,0,0,0,0
1577284329,FVSport,0,1,846,0,0,0,0
1577284366,v E x,591,4,8248,13706,0,0,13706
1577284675,pogi,237,3,10700,47845,42080,5891,95816
1577284759,Kralle1907,0,1,44,0,0,0,0
1577284885,Horst-MG,232,4,11587,32204,7280,821,40305
1577285184,Akte546884,0,1,26,0,0,0,0
1577285245,Taxus87,30,6,11704,11874,70159,30449,112482
1577285439,lordskinny,498,6,18244,12745,5383,0,18128
1577285545,Phil-Kl10,0,1,4646,110,8480,0,8590
1577285994,Helmo,348,1,6886,0,10,0,10
1577286027,Robby431,237,1,2289,0,20,7096,7116
1577286165,Erwin Machulke,0,1,1020,0,0,0,0
1577286231,Hunter23,820,1,800,0,17597,0,17597
1577287523,JeanDarc,0,0,0,0,846,0,846
1577288708,Bahamut,0,1,1126,35,5741,0,5776
1577288976,baba007,0,0,0,9,46422,0,46431
1577289174,AngelofChaos92,688,2,2466,705,94581,2825,98111
1577289243,DogDog,560,10,66568,91852,428,74897,167177
1577289359,Neder1,0,1,56,0,0,0,0
1577289483,zardor,340,1,1663,0,0,0,0
1577289708,KloFisch,730,1,3046,36,0,0,36
1577289807,Biermudaviereck,237,1,3432,6667,5240,25750,37657
1577290290,-=Sethos=-,775,1,32,0,0,0,0
1577290291,Cupi,87,5,9659,0,416,0,416
1577290403,Jobst von Mähren,591,3,8769,2953,300,942,4195
1577290506,Ace.Uchiha,168,1,3391,3572,262,5,3839
1577290952,CHHO2,181,1,1355,0,26,0,26
1577291074,Graf Totti,232,3,18977,2825,132,0,2957
1577291549,TuttleIsHere,621,1,400,4484,4058,710,9252
1577292500,J-Dawgg,0,1,184,0,0,0,0
1577292559,kuaro,0,1,938,0,2,0,2
1577292595,Lord Dave,0,1,68,46266,77745,13,124024
1577292673,xHunterx,0,1,754,0,511,0,511
1577293039,magnific0,119,0,0,60306,13936,0,74242
1577293750,AbsturzKind,0,2,804,0,6122,0,6122
1577294150,Saikone,0,1,2781,887,0,0,887
1577294210,Tscho,0,1,26,0,0,0,0
1577294413,Suga Sean,0,1,279,0,0,0,0
1577294676,Kühlschrank,0,4,17803,0,1054,0,1054
1577294742,Touchdown,0,1,2581,0,175,0,175
1577294759,barbarbartosz,0,1,2966,0,0,0,0
1577295106,trickpat,312,1,2367,40,2228,0,2268
1577295752,KreuzSchwert,0,1,3149,784,5238,6974,12996
1577295965,SepplSoldier,572,6,15624,17797,2083,9569,29449
1577296076,FL4K,0,1,579,0,42,0,42
1577296431,Slavischer Berserker,533,6,14945,5781,2444,2,8227
1577296537,RTW7441,759,1,4105,0,3579,14,3593
1577296839,Drake22,0,1,2024,360,9264,0,9624
1577297044,Das Sternchen,293,8,24882,4852,186471,6356,197679
1577297173,The Dark Knight 74,513,1,2435,0,7055,0,7055
1577297174,mantarochen1,0,1,238,0,0,0,0
1577297395,Riyaka,0,1,338,0,1,0,1
1577297512,Acolyte,657,1,1705,0,0,0,0
1577297639,lucsa,0,1,513,0,0,0,0
1577297990,robold,99,1,1503,0,0,0,0
1577298064,Hulahoopreifen,0,1,771,0,47,0,47
1577299183,Der neue king,0,4,8082,0,24536,0,24536
1577299467,Spartakusskuss,0,1,473,0,795,0,795
1577299528,einTyson,0,1,26,0,0,0,0
1577299714,Valfadir22,0,1,1088,0,11757,0,11757
1577299842,Blackwing,742,1,3742,30582,22648,0,53230
1577299867,See You In Valhalla,0,1,1105,4,0,0,4
1577300006,Gräfin Tina,307,4,5393,0,2108,0,2108
1577300179,DEFCON 1,0,1,205,399,4774,360,5533
1577300215,shell87,787,4,14409,3543,14854,0,18397
1577300275,Lucky,826,1,5879,0,0,12,12
1577300585,Citi,770,1,1900,57,7718,0,7775
1577300851,Hölle,130,108,382928,125000,14527,226674,366201
1577301029,Susanoo.,565,7,49653,203319,11009,13414,227742
1577301110,niggesPP,788,4,8758,7327,152,0,7479
1577301959,OffWhite.,0,3,10187,14197,138701,0,152898
1577302041,giwrgoskts,0,1,432,0,20,0,20
1577302234,Nox3,624,1,1171,983,8581,0,9564
1577302524,UrdnotGrunt,0,4,8787,0,1082,0,1082
1577302629,Leonie212,0,1,610,0,72,0,72
1577303143,robsen3011,21,3,7849,24,74994,0,75018
1577303147,Skriimler,282,5,16102,13292,176,49404,62872
1577303279,Micha58,63,6,18751,17525,1815,0,19340
1577303441,Emma,0,1,507,0,0,0,0
1577303587,lange89,0,1,1160,0,0,0,0
1577303793,VENOM,0,3,17378,2773,7840,0,10613
1577303951,Korkenknaller,167,1,259,4999,209,0,5208
1577304358,Lord angelika,0,1,657,0,16886,0,16886
1577304538,Balloo,81,4,7114,3474,13572,2,17048
1577304768,Alex1970,516,2,3736,0,922,0,922
1577304828,BUUBEERE,0,1,1918,0,30,0,30
1577304863,mioko,30,1,4926,10076,3020,0,13096
1577304910,Hatcibumbaci,0,1,563,0,0,0,0
1577305014,Malapopo,0,1,686,0,5040,0,5040
1577305256,larafromhell,0,1,1065,0,16,0,16
1577305275,Bluebull,526,4,14605,5512,559,170,6241
1577305289,mb942,0,1,692,1384,916,0,2300
1577305704,mari97,0,1,197,0,0,0,0
1577305909,zuckerhut,322,4,17203,51606,1813,10961,64380
1577305996,Woody93,771,1,1077,0,0,0,0
1577306433,d4vengertheknight,889,1,518,0,0,0,0
1577306546,Voppi,0,1,170,0,186,0,186
1577306613,zorrero,0,0,0,0,39,0,39
1577306888,BitiKing,0,1,791,0,38,0,38
1577306933,Melibu,0,1,174,0,0,0,0
1577306968,Dorfbasher,0,1,476,0,493,0,493
1577307044,Carnalito,103,1,709,0,11628,0,11628
1577307219,Liostro,0,1,1318,0,41806,60,41866
1577308049,Thomas,413,7,19032,0,44892,7865,52757
1577308114,Maiga,0,0,0,0,15,0,15
1577308751,Schmuruck,496,1,2430,0,89,0,89
1577308886,Sgt.Edamer,0,1,182,0,0,0,0
1577309611,Sabina,0,1,317,0,394,0,394
1577310106,BloodyBenni,0,5,13843,0,2256,0,2256
1577310144,DerEchte97,0,1,1845,0,0,0,0
1577310167,Madness82,21,2,1431,0,16918,0,16918
1577310212,DerKiller,436,1,1882,0,242,0,242
1577310360,spybeck,0,1,26,0,0,0,0
1577310424,Olixer,624,2,4136,0,940,4653,5593
1577311195,Wiesel98,0,1,437,0,0,0,0
1577311314,kolla,8,5,28264,40085,143,96658,136886
1577311389,Bailong,0,1,205,0,0,0,0
1577311432,Ap19942012,0,0,0,1618,41,0,1659
1577311439,Striiker,167,1,1732,0,22792,0,22792
1577311879,Loxuri,179,7,19210,1517,795,88149,90461
1577311977,Kassandra4812,288,1,516,0,670,0,670
1577312291,Moritzo,0,0,0,27611,83637,0,111248
1577312411,Ohnmächtiger Esel2,293,7,36380,9663,1377,28157,39197
1577312481,DeathMatch,731,7,8220,0,186,0,186
1577312768,Gesindel,0,1,111,0,6858,0,6858
1577313442,talisca97,461,5,25750,4409,2627,1904,8940
1577313616,ski123,513,1,1552,0,13811,0,13811
1577313794,Sick Scatbob,0,0,0,465,3226,0,3691
1577313796,Lord yannus,0,0,0,0,117,7240,7357
1577313798,Womb Spaso,0,0,0,628,8125,0,8753
1577314000,Kesowatch,551,1,6978,1,8152,0,8153
1577314218,Uninstall Now,0,1,467,0,0,0,0
1577314235,Chalex97,0,1,1480,0,0,0,0
1577314278,Jaggo01,0,0,0,8037,1397,0,9434
1577314422,Giant30,0,1,26,0,0,0,0
1577314621,VeniiVidiiVicii,114,2,6322,15180,0,0,15180
1577314886,C.Ronaldo,0,1,26,0,39,0,39
1577314992,Ruhrpott77,0,1,2990,0,0,0,0
1577315443,Selis94,0,1,79,0,0,0,0
1577315562,B33rBoii,0,1,1235,228,0,0,228
1577315631,Wikinger,0,0,0,0,1465,0,1465
1577316142,Harrnetz,646,3,3607,0,586,0,586
1577316391,Hermanndinger,99,1,1534,0,0,0,0
1577316784,Lord SPIELER,0,1,181,0,0,0,0
1577317100,RobertoDerLurchige,0,1,864,0,66,0,66
1577317522,Derfla,0,1,2520,0,0,0,0
1577317640,basix12,0,1,2971,0,25095,0,25095
1577318150,Dadahan,95,4,14606,0,503,0,503
1577318291,Ludwig I,65,1,5528,0,0,0,0
1577318823,Tristan100,340,1,841,0,0,0,0
1577319091,Bayernbua,443,50,238679,174886,179779,22,354687
1577319184,NeedCash,851,1,590,0,10000,0,10000
1577319381,Black-Joker,637,2,3530,0,0,0,0
1577319930,Fragezeichen,0,1,937,0,6,0,6
1577320169,Jekkts,877,1,4744,0,10,0,10
1577320762,Deutz,0,1,739,1090,7028,0,8118
1577321158,Lord Major1982Tom,131,2,5891,4450,3413,0,7863
1577321274,Weedmaster,0,0,0,210,45394,0,45604
1577321559,ZehnIncsLogout,343,1,1813,0,0,73,73
1577321564,xPress,0,0,0,0,55,0,55
1577321823,VoltaJa,51,10,38389,7448,1349,761,9558
1577322248,Pletziii219,0,1,536,0,13864,0,13864
1577322471,BashYou,781,1,4531,20736,496,20064,41296
1577322633,Graf Kuckucksberg,518,1,1831,54055,134959,97,189111
1577322770,SpaceLordxD,0,1,305,0,13,0,13
1577322983,iGetMeOut,534,3,5229,44,194,34,272
1577323855,Brutalanda,0,0,0,0,569,0,569
1577323954,DieTommis,0,5,10407,1884,8059,0,9943
1577324096,Horv11,235,1,1038,0,10,16158,16168
1577324633,Mike55,534,5,9264,0,140,0,140
1577324641,Lord BO-1966,418,1,2075,187,13018,0,13205
1577324789,Myrrdhin Emrys,506,1,1025,0,10,0,10
1577324917,JimmiHenrics,181,1,866,0,0,0,0
1577325138,Sir.Luke,18,8,18060,27386,222177,33880,283443
1577325274,Karpfen Dynastie,0,2,4606,0,37788,0,37788
1577325284,KlimmO,518,2,3727,0,48,8918,8966
1577325320,Odin1996,789,1,1224,1336,14701,0,16037
1577325883,Andreas1307,0,1,1247,6220,17450,0,23670
1577326173,HIFYM,281,1,2183,257,3437,0,3694
1577326408,Deschd01,0,1,744,0,1798,0,1798
1577327517,Illisto33,461,9,47760,29686,368,11686,41740
1577327609,Mactzer,0,1,823,3797,2769,0,6566
1577327643,Destinyjooker,443,48,334298,818196,651939,15041,1485176
1577327700,KaldyIndustrie,18,3,6098,0,266,53,319
1577328631,holzi1996,0,1,2776,0,10,0,10
1577328636,Hasi1991,0,1,3102,0,0,0,0
1577328676,1.Norgur,6,1,129,0,648,0,648
1577328910,fkn addicted,737,1,721,0,0,0,0
1577329285,MISS MARPLE77,64,1,1600,0,48041,1240,49281
1577329458,Intruder,0,1,78,0,0,0,0
1577329528,Muuske,0,1,1702,0,0,0,0
1577329855,Player93,78,1,2172,0,0,0,0
1577330010,Rocco,3,5,19143,42033,921,64165,107119
1577330377,badenatsereloaded,0,0,0,29840,178,0,30018
1577330585,OLVus,0,1,4571,0,1014,0,1014
1577330677,Sigma Guitar,0,3,5575,282,1649,0,1931
1577330910,NamelessKing,0,2,4875,6083,1805,0,7888
1577330911,Lucyelle,0,1,175,0,164,0,164
1577331107,MasterJxD,95,4,15779,6853,21299,3233,31385
1577331373,Ludwig,140,1,205,0,0,0,0
1577331647,Yaichi,631,1,1490,0,0,0,0
1577331836,thommyderrichtigböse,567,1,5095,1072,0,0,1072
1577331930,DeadOfConfusion,0,1,909,0,245,0,245
1577332056,Nate96,838,3,6725,0,890,30011,30901
1577332399,DvornyHorny,0,0,0,283,2010,0,2293
1577332496,Kishi,77,10,36427,0,5081,60564,65645
1577332555,GinWodka,77,5,18389,6744,864,5478,13086
1577332558,Friese1967,8,14,98640,64643,130898,0,195541
1577332569,KingGenetik,365,6,9535,0,253,62642,62895
1577332987,TZKK,0,1,26,0,0,0,0
1577332997,Marcix33,207,1,2673,327,30628,0,30955
1577333472,William Wallace,343,1,1155,0,0,0,0
1577333558,frido99,99,1,460,150,2993,0,3143
1577334392,Dücklord,0,1,1803,0,0,0,0
1577334599,xmorromx,262,2,5998,0,365,0,365
1577334646,House Targaryen,366,1,3418,0,30,0,30
1577334704,senpaiego,350,1,1518,14,0,0,14
1577334751,StöckterJung,442,1,7969,30157,37023,0,67180
1577334777,N4tsu,855,1,480,0,0,0,0
1577334821,D1reW0lf,880,2,4591,4752,122,0,4874
1577334976,Acidrain23,177,1,1670,0,0,0,0
1577335138,Toffi,0,1,191,0,0,0,0
1577335205,Hanni123.,340,1,1882,0,0,0,0
1577335313,Abber88,567,1,3232,3598,0,210,3808
1577335428,Basti K,672,0,0,0,448,0,448
1577335786,Kojle,451,0,0,1018,4462,0,5480
1577335866,Tom Mate,209,1,1748,0,0,0,0
1577335875,Peter Silie,0,1,462,0,0,0,0
1577336001,Otter1990,0,1,178,0,0,0,0
1577336016,axel.schweiss,209,1,1624,5,0,0,5
1577336182,zorro,209,1,901,0,0,0,0
1577336272,Gast336272,0,1,859,0,1218,0,1218
1577336730,.Alastor,0,1,41,0,0,0,0
1577337039,TheOption,28,15,57563,26179,13369,164729,204277
1577337112,Mady,0,1,346,0,10390,0,10390
1577337241,oqASS,0,1,673,0,1744,0,1744
1577337349,KingCatan3000,0,1,225,0,0,0,0
1577337399,unmoralisches Angebot,0,2,7003,2525,2995,0,5520
1577337451,Brikx,0,1,1303,0,19341,0,19341
1577338050,Teira89,0,1,434,0,475,0,475
1577338499,das Böse,0,1,2175,0,18,0,18
1577338605,Sellinger Gr,386,6,15599,15812,551,0,16363
1577338889,bfiebfuwkf,350,0,0,1177,44,0,1221
1577339038,Beowulff93,436,1,2057,0,600,0,600
1577339237,W1ll1,0,1,1262,1062,6540,989,8591
1577339297,john.sheridan,346,2,7913,651,6922,1,7574
1577339380,Olofsson,0,1,287,0,520,0,520
1577339442,SwissEffect,0,1,664,0,0,0,0
1577339675,Flo43,885,5,13060,0,38778,0,38778
1577339701,Chiller3113,0,1,26,0,1,0,1
1577339706,Meffef,0,2,772,0,22231,0,22231
1577339778,Dersim6292,0,1,26,0,0,0,0
1577339940,sailux,0,1,514,0,0,0,0
1577339960,Hofnarr111,108,1,4115,0,0,0,0
1577340034,König Ray,0,1,26,0,0,0,0
1577340113,Herzog-Andi,0,1,544,0,1432,0,1432
1577340462,Master Cronix,565,6,39348,105187,10892,5449,121528
1577340525,NaNoNaNed,0,1,750,0,2057,0,2057
1577340545,KasimirVI,77,12,52369,116807,998,8315,126120
1577340743,BinBoss95,0,1,70,0,0,0,0
1577340944,JGlumanda,0,1,265,0,215,0,215
1577341225,Lustknappe22,0,0,0,156,387,0,543
1577341568,EmTee1905,0,1,768,0,9583,3287,12870
1577341663,guude23,0,2,3498,0,2013,0,2013
1577341788,MiniFU,496,2,3516,65,468,17,550
1577342001,.Mr.Freeze.,0,1,26,0,0,0,0
1577342313,Weedstar510,0,2,838,90,22315,8,22413
1577342623,U.N. Owen,0,1,131,0,0,0,0
1577342624,Alternative für DS,0,1,233,0,0,0,0
1577343071,Sword-Art,0,1,26,0,0,0,0
1577343142,Gryllus,0,1,26,0,0,0,0
1577343285,Blace,0,1,26,0,0,0,0
1577343420,Lügenlord,0,1,332,0,0,0,0
1577343621,RitchyHara,0,1,155,0,630,0,630
1577343653,wtflol,0,1,119,0,0,0,0
1577344133,gregsii98,0,1,26,0,0,0,0
1577344209,freak370,384,0,0,1155,22249,0,23404
1577344594,Bln36,0,1,77,0,0,0,0
1577344654,Erebird,694,6,21317,62174,11794,45489,119457
1577344758,xsodomx,0,1,354,0,0,0,0
1577344834,Pief4,0,1,26,0,0,0,0
1577345029,Lilli79,0,1,2934,733,9225,0,9958
1577345291,maier.f,0,1,215,0,0,0,0
1577345825,Caki95,392,7,33314,132754,25628,0,158382
1577345940,Hendl,0,1,513,0,2220,0,2220
1577346099,MarsGorilla,518,2,10397,0,38033,4206,42239
1577346133,terrafic,209,1,1394,0,0,0,0
1577346141,Kumpelblase,5,2,13473,359,210,18946,19515
1577346388,Predetor666,0,1,2232,0,891,0,891
1577346524,Uwe-Volker,21,1,916,2942,353,0,3295
1577346793,First-King,542,4,15187,4797,690,0,5487
1577347044,Gimoa,797,20,61207,66378,5964,47784,120126
1577347354,Chemisi,0,1,689,1470,546,0,2016
1577347383,eatmebaby06,0,1,344,0,2873,0,2873
1577347431,DDsoi,0,1,352,0,0,0,0
1577347603,KING-COBRA,20,1,2769,0,0,0,0
1577348017,Arl Eamon,730,1,2940,80,2,0,82
1577348043,adiga,139,1,1153,0,5393,1236,6629
1577348205,Anthraxx93,0,0,0,0,39238,0,39238
1577348216,DistruKter,0,1,508,3959,2263,0,6222
1577348462,Polletti96,52,6,11742,45998,35424,916,82338
1577348621,Motivas,232,14,70672,152550,6963,35333,194846
1577348691,Rarosport1,312,1,2968,0,4855,0,4855
1577348705,Intoleranz,498,15,33618,5949,1158,0,7107
1577348851,Kaiser Franz,646,2,4934,995,91,0,1086
1577348943,mövi9,0,3,10096,4158,21428,1025,26611
1577348991,Hundefluch,434,2,4646,0,2975,0,2975
1577349164,priiinz003,788,5,11541,4177,557,0,4734
1577349358,LoLPro,32,15,109726,304050,364,0,304414
1577349437,schwarzerElch,114,24,87944,138809,22722,39529,201060
1577349443,Fürsttlicher,131,3,11018,9592,460,1,10053
1577349791,HARM,0,1,1508,0,1015,0,1015
1577349930,Data,0,1,26,0,0,0,0
1577349938,steelbreaker,148,63,298057,45201,20677,2888,68766
1577350075,juvali,314,1,1852,228,0,0,228
1577350112,Hanni,41,12,47512,20966,3013,38,24017
1577350386,FightingFarmer,322,5,14492,21469,1876,0,23345
1577350456,MCTW,37,1,1699,40,13394,31899,45333
1577350677,mastermajo,148,10,58359,32382,796,3408,36586
1577350738,Guarana,238,1,1086,449,2715,0,3164
1577350821,bonzer,0,1,58,0,0,0,0
1577350915,Coleman68,0,1,26,0,0,0,0
1577350985,Nauped69,0,1,599,0,215,0,215
1577351193,marto,176,1,984,0,0,0,0
1577351899,kugelblitz02,515,3,10868,3991,525,0,4516
1577351930,Sir Herry,745,1,2593,160,0,0,160
1577352248,Blocker,0,1,5193,0,26232,0,26232
1577353159,Caasseerraa,637,3,4928,0,1135,25473,26608
1577353214,DestrictOne,0,1,26,0,0,0,0
1577353269,Ottl2610,8,18,102948,168728,106628,8440,283796
1577353421,LeniLuTeufelchen98,0,1,122,0,0,0,0
1577353473,icetea,0,0,0,0,10332,0,10332
1577353646,DaPete,705,1,3548,0,0,0,0
1577353891,Der Wüstenfuchs,152,1,1772,0,3110,0,3110
1577354066,SexyHexi,238,1,3761,83,0,16,99
1577354091,weezy,737,1,1105,0,0,0,0
1577354167,Noemad,734,1,853,0,0,0,0
1577354511,Thormas,0,1,3294,484,3006,0,3490
1577354645,Bigfood,0,3,5575,0,2276,0,2276
1577354659,fuxl,350,1,1787,0,86,0,86
1577354984,EinGuterName,32,13,66197,44460,70801,48,115309
1577355280,mv11x,0,1,173,0,0,0,0
1577355357,Taktik,0,1,573,0,0,0,0
1577355492,Scorp89,0,1,904,0,0,0,0
1577355540,-CRISPY-,0,0,0,0,2673,0,2673
1577355546,Gasst,83,1,1240,10486,1111,1385,12982
1577355633,Bierhefe,179,5,9831,394,450,757,1601
1577355679,Marcel9329,0,1,503,0,4165,0,4165
1577355767,markuswla1193,787,1,1830,0,0,0,0
1577355782,Loris1904,0,1,1767,0,30,0,30
1577356042,jimmiwhopper,0,1,59,5013,630,0,5643
1577356260,DriZzTsCripT,0,1,26,0,0,0,0
1577356265,Succo,762,0,0,0,62,0,62
1577356305,aziiz mbs,128,23,65506,4484,24251,44,28779
1577356387,Lord Fulltime,49,14,61079,51570,25858,4622,82050
1577356422,daziggl,0,1,112,0,194,0,194
1577356500,-.FaWKeS.-,0,1,30,0,0,0,0
1577357343,xXReLXx,734,1,589,0,0,0,0
1577357407,iFeelX8,436,5,19265,7255,4258,92425,103938
1577357520,MoreSpeck,0,0,0,0,10518,0,10518
1577357856,NIKODEMUS,513,1,1719,0,10,0,10
1577357984,pfaendungsamt,0,1,26,0,0,0,0
1577358124,Finny,0,0,0,15,4249,0,4264
1577358125,Holex,0,1,323,0,247,0,247
1577358127,Wardog,646,3,9701,12685,60,0,12745
1577358547,Sp4rky,128,8,40968,27527,779,1661,29967
1577358833,tachiii,0,1,1453,0,533,0,533
1577358840,Klassenkasper,0,1,628,0,326,0,326
1577358924,Marko Elefteriadis,0,1,26,0,0,0,0
1577358939,Ted Kaczynski,0,1,26,0,0,0,0
1577358948,Frasier Crane,0,1,26,0,0,0,0
1577358949,Dale Cooper,0,1,26,0,0,0,0
1577358951,Mickey Mouse,0,1,26,0,0,0,0
1577358962,Chapman,0,1,26,0,0,0,0
1577359039,Zoritas,0,1,303,0,0,0,0
1577359579,King777,0,1,191,0,0,0,0
1577359906,bujes95,0,1,542,0,1908,0,1908
1577360185,grantelbart,176,1,4761,0,562,0,562
1577360295,Ragnar95X,152,1,645,0,3096,0,3096
1577360296,Ronald Weedley,318,5,9811,342,685,0,1027
1577360471,Hannibal848,0,1,319,0,251,0,251
1577360510,reinerpapagei,0,1,944,61061,2155,0,63216
1577360664,Schroffi,37,0,0,2273,37529,30543,70345
1577360773,Jopal 1950,442,31,162635,159932,32361,13121,205414
1577360792,Sazyel,613,1,4159,0,156,0,156
1577360921,Dodge Challenger,0,1,141,0,0,0,0
1577360945,lorddone,393,1,125,0,7391,0,7391
1577361034,badboy,0,1,786,0,0,0,0
1577361059,pxutzxr,0,1,101,0,0,0,0
1577361154,GordonShumway,0,3,6943,21247,729,1642,23618
1577361431,Blackviper,350,1,4490,297,139,0,436
1577361467,Domination*,0,1,26,0,0,0,0
1577361493,Zahnmeister,114,2,4243,0,13169,0,13169
1577361573,king blitz,0,1,68,0,0,0,0
1577361925,Deinsdorfer,631,1,3397,126,0,3449,3575
1577361961,TheSolutionNot,542,7,31195,21636,4041,10453,36130
1577362155,berchie2019,0,1,305,0,521,0,521
1577362167,Giano,0,1,26,0,0,0,0
1577362260,Lentso,343,1,2147,0,24,0,24
1577362302,Aschi-99,0,1,860,0,0,0,0
1577362538,OPA-416,640,1,258,0,0,0,0
1577362739,ImmerIch,413,2,3958,0,15823,60,15883
1577363148,ichnixwissen,0,1,1232,18,15476,0,15494
1577364053,Than-cred,591,4,13060,16743,1792,21683,40218
1577364079,conkasch,0,1,44,0,0,0,0
1577364230,Kruemelchen2603,0,1,162,0,85,0,85
1577364287,Papercutxx,0,1,26,0,4428,3160,7588
1577364343,hassanovic,20,2,3822,296,528,0,824
1577364467,daniel93,0,1,3098,0,9275,0,9275
1577364691,ryomo,0,1,520,9,19708,0,19717
1577364944,Corvus,293,6,17001,1,172327,64,172392
1577364966,Byzantincis,0,1,474,0,1906,0,1906
1577364969,Izixes,0,1,625,0,0,0,0
1577365105,bauenbauenbauen,175,3,7365,462,1228,0,1690
1577365184,Heey,322,9,25747,8350,1006,2142,11498
1577365295,Lord of the Rings,745,4,15036,3484,10088,0,13572
1577365391,Peanut Butta,10,1,1592,0,0,0,0
1577365652,Waldschrat,0,1,2205,1218,10,0,1228
1577365881,JanJanJan,32,9,45779,125515,104,136,125755
1577365986,zztop,209,4,15160,3097,68641,0,71738
1577366084,Schmackofatz,0,1,123,0,0,0,0
1577366286,gertner,328,4,9029,0,3878,99,3977
1577366328,Phantom,0,1,3195,0,2774,0,2774
1577366612,Hanniball,566,1,2292,0,0,0,0
1577366680,Galarados,0,1,1095,0,764,0,764
1577367258,Ladoga,0,0,0,0,8356,0,8356
1577367404,elefranz,0,1,557,0,0,0,0
1577367405,Kreta,0,1,1256,0,0,0,0
1577367680,Impalar,0,1,584,0,796,0,796
1577367686,Fuldam,0,1,48,0,572,0,572
1577368146,Lord KeineAhnungwas,0,0,0,6158,44299,0,50457
1577368250,kami163,0,1,3172,2966,1587,0,4553
1577368361,BoBauer,534,7,18384,20980,1167,8711,30858
1577368417,Rosi2015,0,1,266,0,1744,0,1744
1577368454,WarumDeffen?,81,1,3358,0,0,0,0
1577368487,Rockstar39,0,1,104,0,0,0,0
1577368785,potsdam467,0,1,804,0,4451,0,4451
1577368977,Cardiba,185,1,5025,59,9398,0,9457
1577369026,Atze Sachsen1,0,1,802,0,59,0,59
1577369415,maurist31,20,1,185,0,0,0,0
1577369720,Da bin ich,542,3,5371,0,412,3644,4056
1577369778,Gondor1,0,1,26,0,0,0,0
1577369951,Kelstman,0,1,223,0,48950,0,48950
1577370056,El-Tiburon,308,11,53100,11028,2649,596,14273
1577370212,Adel29,65,4,10997,0,624,0,624
1577370216,tayfoxi,351,2,5299,0,348,0,348
1577370649,Marty56,0,1,2589,0,3912,0,3912
1577370754,Pilzkopfseeadler,29,1,8847,0,61185,0,61185
1577371129,Black Fire Star,37,2,3037,0,16760,50980,67740
1577371244,Satelles,281,1,1133,7224,13162,0,20386
1577371448,MooJoe1,37,1,3300,0,5091,2125,7216
1577371457,Starfaze,226,1,661,0,212,0,212
1577371559,DoMu,0,1,1058,380,88603,973,89956
1577371838,Prinz-Gohan109,0,1,26,0,0,0,0
1577371986,thomas98,879,1,1429,16,1643,0,1659
1577372218,chris220691,0,1,3339,0,1667,0,1667
1577372236,TheJuggernaut,0,1,364,0,59,0,59
1577372251,50Flow,72,1,853,0,13380,0,13380
1577372317,Wulthor,0,1,3343,0,1140,0,1140
1577372384,wallerhu,787,1,1435,0,0,0,0
1577372555,Klasmai,0,1,610,0,160,0,160
1577372625,mango19,322,9,15117,504,6042,0,6546
1577372685,GeddoKid90,451,1,1319,0,82,1069,1151
1577372688,nope554,0,1,487,0,54,0,54
1577372786,Lamakai,0,1,26,90113,3473,68,93654
1577372854,Dark Merlin,222,1,5002,0,0,0,0
1577372870,MATUS013,0,1,1034,12,0,0,12
1577372978,inwa,369,3,8488,0,1642,0,1642
1577373047,Stewie,533,14,49110,159603,64999,1981,226583
1577373312,S4nguis,0,0,0,29620,23298,2839,55757
1577373732,Sammler des Tages,405,5,28036,58067,78,0,58145
1577373907,M.Th.,0,1,2084,151,4128,0,4279
1577374404,SiggiSmols,0,1,26,0,0,0,0
1577374526,utzi95,346,4,17163,27220,426,0,27646
1577374528,CloutC9,878,1,133,0,0,0,0
1577374650,happycola,130,72,293869,190237,1297050,0,1487287
1577374960,Meepo2503,456,57,251011,642572,4020,0,646592
1577375085,XOXO,639,1,1575,0,0,0,0
1577375163,Steeelfire,565,19,88756,147618,177073,51922,376613
1577375350,caracola,0,1,490,0,195,0,195
1577376086,mmiw,369,3,8501,0,1321,0,1321
1577376256,Link94,0,0,0,0,0,0,0
1577376383,Hollerblüte,19,1,986,0,0,0,0
1577376576,Dark Storm,30,3,14544,2458,16719,0,19177
1577376739,-Anti-,451,1,5952,0,0,36840,36840
1577376765,DeTaiL,0,1,30,0,0,0,0
1577376879,Percy1,0,1,26,0,0,0,0
1577376911,Niklas.G,0,1,875,0,0,0,0
1577377089,Johnny86,405,1,3367,1167,65780,5259,72206
1577377152,JmsHard,99,1,3372,0,1139,0,1139
1577377280,Perfectblizz,459,1,1138,0,0,0,0
1577377300,**Straycat**,0,1,1027,0,18,0,18
1577377577,patschow,0,1,659,0,186,0,186
1577378007,Bajacka,791,1,949,0,0,0,0
1577378014,Tonkrug,282,6,31198,41715,2832,0,44547
1577378030,NoyanDeamon,0,1,26,0,0,0,0
1577378174,Edelsaphir,18,4,10215,8201,184484,4261,196946
1577378564,ErzAssi,0,1,385,0,0,0,0
1577378566,Lobster1984,237,1,3642,0,31493,5821,37314
1577378576,p00rs0lid,0,1,210,0,3150,0,3150
1577378678,Lord Big T,679,3,14898,37056,1380,13507,51943
1577378835,Uther,591,2,5634,3549,260,16370,20179
1577378838,Saints92,0,1,180,0,170,0,170
1577378847,Ramon123,0,2,984,689,13524,0,14213
1577378962,Lord-MSP,412,1,993,0,0,1951,1951
1577379427,chichoperu99,0,1,125,0,0,0,0
1577379857,Lady Guggi99,0,1,2710,4575,5630,0,10205
1577380067,Romanov,0,1,423,0,20,0,20
1577380217,The Machine,0,1,314,0,19278,0,19278
1577380259,Narugrul,343,1,4262,0,583,0,583
1577380294,ZoraWater,140,1,2072,0,2177,5079,7256
1577380363,WildDogs,119,1,2308,0,5280,0,5280
1577380706,Rami481,316,1,1868,0,30,0,30
1577380776,KarstadtDetektiv161,0,1,278,0,3461,0,3461
1577380788,mn.xne,542,3,6099,345,65,5404,5814
1577380849,JubiJackson,0,0,0,0,2791,0,2791
1577380860,phil2305,745,2,3623,236,325,0,561
1577380978,Malachor,787,6,13003,1465,598,0,2063
1577381008,Nord47,101,1,320,0,9305,4414,13719
1577381035,Andre1981,0,1,440,469,10,0,479
1577381110,Konz,59,13,57787,3297,13056,250,16603
1577381116,keni,0,1,26,0,0,0,0
1577381129,Ghost1609,501,1,3233,989,994,0,1983
1577381150,Bong.go 265,609,1,2529,0,694,0,694
1577381282,Royalh4ck,0,1,177,0,0,0,0
1577381408,Lord Peter,734,7,9869,0,0,0,0
1577381468,Murtaler,0,1,212,4609,1212,443,6264
1577381872,usumon,0,4,4086,7971,17349,4065,29385
1577381890,tavvarri,423,1,8199,78378,0,0,78378
1577382054,Turko2021,28,8,42543,11350,6118,6776,24244
1577382063,Shinlu,0,0,0,0,3058,0,3058
1577382134,alexderbiker,542,3,11423,138,507,28329,28974
1577382288,DishonorOnYou,167,1,2906,497,21088,0,21585
1577382331,Essy,0,1,1061,0,0,0,0
1577382414,DerZepter,123,15,44717,51112,52415,85,103612
1577382446,Raffael13,0,0,0,110,304,0,414
1577382586,vNeroo,0,1,673,0,110,0,110
1577382755,Axtkämpfer mit Liebe,0,1,109,0,26,0,26
1577382938,Dachsbär,0,1,26,0,0,0,0
1577382950,BenBeckmann,533,4,22785,78887,26,0,78913
1577383247,Pumpernickel,0,1,26,0,0,0,0
1577383254,Lord Seifenheimer,0,1,26,0,0,0,0
1577383380,Gewaechs,28,14,62541,29013,9956,4629,43598
1577383385,Baron von Loichenga,0,1,26,0,0,0,0
1577383778,Schnecken.Haus,745,2,3614,9,630,0,639
1577383837,Lord Halbrand,377,1,2485,0,0,0,0
1577383862,justine 60,0,1,2830,25,0,0,25
1577383865,Y4miii,591,4,22376,67353,947803,3425,1018581
1577383875,nilob1,0,1,26,0,0,0,0
1577383955,Schwambo,0,1,26,0,0,0,0
1577384073,Auf Lock,0,1,26,0,0,0,0
1577384075,Rizz auf Lock,0,1,26,0,0,0,0
1577384184,kooluu,0,0,0,404,2033,0,2437
1577384199,JimPanther,20,1,215,0,0,0,0
1577384617,Anxiety Overdose,176,1,26,0,33649,0,33649
1577384699,JanaBlutmond,581,1,2243,0,1020,0,1020
1577384735,El Don Bilbo,560,6,19848,143797,12471,36604,192872
1577384783,saletti,0,1,1488,0,0,0,0
1577384906,nopsess,0,3,11922,0,569,0,569
1577384932,reddich,0,1,830,0,10023,0,10023
1577384952,Fischerdorf,0,1,472,0,1380,0,1380
1577384962,Howard66,0,1,740,0,2194,0,2194
1577385009,Guenter1970,0,1,2104,0,3825,0,3825
1577385139,Abdecker,0,1,68,0,0,0,0
1577385216,Bruuno,631,1,1873,0,403,0,403
1577385234,ThEVikinG,0,0,0,0,67,0,67
1577385295,hirngespnst,0,1,55,0,0,0,0
1577385525,Nem3sis,0,1,548,0,6,0,6
1577385533,kamade,63,4,7124,4272,612,0,4884
1577385537,laska765,90,1,459,8787,18619,0,27406
1577385968,OdinsRache,0,1,54,0,0,0,0
1577385998,Dani2011,0,1,2875,324,18498,0,18822
1577386045,kranzerl,0,1,6097,0,10,0,10
1577386233,Frantic8th,0,1,1023,0,3258,0,3258
1577386314,S4Mmey,0,1,68,0,0,0,0
1577386410,Bratuwurst,0,1,616,0,20,0,20
1577386427,Prinz Eisenherz64,0,1,570,0,0,0,0
1577386582,hycr1s,0,1,26,0,0,0,0
1577386637,Omnizid,0,1,284,0,0,0,0
1577386669,AudioApe,640,1,2078,0,0,0,0
1577386838,hycr1ssss,0,1,26,0,0,0,0
1577386883,paussei,0,7,13875,0,840,0,840
1577386979,Carsten Hoffmann,346,10,20491,32693,18129,3090,53912
1577387087,Kobrie,0,1,119,338,9199,21,9558
1577387105,ganescha,787,1,921,0,170,0,170
1577387189,Bexxz90,225,1,1494,0,0,0,0
1577387198,Kundendienst24,0,1,243,0,157,0,157
1577387346,guitarfighter,759,1,1857,0,2457,0,2457
1577387517,weeed2023,0,1,26,0,0,0,0
1577387524,asstograss,786,1,1344,0,1980,0,1980
1577387673,Fedrix,0,1,3080,0,0,0,0
1577387679,gismo2019,0,3,4643,0,41,0,41
1577387690,Schockbot,0,1,172,0,0,0,0
1577388097,epiker,0,1,162,0,0,0,0
1577388102,bibidibabu,0,1,299,0,390,0,390
1577388116,JonnyTrash65,179,2,10426,4632,0,19141,23773
1577388120,BlackFalcon,0,1,26,0,0,0,0
1577388261,Paxie,8,26,134826,297795,12055,10181,320031
1577388276,Kr4mi.,342,1,1182,0,0,0,0
1577388732,Saketh,123,19,97940,227123,4378,11055,242556
1577388885,Necton1,0,1,621,0,0,0,0
1577388989,Bruno62,262,2,8408,0,8918,0,8918
1577389011,Dom9298,0,1,281,0,0,0,0
1577389062,DieLust,0,1,292,0,0,0,0
1577389144,Mahlzeit,639,1,1928,0,0,1912,1912
1577389151,NewSebo,0,1,1827,0,21178,0,21178
1577389206,STVZO,0,1,26,0,0,0,0
1577389439,NoPaaaa,64,2,6498,0,364,0,364
1577389464,fidodido7,459,1,5223,0,0,0,0
1577389731,EduardoHamburg,521,1,4550,0,704,0,704
1577389844,Onur1907,0,1,178,0,258,0,258
1577389902,mylo1505,423,3,10480,8800,130,0,8930
1577389913,Pitbull2701,0,1,2110,0,10,0,10
1577390012,Pupaken,0,0,0,0,126,0,126
1577390097,Comag,0,1,26,0,0,0,0
1577390293,seppel001,771,1,317,0,0,0,0
1577390295,D3athj0ke420,181,1,5163,0,16,0,16
1577390338,B878,0,1,26,0,1508,0,1508
1577390344,Bronkalonka,0,0,0,4080,33266,2006,39352
1577390509,igNu,424,31,97665,46364,2484,0,48848
1577390655,UranusInvasion,516,6,15416,4466,114450,0,118916
1577390723,dart-sniper,0,1,1095,5,202,0,207
1577390913,HHoodwatch,350,1,2437,1,16479,0,16480
1577390946,Tepp1509,293,7,24375,6905,58770,4806,70481
1577390976,FenrisDerGraue,0,1,356,0,0,0,0
1577390985,Plumperquatsch,322,6,20982,963,286,3072,4321
1577391050,Iznot,0,1,164,0,18,0,18
1577391096,Th.9210,0,1,417,0,2528,0,2528
1577391292,Puhlboi,179,1,4922,22878,446,0,23324
1577391569,nevermindbaby,0,1,26,0,0,0,0
1577391629,Lord polo,0,1,106,0,0,0,0
1577391644,Kom1schXx,0,1,169,0,0,0,0
1577391757,lila86,168,1,4295,0,0,0,0
1577391787,Siiror,159,1,128,0,36794,0,36794
1577391941,noveo,0,2,9439,794,677,0,1471
1577391949,Harald1,621,0,0,0,101,39,140
1577391951,Rente Mit 30,541,2,8665,27865,289,339,28493
1577391955,Mibub55,534,8,36066,46977,43854,68,90899
1577392073,Sioux,0,1,426,1862,60844,0,62706
1577392147,RandeulForce,0,1,26,0,0,0,0
1577392291,CalmDown-,348,1,1605,0,416,0,416
1577392316,Deathkill,12,1,774,3770,48200,0,51970
1577392400,BlackLucifer,0,1,701,0,0,0,0
1577392630,Graf Scheißer,0,1,3449,25,1122,0,1147
1577392662,Ondiris,165,12,49403,78452,1507,52520,132479
1577392834,Benz-300,737,1,425,0,0,0,0
1577392875,ArexBex,14,1,3186,0,186,0,186
1577393001,Paladoxa,0,1,218,0,0,0,0
1577393136,Almanovic,0,1,6046,4771,6290,0,11061
1577393219,Pelpe,223,1,252,0,0,0,0
1577393299,T288,424,25,95858,22814,8325,42,31181
1577393502,Kerschti,424,34,122170,247584,3630,0,251214
1577393647,iamingemar,474,1,2844,1425,0,7249,8674
1577393692,Elala,0,1,2576,135,10,0,145
1577393697,CID13,694,9,34973,100089,159911,14684,274684
1577393712,A007,30,1,2090,1980,7637,0,9617
1577393772,Hirnquelle,18,4,18927,8843,20824,7302,36969
1577394079,Massa,328,2,3834,5792,771,0,6563
1577394158,ZanderLange,148,25,125114,211063,24354,1265,236682
1577394298,MSVStar,0,1,218,0,249,0,249
1577394358,John gustavor,496,1,284,636,6384,1047,8067
1577394501,Jeggen,459,1,1873,0,0,0,0
1577394570,MaxKing7,496,1,2439,0,4116,0,4116
1577394578,Blaszko,328,1,2526,0,0,0,0
1577394586,Lopo,762,8,14975,1349,129,0,1478
1577394602,baamjeegg,148,19,95664,256635,463,4909,262007
1577394616,Papst Benni XI,205,4,4923,2014,0,3,2017
1577394640,MasterWet,651,1,3277,0,0,0,0
1577394742,Black Viper,591,3,6318,77,182,0,259
1577394820,Schwimmer,221,25,53073,23388,3439,0,26827
1577394930,OifachSo,0,1,47,0,0,0,0
1577395217,GolfVI,827,0,0,0,9634,0,9634
1577395253,dragonshooter94,534,5,13379,11318,260,0,11578
1577395265,Mansieur,541,1,2178,0,0,0,0
1577395391,Suhwän,0,1,115,0,338,0,338
1577395527,MrFreeze,185,1,1845,308,6986,0,7294
1577395538,ralle84,65,11,30028,3062,8638,0,11700
1577395659,Netsoj,0,1,56,0,0,0,0
1577395673,vike,351,2,4513,318,65,0,383
1577395759,Jo Chen,796,1,1820,0,0,0,0
1577395813,ibinsdamike,0,1,623,0,279,0,279
1577395864,Sam Nujoma,21,2,1411,0,34719,0,34719
1577395960,simmel,751,1,2131,0,0,0,0
1577396001,Gast396001,0,1,168,0,9970,0,9970
1577396007,Waldai,0,1,2041,21996,44389,3828,70213
1577396035,kingkelvin,0,0,0,0,22888,0,22888
1577396088,Kingsgedings,95,7,29123,5087,1902,3890,10879
1577396285,getd,0,1,183,0,0,0,0
1577396317,VIDARR,806,1,921,119,79682,0,79801
1577396380,Adichamp,451,0,0,803,199907,21975,222685
1577396541,Rostija,0,1,377,0,227,0,227
1577396604,Pflegefall88,759,1,3094,0,0,1403,1403
1577396614,Tod83,0,1,1041,411,286,0,697
1577396699,Donpromillo1987,131,2,2294,0,63304,9,63313
1577396726,zigge,0,1,1677,0,30,0,30
1577396992,BoomBoomPow,293,1,860,3717,7261,1320,12298
1577397027,Kinggabel,0,1,26,0,0,0,0
1577397035,Liptonlemon,609,2,4845,4455,520,0,4975
1577397042,BliBlaBlubberBlasenBernd,0,1,2514,0,168,0,168
1577397116,morania,0,1,32,0,0,0,0
1577397211,Dezzys1994,0,0,0,10223,1164,0,11387
1577397284,ThanathanMD,541,2,4899,10750,1471,439,12660
1577397320,derStrucki,0,1,193,0,83,0,83
1577397456,Türsteher,0,2,4784,5539,4461,2941,12941
1577397460,cdrw,0,1,26,0,0,0,0
1577397494,myul,456,53,206742,68109,14507,2365,84981
1577397622,DonQuillus,0,1,2027,57,182,0,239
1577397775,Pring,177,1,1942,0,0,0,0
1577397846,SirBronson,400,1,1318,0,1435,0,1435
1577397857,Metzgerrudi,8,7,34093,213,63394,0,63607
1577397919,lukoorn,223,1,1628,0,4992,0,4992
1577397959,Baba Julio,0,1,4477,20671,1657,5956,28284
1577398042,philrein,285,3,12618,3353,299,4974,8626
1577398098,Mufasa77,0,1,150,0,0,0,0
1577398275,pfeffnee,12,1,2294,0,18,5,23
1577398431,zivi,0,1,439,0,1748,0,1748
1577398512,Lucifer mortuus diabulus,0,1,3401,0,474,0,474
1577398639,Marvin3299,384,1,283,0,669,0,669
1577399058,Rorschach86,0,1,589,0,4464,0,4464
1577399082,Luckyluck94,553,5,12947,0,611,22585,23196
1577399238,semtex,0,1,3261,0,3970,0,3970
1577399262,Lawin1978,694,2,7688,45826,464455,2395,512676
1577399535,Saagi86,51,2,4079,30421,83981,0,114402
1577399597,Spartacus,0,1,269,0,746,0,746
1577399650,BarbarenBozz,0,1,1313,0,7538,0,7538
1577399767,Flusskadaver,39,2,4379,115,160,0,275
1577399813,jasko505,0,1,528,0,110,0,110
1577399914,barbarrami,72,1,405,0,0,0,0
1577399941,Fettarme H-Milch,0,1,398,0,0,0,0
1577400034,Sonnenvogel87,0,1,446,0,2272,0,2272
1577400042,N112,423,3,8903,0,1651,0,1651
1577400273,August Rush,0,1,232,0,0,0,0
1577400354,Lord Lambda,0,0,0,0,3813,0,3813
1577400372,yebnako,136,0,0,21214,2603,21,23838
1577400379,DrKrautus,0,0,0,0,8674,0,8674
1577400447,mAEx,0,1,2107,208,1402,0,1610
1577400609,Bluestriker82m,0,1,2460,0,100,0,100
1577400674,Lixibixi,441,1,1448,0,6,0,6
1577400689,Xeita,47,2,4774,0,127,11484,11611
1577400745,Marth65,311,1,2138,22617,2324,0,24941
1577400771,Snowranger,0,1,571,0,0,0,0
1577400806,Sharaadi,61,4,12684,88,1079,0,1167
1577401100,SCJa,392,5,6258,30892,51294,0,82186
1577401309,Thomas die Kattaloktive,565,9,38641,165035,10556,41613,217204
1577401454,mesimam,0,1,435,26,1442,0,1468
1577401490,Zizou97,0,1,628,0,30,0,30
1577401508,Curly,0,1,47,0,0,0,0
1577401540,Perplex42,474,2,4269,22685,9254,0,31939
1577401716,Mini88,0,1,2432,0,3615,0,3615
1577401778,Michix147,0,1,46,0,0,0,0
1577401849,mrbean11,849,1,410,0,0,0,0
1577401901,SuperiorIces,0,1,72,0,0,0,0
1577401927,Manolito2,282,5,10179,90,3151,35823,39064
1577401945,Solddier01,701,1,256,0,91,0,91
1577402018,DirkDirksen,0,1,74,0,0,0,0
1577402028,Marcus Aurelius,648,1,1487,0,123,0,123
1577402162,Grandlhuaba,613,3,8158,11257,1323,581,13161
1577402274,Talsus,0,1,1666,0,3086,0,3086
1577402728,Sir Philipp von Otto,0,1,256,0,0,0,0
1577402996,Sam.,6,1,1596,0,1652,0,1652
1577403088,Veruna,0,1,421,0,480,0,480
1577403163,MegaWolle,0,1,368,0,930,0,930
1577403327,Darthsister12,159,1,1024,0,386,4617,5003
1577403666,vitaspa,473,7,25397,7141,3224,167082,177447
1577403679,Lordnorth28,0,0,0,59765,2117,0,61882
1577403741,Reitenbach,0,1,496,0,2429,0,2429
1577403984,onleien,0,1,26,0,0,0,0
1577404165,dietz2,84,1,4610,0,320,0,320
1577404239,matthi,671,4,6704,6683,2082,0,8765
1577404240,eagl0r,0,1,192,0,0,0,0
1577404290,MinasMorgul98,0,1,26,0,0,0,0
1577404355,Saftbanane,0,0,0,1028,8259,0,9287
1577404425,SmackDown,0,1,290,0,897,0,897
1577404540,Waldgeist,276,4,10445,8633,1022,7404,17059
1577404687,LucaDaaa,328,5,9760,0,1118,0,1118
1577404904,moZ.Art,209,1,2904,0,0,0,0
1577405052,Reccor,651,2,5695,0,13,0,13
1577405087,Jokkel,49,4,11703,23979,1690,5,25674
1577405165,manu3114,51,7,28762,19279,351,16449,36079
1577405169,Laaaaaaaars,30,9,20495,24981,82492,26261,133734
1577405280,cLLy,534,3,9590,13378,11868,0,25246
1577405311,Kaleut81,270,1,2476,0,101,0,101
1577405481,Spriteside,64,2,1796,0,29866,0,29866
1577405536,nomic,355,10,80074,5539,312,0,5851
1577405680,SaSa11,0,1,26,0,0,0,0
1577405688,Galnok,0,1,3409,0,122,0,122
1577405712,Belaajul,0,1,71,0,0,0,0
1577405866,martinb4,0,0,0,3438,3690,0,7128
1577405997,mraalee,114,78,176868,67143,58727,544,126414
1577405999,rint96,0,0,0,0,987,0,987
1577406000,marcosandro,49,8,15783,5957,3358,0,9315
1577406096,Ol Mac Huffington,19,1,501,0,9349,0,9349
1577406106,Rythime,0,1,185,0,0,0,0
1577406139,optimus12,0,1,334,0,0,0,0
1577406365,Meister Kruk,0,1,125,0,0,0,0
1577406443,lafofi,0,1,5572,1178,546,0,1724
1577406690,Drifter69,474,1,2409,0,10,0,10
1577406964,Der Kran94,221,12,70201,131802,16605,54,148461
1577407497,Meister2000,314,2,5298,932,0,0,932
1577407656,axelbacker,0,1,26,0,0,0,0
1577407908,beate,0,1,49,0,0,0,0
1577408060,Maso,0,1,52,0,0,0,0
1577408106,VitaZz97,0,1,947,3790,10154,0,13944
1577408204,lolonese,0,1,529,0,0,0,0
1577408223,Dragomir1985,0,1,383,0,3731,0,3731
1577408275,chrisire1,10,5,16540,0,2631,0,2631
1577408321,Kharn18,0,1,26,0,0,0,0
1577408612,Ralph1983,0,1,573,0,4519,266,4785
1577408647,alcnsun,0,8,53834,28205,223944,763,252912
1577408671,zombie1000,558,4,12537,0,1084,0,1084
1577408728,Fabslx12,0,0,0,0,2474,0,2474
1577408810,foesetroll,0,1,48,0,0,0,0
1577408825,HarryderPotter,0,1,804,0,0,0,0
1577408960,Mafiaboss,295,5,9799,0,2582,1958,4540
1577409127,Freakout001,0,1,198,0,0,0,0
1577409166,Maximus1985,37,1,3931,0,175152,4324,179476
1577409283,trazz777,0,0,0,53870,7308,0,61178
1577409450,Fighter4Real,759,2,3514,0,26,0,26
1577409645,Le0nii,0,1,564,0,0,0,0
1577409670,e1sKaLT,0,1,551,0,66,0,66
1577409681,I love Beaches,0,1,529,0,0,0,0
1577409816,Sieder100,851,1,547,0,0,0,0
1577409841,hxrnyy,0,1,529,0,0,0,0
1577409893,Mr.Eckhead,0,1,143,0,8295,0,8295
1577410146,crismo,0,1,26,0,0,0,0
1577410246,FerresNo1,350,1,26,0,8442,0,8442
1577410333,Snuggles75,87,1,6337,8,0,0,8
1577410359,Phithe,0,1,138,0,0,0,0
1577410674,maggilo,0,1,68,0,0,0,0
1577410712,asswert,0,2,1681,30615,29328,0,59943
1577410748,spreeathen,0,1,524,0,2782,0,2782
1577411017,Königin Werner,0,1,26,0,0,0,0
1577411036,Königin.Manu,18,4,10369,5410,103469,2241,111120
1577411054,marin123,0,1,666,0,95,0,95
1577411055,freakout18,0,1,70,0,0,0,0
1577411430,Toadally Awesome,637,1,1599,0,13,26,39
1577411433,Repuk,0,1,1443,0,3921,0,3921
1577411476,Wisseee,557,2,5858,14190,1221,0,15411
1577411514,dorftown97,0,3,5665,5856,6072,0,11928
1577411614,Drobe,557,2,4174,0,724,0,724
1577411812,Gast411812,87,2,7076,0,4900,2522,7422
1577411958,Mosti74,0,1,289,0,0,0,0
1577412013,Phil Losoph,178,2,8105,40,31601,20295,51936
1577412349,Kruemel25,0,1,272,0,211,0,211
1577412366,MineCrawler,295,3,5846,0,2332,4843,7175
1577412376,Torres,834,1,299,0,0,0,0
1577412648,Cenn,0,1,91,0,0,0,0
1577412899,Aftersun,0,1,118,0,0,0,0
1577412941,Hornet0997,639,1,3253,0,2993,6677,9670
1577413189,Radimm,314,1,424,0,5020,0,5020
1577413414,Sir Shiggy,0,1,823,0,597,0,597
1577413711,YAWAY,0,0,0,0,3087,0,3087
1577413752,Timpetu12,0,1,1672,0,0,0,0
1577413883,afk?,0,1,3520,966,9736,2756,13458
1577413927,Mattl Gande,365,1,1601,81,968,11400,12449
1577414406,CocaChef,545,0,0,0,3379,0,3379
1577414412,nicimouse44,693,9,29123,22393,62639,1641,86673
1577414870,escaso,498,3,9189,21659,21272,0,42931
1577414938,Horst262929,0,1,191,0,0,0,0
1577414967,Hartung von Schaffenburg,0,2,4719,0,0,0,0
1577415056,Icelina,0,0,0,0,1724,0,1724
1577415326,B1rne,373,4,12319,7045,759,0,7804
1577415580,Jusuf03,0,1,506,0,0,0,0
1577415771,StayHigh,0,1,504,0,2021,0,2021
1577415816,Titomiooo,130,58,250761,344077,16641,79427,440145
1577415818,Timewaste,557,1,3331,56,0,0,56
1577416024,Metalhead,0,1,77,0,0,0,0
1577416110,Liqdice,0,1,196,0,3617,0,3617
1577416226,ThorTyrion,0,1,471,13055,288,0,13343
1577416318,Noe99,693,12,48175,73834,34757,12030,120621
1577416330,Alles Döner,181,1,2486,181,26348,0,26529
1577416345,Fabi3190,0,1,4625,0,2938,0,2938
1577416442,dynatic,0,1,176,0,0,0,0
1577416546,Gottkönig0101,0,1,548,0,3342,0,3342
1577416552,DerJanVernichter,18,8,51317,113894,1060,13560,128514
1577416613,ValurGretarsson,0,1,796,0,318,0,318
1577416837,Kretok,694,8,38184,40943,5557,104770,151270
1577416865,Backfisch,0,1,49,0,0,0,0
1577417050,tlli2811,19,1,451,0,166,0,166
1577417053,Andy096,386,4,8911,413,2756,0,3169
1577417226,strawa4,322,10,45244,141192,118458,5383,265033
1577417264,Bad Bash,613,5,14320,0,368,565,933
1577417347,VanWolfing,77,10,55313,103952,975,29611,134538
1577417455,alpur,351,4,15887,697,964,0,1661
1577417601,Lord Juli77,693,10,30099,85285,855,34966,121106
1577417685,Tribalkat007,6,1,873,9,1975,0,1984
1577418122,Lady nina,140,1,602,0,28366,2190,30556
1577418462,DoodleBob,541,5,12236,6351,723,123,7197
1577418755,Ajnham,0,1,470,0,0,0,0
1577418831,-Daemon-,316,1,512,0,9064,0,9064
1577419227,Raphi66,346,31,84587,8443,47493,0,55936
1577419383,Pettheripper73,246,3,5413,76,34363,3196,37635
1577419434,pistole90,558,1,897,49,9649,0,9698
1577419521,SplashiX,49,11,55749,175660,224013,1497,401170
1577419538,Bumai,131,4,12615,3483,408,0,3891
1577419581,Stromlan,178,1,2103,0,640,24276,24916
1577419657,Celtic1899,734,1,2890,0,586,0,586
1577419671,Bizzarre,631,1,1226,180,0,0,180
1577419746,Erasion,0,1,1955,0,28958,0,28958
1577419780,Bastiboom,545,1,280,0,0,0,0
1577420114,Shyngz,0,1,4317,0,2663,0,2663
1577420294,DerMissionar,0,1,3770,0,10,0,10
1577420319,mulletmaik,152,1,192,0,260,0,260
1577420362,Electro,0,0,0,163342,7074,15860,186276
1577420369,Th3Wa4,631,2,4844,0,62,3778,3840
1577420494,GrafikFehl3r,734,1,2074,260,1496,0,1756
1577420867,Dadiz,59,16,33461,6664,1442,256,8362
1577420941,Jukkapekka,746,1,2138,90,50,0,140
1577420961,soreal37,442,7,7598,56,5324,765,6145
1577421183,Itachi-Sasuke,47,6,10301,2493,7207,3453,13153
1577421318,Soap HD,621,1,7354,192,19794,0,19986
1577421465,Ritterkreuz,0,0,0,0,270,0,270
1577421467,gaby01,0,1,46,0,0,0,0
1577421479,Ritter-Kunibert,41,4,8160,1407,388,1930,3725
1577421603,Cosma84,108,1,3519,0,242,0,242
1577421662,Tanex,791,1,1908,0,4169,0,4169
1577421689,nante,0,1,86,0,0,0,0
1577421767,Codi42,386,8,29946,57160,1535,31,58726
1577421925,Dragonlord,0,1,1165,0,0,0,0
1577422090,xLouTioN,0,1,81,0,0,0,0
1577422120,AndziaPandzia,29,1,4903,19,0,5189,5208
1577422135,Noway4u,0,1,26,0,0,0,0
1577422138,feurigtoast,0,1,26,0,0,0,0
1577422144,MoZzilaMan,0,1,26,0,0,0,0
1577422185,derzerhackler,0,1,395,0,47,0,47
1577422193,schattenkrieger01,0,1,545,0,739,0,739
1577422221,OptimusBlack69,0,0,0,0,20040,0,20040
1577422337,U2prime,0,1,1041,0,481,0,481
1577422452,inc21,0,1,1689,0,0,0,0
1577422475,Lol234,0,1,26,0,0,0,0
1577422640,kaserne08,0,1,43,0,1984,0,1984
1577422827,SirBrandshire,0,1,5966,0,864,0,864
1577422843,Lord Adler93,591,2,5056,10274,16925,6720,33919
1577422860,Kata097,0,1,407,0,0,0,0
1577422861,Samsungs4,0,1,26,0,0,0,0
1577422904,Handtuchtrockner,0,1,41,0,0,0,0
1577422981,The Marshall,498,7,20367,11836,8641,83,20560
1577422997,Lord Stoney,443,74,293306,253849,12533,34893,301275
1577423264,Geimbo,0,1,26,0,0,0,0
1577423281,EisBär,222,1,3661,0,786,0,786
1577423468,Heros,0,1,2079,0,1788,0,1788
1577423469,FB11,83,1,1537,0,0,3,3
1577423472,Stevil000,83,2,5663,0,3887,1087,4974
1577423536,Uni Vers,0,1,191,0,0,0,0
1577423595,Marian030,860,1,184,0,0,0,0
1577423646,ProgOn420,8,30,121241,116042,69202,11,185255
1577423672,Lord M.,0,1,982,4,315,0,319
1577423703,hashtag,246,1,3287,0,50,0,50
1577423724,Beldaran64,77,7,21220,18818,76952,2705,98475
1577423741,LordUbba,63,4,18878,257,611,0,868
1577423933,KayCT,0,2,5445,0,11449,575,12024
1577423955,LuCo,515,2,7361,0,39,0,39
1577423988,xSTBOx,0,1,30,0,0,0,0
1577424025,RaPo,459,7,12540,3729,75620,1,79350
1577424267,Knipser1987,128,4,15156,1966,83592,0,85558
1577424611,Shinigami Nr.1,0,1,26,0,0,0,0
1577424638,We are Family,0,1,55,0,0,0,0
1577424820,Roterrot101,0,1,443,0,85,0,85
1577424821,-JpR-,516,3,7363,0,325,0,325
1577424958,hojimib,0,1,26,0,0,0,0
1577425011,gawel,0,1,849,0,46,0,46
1577425042,costa81,591,4,13758,748,507,7390,8645
1577425125,Didi2711,0,1,420,0,0,0,0
1577425130,Haank,0,1,26,0,0,0,0
1577425333,Huuphuup12345,0,1,777,0,0,0,0
1577425387,doecij,0,1,26,0,2026,0,2026
1577425434,patolszew,0,0,0,3640,6397,0,10037
1577425488,BlackViper69,512,0,0,0,808,0,808
1577425582,priest,861,1,573,0,0,0,0
1577425637,tim97,0,1,1478,0,8339,0,8339
1577425681,Mylord Frank,95,5,11052,0,1745,0,1745
1577425804,GunnaderKleine,565,19,73926,274246,63112,10440,347798
1577425820,Kukusmilch,882,1,26,0,0,0,0
1577425872,iMAX Fischii,687,4,22503,21873,31525,0,53398
1577425873,Loom,205,1,2669,72,0,0,72
1577425893,MTru,0,0,0,0,16931,0,16931
1577425938,andi33,8,9,46746,37918,15025,2519,55462
1577426006,Account Manager,0,1,26,0,0,0,0
1577426007,Pragmatish,0,1,26,0,0,0,0
1577426008,Spezialist DS,0,1,26,0,0,0,0
1577426010,Experte,0,1,26,0,0,0,0
1577426012,Zauberer,0,1,26,0,0,0,0
1577426014,Ilkay Gundogan,0,1,26,0,0,0,0
1577426015,Christopher Nkunku,0,1,26,0,0,0,0
1577426020,Herr Professor,0,1,26,0,0,0,0
1577426021,Professioneller,0,1,26,0,0,0,0
1577426137,undnu?,295,5,19593,0,867,16999,17866
1577426245,Darkangel10387,0,1,166,0,0,0,0
1577426317,Blacktigher,405,3,9231,140,456,3402,3998
1577426456,nimrot,0,1,1032,0,10,0,10
1577426501,Stealth2903,0,1,296,0,0,0,0
1577426840,taocaj,0,1,3041,0,0,0,0
1577426881,nesti97,0,0,0,0,1042,0,1042
1577426940,24depot7,0,1,26,0,2444,0,2444
1577426942,Zjarr,0,1,26,0,0,0,0
1577426954,Rette1699,526,0,0,64668,30990,162,95820
1577427188,duselber,405,1,2836,0,1684,0,1684
1577427206,OldSqul,498,12,39656,9896,39,0,9935
1577427229,Zjar,0,1,26,0,0,0,0
1577427281,jady236,551,2,3428,397,64278,872,65547
1577427469,Wodkaenergy,0,1,99,0,2720,0,2720
1577427511,Toothfairy,637,1,3873,0,0,0,0
1577427706,Penny Lane,0,1,38,0,11820,0,11820
1577427741,Marco1953,0,1,3169,1266,3583,0,4849
1577427791,Kazik1012,160,6,27725,4146,1680,0,5826
1577427813,mühli93,879,1,1473,540,494,0,1034
1577427945,Albert Will,0,1,1599,0,0,0,0
1577428029,moynmister,0,1,673,0,0,0,0
1577428180,bieze,0,0,0,0,27386,3093,30479
1577428254,Bestrafer,165,21,66362,208007,112389,17159,337555
1577428375,arclightarrow,638,1,103,258,4311,0,4569
1577428502,Carlo2805,314,1,1897,0,758,0,758
1577428592,RainerFranz,0,1,26,0,0,0,0
1577428817,TheJDGame,0,1,160,0,751,0,751
1577428843,DuHeld,81,5,36076,26973,166020,3398,196391
1577428860,arminja,167,0,0,0,2922,0,2922
1577428904,-Banana Joe-,0,1,377,0,0,0,0
1577428905,twix,19,1,1344,0,0,0,0
1577428918,Earl of Pampers,0,3,5826,4018,22113,0,26131
1577428950,MaNA,0,3,6010,19159,17269,10,36438
1577428989,bcafce,516,3,10697,0,598,0,598
1577429032,Drainbooster,223,1,1106,1699,112,0,1811
1577429123,powertante,209,1,3435,0,82,0,82
1577429339,Jurz,0,1,305,0,0,0,0
1577429398,Pipikinq,35,1,1127,0,0,0,0
1577429449,*srm*,0,1,364,0,2687,0,2687
1577429555,Harleyquinn94,0,1,843,0,0,0,0
1577429589,Ichmusstoten,0,1,339,0,0,0,0
1577429621,Nordseerocker,609,1,2505,8022,24028,308,32358
1577429630,Oberstaber,0,1,2177,0,186,0,186
1577429700,WiderstandOhm,350,1,883,0,1215,0,1215
1577429914,Powerklaus,28,14,90834,51973,12822,0,64795
1577430070,SirAustria95,0,1,26,0,0,0,0
1577430363,Scheinwerfer,0,1,152,0,0,0,0
1577430508,-WhySoSeriouS?-,177,1,1351,0,396,0,396
1577430570,SURASURASURA,64,1,795,0,20,0,20
1577430890,Jörn-Oliver,123,13,60662,42098,3791,306,46195
1577430935,painkillaa,826,3,6567,0,1362,0,1362
1577430955,kjlmw,0,0,0,0,1366,0,1366
1577430994,Anabolfass,831,1,3600,0,0,0,0
1577431025,rippe94,0,0,0,0,1767,0,1767
1577431027,simp21,0,1,379,0,0,0,0
1577431028,baldr1,0,1,687,0,922,0,922
1577431073,fleur blobby,130,98,404683,56216,5734,85533,147483
1577431335,Beluschi,0,1,664,0,338,0,338
1577431426,EUR-Palette,226,3,10571,16,528,34649,35193
1577431436,TJEv ZeRo,0,1,229,0,104,0,104
1577431534,Greenbull,285,3,15696,1022,1066,0,2088
1577431613,Koffi2stylezz,0,1,26,0,0,0,0
1577431695,Febi86,751,1,4359,131,5318,0,5449
1577431790,Robinsko,342,1,26,9,98,0,107
1577431811,Lexenny,464,0,0,44320,49812,45,94177
1577431840,Kruse,185,2,3446,0,20,0,20
1577432049,demenztor,77,9,28183,16267,3851,3267,23385
1577432124,CannibalFruits,882,1,26,0,0,0,0
1577432136,Ivan94,59,4,11761,4642,4403,160,9205
1577432169,Kurt123,731,5,19220,11067,5240,0,16307
1577432208,Merte21,152,1,3288,0,0,0,0
1577432307,Fahrradfahrer,856,1,2071,378,15176,0,15554
1577432347,Kunibald,314,1,982,1337,5899,0,7236
1577432426,Itzstedt,0,1,26,0,8719,0,8719
1577432431,Sourbit,0,0,0,246261,166198,6299,418758
1577432481,Ego444,129,3,6142,141,19763,0,19904
1577432702,cgravenhorst,0,1,198,0,359,0,359
1577432806,Aerys,23,1,3260,0,534,0,534
1577432960,Feggei,25,1,1599,0,11893,0,11893
1577433263,NoWay,0,0,0,1,11324,0,11325
1577433341,juju-kek,0,1,239,0,0,0,0
1577433579,Daaei,398,1,2119,0,166,0,166
1577433735,TFKingHaRiBo,0,1,92,0,0,0,0
1577433762,billy92,168,0,0,0,974,0,974
1577433790,ole308,640,1,2242,1161,0,0,1161
1577433791,Ragnar.Lothbrok,392,114,549324,441590,23343,42753,507686
1577433896,AntonioMontana,221,2,4409,4859,33302,898,39059
1577433923,Okais95,516,4,9395,17590,340,2146,20076
1577434018,SummerIsComing,590,1,570,0,0,0,0
1577434061,Conan,516,4,10196,5430,1440,0,6870
1577434092,Dark Shadow20,0,1,1541,0,0,0,0
1577434232,Der Parfumdealer,0,1,122,0,74,0,74
1577434512,Patron247,0,1,2170,4838,18,0,4856
1577434601,InDyeGsicht95,688,6,10081,47529,131398,65845,244772
1577435063,milophil,125,1,1333,0,10,0,10
1577435316,Leberdurst,6,1,898,0,0,0,0
1577435509,dicawe,0,1,7563,0,10,0,10
1577435521,Smorthey,711,1,3755,0,0,0,0
1577435544,Lady Hansi,824,1,1125,0,0,0,0
1577435794,TreueElfe35,0,1,107,0,0,0,0
1577435805,Herzog Eisenherz,529,8,37851,21706,32367,35990,90063
1577435874,ManuGeuß,0,1,147,0,120,0,120
1577436002,LiPi92,443,14,50159,25157,4647,0,29804
1577436133,Hugo2014,735,1,857,0,0,0,0
1577436271,ProGamer92,0,2,6758,0,1064,0,1064
1577436328,GEORGE ST-PIERRE,0,1,159,0,113,0,113
1577436364,Tomson55,95,1,2202,1319,64129,0,65448
1577436366,Backi1,0,0,0,0,2426,0,2426
1577436381,Lord Bertl,637,1,478,0,0,0,0
1577436909,EscanorXXX,0,1,50,0,0,0,0
1577436996,Abels49,167,0,0,0,413,0,413
1577437045,NK79,0,1,1180,603,42842,0,43445
1577437061,Söör,19,1,1876,8723,371,0,9094
1577437086,Pineapple52,0,1,882,0,0,0,0
1577437215,PiratenKönig,0,1,26,0,0,0,0
1577437252,tom1525,0,1,143,0,0,0,0
1577437259,winterlover97,0,1,26,0,0,0,0
1577437369,YPG-001,284,1,558,0,9789,0,9789
1577437395,Holzgravur1,0,0,0,2560,5746,0,8306
1577437522,Holzgravur2,0,1,62,0,0,0,0
1577437710,LordCarlos,365,1,3124,990,204,5929,7123
1577437957,bombino,0,0,0,0,130,0,130
1577438034,Lewal,209,1,1254,0,1548,20203,21751
1577438080,random4u,787,1,2194,2246,27163,0,29409
1577438092,Schnecke77,0,1,26,0,0,0,0
1577438100,havocCc,0,1,379,0,94171,3746,97917
1577438253,Venner97,0,1,910,0,0,0,0
1577438453,tqv60421,0,0,0,0,340,1672,2012
1577438545,Lord Master,846,1,258,0,0,0,0
1577438551,König Steffi,95,2,10986,0,342,0,342
1577438578,dedmaster56,293,4,11981,31779,962,33130,65871
1577438623,Golf6Edition35,152,4,8664,0,684,0,684
1577438812,Chementine,0,1,77,0,0,0,0
1577438928,fli73150,0,0,0,0,2117,0,2117
1577438937,Tramm,0,1,26,0,0,0,0
1577438950,DukeAurel,711,1,26,0,0,0,0
1577439023,Raptor1989,313,4,9828,2847,637,2,3486
1577439033,MeisterUnfähig,0,1,389,0,2973,0,2973
1577439112,Ueberfordert,498,10,24273,19929,63,0,19992
1577439119,Lord Erik,3,3,13627,31113,521549,7604,560266
1577439286,pierre71,277,2,5246,1925,355,0,2280
1577439480,bier3,176,1,1232,0,10,0,10
1577439573,Kirchi93,350,1,1472,0,0,0,0
1577439574,talahoni,0,1,1967,0,442,0,442
1577439585,Carphunter93,818,1,610,0,0,0,0
1577439849,Trotsche,0,1,1137,0,0,0,0
1577439980,nwtrhimneg,0,1,248,0,0,0,0
1577440026,Barbar90,0,1,242,0,194,0,194
1577440310,Magnetic,205,3,17734,26598,4458,0,31056
1577440626,centurio,19,1,1868,0,20,0,20
1577440777,ErEk,413,1,3153,0,0,0,0
1577440830,Romsiline,451,1,2417,0,10,8149,8159
1577440926,Onlyengel,35,1,26,0,191,0,191
1577440973,Elfen,0,3,4592,2394,1541,0,3935
1577441213,kifretil,0,1,2430,4489,895,0,5384
1577441405,McDiven,18,10,39700,40352,8871,108250,157473
1577441507,Alexpopalex,434,2,4424,0,1025,0,1025
1577441559,merlinrohl,788,2,3619,0,0,0,0
1577441645,Goblex Elda,648,3,7015,5729,0,0,5729
1577441677,MrPickles,515,0,0,0,9921,0,9921
1577441810,Innenbert 65,0,1,4625,0,22,0,22
1577441849,letsgogamerz,0,1,90,0,1560,0,1560
1577441983,P.v.sturm,872,1,1239,0,0,0,0
1577442138,SirEdel,167,1,2426,1889,516,0,2405
1577442311,gemenqueen,5,4,13096,0,772,0,772
1577442344,DieStämme,99,2,4091,0,413,0,413
1577442577,Crowned3000,0,1,739,0,0,0,0
1577442852,Wartortle,0,1,26,0,0,0,0
1577442991,playbunny1409,0,1,227,0,0,0,0
1577442999,Mofaklaus,0,0,0,5308,2925,0,8233
1577443080,Grozok89,0,1,140,0,185,0,185
1577443108,gamepaddy,340,1,1129,0,382,0,382
1577443178,OnkelMaci,0,2,4252,203,353,0,556
1577443255,budarulz,0,1,26,0,0,0,0
1577443333,worfeus,0,1,134,0,0,0,0
1577443463,BigMacBannDenWeg,591,5,9322,8454,2642,2635,13731
1577443469,The Wizardone,314,3,1285,7603,20364,0,27967
1577443567,SilverHuepfels,87,8,16487,374,30461,0,30835
1577443732,Kuddl,451,1,2735,0,300,40798,41098
1577443743,champ95,10,2,8085,0,50234,0,50234
1577443820,FairplayKevin,0,1,825,0,0,0,0
1577443826,Bauze82,755,1,251,0,0,0,0
1577443995,Nucius,451,2,8331,0,65,5368,5433
1577444053,Unknown0815,0,1,26,0,0,0,0
1577444111,Playaaa2509,473,1,6492,56,0,0,56
1577444181,OlliOri,0,1,619,0,78,0,78
1577444225,Blackneoo,0,1,1644,0,34,0,34
1577444303,PeterMachtMeter,130,116,433007,69854,510580,601379,1181813
1577444380,sberber,0,1,267,0,1384,0,1384
1577444440,Viki3000,282,2,6880,2510,386409,110135,499054
1577444637,igb76348,0,1,767,0,2045,0,2045
1577444692,arbeitsloser-0815,160,1,1617,0,0,0,0
1577444742,Eisenfaust42,0,1,419,0,2003,0,2003
1577444773,fik90741,0,1,43,0,739,0,739
1577444840,merjo,348,1,203,0,56,0,56
1577444878,Old DARK Memory,861,1,805,0,0,0,0
1577444909,Coconut,842,15,52329,126731,60684,0,187415
1577444924,krl10231,0,1,26,0,0,0,0
1577444925,nde34610,0,1,26,0,0,0,0
1577444930,koromiri,0,3,8622,9658,28661,0,38319
1577444976,vis23868,0,1,41,0,0,0,0
1577445047,reiks,129,1,4790,0,10,0,10
1577445069,Moritz0509,64,4,6940,0,3393,113,3506
1577445137,jaj88179,0,1,617,0,1475,0,1475
1577445236,Schnurzelhuber,0,1,2777,1157,878,0,2035
1577445253,HandofBlood,0,1,1474,0,2247,0,2247
1577445470,defml,0,1,637,0,69,0,69
1577445606,fariol,0,1,3116,0,3611,0,3611
1577445649,BennoZ,277,4,7657,0,418,0,418
1577445686,DR.Holliday,0,1,269,0,370,0,370
1577445881,stormer1337,733,3,5371,10832,377,0,11209
1577445942,Waterman,0,2,4956,0,13352,0,13352
1577446187,Hamppe,0,1,26,0,0,0,0
1577446326,hase123,221,5,38862,68046,7966,18,76030
1577446349,schnuffihund,95,4,9129,9093,16260,0,25353
1577446402,davee4,533,5,22626,161636,8124,149,169909
1577446644,gabbagandalf93,0,1,218,0,272,0,272
1577446804,Stammdre,191,1,26,2480,112,0,2592
1577446915,Jojo1,0,1,1648,0,20,0,20
1577447499,punchkilla,0,1,331,0,172,0,172
1577447542,Ta-otter,0,1,435,0,175,0,175
1577447669,Berglöwe,0,1,1171,20036,10057,0,30093
1577447702,yenny,534,2,4305,0,1287,0,1287
1577447783,Mark51,516,1,4232,0,0,7,7
1577447985,DerNoob1,0,1,79,0,0,0,0
1577448137,FSCar18,0,1,26,0,0,0,0
1577448294,xTakka,838,2,1926,1693,105641,0,107334
1577448300,kliwa,0,1,133,0,0,0,0
1577448877,Kimi,205,11,9583,0,4732,0,4732
1577448937,SteveSauda,0,1,504,0,2044,0,2044
1577449045,ekko1992,0,1,259,0,0,0,0
1577449052,AlexTheKek,0,1,472,0,4484,0,4484
1577449200,Meyraluna95,0,1,100,0,0,0,0
1577449375,.Nachtaktiv,0,1,545,0,14670,0,14670
1577449376,SUSkia,0,1,550,0,8923,0,8923
1577449383,Ronny Berger,685,1,4082,2814,117,0,2931
1577449424,weedbeat97,639,1,2074,0,30,0,30
1577449530,Ms. Cakeyy,0,1,265,0,11356,0,11356
1577449531,XcccDDSSxx007,0,1,529,0,0,0,0
1577449588,karl4,677,1,403,0,10545,0,10545
1577449590,Obstlord,207,1,2845,0,20,12876,12896
1577449651,y mad bro,0,1,529,0,24,0,24
1577449652,yaMommy,0,1,500,0,5904,0,5904
1577449653,awesom3,0,1,538,0,0,0,0
1577449817,juckt?,0,1,551,0,16,0,16
1577449904,Jostun,160,6,16658,15109,39457,0,54566
1577449949,Der Spiegel,0,19,103197,149803,17818,637,168258
1577449974,Auryn45,0,1,220,1545,100,0,1645
1577450028,Schlumpf78,28,11,28367,4932,3558,20882,29372
1577450094,ertuerk1991,0,1,2421,0,0,0,0
1577450134,xXBacktoBlackXX,0,1,26,0,239,8165,8404
1577450593,Eldinn,87,3,8955,4437,1105,0,5542
1577450671,fl8rian,369,2,12253,0,0,0,0
1577450677,AK-Schuetze,0,1,301,0,594,0,594
1577450953,DB-racing1992,0,2,4568,9804,12932,0,22736
1577451173,iggi86,0,1,476,0,91,0,91
1577451205,ficjhnh,0,1,170,0,0,0,0
1577451244,mczh,848,1,351,0,0,0,0
1577451294,Hut-macher,0,1,65,0,0,0,0
1577451301,Freezer069,0,1,689,0,122,0,122
1577451481,BlaueHoffnung,13,0,0,0,12120,0,12120
1577451491,King louis,0,1,224,20,20199,0,20219
1577451544,Uschkrieger,0,1,26,0,0,0,0
1577451587,Pat885,223,1,2162,372,38,0,410
1577451673,Der Bert,351,3,6088,228,661,0,889
1577451898,McHenry,29,1,505,5175,21471,0,26646
1577451917,mrtuerkenbart,41,3,5738,0,171,0,171
1577451992,BadGirl,0,1,2083,0,1280,0,1280
1577452009,MrWeed,0,1,262,0,24897,0,24897
1577452034,Gast0997,0,1,728,0,0,0,0
1577452340,ElDogo,0,1,134,0,0,0,0
1577452353,LiaOnAir,0,1,1227,0,697,0,697
1577452447,Dorfkasper,498,23,118077,1002,10614,0,11616
1577452508,fokus,443,24,116707,58465,4521,10155,73141
1577452549,Waloka,0,0,0,0,1656,0,1656
1577452721,Sizzel21,0,1,340,0,347,0,347
1577452747,bwt14728,0,1,26,0,0,0,0
1577452973,Jogy,826,1,1509,4077,0,0,4077
1577452989,Chrysippos,141,1,1241,0,2701,0,2701
1577453031,TiMo-95,0,0,0,0,3451,0,3451
1577453052,420Jay,52,6,20697,52,291,940,1283
1577453226,Schino,0,1,753,0,0,0,0
1577453230,Yusuke Urameshi,0,1,151,0,116,0,116
1577453349,DresX,734,1,2835,0,0,0,0
1577453467,Colo4,0,1,26,0,0,0,0
1577453475,FelixxxxTv,0,1,77,0,0,0,0
1577453476,Sachsen Otto,39,1,1094,0,738,0,738
1577453671,Nerdy33,0,1,26,0,0,0,0
1577453770,Babyphone,276,1,4502,7591,0,0,7591
1577453775,Lenzii,737,1,895,0,1331,0,1331
1577454010,7-sieben-7,0,1,125,0,0,0,0
1577454074,Aragorn1,8,12,56434,41876,3679,1,45556
1577454083,Katzler91,167,2,4704,268,517,0,785
1577454293,Buktu,0,1,125,0,416,0,416
1577454348,Hoppel128,646,3,6611,8879,39,0,8918
1577454410,Dolchgeber,3,13,43909,97,145314,91375,236786
1577454847,Auctoros,0,1,258,0,0,0,0
1577454874,KingKoi,0,0,0,228,1548,0,1776
1577455048,Lord nimrot,0,1,361,0,194,0,194
1577455087,Toto1968,0,2,4636,9069,714,0,9783
1577455151,Mdansci,0,0,0,1645,6643,0,8288
1577455373,Davus der Älteste,63,4,17037,0,3438,0,3438
1577455378,grubbel,343,1,3661,27,1974,0,2001
1577455538,Der Terror,0,0,0,1101,1161,0,2262
1577455589,Devil81,90,1,2798,0,628,12349,12977
1577455662,MrOceanWeedMan,266,14,71303,23,312,12927,13262
1577455681,AdelTawil,177,1,270,50,2430,0,2480
1577455741,quezzchen,0,1,147,364,989,0,1353
1577455855,MasterChief117,0,1,26,0,355,0,355
1577455870,M0ng0se,0,1,1904,3990,19796,21519,45305
1577456001,Porni,0,1,26,0,0,0,0
1577456093,tomfire,0,1,2752,0,250,0,250
1577456184,Willenlos,0,1,408,447,10767,0,11214
1577456211,LadyAshford,0,0,0,0,65,0,65
1577456515,L0nd0n,78,1,2195,0,3407,3740,7147
1577456618,Gerrit7777,456,56,179754,14669,4457,0,19126
1577456687,Mustafa7,0,1,529,0,0,0,0
1577456718,No.reply,0,1,81,0,0,0,0
1577456803,LordOfWar,558,1,164,0,0,0,0
1577456833,cpukiller,37,3,1777,6191,8478,987,15656
1577457050,Ch3wbacca1909,0,3,4638,0,1512,0,1512
1577457261,Erzherzog X,0,1,1024,176,0,0,176
1577457334,Kingköng,558,1,1717,0,54,0,54
1577457335,abc xyz,558,1,956,0,10,0,10
1577457424,corentin,0,1,1886,0,6204,0,6204
1577457434,HankHooray,0,1,1635,0,0,0,0
1577457436,DaddelDrache,0,1,234,0,0,0,0
1577457462,NewHorizon,0,1,26,0,0,0,0
1577457583,Tylarr,0,1,1414,0,115,0,115
1577457619,Acee,0,2,2929,27165,1772,0,28937
1577457784,kekolores,0,1,529,0,0,0,0
1577457789,Pr0wa911,119,0,0,443,35883,31889,68215
1577457881,scorpion10,0,1,68,0,0,0,0
1577457947,Terapeut,0,1,41,0,0,0,0
1577458190,Döner macht schöner,558,1,1472,5892,65,0,5957
1577458191,schlong69,558,1,1140,0,0,0,0
1577458197,haskie,0,1,453,0,0,0,0
1577458230,PaschaHasan,0,1,127,0,0,0,0
1577458421,HansaKogge,348,1,326,0,2001,0,2001
1577458427,der.Hippster,177,1,849,0,0,0,0
1577458687,NeverAgain,318,4,13711,330,3849,488,4667
1577458834,IlIlIlIlI,6,1,885,0,0,0,0
1577458993,Brehmer,0,1,26,0,0,0,0
1577459324,defAG,0,1,195,0,0,0,0
1577459379,Lord Lexxer,0,0,0,0,395,0,395
1577459393,Levinjo,0,0,0,0,105,0,105
1577459638,Manika,787,1,311,0,0,0,0
1577459842,Geredet wie ein Löwe,0,1,96,0,0,0,0
1577459879,renner93,37,2,1410,10822,68646,0,79468
1577460041,Ch4rge,20,1,1452,0,0,0,0
1577460073,Wintileu,0,1,210,0,198,0,198
1577460385,Toran,0,1,3490,0,0,0,0
1577460551,Ethold,0,0,0,0,3655,0,3655
1577460735,peter57,248,1,1352,0,0,0,0
1577460911,Martha Pfahl,694,5,17634,19885,550,0,20435
1577460921,Ahzumjosh,47,7,23075,31380,185659,6813,223852
1577460986,cedi 95,0,1,677,0,0,0,0
1577461280,iv3s72,222,4,5522,4611,26866,5757,37234
1577461410,timoo38,734,11,24966,21158,234,6838,28230
1577461836,fightclub76,0,0,0,240,3229,0,3469
1577461838,DerVarnical,14,1,7166,1383,0,0,1383
1577461958,Sinus,0,1,263,0,0,0,0
1577462035,Menatris,0,1,134,0,2152,0,2152
1577462105,berkay54,0,1,26,0,0,0,0
1577462233,Shrike,0,2,2559,8243,19785,0,28028
1577462257,BigusDickus,405,2,6239,0,106,1647,1753
1577462453,Priestergefördert,621,1,1604,0,0,2703,2703
1577462629,llnobodyll,0,1,1078,340,134,0,474
1577462648,Idrol,275,0,0,18806,16266,0,35072
1577462883,Badibaby,549,1,2196,0,9641,0,9641
1577463042,Phoenixmusiq,0,1,2230,0,685,0,685
1577463245,Xantherion,558,1,214,0,0,0,0
1577463556,Ceebee,340,1,1777,0,5607,0,5607
1577463629,Elof1892,0,1,3782,563,4546,238,5347
1577463933,HoherStaufer,0,1,1901,0,0,0,0
1577463993,Flatterwisch,346,3,4673,0,118,0,118
1577464083,smei,0,0,0,0,1383,0,1383
1577464084,GurkeMelone,737,1,1715,0,4,0,4
1577464113,FLNALN,181,1,1606,0,4117,0,4117
1577464140,The-Joker,318,3,10356,12728,61005,33790,107523
1577464188,Badius,0,3,11848,16733,9928,0,26661
1577464354,Danne75,0,1,133,0,0,0,0
1577464463,kirito32,0,1,239,0,0,0,0
1577464464,Loloi,860,1,262,0,0,0,0
1577464482,Trixxson,0,1,26,0,0,0,0
1577464484,Lucxion,0,1,26,0,0,0,0
1577464497,0815Name,130,60,247969,42554,499218,185099,726871
1577464500,Lord Lord Lord August,0,5,8217,1856,47960,0,49816
1577464525,Blacky200,0,1,140,0,3527,0,3527
1577464556,kingscrosss,0,1,7297,0,26,0,26
1577464586,Leoana,0,1,645,0,10,0,10
1577464661,RiseAgainst5032,0,0,0,0,1943,0,1943
1577464685,Erdu777,860,1,721,0,0,0,0
1577464697,König Christian,307,1,301,0,5702,0,5702
1577464711,Loribaft,0,2,4304,0,455,0,455
1577464811,Ratohym,0,1,553,0,2098,0,2098
1577464954,CallMeASpaceman,0,1,1720,0,12987,0,12987
1577464970,Redbulljunkie,744,2,1617,40,10461,0,10501
1577464994,Herzog Schmidt,0,1,406,0,749,0,749
1577465020,Ghostwriter1991,0,1,26,0,0,0,0
1577465086,existenzxd,49,14,62516,6455,253,0,6708
1577465160,nudelxxx,0,0,0,0,10058,0,10058
1577465477,georg1,0,1,4346,0,10,0,10
1577465504,Rincewind610,123,74,263950,198952,34744,2967,236663
1577465548,Furnoctis,0,1,453,3333,5631,0,8964
1577465695,engarde3008,18,2,2167,848,34895,0,35743
1577466180,Free-Re-Phil,0,1,447,0,0,0,0
1577466235,GeneralMark,501,1,2339,0,0,0,0
1577466244,R0CKST4R,787,1,6321,530,0,0,530
1577466267,Matti18,0,1,1003,5762,7328,0,13090
1577466282,Sisi,0,1,1133,0,8671,0,8671
1577466284,Brndt,363,1,493,0,0,0,0
1577466354,EnotheonE,81,3,8439,20110,55489,0,75599
1577466747,Lady Gabriel,0,1,832,0,0,0,0
1577466748,Tukan,0,1,512,0,0,0,0
1577466830,Hammerburger,346,3,11086,1561,18617,4,20182
1577467465,Leck die Ziege,0,1,26,0,0,0,0
1577467869,Warplayer101p,436,3,7163,0,2041,839,2880
1577467930,Leon.2810,65,1,6559,0,600,0,600
1577468023,raptil777,0,0,0,0,1542,0,1542
1577468049,Grindelwald93,0,1,26,0,0,0,0
1577468154,Makroxix,179,2,10176,211,0,0,211
1577483019,MotorMachtBoom,621,0,0,7069,3901,445,11415
1577483116,Frühlingsbock,621,1,3358,197,93,583,873
1577483302,Lordhaze,565,17,91075,218104,117998,133410,469512
1577483451,Don Arno,61,4,26457,289,1071,80096,81456
1577483473,skillerpro,621,0,0,0,136,0,136
1577483577,Vorortservice,621,1,2009,0,13,9,22
1577483597,Renfield,140,1,831,0,0,0,0
1577483612,Bubu94,0,1,289,0,338,0,338
1577483655,bluefroc,340,1,2855,0,56765,0,56765
1577483702,Feuerdolch,501,1,4029,2396,2795,0,5191
1577483707,pliro88,0,1,2611,91,2353,0,2444
1577483734,Saurius,0,1,271,0,0,0,0
1577483735,Blackuni,205,45,160633,4287,147476,18342,170105
1577483788,Gigabyte1024,621,1,1067,0,709,0,709
1577483801,snoopy666,314,1,2238,186,17122,0,17308
1577483824,Senjin,232,4,13482,21541,1144,38705,61390
1577483845,Senju Wakasa,232,6,21499,58948,105794,6,164748
1577483966,PustekuchenTV,0,1,281,0,260,0,260
1577484041,peter0000,0,1,75,0,0,0,0
1577484106,pandam,0,1,273,0,45,0,45
1577484164,Dynamigan05,762,2,3618,2097,348,0,2445
1577484370,SaschaRS,18,1,3857,23219,75978,11942,111139
1577484420,kingsanny287,235,3,7125,0,26791,75,26866
1577484423,meli30,266,1,1034,99,2941,0,3040
1577484515,gerkan,815,4,12516,3482,1326,0,4808
1577484639,Fabo,0,1,49,0,0,0,0
1577484667,DarkShineRise,771,1,473,0,0,0,0
1577484815,Tueddie,223,1,556,0,2321,0,2321
1577484847,Felix Hannover,59,9,36367,15553,359,91,16003
1577484886,Proxybasher17,443,60,397100,146554,21193,63392,231139
1577485146,EchoNull00,0,1,234,0,0,0,0
1577485164,chris1898,0,1,546,0,494,0,494
1577485180,mc.car,506,2,4930,5,0,436,441
1577485188,tralalelo,0,1,292,0,0,0,0
1577485194,goodfella93,0,1,1922,0,100,0,100
1577485253,FlameRiderAsh,0,1,26,0,0,0,0
1577485292,empedokles,0,1,90,0,0,0,0
1577485386,no0psy,860,1,4023,0,0,0,0
1577485392,Hotti11,0,2,3693,1186,13207,0,14393
1577485482,SnackAttackJack,0,1,234,0,0,0,0
1577485497,goodmorning,787,1,3695,122,0,0,122
1577485714,ProditorJack,0,1,2922,0,10,0,10
1577485766,crazy4ever,515,3,11945,0,6094,0,6094
1577485876,Paul,0,1,465,0,0,0,0
1577485882,GermansPro,515,3,11727,0,4207,0,4207
1577485992,gusti1705,705,1,785,0,1590,0,1590
1577486006,InSlumber,83,5,6699,1377,1886,0,3263
1577486028,mxddy,542,1,4998,0,0,0,0
1577486041,teddy0909,0,1,222,0,0,0,0
1577486056,ES90,771,1,816,0,0,0,0
1577486065,Lord Dudi,824,4,11503,13960,8567,550,23077
1577486078,bosch,386,13,66320,39239,13882,0,53121
1577486104,HeinrichIV,363,2,5494,6034,552,0,6586
1577486106,5DaysSolo,0,1,26,0,0,0,0
1577486167,Kiminski,0,3,5930,4433,8002,0,12435
1577486226,Madunicum,266,3,21131,0,0,29314,29314
1577486344,NixPeinliches,842,1,3997,27514,1166,2634,31314
1577486485,kogik bomb,0,1,54,0,0,0,0
1577486495,Kata17,0,1,607,0,1548,4630,6178
1577486504,Slawa,0,1,1365,0,0,0,0
1577486519,Ktemmi,0,1,480,0,0,0,0
1577486535,DerLetzteLöffel,0,1,233,0,0,0,0
1577486566,Fürst V,63,9,42710,17644,1154,0,18798
1577486584,Raegwyn,0,1,26,0,0,0,0
1577486598,warrior 95,0,1,4119,75,210,0,285
1577486614,Metty79,30,9,21767,69956,400557,137645,608158
1577486797,marcels28,0,1,56,0,0,0,0
1577486805,Ailton32,658,1,539,0,740,0,740
1577486818,General Lambo,824,2,8328,18050,0,0,18050
1577486821,Micoud10,658,1,1025,0,2781,0,2781
1577486890,sung jin woo,0,0,0,0,31811,0,31811
1577486942,Lordstich,0,1,669,0,0,0,0
1577487038,Rocco2808,0,1,637,0,0,0,0
1577487117,flo1893,0,1,634,0,0,0,0
1577487129,Kynaru,0,1,891,0,0,0,0
1577487190,Bosstradamus,0,2,14422,66277,960,0,67237
1577487205,TimSiersleben,0,1,2840,0,10,0,10
1577487253,Pössl,791,1,743,0,0,0,0
1577487537,KönigOhneReich,0,0,0,0,3764,0,3764
1577487574,Bradlay von Xanten,473,2,10456,11590,7163,0,18753
1577487708,Bursel,0,1,350,0,3169,0,3169
1577487732,GönndalfderGraue,41,18,64597,12966,1367,655,14988
1577487787,Flamme,276,1,2942,0,9804,0,9804
1577487842,Macelch1608,19,2,7880,0,655,0,655
1577487899,Deidara.,0,1,363,0,0,0,0
1577487900,Pain.,0,1,257,0,9175,0,9175
1577487902,Sasori.,0,1,4183,0,0,0,0
1577487956,Tevilein,0,1,1652,0,4092,0,4092
1577487965,Lord Purzel,496,1,654,0,21357,0,21357
1577488094,König masterchief117,232,4,10801,6526,169,3062,9757
1577488359,DeffBasher,0,5,24654,9998,1892,0,11890
1577488591,B3rs3rc3r,0,2,1367,0,49848,0,49848
1577488923,Hades07,0,1,2331,0,0,0,0
1577489023,Die KI Futterer,194,1,3639,0,10,0,10
1577489058,Master of Disaster,14,1,5117,572,26,8684,9282
1577489059,OnkelHeile,32,11,33155,28750,1963,0,30713
1577489060,Bouns,553,3,17034,47362,137208,84,184654
1577489103,Kirsch Banana,0,1,26,0,0,0,0
1577489211,Rhodan1,580,2,4386,0,2778,0,2778
1577489246,König Balu,0,1,1936,0,80,0,80
1577489257,Gnuppel,12,11,40075,69002,550266,0,619268
1577489259,funstadt,0,1,1046,0,0,0,0
1577489354,WhiteWalker,693,2,10649,46921,16495,1252,64668
1577489428,jonnystyle,0,1,26,0,0,0,0
1577489446,flo2911,646,8,33722,47882,1337,0,49219
1577489545,Sebraskus,177,1,1124,0,5162,0,5162
1577489572,Ruffy996,0,1,68,8316,8539,1421,18276
1577489676,Pfandpirat,0,1,26,0,0,0,0
1577489699,Luka der Pupa,0,1,26,0,0,0,0
1577489707,Haus Rose,0,1,26,0,0,0,0
1577489721,Junkrat,0,1,26,0,0,0,0
1577489774,winmar,0,1,1087,0,1923,0,1923
1577489775,Xarntos,0,1,491,0,0,0,0
1577489820,flo25565,0,1,4508,0,0,0,0
1577489844,Deit Zuckerfrei,0,1,26,0,0,0,0
1577489849,Amongo us,0,1,26,0,0,0,0
1577489850,uwu girl skizze,0,1,26,0,0,0,0
1577489854,König von malle,0,1,26,0,0,0,0
1577489856,fart HD,0,1,26,0,0,0,0
1577489865,Hated,0,1,5909,32189,147427,9270,188886
1577489898,DannyBs,681,1,720,0,920,0,920
1577489908,DingoMania,369,5,10615,0,676,10058,10734
1577489962,Reiner Wahnsinn,232,7,32457,3231,696,0,3927
1577489970,Salzstange,0,1,534,0,2507,0,2507
1577489972,Kenny T Kid,501,1,4923,3,614,0,617
1577490033,LocoMango,0,1,529,0,0,0,0
1577490082,Kanalreiniger,0,1,26,0,0,0,0
1577490243,sikama,0,1,953,0,72,0,72
1577490264,Snakehead III,0,1,1811,0,0,0,0
1577490363,Coban AMK,0,1,41,0,0,0,0
1577490372,Prjaniki,0,1,80,0,300,0,300
1577490462,LordTigu,0,1,2652,33180,20971,0,54151
1577490480,RedBurnA,721,4,14462,81735,332,0,82067
1577490517,adamka26,0,0,0,0,726,0,726
1577490625,Franz Walter,0,0,0,0,37498,0,37498
1577490626,elby,0,1,2050,0,0,0,0
1577490916,Vonvoid,128,12,51238,30648,17163,176,47987
1577490958,Nikolaus1,0,1,1056,0,0,0,0
1577490983,LordVader88,340,1,3479,0,0,0,0
1577490989,Flanschexpress,442,79,285166,877570,236840,46467,1160877
1577491008,Johnny1990,0,1,4152,21042,2246,0,23288
1577491153,angelina,0,1,848,50,6641,598,7289
1577491160,sdfsdfsd2222,0,1,564,0,1817,0,1817
1577491168,Ko0JCSOkqm,0,1,521,0,6612,0,6612
1577491270,vp43guje,0,1,550,0,0,0,0
1577491271,gv5qoixk,0,1,529,0,0,0,0
1577491275,qcaa6rez,0,1,550,0,1789,0,1789
1577491276,76ocegu4,0,1,529,0,9825,0,9825
1577491520,Scherzer7,0,1,433,443,24349,0,24792
1577491574,Nicky,762,3,4916,0,1895,0,1895
1577491599,Westpoint001,91,1,2567,44,20,0,64
1577491747,Serberus1985,0,1,766,0,0,0,0
1577491766,KaVauEn,829,1,1088,10,8335,0,8345
1577491792,AndyReinke,0,1,2580,0,5761,0,5761
1577491830,meisterfry,0,1,3730,0,3993,0,3993
1577491951,KeKaCl,591,5,19796,11022,511,12681,24214
1577491956,KIZBOX,205,6,19727,104791,8672,0,113463
1577492161,Lord Cruticroc,782,1,1409,0,0,0,0
1577492185,keylan,8,11,41291,22504,2444,3404,28352
1577492206,PestoPeta,318,20,69787,75588,20670,70480,166738
1577492226,Abysselder,0,1,67,0,7264,0,7264
1577492491,Lord hexor,119,1,589,5884,12083,0,17967
1577492516,Rauta,0,0,0,0,68742,0,68742
1577492688,Stinkstiefel,501,2,3970,0,415,0,415
1577492916,Steffi,0,1,339,0,1677,0,1677
1577492953,ChrisRedfield,0,1,264,0,0,0,0
1577492977,rezero,0,1,46,0,0,0,0
1577492985,boecksiflo,322,6,20360,8562,2004,1980,12546
1577493028,feli50,0,1,220,0,0,0,0
1577493049,juergen b.,0,1,101,0,32,0,32
1577493131,FreundlicherRentner,61,0,0,0,113229,24339,137568
1577493132,Joyboy,685,4,12331,1548,131071,0,132619
1577493520,mesutbeutlin,710,2,3997,1030,0,0,1030
1577493574,Erich556,704,0,0,0,1608,0,1608
1577493584,Wotan2806,601,1,3456,7327,1322,0,8649
1577493594,matoneast,0,1,167,0,0,0,0
1577493640,legenda1996,0,1,443,0,828,448,1276
1577493738,Livil,521,3,13119,1846,1683,6657,10186
1577493796,Justmelix,8,10,29352,3925,26,0,3951
1577493803,Tired Monk,35,6,22793,18936,119304,0,138240
1577493814,lilxan,710,3,4697,8296,26,0,8322
1577493832,Superlöwe,0,0,0,0,5100,0,5100
1577494020,Lotte19,0,0,0,0,912,0,912
1577494030,Abeba,0,1,1535,0,19000,0,19000
1577494090,holzi4,318,5,15077,110,987,3548,4645
1577494197,HammiDerZerstörer,0,1,4035,0,0,0,0
1577494233,Sleepy BOOM,13,1,546,0,8,0,8
1577494283,andi gandi,442,1,3880,95140,7730,0,102870
1577494371,Lord KarlI,0,5,9175,0,605,0,605
1577494376,Bremer81,128,3,15136,23960,726,1695,26381
1577494463,DISC0VERY,0,1,1927,0,162,0,162
1577494495,AFKmeister,0,1,26,0,0,0,0
1577494514,Mataron,221,7,26612,128130,38206,317,166653
1577494592,Lord protasio15,0,1,255,0,124,0,124
1577494755,Crysic,99,1,1802,0,0,3,3
1577494837,Runja2025,700,2,6159,0,497,0,497
1577494847,kuhnep,781,6,22807,1284,47897,998,50179
1577494975,Kawarider287,0,1,3821,0,0,0,0
1577495090,Königin Juli,0,1,26,0,0,0,0
1577495104,*Cain*,83,1,5248,26298,129739,15072,171109
1577495275,Jelena,0,1,561,0,0,0,0
1577495310,LaSantaMuerte,0,1,3365,0,0,0,0
1577495320,jorge1234,0,3,8898,1400,568,0,1968
1577495327,Jigga,0,1,26,0,330,0,330
1577495335,Sergej14195,0,1,361,0,0,0,0
1577495345,Össiontour86,0,1,715,0,0,0,0
1577495355,Dorfherrscherin,0,1,748,0,0,0,0
1577495356,Eisenfaust89,0,1,793,0,0,0,0
1577495397,Kaiser44,0,1,26,0,0,0,0
1577495418,Saralina,631,1,955,0,0,0,0
1577495490,T1n0,77,11,35151,14025,2134,86886,103045
1577495524,Echorule,0,0,0,0,6504,0,6504
1577495543,Darkdeniz,572,4,18358,84675,1357,6508,92540
1577495544,Närrischer Tuck,0,2,5659,20042,5684,0,25726
1577495555,oh aha moin,0,3,5086,75,2686,0,2761
1577495674,Kris321,0,1,1114,0,14,0,14
1577495682,Schattenfürst02,0,1,780,0,0,0,0
1577495684,Torphi,0,1,633,0,66,0,66
1577495691,Stahlheru94,0,1,755,0,0,0,0
1577495835,Timo1901,0,2,4151,259,4898,146,5303
1577495923,JuBo,0,1,26,0,0,0,0
1577495952,Aragorn09,0,1,26,0,0,0,0
1577495955,Nokia1,0,1,405,0,0,0,0
1577495962,Mr. and Mrs. X,0,1,460,0,662,0,662
1577495984,König FaPuuu,0,1,257,0,0,0,0
1577496036,Manfredini 92,473,10,26765,780,1330,13,2123
1577496119,Donaparte,0,1,2414,0,0,0,0
1577496136,Bauer Lars,0,0,0,0,4387,0,4387
1577496166,Suellke,694,1,1806,1706,0,0,1706
1577496178,Nuyken,87,3,17927,67642,61,0,67703
1577496330,Wuupii,12,0,0,2151,57,0,2208
1577496371,Curios1988,0,1,32,0,0,0,0
1577496386,TheEconomist,0,1,1040,0,10,0,10
1577496405,Sr.Lili,0,1,802,221,0,0,221
1577496416,Timo35,179,1,7960,274,322,0,596
1577496438,Lord Ralf,116,1,3039,0,386,0,386
1577496597,erich553,704,0,0,1751,0,0,1751
1577496615,Tayron,8,8,50258,7112,832,1169,9113
1577496627,Percy2,0,1,26,0,0,0,0
1577496865,Badabuuk,459,5,16389,4896,249,3145,8290
1577496898,Intmeister07,0,1,137,0,0,0,0
1577496988,Simon21,0,1,26,0,8818,0,8818
1577497028,Kata Enthusiast,0,1,1263,0,6294,0,6294
1577497031,Tunis 1540,518,1,3631,366,5625,0,5991
1577497201,M0rnskey,0,1,381,0,0,0,0
1577497204,MARKYS1,0,1,381,0,26,0,26
1577497219,Elhuncho,0,1,381,0,3369,0,3369
1577497425,Manne07,0,1,1234,0,4477,0,4477
1577497507,fuseltuch,0,1,26,0,0,0,0
1577497623,Genon der Große,348,1,417,0,0,0,0
1577497650,Kemsyth,570,1,339,0,406,0,406
1577497717,BlueTempler,185,1,1163,0,32,0,32
1577497889,x3lly7fq,0,1,529,0,0,0,0
1577497890,e58kzvlw,0,1,529,0,0,0,0
1577497924,sghm,0,1,789,0,0,0,0
1577497987,KINGKOOL66,0,1,765,0,0,0,0
1577497990,Bauer Toni,0,1,735,0,0,0,0
1577498080,PennyIce,0,0,0,0,1384,0,1384
1577498081,JellyMcBeal,553,13,49912,18549,236766,0,255315
1577498112,Botox Manni,0,1,713,0,0,0,0
1577498163,Leuthnant,710,1,2638,5063,0,0,5063
1577498184,grudod,0,1,326,0,0,0,0
1577498189,xBalla,59,15,42591,22345,2299,531,25175
1577498200,Golfi37,77,8,38856,1020,5969,0,6989
1577498240,Autschi,710,3,4748,350,0,0,350
1577498248,nytg0rkg,0,1,529,0,0,0,0
1577498271,Schattenrabe,0,1,26,0,0,0,0
1577498335,Lacky,710,1,1767,0,0,0,0
1577498360,OldSchnuffel,0,1,1633,0,4000,0,4000
1577498383,Stiiffler,755,1,700,0,579,2,581
1577498396,GarpSan,316,0,0,90,1944,0,2034
1577498428,Ossi,764,5,13185,151485,2472,0,153957
1577498607,Yakuin,0,1,168,0,524,0,524
1577498619,BamBam80,791,1,974,0,0,0,0
1577498623,the-Ultra-King,10,1,3599,0,18435,0,18435
1577498626,democ 2025,0,5,8857,46329,650020,0,696349
1577498745,tüta,0,1,333,0,2910,0,2910
1577498756,Young Alpha,0,1,488,0,97,0,97
1577498766,paustl,710,1,2230,0,0,0,0
1577498780,Knallkopp111,0,0,0,0,3,0,3
1577498783,König Popo,29,0,0,0,480,0,480
1577498896,375uy5k0,0,1,529,0,0,0,0
1577498897,IcyGalaxy,0,1,532,0,0,0,0
1577498898,PythonPython,0,1,334,0,8687,0,8687
1577498899,SwallowWhite,0,1,529,0,0,0,0
1577498901,GeniusGenius,0,1,551,0,0,0,0
1577498902,LadySilverOtter,0,1,529,0,0,0,0
1577498910,KaitoKid,159,1,140,0,30,0,30
1577498931,HaraldSchönHaar,0,1,26,0,0,0,0
1577499020,Elytis,0,1,234,0,295,0,295
1577499092,LuluChuChu,0,1,26,0,0,0,0
1577499116,Rosinaregen,405,2,7645,2353,58576,8243,69172
1577499142,Lecter,165,40,130643,385034,51508,28481,465023
1577499191,gabagool,0,1,1625,0,6,0,6
1577499195,Defgonzales,0,1,26,0,0,0,0
1577499206,Frank74,99,1,2550,0,0,0,0
1577499279,02565dsk,0,1,529,0,520,0,520
1577499281,0x1hjaa3,0,1,529,0,0,0,0
1577499284,tintenfischhh,0,1,529,0,0,0,0
1577499286,Hawk Vicious,0,1,529,0,4,0,4
1577499288,SalamanderKidd,0,1,568,0,0,0,0
1577499290,crazy c0k3,0,1,529,0,650,0,650
1577499292,Orakelbert,0,1,529,0,0,0,0
1577499309,Cortana01,10,1,1778,0,57738,0,57738
1577499381,PinguinJihad,0,1,499,0,0,0,0
1577499383,High Status Coach,0,1,570,0,52,0,52
1577499385,snfs,19,1,567,0,34,0,34
1577499388,TheJew,0,1,381,0,78,0,78
1577499389,Sp00nge,0,1,396,0,0,0,0
1577499390,X444X,0,1,368,0,0,0,0
1577499447,wuffi22,41,12,17679,0,1638,0,1638
1577499456,VonHinten,232,11,56332,232279,10781,15401,258461
1577499517,Bobi0815,0,5,15420,0,11801,0,11801
1577499631,LordTorsti77,3,10,35560,175320,45065,6367,226752
1577499715,Christof 1812,41,10,26210,4031,4062,4925,13018
1577499723,Bossbert,0,2,4156,150,678,0,828
1577499779,joker65,0,1,470,0,336,0,336
1577499786,Gabsi0109,473,4,10410,51175,2549,0,53724
1577499924,tschelinii,0,1,299,227,929,0,1156
1577499950,Bach,693,3,5919,0,1407,0,1407
1577499999,marmadropula,0,1,444,1225,5916,0,7141
1577500021,NafpaktosTheGreat,782,5,16290,26,60453,20785,81264
1577500093,MH9plus,77,9,33898,0,2970,10869,13839
1577500152,Ademar II,755,1,367,0,0,0,0
1577500212,Kain Morgen,0,1,1416,122,88,0,210
1577500249,König Dr.med.Wurst,0,1,1523,0,0,0,0
1577500335,TCrosb,557,3,6658,13209,1851,0,15060
1577500340,Wotaboy,0,1,140,0,0,0,0
1577500351,Vampyr701,0,1,881,0,0,0,0
1577500357,XbocheXs,0,1,369,0,2964,0,2964
1577500358,BestOfMe,0,1,381,0,0,0,0
1577500360,SeXyMacaron,0,1,381,0,0,0,0
1577500366,xApathetic,350,1,1305,0,7842,0,7842
1577500400,Maurice77,513,1,1168,0,15277,2426,17703
1577500430,Funkywomen,640,1,1080,0,0,0,0
1577500438,Maxi Duck Tapir,0,1,529,0,0,0,0
1577500439,El Girl,0,1,529,0,0,0,0
1577500440,Fever Old,0,1,529,0,0,0,0
1577500441,Agent Pirate,0,1,529,0,0,0,0
1577500443,Yellow Mister Alligator,0,1,529,0,0,0,0
1577500444,Silly Frog,22,1,538,0,0,0,0
1577500446,Morbid Doll,0,1,529,0,0,0,0
1577500897,hufi20,751,1,955,0,5652,0,5652
1577500903,fixxii,533,6,40998,113724,94,0,113818
1577500973,Pascalqogooty,710,1,1201,0,110,0,110
1577501022,Brausebernd,0,1,360,0,0,0,0
1577501125,karlkarl,0,1,923,4886,7510,0,12396
1577501169,FanChelseaXx,0,1,381,0,0,0,0
1577501170,giveMEban,0,1,401,0,0,0,0
1577501171,Dario77,0,1,396,0,0,0,0
1577501298,Teddy-Alarm,0,1,714,0,0,0,0
1577501301,Sabrina-Delux,167,1,720,0,715,0,715
1577501302,Stadtverwaltung,0,1,806,0,0,0,0
1577501319,Honigbiene,0,1,26,0,0,0,0
1577501337,gregorbr,710,1,2274,0,0,0,0
1577501338,nachtfalke76,52,11,39044,26315,3170,1304,30789
1577501389,FriendlyFire,694,16,79526,192925,432859,42141,667925
1577501403,tetje,0,1,596,0,1573,0,1573
1577501579,Chones,0,1,2931,0,7262,0,7262
1577501597,Madsion,0,1,135,0,0,0,0
1577501599,cxn0,0,1,93,0,877,0,877
1577501604,Bastiidstein85,3,6,12145,1933,2733,3163,7829
1577501621,ulmer.a,0,0,0,22,65,0,87
1577501675,König Bonobo,0,1,323,1635,5581,0,7216
1577501765,Nanumanu,0,1,464,0,0,0,0
1577501766,Lady Dana,0,1,369,0,43,0,43
1577501831,SaintRSB,534,6,11476,0,2820,6644,9464
1577501950,Ushnotz,0,1,72,0,0,0,0
1577502075,Tommy1906,0,1,26,0,11423,0,11423
1577502102,andi.wandnageln,209,1,3672,130,0,4971,5101
1577502103,anna.bolika,209,1,2476,0,0,0,0
1577502140,Rallye,322,4,11891,4006,736,7989,12731
1577502195,Berlin777,0,1,3613,8307,410,0,8717
1577502218,Der Falk,200,9,22443,12110,980,0,13090
1577502282,Ali.Gator,209,1,3334,0,0,17553,17553
1577502320,Chibs,0,1,297,0,0,0,0
1577502359,itstschanina,8,5,13484,4165,1495,0,5660
1577502503,dick.tator,209,1,2667,2086,3727,0,5813
1577502504,Panzerschmied,542,3,8322,0,479,1881,2360
1577502513,MortoSur,0,1,464,0,0,0,0
1577502519,Smor67T,0,1,381,0,520,0,520
1577502521,kampflurch,0,6,14555,2968,44490,0,47458
1577502530,BirraMoretti,0,1,383,0,0,0,0
1577502539,heuler,209,1,606,20,17034,0,17054
1577502733,Malta123,152,1,5625,0,568,0,568
1577502804,chrissichris,731,2,4835,1057,271,3254,4582
1577502812,Brunhilde-Löwenherz,591,5,17031,1997,1014,9666,12677
1577502868,Lausnimmtdeinhaus,0,1,159,0,0,0,0
1577502891,Ares,793,1,6609,33867,28,0,33895
1577502899,InSAMe,0,1,2209,2780,7416,0,10196
1577502917,Joki Boy,685,1,3817,2444,0,0,2444
1577502960,Ilinka,0,1,381,0,0,0,0
1577502962,KatarinaX,0,1,381,0,0,0,0
1577502965,Pikachiuuu,0,1,381,0,0,0,0
1577502983,abseits,108,1,2970,0,295,0,295
1577503060,pantauli,209,1,3447,0,0,0,0
1577503111,Michael 111,541,1,1582,78759,34027,0,112786
1577503160,maxikuehleitner,0,1,127,0,0,0,0
1577503170,Camonte147,542,2,5023,0,3112,0,3112
1577503184,Am Goonen,0,1,26,0,0,0,0
1577503186,Lord Hose,0,1,26,0,0,0,0
1577503202,sunrakoko,0,1,78,0,0,0,0
1577503274,Slayer90,553,2,8438,7620,1584,20833,30037
1577503282,INNOS,0,1,26,0,0,0,0
1577503362,Hell*Life,0,1,381,0,0,0,0
1577503485,Lady JASMIN,0,1,1055,121,1142,0,1263
1577503494,Erster Eindruck,0,1,26,0,0,0,0
1577503511,Bearfoot42,0,1,26,0,143,0,143
1577503557,Kirk2012,0,1,195,0,91,0,91
1577503563,Itsugo Kurosaki,0,1,829,0,9561,0,9561
1577503568,thelordjohny,831,1,4081,0,1208,0,1208
1577503580,Pforze,0,1,3859,5026,0,0,5026
1577503607,Locke der Boss,0,1,26,0,0,0,0
1577503685,TofuEver,0,1,26,0,0,0,0
1577503747,Crownvic,0,1,593,0,16,0,16
1577503754,Resal,0,1,26,0,0,0,0
1577503774,Bachelor,0,1,660,0,6361,0,6361
1577503857,Killerhnx,473,3,5369,11110,14,0,11124
1577503937,LivienneArc,461,14,37684,38325,582800,19873,640998
1577503974,brö-1848,481,1,1038,0,2273,0,2273
1577504050,Hanswurst2025,77,26,89417,314235,181491,202076,697802
1577504116,artOFwar,0,1,446,0,92,0,92
1577504124,Hendlmeyer,0,1,563,0,1501,0,1501
1577504130,Espio,348,1,130,0,25465,0,25465
1577504193,Adur86,37,1,2282,9861,621,9166,19648
1577504206,zzzy,314,1,3319,13,0,0,13
1577504207,Daniel13,0,1,1712,0,0,0,0
1577504227,BejingBellyButton,0,1,65,0,0,0,0
1577504228,BohnenBauer,0,1,107,0,0,0,0
1577504238,Lord Realitätsverlust,685,1,3944,0,10,20109,20119
1577504243,Bundeskriminalamt,0,1,3783,2578,0,0,2578
1577504282,Der Kleine Wutzler,351,2,4290,9503,1088,0,10591
1577504314,Dave 19,405,3,5561,0,68788,48,68836
1577504362,Tino72,0,1,286,0,565,0,565
1577504439,Markus1976?,177,1,444,0,0,0,0
1577504441,FetterOrk,0,1,333,0,451,0,451
1577504455,SisiB,459,4,15399,16811,3640,0,20451
1577504458,Bienen Mafia,0,1,26,0,0,0,0
1577504460,Frau der Bienen,0,1,26,0,0,0,0
1577504470,Enkel der Bienen,0,1,26,0,0,0,0
1577504542,Jopo6020,618,1,2272,0,0,0,0
1577504557,Bordenau,140,1,2324,0,24001,1717,25718
1577504594,Mario Balotelli,685,1,3086,2415,1313,49,3777
1577504644,plsHurry,0,0,0,29583,4232,1595,35410
1577504686,tran,405,8,24533,24904,68930,24973,118807
1577504687,Durham,225,2,9224,0,418,0,418
1577504704,BomberHarris,0,1,26,0,0,0,0
1577504706,Bl4ckf0r3st,99,1,2049,0,0,0,0
1577504761,Oberst,0,0,0,20044,50,0,20094
1577504788,Senzea,343,1,2909,651,0,0,651
1577504813,Ralor,0,1,26,0,0,0,0
1577504815,Peter-Klaus,637,1,1328,0,0,0,0
1577504855,KleinerKobolt,369,1,7274,40,0,0,40
1577504874,Lord Forrest,441,4,24906,72463,347,1,72811
1577504878,-sammler-,565,22,98775,163800,25199,25787,214786
1577504994,mr.hillo,0,1,985,0,1138,0,1138
1577505017,Wolf of Bruck,0,1,1269,0,0,0,0
1577505067,Der Monkey,0,1,26,0,0,0,0
1577505090,Aschekind,0,1,26,0,0,0,0
1577505104,Kein Entkommen,0,1,26,0,0,0,0
1577505111,Bananenbieger.,685,1,3508,0,0,18288,18288
1577505113,Dünnbrettbohrer.,685,1,3955,2525,13,0,2538
1577505114,Maximal Schradin.,685,1,3712,5250,0,2021,7271
1577505195,Der Schweigende Tod,0,1,26,0,0,0,0
1577505202,Er sieht dich,0,1,26,0,0,0,0
1577505248,F3rt1gmach3r,61,3,16333,15619,107696,0,123315
1577505272,dorsai,0,1,81,0,0,0,0
1577505356,WirKlauenSATAlnagen,281,0,0,0,692,0,692
1577505378,wurschsemmelmann,0,1,853,0,0,0,0
1577505385,Saladin94,721,7,35929,64161,951,4933,70045
1577505391,AlptraumX,0,1,26,0,0,0,0
1577505413,Bring mir Farbe,0,1,26,0,0,0,0
1577505432,wolfman,52,5,20226,454,2084,14546,17084
1577505478,Harvey Scripter,685,1,3261,6304,5406,34,11744
1577505545,Fliesenhütte,772,1,5116,103,28379,14475,42957
1577505624,-.Premium*,443,61,266983,286407,13979,23791,324177
1577505625,Günni.Kologe69,32,1,4242,0,0,0,0
1577505673,Schlangenatmung,0,1,71,0,0,0,0
1577505674,Windatmung,0,1,163,0,50,0,50
1577505675,Wasseratmung,0,1,1877,0,2315,0,2315
1577505680,Diabetiger,0,1,792,0,0,0,0
1577505686,King Lord 90,81,1,3242,1121,0,0,1121
1577505690,MissSunshine,185,1,942,0,20,0,20
1577505719,Nuarop,620,5,21419,15448,4065,0,19513
1577505736,gatzby,0,1,1704,200,33914,0,34114
1577505778,jonas99,848,1,499,0,0,0,0
1577505797,LordFrosch,405,8,18892,5448,2594,11901,19943
1577505842,Pizza Roma,0,1,26,0,0,0,0
1577505853,lCasperl,762,2,4300,0,0,0,0
1577505938,Sturmreiter Dran,0,1,26,0,0,0,0
1577505962,KingKarlos,621,1,411,0,2261,1662,3923
1577506024,Gurarius,824,6,15710,25287,997,0,26284
1577506029,NOTAP,0,1,167,0,182,0,182
1577506104,Bimo,0,0,0,0,8954,0,8954
1577506120,Sansivera,621,1,3389,1853,108,720,2681
1577506122,Lebenslast,621,1,2009,2499,294,326,3119
1577506127,xxWF2500xx,621,0,0,0,0,0,0
1577506205,Ella Boriert,0,1,753,0,0,0,0
1577506234,Amara,0,1,187,0,18272,0,18272
1577506292,Bier-King,557,1,2592,474,18,0,492
1577506308,Deplinator,609,3,8050,0,800,0,800
1577506386,Ree0,0,1,1616,0,0,0,0
1577506400,Fezi,0,1,26,0,0,0,0
1577506432,Industriespionage,685,1,3873,1620,0,2041,3661
1577506440,Felikah,831,1,4052,0,22,2,24
1577506441,Rosemondy,0,1,98,0,0,0,0
1577506442,NOAHZETT28,0,1,200,0,0,0,0
1577506443,Papaplatte,0,1,89,0,0,0,0
1577506598,kAder1337,35,1,4565,75,0,0,75
1577506998,domcop,148,4,13382,37167,1838,236,39241
1577507008,RaidBoi,8,32,111324,17445,10922,0,28367
1577507036,Steven1909,0,1,1473,8490,20491,0,28981
1577507083,Temolor,0,1,500,0,4,0,4
1577507088,Helahad,0,1,543,0,0,0,0
1577507089,Tantehasi,0,1,56,0,42,0,42
1577507095,Rufailor,0,1,413,0,0,0,0
1577507104,Zayarel,0,1,262,0,0,0,0
1577507107,Kragseg,0,1,418,0,1805,0,1805
1577507120,Svenaon,0,1,26,0,1578,0,1578
1577507132,Rodatros,0,1,262,0,0,0,0
1577507135,Branapen,0,1,633,0,2138,0,2138
1577507141,Thraxaquor,0,1,436,0,0,0,0
1577507142,Randash,0,1,262,0,0,0,0
1577507164,Quarex,0,1,686,0,0,0,0
1577507188,???-007,442,48,256673,173765,5918,14040,193723
1577507194,Crownso,0,1,290,0,30,0,30
1577507199,Tohuwabohuy,130,55,277499,213313,415734,0,629047
1577507236,Phanalath,0,1,502,0,0,0,0
1577507245,Xaralath,0,1,697,0,0,0,0
1577507267,-Tiges-,744,1,2911,25586,13517,5,39108
1577507284,Yakazon,0,1,467,0,0,0,0
1577507292,Metaprim,0,1,26,0,598,0,598
1577507294,Zathser,0,1,493,0,0,0,0
1577507299,Kulltin,0,1,584,0,0,0,0
1577507315,Zathsir,0,1,493,0,1017,0,1017
1577507323,Poxalean,0,1,629,0,3206,0,3206
1577507336,Gidgas,0,1,449,0,0,0,0
1577507347,Sirbas,0,1,262,0,0,0,0
1577507378,Zolaulor,0,1,571,0,0,0,0
1577507388,Khemmyl,0,1,419,0,899,0,899
1577507432,Klau5,0,1,252,0,0,0,0
1577507452,Crontin,0,1,430,0,1007,0,1007
1577507529,Delasev,0,1,498,0,0,0,0
1577507557,Majin,0,1,83,0,0,0,0
1577507602,Jim Rob,0,1,1267,0,9935,0,9935
1577507614,Fyrbel,0,1,262,0,0,0,0
1577507622,jc-yello,365,2,4530,5717,227663,53593,286973
1577507664,Lady Mahluna,685,1,4243,0,48,7,55
1577507669,Dreckiger Fahrradkeller,0,1,3948,9740,0,0,9740
1577507672,DIE SONNE LACHT,0,1,3812,15185,0,0,15185
1577507673,Heftiger Kettenraucher,0,1,3181,2238,0,0,2238
1577507695,Lynxanest,0,1,618,0,2116,0,2116
1577507721,Vrekawik,0,1,467,0,0,0,0
1577507781,Brizzle,0,1,26,0,0,0,0
1577507906,Max08,501,1,208,0,24443,0,24443
1577507962,Bodum,0,1,48,0,0,0,0
1577508011,VinBenzin2,621,1,1597,3772,179,3025,6976
1577508113,Henki,0,1,128,0,0,0,0
1577508163,SkyElite,0,1,392,0,10,0,10
1577508172,Sach ma Schalkee,0,1,151,0,0,0,0
1577508187,DonoWall,0,1,80,0,0,0,0
1577508188,FeelsBadMan,0,1,163,0,0,0,0
1577508189,FeelsRainMan,0,1,145,0,0,0,0
1577508296,kuscheltier,0,1,114,0,0,0,0
1577508314,NASCHA RUSCHA,705,1,2597,206,0,0,206
1577508383,Smokkyy,0,1,462,0,4370,0,4370
1577508721,Destroyer11,0,1,26,0,0,0,0
1577508727,salty01234,0,1,734,0,0,0,0
1577508730,S0METHINGWILD98,0,1,742,0,0,0,0
1577508732,Der letzte Germane,0,1,721,0,0,0,0
1577508795,Ffmskater,384,1,3527,763,9420,0,10183
1577508796,Fritz-Kola,179,3,10848,20752,11,38,20801
1577508809,fruchtpups,0,0,0,0,1704,0,1704
1577508886,ZarahZebra1975,621,1,2896,1286,2452,0,3738
1577508888,MARANATHA,0,1,26,0,2389,0,2389
1577508892,rotatable,541,1,6745,21154,0,0,21154
1577508911,Weinschorle64,621,0,0,0,161,19,180
1577508929,Starscaller,529,12,66766,37373,18692,2,56067
1577508969,Devil Inside,0,1,424,0,68,0,68
1577508971,G-Force,0,1,749,0,0,0,0
1577508973,Gollum feat. Obi wan,0,1,806,0,0,0,0
1577508974,Black-Energie,0,1,769,0,0,0,0
1577508975,Coffee-to-go,0,1,766,0,0,0,0
1577508983,Cheeseburger,0,1,756,0,0,0,0
1577508994,David3333,621,7,33128,4536,20225,0,24761
1577509060,bumblebee65,0,1,26,0,0,0,0
1577509261,Melancholie,0,1,81,0,0,0,0
1577509263,NixasNija,0,1,133,0,0,0,0
1577509267,Faerol,0,1,129,0,0,0,0
1577509269,Maacky,0,1,78,0,0,0,0
1577509278,alissasteinlein,0,1,77,0,0,0,0
1577509313,FireFighter2025,0,1,3202,0,0,0,0
1577509315,Twixx,8,27,126679,238138,12943,83,251164
1577509327,Herzigi,0,1,253,0,416,0,416
1577509496,Paschii,0,1,26,0,0,0,0
1577509515,Jens,0,3,6248,311,48655,322,49288
1577509614,wattendatten,0,1,1373,0,2648,0,2648
1577509677,Blegie,0,1,851,37,0,0,37
1577509752,antonaustirol,209,1,3270,0,0,0,0
1577509861,Grasshüpfer,277,4,8467,1175,11683,1859,14717
1577509870,Lord Gollo,0,1,26,0,0,0,0
1577509876,antoniaaustirol,209,1,675,0,0,0,0
1577509955,himmel96,0,1,229,0,0,0,0
1577510042,Küken,0,1,428,1315,2585,0,3900
1577510088,Mettigel89,61,1,3852,0,0,0,0
1577510093,Vergessen,0,1,2592,0,0,0,0
1577510122,Schoschi,685,1,3471,0,0,25401,25401
1577510126,SCOOPS,0,1,3855,0,0,0,0
1577510132,Rundfunk-Gebühren,0,1,26,0,0,0,0
1577510147,Brownej,276,2,5186,2451,16932,0,19383
1577510325,K. O. Nig,0,0,0,0,6910,0,6910
1577510412,giannnnii,185,1,1353,0,3865,0,3865
1577510430,Wolkigwild,160,9,25387,20374,2641,5,23020
1577510436,Shoxx0420,0,0,0,0,1333,0,1333
1577510553,Ornahiel,0,1,665,0,0,0,0
1577510556,Infacion,0,1,1257,0,0,0,0
1577510557,Metanus,0,1,509,0,835,0,835
1577510569,Vrixahur,0,1,448,0,0,0,0
1577510582,Lasereule,707,1,118,0,892,1612,2504
1577510683,sammy the king,591,5,13843,0,1392,94013,95405
1577510718,Pasqualo17,0,1,112,0,0,0,0
1577510735,GladiatorXVII,123,11,57987,62885,124,942,63951
1577510755,StSt,0,1,1983,10217,66,0,10283
1577510777,thueringer,0,1,887,0,138,0,138
1577510854,Kanaith,0,1,644,0,0,0,0
1577510866,Sorivar,0,1,262,0,0,0,0
1577510875,Troalak,0,1,699,0,2042,0,2042
1577510882,Youkof,771,1,1379,55,6939,0,6994
1577510898,MC Hammer,318,2,5988,0,234,9,243
1577510925,Vaughatem,0,1,579,0,0,0,0
1577510941,Quaster,0,1,467,0,0,0,0
1577510948,Ruthatrin,0,1,453,0,0,0,0
1577510951,Octamakh,0,1,447,0,0,0,0
1577510961,Pangairos,0,1,262,0,0,0,0
1577510993,Grinaron,0,1,262,0,0,0,0
1577511019,Zarnyas,0,1,451,0,0,0,0
1577511024,Braarah,0,1,775,0,0,0,0
1577511025,c3line,91,1,440,3994,41363,0,45357
1577511036,Thexalin,0,1,467,0,0,0,0
1577511040,Gaibu,99,1,826,21,2188,0,2209
1577511042,Brynasven,0,1,476,0,0,0,0
1577511055,Hütti69,0,1,26,0,0,0,0
1577511072,Haelafen,0,1,637,0,0,0,0
1577511077,Baelgur,0,1,541,0,0,0,0
1577511084,Lord Lichtbringer,0,2,4506,1129,17319,13342,31790
1577511101,Kerflow,0,1,661,0,0,0,0
1577511135,Wai-Ki-Ki,0,0,0,0,1902,0,1902
1577511138,Vaskarok,0,1,262,0,0,0,0
1577511145,Tholator,0,1,722,0,0,0,0
1577511167,Polizeigewalt,0,1,68,0,0,0,0
1577511168,Dawgshit,0,1,148,0,0,0,0
1577511169,Einmal abkoppeln bitte,0,1,73,0,0,0,0
1577511172,El Ratto,0,1,3196,0,0,0,0
1577511176,Ich küss doch dein Herz,0,1,246,0,1359,0,1359
1577511178,Hobbygärtner,685,1,3003,6436,0,2051,8487
1577511183,Spandauer Knüppelkrieger,685,1,3782,7505,26,0,7531
1577511187,PowerOfEvil,0,1,3783,2776,0,0,2776
1577511188,Soundtechniker,685,1,3837,0,0,17818,17818
1577511190,IngLuHe,405,3,13921,29640,703,10476,40819
1577511341,Eric76er,0,1,947,0,21,0,21
1577511445,JarvanderIV,0,1,26,0,0,0,0
1577511484,Schwarzer Ritter,235,3,7682,1058,1268,0,2326
1577511539,FaHaD,0,1,26,0,44,0,44
1577511548,Bauer mit Plan,0,1,26,0,0,0,0
1577511550,Dorfklauer,0,1,26,0,0,0,0
1577511554,Die Farmtiere,0,1,26,0,0,0,0
1577511588,Sir Roy,285,5,24162,17656,234,15926,33816
1577511664,Adelmann,0,1,541,0,0,0,0
1577511675,Der Metzler,20,1,556,0,0,0,0
1577511721,DonAlbaner,0,1,274,0,0,0,0
1577511757,Chantal komm her,0,1,26,0,0,0,0
1577511781,Hamid Tailor,0,1,26,0,0,0,0
1577512062,Aleksandar,293,4,10603,0,1345,23534,24879
1577512067,Flocke05,412,1,761,0,32970,10567,43537
1577512072,t3rrorclown,340,1,1147,0,0,0,0
1577512098,Brujita,293,7,19818,4928,1691,416,7035
1577512122,Wurschtbrot,0,1,666,0,667,0,667
1577512230,NK2623,0,0,0,7450,22557,0,30007
1577512267,bobbytrottel,0,0,0,0,6168,0,6168
1577512269,High Marschall Helbrecht,0,1,1135,0,0,0,0
1577512319,Costa Calma,0,0,0,1280,2499,0,3779
1577512450,Kampfkeks87,0,1,114,0,1602,0,1602
1577512465,Überseespezialist,685,1,3595,5192,1950,3493,10635
1577512470,HighwieMcFly,0,1,127,0,0,0,0
1577512476,Eriiisch,685,1,4046,0,0,7700,7700
1577512489,Roland Rebound,0,1,3901,5047,0,0,5047
1577512528,Tiddel,49,13,86970,196977,85221,35813,318011
1577512551,Lady Don Carlo,0,1,309,0,5074,0,5074
1577512577,K4153R-G,49,2,8244,0,50016,0,50016
1577512581,FakeAbgelehnt,0,1,26,0,0,0,0
1577512641,Still Mighty,130,41,236076,78077,292241,42705,413023
1577512666,OmidMod,0,1,26,0,0,0,0
1577512711,ursus,185,1,3496,0,1886,0,1886
1577512770,Geteilter Leid,0,1,26,0,0,0,0
1577512779,Alpha Delta,0,1,52,0,0,0,0
1577512782,Weedfluencer,553,5,14539,6493,79621,0,86114
1577512873,darkphoenix212,0,0,0,0,2595,0,2595
1577512967,Hohle Kokosnuss,685,1,4197,0,0,16107,16107
1577512970,Taschenspielertrick,685,1,3748,3082,0,0,3082
1577512976,cribii,459,4,15509,12775,2035,0,14810
1577512980,Intervontinder,18,6,15150,1471,1315,5738,8524
1577513076,walger,285,6,27102,51025,8713,0,59738
1577513088,Maurelius,365,3,6219,1143,415,7104,8662
1577513099,TeeJay76,734,3,6895,11717,9256,0,20973
1577513100,Khaos123,15,1,949,0,392,0,392
1577513105,Bundesfinanzamt,0,1,1121,0,0,0,0
1577513246,Pinky89,0,1,26,0,0,0,0
1577513315,granto,343,1,3015,0,10,0,10
1577513316,Albanischer Krieger,456,47,187357,66568,11312,0,77880
1577513358,TheBoss95,436,1,3158,74,0,0,74
1577513377,Fistiii,481,3,11279,2378,794,673,3845
1577513511,EvilActivity,81,5,19886,763,9771,0,10534
1577513527,der einsame wolf,237,1,3975,0,1967,12,1979
1577513565,ShadowCore,0,1,26,0,0,0,0
1577513584,Finesse,0,0,0,25688,35867,18203,79758
1577513615,Basti9254,0,1,960,0,0,0,0
1577513628,Der Rote Baron 2,0,0,0,2570,3619,0,6189
1577513667,Trisaster,734,4,7106,3992,2303,0,6295
1577513715,cascade,0,0,0,1270,8855,18,10143
1577513755,claudia.beran,0,1,26,0,0,0,0
1577513929,Zade,838,2,4855,0,390,0,390
1577514178,egon,0,1,139,0,2034,0,2034
1577514194,Prince von Bel Air,130,66,260634,168256,702903,169278,1040437
1577514259,CDBE,591,1,4041,794,827,989,2610
1577514267,rash39,384,4,10889,2846,9912,0,12758
1577514286,imiaki,296,0,0,0,9506,0,9506
1577514332,doedoefoe,0,1,81,0,0,0,0
1577514410,SheepLoL,0,1,26,0,0,0,0
1577514422,Paytowin0815,0,1,1263,0,10,0,10
1577514457,Zweinbecker,0,1,1823,0,1748,0,1748
1577514471,Jensemann,0,1,2361,1697,0,0,1697
1577514592,ExodusFlo,343,1,1194,0,34491,0,34491
1577514758,Madze,235,2,5473,0,0,0,0
1577514769,Rose.M,542,1,2250,197,1448,0,1645
1577514792,MASSIVamADELN,365,1,5126,0,316,30682,30998
1577514863,Prinzlove,181,1,1202,0,0,0,0
1577514864,Würfelhusten,424,45,198323,4301,12889,95641,112831
1577515043,ragri,518,2,2073,973,23576,1559,26108
1577515131,Shouphanya,0,1,4415,0,4132,0,4132
1577515197,haditschau,129,3,9896,0,753,0,753
1577515220,dermitdemagtanzt,0,1,250,0,0,0,0
1577515376,Kalash92,694,12,53557,216458,50641,119171,386270
1577515518,General Capri,285,4,16690,42137,5114,2783,50034
1577515522,mausezaus,0,1,374,0,186,0,186
1577515530,PoNasaran,39,4,8655,0,3341,0,3341
1577515657,prokrastination1,0,1,26,0,0,0,0
1577515681,Mundharmonika,0,1,1534,3062,0,0,3062
1577515708,bäumchen,0,1,261,0,0,0,0
1577515743,Aristoteles,351,3,7526,10453,10934,0,21387
1577515767,Lord Jule,0,1,640,0,5248,0,5248
1577515825,123 Da,0,1,1757,0,2013,0,2013
1577515846,KAANISTAN,0,1,5305,391,0,0,391
1577515865,Eddie78,29,1,7874,4,0,0,4
1577515929,Teddybär,405,3,5091,0,31283,1421,32704
1577515951,GutKlick,0,1,97,0,0,0,0
1577515991,baro44,28,18,68321,113341,1654,61349,176344
1577516019,Lord Black Lotus,565,9,40689,92210,10312,27707,130229
1577516104,Mischa777,0,0,0,0,30626,0,30626
1577516269,Deiters,0,1,26,0,0,0,0
1577516304,MiaRoses,0,1,385,0,52,0,52
1577516328,Necroshade,12,2,5224,8084,39173,0,47257
1577516367,Pitus,0,1,1154,0,424,0,424
1577516454,Sefe97,142,0,0,130,10235,478,10843
1577516501,Viper666,0,1,142,0,21,0,21
1577516528,Slippery,0,2,2051,0,3389,0,3389
1577516548,Käpten Chris,0,1,112,94,15782,0,15876
1577516660,Curion,751,1,3574,92,30,0,122
1577516685,Vanillas,560,3,10400,16447,14898,279,31624
1577516697,terzel12,56,6,13334,754,2171,0,2925
1577516726,Mops1,541,1,2554,876,0,0,876
1577516729,Sveriner,386,4,12265,18652,0,0,18652
1577516730,provokant?,10,1,2245,0,0,16992,16992
1577516824,Donpeppone,0,0,0,0,4516,0,4516
1577516846,König Peace and Love,0,2,2179,1428,83684,3,85115
1577516880,Cortex,0,1,26,136593,32934,29009,198536
1577516890,Osdorfer,0,1,26,0,0,0,0
1577516923,Stabilrunner,759,1,2902,889,4376,5,5270
1577516952,C R I M E,529,10,38395,53836,5250,0,59086
1577516982,bruiseddi,0,1,26,0,0,0,0
1577517071,AlMoose,0,1,168,0,0,0,0
1577517087,Schmohl,0,0,0,0,6183,0,6183
1577517090,Ichtabbraus,0,1,26,0,0,0,0
1577517180,jayjay955,0,1,1234,0,8279,0,8279
1577517189,Thyralonn,0,1,26,0,0,0,0
1577517228,TheFlow,0,1,4448,580,0,0,580
1577517238,Johnny sylverhand,275,0,0,18511,5791,0,24302
1577517304,c.soda,0,1,1199,0,0,0,0
1577517307,TheSituation46,222,5,11022,6743,326,0,7069
1577517385,dennisk95,0,1,3412,2121,4717,0,6838
1577517426,Asek,0,1,129,0,0,0,0
1577517613,Baumi224,560,2,9437,17210,167,0,17377
1577517772,Chrysanthem,646,6,7155,0,277,734,1011
1577517871,clubbaer,771,1,784,0,867,23,890
1577518015,Schattenkönigin,0,0,0,0,1334,0,1334
1577518016,wishmaster85,0,1,26,0,0,0,0
1577518034,Wahnfried 1.,119,6,17425,361,2500,565,3426
1577518051,Freudentanz,0,1,1725,2372,328,0,2700
1577518132,Lord-WK,56,0,0,0,17749,0,17749
1577518156,Paladin1990,501,1,2687,8,0,0,8
1577518171,MarekDerErste,128,16,81189,2977,52272,554,55803
1577518188,Sporek,0,1,498,0,662,0,662
1577518215,gooo,0,0,0,0,412,0,412
1577518265,slysermusic,165,19,73136,70498,59282,9318,139098
1577518391,Bigjihmuhn,0,1,103,0,0,0,0
1577518407,SoapTastesGood,0,1,4949,0,808,0,808
1577518440,Hagorin,25,0,0,6351,32248,2691,41290
1577518452,FSVRICO1998,676,1,2955,0,0,0,0
1577518653,Ugamuga,0,7,25458,21057,4840,0,25897
1577518710,Toni12,61,6,35191,3344,8779,41057,53180
1577518818,Dirk3533,0,1,4509,29624,39120,39,68783
1577518821,Gast518821,0,1,51,0,0,0,0
1577518930,Broast,0,1,748,0,0,0,0
1577518944,v1tr0x,318,6,19074,7544,54,12798,20396
1577519071,FinnReTiK,0,1,257,0,0,0,0
1577519108,Lehrzeichen,0,1,413,0,0,0,0
1577519151,Better Call Kroko,685,1,3907,0,0,19652,19652
1577519152,Herr Boss,0,1,3847,0,0,0,0
1577519169,Lisabonn,0,1,99,0,0,0,0
1577519174,Schwäbische Schorle,831,1,3880,0,0,0,0
1577519304,Harold689,442,2,5523,0,10304,5021,15325
1577519316,Hoodking,0,1,718,0,1083,0,1083
1577519343,DeffKommtGleich,0,1,41,0,0,0,0
1577519350,pp tiny yes,0,1,151,0,0,0,0
1577519502,Nenieds,0,0,0,0,60302,0,60302
1577519550,Freiherr von Meyringen,0,1,196,0,265,0,265
1577519590,Doug Tales,0,1,66,0,79,0,79
1577519674,SacredUthal,0,3,5272,317,131342,3066,134725
1577519745,cellybeast,461,9,42473,18974,11531,983,31488
1577519807,ElaraStarforge,0,1,68,0,1308,0,1308
1577519862,EyeOfPhoenix,0,1,5674,0,0,0,0
1577519863,Ryder,0,1,26,0,0,0,0
1577519927,Devel,788,2,6197,6116,0,0,6116
1577519959,YoungYeti,0,2,3887,0,740,0,740
1577519991,schokobi,0,1,685,0,0,0,0
1577519994,devlous,637,2,3488,337,953,12844,14134
1577520010,not.available,28,35,120392,120549,1689,50820,173058
1577520021,Struppelline,787,2,4145,0,20783,0,20783
1577520032,hunter1505,6,0,0,248,1274,0,1522
1577520138,Hestia96,0,1,121,0,1998,0,1998
1577520196,PefferSalz,0,0,0,7613,4334,0,11947
1577520206,Stamm,498,2,6128,7588,0,0,7588
1577520208,Clownfiesta,78,1,1165,0,3392,0,3392
1577520267,Rubble,0,1,959,0,0,0,0
1577520518,Serdar0996,613,4,9384,6354,3795,0,10149
1577520560,LinumShooter,0,1,436,0,319,0,319
1577520569,Buffalojoe,721,1,3808,0,0,0,0
1577520661,Gandalf94,755,1,1024,0,483,0,483
1577520719,Krawallbruder Johannes,0,1,234,0,0,0,0
1577520723,Peter Putzig,0,1,964,0,0,0,0
1577520794,ProRam,0,1,270,0,47,0,47
1577520866,Paul Vernica,0,1,1428,0,14903,874,15777
1577520898,lui1990,365,1,1401,0,9184,5318,14502
1577520900,Linus v. Pelt TV,461,10,40897,5618,14961,14827,35406
1577520903,Jörg Weimann,0,1,234,0,11,0,11
1577520919,Astayuno,0,1,736,0,126,0,126
1577520957,Bauer Alfred,0,1,388,0,0,0,0
1577520959,Finschi666,0,1,38,53689,279,106,54074
1577520977,INT3LD3AD,21,2,5214,8107,19157,0,27264
1577520996,Gönni Gandalf,0,1,26,0,0,0,0
1577520997,Jailberaker,0,1,26,0,0,0,0
1577520998,Jaschfisch,0,1,26,0,0,0,0
1577521010,Regenbogenhörn,0,1,26,0,0,0,0
1577521011,Megapunkz,0,1,26,0,0,0,0
1577521012,Kastühler,0,1,26,0,0,0,0
1577521014,Manjumaan,0,1,26,0,0,0,0
1577521023,Greywulff,0,1,26,0,0,0,0
1577521024,Kattamoraldi,0,1,26,0,0,0,0
1577521028,dsdk,501,1,2700,0,104,0,104
1577521037,Comanderjohn,0,1,26,0,0,0,0
1577521041,Krabbe103,0,2,4313,0,2744,0,2744
1577521053,Crystoza,0,1,26,0,0,0,0
1577521055,Auroraiza,0,1,26,0,0,0,0
1577521056,Azure Kauri,0,1,26,0,0,0,0
1577521057,Skrimmnir,0,1,26,0,0,0,0
1577521067,Terrorbär,0,1,26,0,0,0,0
1577521097,Aramanduu,0,1,26,0,0,0,0
1577521098,Naiaduin,0,1,26,0,0,0,0
1577521102,gigantischkostbarertapir,209,1,2776,0,0,0,0
1577521254,Pete Owermann,63,12,25476,35116,2868,4689,42673
1577521257,WhiteSparrow,27,0,0,161,16546,0,16707
1577521261,Schattenlilie,0,1,2345,0,0,0,0
1577521353,Tao314,0,1,447,0,1562,0,1562
1577521366,Taylorswifty,0,1,456,0,65,0,65
1577521383,mudi0163,0,1,252,0,32,0,32
1577521491,Quavo,830,1,605,0,0,0,0
1577521549,Krake,476,1,2680,0,0,0,0
1577521633,Gott21,0,1,26,0,0,0,0
1577521635,wish21,0,1,26,0,0,0,0
1577521738,Hillerinhooo,80,1,618,0,0,0,0
1577521780,Ruffy,626,3,5633,6200,2226,0,8426
1577521809,Traumjäger,316,1,1448,0,0,0,0
1577521841,Pierogiboyy1722,285,2,7124,13178,56152,2466,71796
1577521913,Koska,32,10,56291,118021,991,0,119012
1577521919,Klabusterbär,0,1,330,0,594,0,594
1577521920,def64754,0,1,26,0,0,0,0
1577521930,ffc93558,0,1,26,0,305,635,940
1577522005,isu55598,0,1,26,0,0,0,0
1577522044,Big Stein,0,1,1299,0,10,0,10
1577522047,cHeLdO,28,11,64336,87852,3429,8734,100015
1577522055,aub20266,0,1,26,0,0,0,0
1577522056,uya70814,0,1,26,0,0,0,0
1577522076,Eulenspiegel,0,1,3627,0,2449,0,2449
1577522097,uxo18792,0,1,26,0,0,0,0
1577522098,sth09506,0,1,618,0,17,0,17
1577522110,DrPepper92,0,1,2269,0,0,0,0
1577522112,hod27179,0,1,26,0,0,0,0
1577522113,bqt58415,0,1,26,0,0,0,0
1577522156,schreegi,0,1,1023,0,996,0,996
1577522183,Lammii,0,0,0,197,4738,0,4935
1577522385,Dr Schulle,152,2,5699,441,1001,0,1442
1577522507,Teddy,443,63,243762,99212,101201,46020,246433
1577522551,xwk15467,0,0,0,0,233,0,233
1577522554,DoubleD,262,2,1342,11429,18647,7871,37947
1577522598,spächt,0,1,547,0,273,0,273
1577522623,NoEscape,0,2,1501,0,19573,0,19573
1577522643,boxer2007,351,2,5475,2459,2981,0,5440
1577522822,skibiditoilet,49,6,21618,33299,4332,0,37631
1577522946,DickerZeh82,442,3,21280,153838,2987,28907,185732
1577522967,Niki90,52,5,15166,11909,24928,7775,44612
1577523060,JörgHaider,534,4,8585,24228,17373,2919,44520
1577523102,Sascha 93,0,1,1073,0,6,0,6
1577523119,eXceL04,0,1,454,0,908,0,908
1577523306,Meierlein63,0,0,0,90,2656,0,2746
1577523307,schulle,0,1,4284,0,10,0,10
1577523352,Kerasus28,0,2,10153,7372,155953,0,163325
1577523449,hellonym,0,12,33637,163336,358276,11997,533609
1577523497,Bandit 666,223,0,0,0,3471,0,3471
1577523611,Carty McSchinken,0,1,234,0,10,0,10
1577523637,Kuebi,461,10,31568,16815,826,5666,23307
1577523657,RR12,0,0,0,0,905,0,905
1577523707,NoBueno,0,1,405,0,0,0,0
1577523746,theGodofWar,128,5,11851,21292,13,107,21412
1577523776,Lord Whity59,165,10,31480,20677,721,2795,24193
1577523822,Derrick der Don,0,1,234,0,0,0,0
1577523924,Stonerock,61,1,4551,0,16740,14424,31164
1577523932,Swen1900,0,5,18223,4414,2655,0,7069
1577524047,Piepiematz,0,1,41,0,0,0,0
1577524173,Klosii,369,5,24991,19077,156,69293,88526
1577524206,Mtzsch,277,7,31874,8038,4214,0,12252
1577524255,Sackgesicht0,557,2,4179,1015,13517,3075,17607
1577524292,Vhementnine,674,0,0,8374,31427,21233,61034
1577524298,cadille,434,2,7117,0,8421,0,8421
1577524337,DoIVIi,19,1,1521,0,27455,0,27455
1577524352,9191,322,7,22867,5279,11232,65,16576
1577524402,KleinerTigerPB,65,3,10440,9269,1289,0,10558
1577524452,Wengl27,0,1,285,0,0,0,0
1577524585,connelum,0,1,201,0,1598,0,1598
1577524607,ATSVPatrick1900,694,9,27098,3645,2175,21226,27046
1577524608,Eddy61,560,6,17008,13099,22773,2421,38293
1577524683,KingLionheart95,846,1,1305,0,2210,0,2210
1577524889,maeasy,247,1,4846,5164,56,0,5220
1577524891,BOSSexe,380,1,2054,0,0,0,0
1577524921,Inaktiv,0,0,0,1610,19322,0,20932
1577525032,drosselbart 2,0,0,0,0,7491,0,7491
1577525039,SirFarmalot,0,1,1306,0,0,0,0
1577525070,Edy7,762,1,2630,0,52,0,52
1577525221,Liliadilidia,0,1,234,0,35,0,35
1577525256,Twaan,0,1,1264,10695,5435,0,16130
1577525383,Herrje.161,165,23,93311,14477,1018,0,15495
1577525389,Dalekovich,0,1,929,167,0,0,167
1577525612,Tributar,0,1,688,0,0,0,0
1577525755,Useless,817,0,0,410,19325,3418,23153
1577525756,Elektrischer,587,0,0,0,8568,0,8568
1577525787,Rebell1996,0,1,706,40,0,0,40
1577525793,klaus 172,0,0,0,0,143,0,143
1577525799,Melvic2014,0,1,123,0,75,0,75
1577525826,technikhighknee,316,1,120,0,100,0,100
1577525996,Moniara de Elyra,840,1,1840,682,310,0,992
1577525997,Mans1,384,1,3126,0,0,0,0
1577526045,RixeBike,83,1,2213,0,0,0,0
1577526084,CRFMasta7,0,1,147,0,0,0,0
1577526089,Freakxx,0,2,4685,7225,3590,0,10815
1577526110,xMetroid,423,2,6332,11874,14255,0,26129
1577526179,Jettex,232,7,39824,64603,938,4809,70350
1577526290,Shirelifro,0,1,632,0,0,0,0
1577526330,Kphlar,167,1,3633,0,9051,0,9051
1577526411,TiKayKhan,4,1,829,0,0,0,0
1577526460,Markus168,0,11,39964,27197,38531,0,65728
1577526543,SSJ4,123,35,212611,192526,6039,16132,214697
1577526552,Pug c. D.,648,4,6832,258,351,0,609
1577526556,grmä,0,1,3902,0,144,0,144
1577526585,RedQueen,0,1,3296,2074,13420,0,15494
1577526593,Qidi92,247,7,45326,152577,0,0,152577
1577526619,DerOssi,63,7,33503,40401,178,0,40579
1577526631,proking3,0,1,333,0,0,0,0
1577526676,klassw 2.0,0,1,48,0,0,0,0
1577526754,thekingwolf,87,7,25625,22713,4387,0,27100
1577526756,Sein mädchen,87,1,1554,0,0,21,21
1577526808,Lordultra69,791,1,1238,0,0,0,0
1577526811,infinety,128,7,29636,53013,64570,1199,118782
1577526817,Helfari,557,4,8644,12596,544,0,13140
1577526879,Tawdry,0,0,0,0,13330,0,13330
1577526900,Gast526900,0,1,48,0,0,0,0
1577526904,alexvakar83,851,1,449,0,1181,0,1181
1577526919,Steve-0,56,3,9100,2310,3526,1863,7699
1577526925,Blackstone70,52,6,10685,184,368,48522,49074
1577526972,XTw1X,815,5,13932,118,2275,0,2393
1577527032,Misguided,0,1,493,0,0,0,0
1577527037,Ricky van Wolfswinkel,685,1,3360,0,18655,23408,42063
1577527057,chaos1,640,1,224,0,0,0,0
1577527085,Rexiceman,312,3,6044,0,754,0,754
1577527103,Aylla,225,4,9485,85,20024,13885,33994
1577527116,DanteValante,506,1,1224,0,20,0,20
1577527129,Patentling,322,9,47093,13598,130,0,13728
1577527187,Bonecracker,694,13,55442,79396,9923,112294,201613
1577527219,Twenty95,0,1,26,0,0,0,0
1577527233,Al Sahir,128,8,29412,2050,1201,16965,20216
1577527248,ByTeXBL,32,1,767,0,0,0,0
1577527326,Danthemen,0,1,436,0,355,0,355
1577527374,Semmel69,0,0,0,0,1899,0,1899
1577527446,werbistdu385i,0,1,487,0,583,0,583
1577527465,Golatak,3,8,32529,9360,34107,30422,73889
1577527518,KäptnDecoy,0,1,1280,0,0,0,0
1577527530,Ezyr,0,1,128,0,6303,0,6303
1577527584,Parceval,0,0,0,0,1184,0,1184
1577527628,Sir Garfield,30,2,5414,0,512,4638,5150
1577527636,Knagobert,0,1,68,0,0,0,0
1577527642,Niclas31,32,25,74247,154207,81859,30317,266383
1577527676,K1LL3RSCHN1TZ3L,556,8,46919,62649,24355,23895,110899
1577527690,Axetari,119,1,691,0,12344,0,12344
1577527713,Honoritan,852,6,10768,24033,12317,0,36350
1577527803,Poul1,735,1,1106,0,0,0,0
1577527821,Nocrashnoob,0,1,617,6213,389,0,6602
1577527848,TechnoX,19,1,578,82,10249,0,10331
1577527921,TopCop,0,0,0,0,3136,0,3136
1577527930,Lord Gorpheus,443,9,43896,376801,36820,549,414170
1577528170,Nikiza,32,1,784,0,0,0,0
1577528309,Gast528309,0,1,85,0,0,0,0
1577528385,Getepik,591,6,23644,12427,199901,60,212388
1577528437,SirAlaric,159,2,6643,5052,1617,0,6669
1577528475,günnnnter,0,1,917,0,0,0,0
1577528485,Flungus,282,4,9386,6168,3007,29996,39171
1577528519,DerWächter,0,1,765,0,1935,0,1935
1577528572,James2nd,81,5,24313,39370,1303,12492,53165
1577528593,Bube53,346,3,4941,2665,0,0,2665
1577528727,General Krassus,340,1,675,0,0,0,0
1577528760,Paddi,0,0,0,0,1643,0,1643
1577528780,TheWashstone,0,1,1856,0,10,0,10
1577528822,Pine95,0,1,26,0,0,0,0
1577528915,OweoKEK,128,4,23164,873,4017,6346,11236
1577528935,kr0uuNz,119,0,0,59,3451,0,3510
1577529017,Vnv Nation,0,1,743,20,962,0,982
1577529046,UAPRedwolf,498,7,59257,53591,4940,0,58531
1577529069,Saximilianmauer,0,1,123,0,0,0,0
1577529088,slystallone25,0,0,0,0,3175,0,3175
1577529111,ShiJ,85,1,769,0,3537,0,3537
1577529143,Double Shadow,81,1,5393,0,518,0,518
1577529153,Golfjaeger,619,1,2622,0,10,0,10
1577529208,Big Yahu,83,1,4710,0,0,0,0
1577529215,Nocharlie,282,2,7235,0,6385,4325,10710
1577529292,timmey,0,1,707,0,0,0,0
1577529338,Hedotrix,0,2,1776,1458,14746,0,16204
1577529360,Mukk96,0,1,545,0,92,0,92
1577529403,koe7,0,1,26,0,0,0,0
1577529417,Lord Raffzahn,0,1,200,0,0,0,0
1577529424,Aiphaton Inaste,81,3,6617,173,45886,16,46075
1577529434,Priscilla,81,1,4722,1,47651,1940,49592
1577529656,Dorfmeister126,322,11,31451,16668,390,1746,18804
1577529814,TuI0-RaZ,0,1,255,0,0,0,0
1577529876,monkeydlesnik,30,13,48764,53454,188712,23831,265997
1577529901,Die Tafelrunde,0,1,1675,0,9804,0,9804
1577529906,toban,496,1,2529,0,220,0,220
1577530014,Akay,0,0,0,0,123,0,123
1577530224,Ceeth,0,2,10975,3694,15249,7,18950
1577530253,PriorSirMaster,20,1,661,0,0,0,0
1577530371,0190er,533,6,23785,40953,241187,0,282140
1577530413,habstef,0,1,423,0,0,0,0
1577530418,piti,637,1,2403,392,1171,0,1563
1577530473,Krachbummente,81,6,21723,25291,76336,451,102078
1577530556,Zeuni,81,5,17314,23472,61951,10040,95463
1577530567,Schwaeddy,181,1,2585,0,0,0,0
1577530582,Dannillein,0,1,246,0,51,0,51
1577530583,No1theRock,556,31,128520,184568,35788,3248,223604
1577530604,Tygerkrax,0,1,764,0,10,0,10
1577530607,Iqualin1979,365,3,9435,14,3148,24734,27896
1577530636,Herman12,0,1,1473,0,0,0,0
1577530653,King Esek,474,2,1360,17064,57140,555,74759
1577530682,Battham,81,12,49624,20068,8389,50215,78672
1577530718,Syokz,0,1,4358,23,4505,0,4528
1577530783,Kryolith,0,2,4812,0,14742,0,14742
1577530791,Willi19,0,1,831,0,8591,0,8591
1577530813,Haudi,0,1,326,0,358,0,358
1577530887,Manke55,529,10,38520,58243,7483,0,65726
1577530897,tom57,567,1,3185,0,4016,0,4016
1577530918,Mikesos,326,2,7072,0,726,0,726
1577530926,BattleFrontier,0,1,405,0,0,0,0
1577530945,cocoloco,18,4,13769,0,10440,61353,71793
1577530996,Frank9234,0,1,385,0,0,0,0
1577531062,Destroyer5,0,1,1435,0,23,0,23
1577531075,RatkoM,560,10,27607,21130,767,13808,35705
1577531158,bluna90,3,12,42577,72301,2578,18269,93148
1577531209,kermit80,759,1,1710,0,0,0,0
1577531228,sven-s,0,2,3274,0,475,0,475
1577531303,gertl,0,1,1080,0,0,0,0
1577531325,juju81,0,1,32,0,0,0,0
1577531377,Verb,0,1,112,0,0,0,0
1577531385,Wuja,631,1,2214,2945,506,1511,4962
1577531428,B1As,0,0,0,0,460,0,460
1577531444,ValarMogulis,0,1,1402,0,2110,0,2110
1577531472,andersin,0,0,0,885,7608,0,8493
1577531493,FunkyFlakeZ,316,1,1418,0,0,0,0
1577531511,estfiebi,10,1,1060,0,0,0,0
1577531524,mc-schwenki93,613,5,9653,2614,455,1074,4143
1577531525,andy180,0,1,422,0,2736,0,2736
1577531621,Knoobs92,386,7,16003,8,1037,267,1312
1577531622,celly2015,624,2,5057,1000,0,0,1000
1577531668,Michimaus,594,1,386,0,86,0,86
1577531670,Grum,0,1,1803,735,8216,0,8951
1577531685,WooDy211,10,1,1513,0,0,0,0
1577531717,Lord Dranreb,551,1,5926,0,0,0,0
1577531724,BAERT,0,1,228,0,84,0,84
1577531729,Tom231214,10,1,1207,0,201,0,201
1577531745,Miss Monchichi,747,1,990,0,78,0,78
1577531910,schogo,0,0,0,0,2897,0,2897
1577531949,Philip2410,621,0,0,3119,1725,1739,6583
1577531957,Darnamur125,232,10,43460,41779,806,3379,45964
1577531986,PP-EXCLUSIVE,0,1,1923,0,300,0,300
1577532048,pille01,0,2,4332,8438,41293,0,49731
1577532050,Powerfloh,513,0,0,820,5940,0,6760
1577532138,König blackhawk,0,0,0,0,768,0,768
1577532347,whiltons,0,1,3361,6377,0,0,6377
1577532471,LordWayper,0,1,1059,0,260,0,260
1577532506,Cocolinko,0,1,287,0,0,0,0
1577532511,Nejdem,0,1,276,0,65,0,65
1577532533,sumccn,0,1,724,0,0,0,0
1577532584,alex2010,0,1,2035,0,558,0,558
1577532601,Nigrum,87,7,25813,2752,2115,0,4867
1577532605,fabsolox,0,1,52,0,0,0,0
1577532616,moonlit,0,1,1305,0,352,0,352
1577532620,gruenemacht,30,1,1543,0,28847,0,28847
1577532638,Zockeropa,566,2,4436,0,1666,0,1666
1577532639,Fuchs435,0,1,337,0,17,0,17
1577532642,PontiusPenatus,0,1,6886,35346,17857,7,53210
1577532654,Tenebri,0,1,607,0,22056,13633,35689
1577532722,Vivi Orunitia,351,2,4091,0,0,0,0
1577532730,Elamaus,594,1,973,0,672,0,672
1577532736,ixam24,0,1,26,0,0,0,0
1577532751,Lord Striker,19,1,1086,0,0,0,0
1577532753,King Dav,762,1,5384,40,2771,0,2811
1577532783,Knutti,10,1,478,0,2007,0,2007
1577532811,ELKanakos,0,2,4496,2103,5702,0,7805
1577532841,Bader 95,277,7,31645,21369,8588,5055,35012
1577532848,Angst?,442,49,182560,305894,83655,43045,432594
1577532874,karlmeth,0,1,1014,474,38159,0,38633
1577532897,Wolf Tiedemann,0,1,262,0,0,0,0
1577532907,Lutz Jordan,0,1,26,0,0,0,0
1577532910,Markus Linke,0,1,592,0,8,0,8
1577532915,Eddi Brandt,0,1,412,0,927,0,927
1577532931,Helmut August,0,1,421,0,0,0,0
1577532938,Ingolf Haase,0,1,679,0,0,0,0
1577532940,Oke Lueer,0,1,26,0,0,0,0
1577532962,majorjulian,351,4,9139,4937,4500,0,9437
1577533012,Bonsai,0,1,558,21,0,0,21
1577533205,WamboDu,609,1,2494,0,0,0,0
1577533277,SirNetik,167,1,282,0,0,0,0
1577533294,Coss1999,65,3,13170,326,5769,0,6095
1577533332,strelok91,0,1,26,0,0,0,0
1577533360,dr4che,473,3,10002,97,5114,43,5254
1577533390,Rudolf Groth,0,1,26,0,0,0,0
1577533394,Jaro Gronau,0,1,461,0,4935,0,4935
1577533436,Grachalscheich,651,1,2616,0,9021,0,9021
1577533438,Der Krabbenpuler,405,7,18671,3819,24891,565,29275
1577533439,koenigharald,0,1,305,0,0,0,0
1577533449,Uwe 752,0,0,0,706,4254,0,4960
1577533483,Runzelnpeter,65,1,4289,0,0,0,0
1577533513,xNiemandx,99,1,2716,0,0,0,0
1577533564,dominic0074,0,0,0,0,17765,0,17765
1577533585,hjelster,179,5,12401,11468,1567,0,13035
1577533607,kasso95,0,0,0,0,4522,0,4522
1577533628,garnison84,87,4,11238,68,61158,0,61226
1577533644,Alexr,725,2,3378,0,541,0,541
1577533647,DonaldTrump,658,1,3959,0,0,0,0
1577533683,Tons92,646,3,12793,47575,26,0,47601
1577533689,Lukas2000,0,1,2735,2156,5838,0,7994
1577533697,BiasBiae,665,7,31777,10,3315,0,3325
1577533730,xEnvy,276,3,8706,2732,5652,2944,11328
1577533737,thurni04,0,1,1511,0,59,0,59
1577533787,Che fastidio,29,2,6414,0,35298,0,35298
1577533806,BRAINWASHx,0,1,747,0,0,0,0
1577533821,H3lium,0,1,1258,1348,0,0,1348
1577533897,SophiaPvP,0,1,237,0,0,0,0
1577533911,GNeutsch,223,1,4003,0,0,0,0
1577533913,Holyhole,572,4,27055,11127,5755,3,16885
1577533940,Derya2208,436,7,17813,0,207117,25478,232595
1577533943,KATA-Komben-MANN,456,52,223856,338062,36507,8401,382970
1577533964,Hitox3,29,1,3818,273,54081,0,54354
1577533965,cossack62,0,1,268,0,0,0,0
1577533971,SerhatDerGroße,549,1,4189,0,6055,0,6055
1577533990,Homy42,266,9,42884,747,1276,6372,8395
1577533993,OwenPro99,0,1,234,0,0,0,0
1577534004,citrusextrakt,840,1,2675,5,0,0,5
1577534053,cybermind,0,1,26,0,0,0,0
1577534166,Harry58,0,1,415,0,854,0,854
1577534167,greatguvi,0,1,101,0,0,0,0
1577534185,MagierOhneMana,0,1,492,0,16,0,16
1577534196,darkmann96,0,1,230,0,259,0,259
1577534253,Samson.Stone,123,14,80286,276935,14780,73,291788
1577534263,LaDeutscheVita,0,1,822,0,41,0,41
1577534264,Therapie wirkt,0,1,499,0,26,0,26
1577534340,Davos-29,3,8,22518,5230,2621,2393,10244
1577534346,Tr00per,0,1,694,0,0,0,0
1577534365,CarstenU,0,1,26,0,0,0,0
1577534369,yipold,0,1,473,0,0,0,0
1577534370,Werner Riese,0,1,454,0,0,0,0
1577534373,Felix Noll,0,1,262,0,0,0,0
1577534385,windraven,0,1,68,0,580,0,580
1577534386,pegpin,0,1,26,0,0,0,0
1577534390,Fels Brecher,0,1,629,0,0,0,0
1577534392,wayhip,0,1,26,0,0,0,0
1577534396,Dietmar Becker,0,1,438,0,0,0,0
1577534401,Skylake,0,1,2031,0,0,0,0
1577534472,ivyher,0,1,424,0,0,0,0
1577534473,Siegfried Platt,0,1,26,0,0,0,0
1577534478,Guenter Zacharias,0,1,451,0,615,0,615
1577534480,Markus Kant,0,1,437,0,1292,0,1292
1577534495,Sascha Koch,0,1,26,0,0,0,0
1577534501,wildhnss,0,1,460,0,0,0,0
1577534509,bearomega,0,1,262,0,0,0,0
1577534514,wgmoptto,0,1,467,0,0,0,0
1577534516,Achim Zimmermann,0,1,41,0,1496,0,1496
1577534580,Don Jörgo,501,4,6896,0,26,0,26
1577534592,tigerace,0,1,26,0,0,0,0
1577534609,steelwolf,0,1,26,0,0,0,0
1577534671,thunderyesac,0,1,26,0,0,0,0
1577534684,Jesse Pinkman,565,38,284672,19969,1720,0,21689
1577534699,oakted,0,1,906,0,2354,0,2354
1577534700,Torsten Braun,0,1,462,0,1623,0,1623
1577534705,Adolf029,0,1,3158,0,8318,0,8318
1577534745,Abdul-hamit-han,0,1,245,0,35,0,35
1577534797,Georg Feld,0,1,431,0,1730,0,1730
1577534804,MaxF,0,1,26,0,0,0,0
1577534807,sit51,0,1,447,0,0,0,0
1577534811,AndreasO,0,1,754,0,4736,0,4736
1577534814,Egbert Braun,0,1,442,0,0,0,0
1577534816,..........,0,1,26,0,0,0,0
1577534825,KilianB,0,1,26,0,1702,0,1702
1577534868,MonserratGamer,0,1,1501,0,15651,0,15651
1577534874,Werner Guenther,0,1,26,0,0,0,0
1577534881,Kai Haarwachs,177,1,26,0,11990,0,11990
1577534893,xWildChopperx,0,1,449,0,0,0,0
1577534895,Mike Orth,0,1,26,0,0,0,0
1577534900,soilflyer,0,1,449,0,2163,0,2163
1577534927,flylit557,0,1,419,0,0,0,0
1577534930,kmk430,0,1,418,0,0,0,0
1577534941,Wario26,0,1,347,0,10210,0,10210
1577534947,Clamp642Lord,0,1,429,0,1503,0,1503
1577534955,Finley1337,0,1,236,0,2621,0,2621
1577534972,Badix,0,1,682,0,3481,0,3481
1577535010,MrBoneCrash,176,1,1754,0,450,0,450
1577535034,Hansi0203,103,1,240,305,2078,1902,4285
1577535042,Lord Karpfenangler,0,1,1251,0,412,0,412
1577535053,Mangoschmilch,0,1,26,0,28231,0,28231
1577535091,MatthiasS,0,1,711,0,2026,0,2026
1577535097,Cybernius,0,1,246,0,0,0,0
1577535118,Schimmi,340,1,2604,0,11195,0,11195
1577535127,Gratismut,0,1,491,0,20,0,20
1577535140,wunderlich,94,1,1414,0,0,0,0
1577535159,proclaw,0,1,415,0,1476,0,1476
1577535170,jheo78,0,1,774,0,0,0,0
1577535172,helmmaster,0,1,583,0,0,0,0
1577535177,Fern59Seeker,0,1,426,0,0,0,0
1577535185,bush7ug93r,0,1,532,0,13,0,13
1577535210,savageone,0,1,26,0,0,0,0
1577535211,Nils Ernst,0,1,26,0,0,0,0
1577535212,Guenter Zimmermann,0,1,26,0,0,0,0
1577535213,Uwe Bohn,0,1,26,0,0,0,0
1577535214,weedchaser,0,1,26,0,0,0,0
1577535215,medalslasher,0,1,26,0,0,0,0
1577535218,JDEE,0,1,26,0,0,0,0
1577535228,Aphofis1,0,1,26,0,0,0,0
1577535243,Fiete-96,498,4,10703,302,2735,0,3037
1577535260,ShuffleDD,621,1,995,0,15356,2133,17489
1577535264,elements86,621,1,1165,0,0,13,13
1577535267,Mehrfachsteckdose,621,2,5751,0,390,28438,28828
1577535352,schwambo420,0,1,26,0,0,0,0
1577535357,dondiesel1,0,1,1172,11845,11301,0,23146
1577535367,johnpolisch,285,7,46594,144582,218,0,144800
1577535381,ltqwu57,0,1,26,0,0,0,0
1577535382,Uwe Schult,0,1,26,0,0,0,0
1577535383,Kalt Stahl,0,1,26,0,0,0,0
1577535384,iyds0,0,1,26,0,0,0,0
1577535386,Bastian Schneider,0,1,26,0,0,0,0
1577535387,xBlazeShaverx,0,1,26,0,0,0,0
1577535389,Braun,0,1,26,0,0,0,0
1577535390,ragnet811,0,1,26,0,0,0,0
1577535391,Michael Wolf,0,1,26,0,0,0,0
1577535392,willowwhirler,0,1,26,0,0,0,0
1577535395,ntyeddrw,0,1,26,0,0,0,0
1577535398,digfar89,0,1,26,0,0,0,0
1577535399,herwoe,0,1,26,0,0,0,0
1577535400,Carl Rau,0,1,26,0,0,0,0
1577535417,Edwin Kant,0,1,26,0,0,0,0
1577535422,Block,0,1,26,0,0,0,0
1577535423,Jonas Erber,0,1,26,0,0,0,0
1577535424,Otto Engel,0,1,26,0,0,0,0
1577535444,rimcow,0,1,26,0,0,0,0
1577535446,7riumphs7ripp3r,0,1,26,0,0,0,0
1577535454,Souvlaki,123,12,79790,97934,1074,6560,105568
1577535511,Britanniver,165,7,38782,14087,3042,3452,20581
1577535513,FranDue01,0,1,94,0,6131,0,6131
1577535518,Negan,176,1,1735,0,0,0,0
1577535521,KlausvomMars,0,1,457,0,0,0,0
1577535522,jpaggw,0,1,26,0,0,0,0
1577535529,gulfsnap,0,1,26,0,0,0,0
1577535530,Neopauli123,82,3,11021,676,551,2,1229
1577535531,doomboom,0,1,26,0,0,0,0
1577535532,Gehirngrütze,0,1,5093,0,1434,0,1434
1577535553,Silver,0,1,258,0,0,0,0
1577535592,patrick93,0,1,580,1334,2192,0,3526
1577535647,Ulbranium,0,1,404,0,543,0,543
1577535657,nXace,0,1,810,4604,148,337,5089
1577535662,Marc246,0,1,218,0,0,0,0
1577535670,Karezza,165,12,69386,47161,3645,0,50806
1577535691,LaNc3 BuTt3rS,0,1,1845,0,0,0,0
1577535739,ViCe,0,1,731,0,0,0,0
1577535752,laznicev,0,0,0,0,3152,0,3152
1577535793,AlexisGaming,0,1,233,0,86,0,86
1577535794,DarrenGaming,0,1,234,0,0,0,0
1577535821,1as508r3ak3r,0,1,26,0,0,0,0
1577535823,Fabian Feld,0,1,26,0,0,0,0
1577535825,Specter64Dancer,0,1,26,0,0,0,0
1577535827,irezen,0,1,26,0,0,0,0
1577535828,nxpc8,0,1,26,0,0,0,0
1577535837,Carsten Petersen,0,1,26,0,0,0,0
1577535838,Merten,0,1,26,0,0,0,0
1577535840,savagevwj,0,1,26,0,0,0,0
1577535841,ChristianJ,0,1,26,0,0,0,0
1577535842,n4i1ch453r,0,1,53,0,0,0,0
1577535844,pinblower,0,1,26,0,0,0,0
1577535845,who7,0,1,26,0,0,0,0
1577535846,tcdtvz3,0,1,26,0,0,0,0
1577535847,WaldemarL,0,1,26,0,0,0,0
1577535849,Matthias Maurer,0,1,26,0,0,0,0
1577535850,fateslicer,0,1,26,0,0,0,0
1577535851,fogmix,0,1,26,0,0,0,0
1577535853,coverwrencher,0,1,26,0,0,0,0
1577535854,wdqkyq210,0,1,26,0,0,0,0
1577535855,hdqnrfb,0,1,26,0,0,0,0
1577535856,topglider,0,1,26,0,0,0,0
1577535859,tigerwmzi,0,1,26,0,0,0,0
1577535860,al94emind,0,1,26,0,0,0,0
1577535861,noxjtl,0,1,26,0,0,0,0
1577535863,ManuelK,0,1,26,0,0,0,0
1577535865,sigmaylqpy,0,1,26,0,0,0,0
1577535867,aarryi,0,1,26,0,0,0,0
1577535868,cloakpevzg,0,1,26,0,0,0,0
1577535870,tryyog31,0,1,26,0,0,0,0
1577535876,OliverA,0,1,26,0,0,0,0
1577535877,rawleaper,0,1,26,0,0,0,0
1577535879,eye31,0,1,26,0,0,0,0
1577535881,5h131dsma5h3r,0,1,26,0,0,0,0
1577535883,palpet59,0,1,26,0,0,0,0
1577535886,KarlN,0,1,26,0,0,0,0
1577535888,Groth,0,1,26,0,0,0,0
1577535890,wraith shooter87,0,1,26,0,0,0,0
1577535892,DieterK,0,1,26,0,0,0,0
1577535896,fury57r1pp3r,0,1,26,0,0,0,0
1577535897,aprnt,0,1,26,0,0,0,0
1577535898,Ryx58Runner,0,1,26,0,0,0,0
1577535900,xTurbineEarthx,0,1,26,0,0,0,0
1577535902,yonten4,0,1,26,0,0,0,0
1577535903,avvn,0,1,26,0,0,0,0
1577535906,Michael Cremer,0,1,26,0,0,0,0
1577535907,brutalbddpd,0,1,26,0,0,0,0
1577535910,rotkeeper,0,1,26,0,0,0,0
1577535911,Quandt,0,1,26,0,0,0,0
1577535912,xAlgaeHeartx,0,1,26,0,0,0,0
1577535914,Pure61Bouncer,0,1,26,0,0,0,0
1577535915,wasteroller,0,1,26,0,0,0,0
1577535916,seatot,0,1,26,0,0,0,0
1577535918,DietmarB,0,1,26,0,0,0,0
1577535940,Queeny,185,1,1150,1309,0,0,1309
1577536114,joker12007,0,1,2265,0,14,0,14
1577536133,grassnoob,0,1,26,0,0,0,0
1577536138,furyji,0,1,26,0,0,0,0
1577536139,bli9htb3ar,0,1,26,0,0,0,0
1577536140,weedtugger,0,1,26,0,0,0,0
1577536149,Chain79Flyer,0,1,26,0,0,0,0
1577536155,xKnotBoomx,0,1,26,0,0,0,0
1577536160,pineztanv,0,1,26,0,0,0,0
1577536165,Sir-Lancelot,49,5,19152,70,1557,0,1627
1577536172,Itachi Uchiha 41,0,1,130,0,0,0,0
1577536180,Jazzle57,185,1,222,130,7000,0,7130
1577536190,KoooSz,529,17,96443,153720,799,4095,158614
1577536212,Klose21,565,5,22903,72330,9698,7697,89725
1577536213,Niklas0102,0,0,0,0,49093,4385,53478
1577536214,Lady Peppy,82,1,288,0,0,0,0
1577536249,Unicornschissi,64,1,8239,328,21,0,349
1577536259,kazim,0,1,208,0,0,0,0
1577536284,Möppe,755,1,370,0,0,0,0
1577536286,Molzi,221,6,17861,19265,3802,41,23108
1577536290,KingBöhm13,827,1,26,12631,30479,56,43166
1577536293,Neschim,496,1,2455,0,0,0,0
1577536315,sykke,276,2,6242,0,429,7589,8018
1577536325,Spartacus225,0,1,75,0,0,0,0
1577536343,nelly64,386,3,5536,635,20,0,655
1577536346,Magnum420,0,1,233,0,30,0,30
1577536347,GerMainHD,0,1,234,0,0,0,0
1577536348,DietrichLP,0,1,234,0,0,0,0
1577536363,deadloss,65,1,3221,0,0,0,0
1577536390,Bibi67,0,1,161,0,0,0,0
1577536398,wallah26,0,1,56,952,0,0,952
1577536400,gragas21,0,1,26,0,0,0,0
1577536415,Impohr,179,1,2824,582,870,0,1452
1577536418,yallah20,0,1,393,0,0,0,0
1577536439,Real hendlhaxnrudi,83,2,10990,428,73132,0,73560
1577536449,ohnain,442,54,237758,189887,570267,8548,768702
1577536459,pampersbomber,863,1,178,0,3640,0,3640
1577536510,Slyth,560,1,8996,71,111417,203,111691
1577536570,jasonsmith28,0,1,631,0,31886,0,31886
1577536599,Sattilit,351,1,4123,0,0,0,0
1577536604,Peet1887,0,2,1179,30959,126836,0,157795
1577536606,Amigoo,285,6,21438,21618,741,0,22359
1577536607,Jakobbbb,0,1,154,0,924,0,924
1577536630,AmoreVero,205,4,16788,63590,178,3288,67056
1577536640,Targin,0,1,441,0,0,0,0
1577536641,x3Luck,393,1,26,7081,7414,0,14495
1577536686,Der Mann namens LoL,165,10,75827,180184,36261,17675,234120
1577536747,Mohnblume,0,1,294,0,0,0,0
1577536772,Ultralativus,0,1,3051,0,0,0,0
1577536791,Jakob4109,232,4,14808,238,221,9590,10049
1577536799,RindenRambo,81,6,29788,47193,6253,81550,134996
1577536800,TajoZ,498,6,14983,5675,2242,1631,9548
1577536815,kp1993,51,2,5610,18495,178762,7961,205218
1577536817,railor,0,1,77,0,0,0,0
1577536819,King Emmi,0,1,81,0,0,0,0
1577536820,Holoback,322,30,210682,27878,813,1775,30466
1577536827,Grusskarte,29,1,7379,16,0,125,141
1577536833,Gaga73,0,1,483,1412,5290,0,6702
1577536839,thefighter1996,0,1,2485,0,5878,0,5878
1577536871,Tatum28,0,1,558,0,1822,0,1822
1577536888,kingsgard,0,1,72,0,0,0,0
1577536901,Lord Coco,0,1,49,0,0,0,0
1577536938,Jonesy671,0,1,235,0,1300,0,1300
1577536954,Aces and Eights,0,1,483,0,0,0,0
1577536955,DORSCHI,0,1,52,0,0,0,0
1577536965,Pegasus,342,1,2009,0,634,0,634
1577536967,Nils0203,343,2,1646,0,34961,0,34961
1577536980,Zinneb,177,1,2076,0,4710,0,4710
1577536985,WhiskeyNico,0,0,0,0,6035,0,6035
1577537006,Dallavunix,0,1,26,0,0,0,0
1577537007,Eggbert88,277,4,9914,1348,982,11722,14052
1577537009,Gordini,789,1,982,0,0,0,0
1577537029,MrDNobody98,534,1,1190,513,104,2228,2845
1577537047,Amora291,877,1,1480,0,0,0,0
1577537056,lalashrmn,0,1,886,0,50781,0,50781
1577537062,miste1452,47,4,11313,17293,829,624,18746
1577537070,TitanT,451,1,2939,0,577,2636,3213
1577537075,Magentateaser,0,0,0,23758,7472,70,31300
1577537092,Riri,346,2,3840,0,994,0,994
1577537140,Ingo-im-Twingo,542,6,13613,778,125677,12330,138785
1577537147,R2k3,0,1,1180,0,20,0,20
1577537158,Kuppi0815,0,1,4396,0,18,0,18
1577537163,Bambusbonze,0,1,2028,0,80,0,80
1577537171,Judge,0,0,0,0,201,0,201
1577537188,FriedrichMerz,314,1,3250,0,26,0,26
1577537189,ischias,0,1,591,0,6,0,6
1577537200,pfoetchen666,110,1,5499,0,609,0,609
1577537205,Xemnas81,436,4,11179,3636,846,50096,54578
1577537210,frido911,222,1,4136,0,0,0,0
1577537222,FeedingSocial,621,1,775,452,1447,451,2350
1577537248,Nigel91,277,1,5773,0,1428,235,1663
1577537283,Rapoto Abinberc,0,1,1426,0,4769,0,4769
1577537301,Hildegards Tote Oma,0,1,26,0,0,0,0
1577537338,ThiloAnno1984,516,1,2149,2462,2554,37,5053
1577537340,Flo1990,778,1,1802,0,0,0,0
1577537362,Hansmann959,95,2,913,4171,6663,0,10834
1577537363,Aerys II,0,2,3753,0,186,0,186
1577537377,Sir Landselot,0,1,1587,0,0,0,0
1577537413,x3rikx,0,1,1195,140,18,0,158
1577537423,Pukanec,0,1,123,0,0,0,0
1577537437,Hunter617,0,1,862,9,4673,0,4682
1577537448,Geschwindigkeitslord,0,1,26,0,0,0,0
1577537476,Lord remundo ryan,624,1,3916,0,14081,0,14081
1577537485,PAHO,0,1,57,0,0,0,0
1577537493,moonrocky,0,0,0,0,824,0,824
1577537512,Zempu1,0,3,4899,50,55977,0,56027
1577537515,Deathstar.15,0,1,201,0,541,0,541
1577537531,simongensi,0,1,77,0,0,0,0
1577537545,token,0,1,5282,3209,35489,0,38698
1577537548,Rattenfänger666,185,1,1624,0,1862,0,1862
1577537583,Ragnock,235,3,11588,21286,938,176,22400
1577537592,BuschFunkTV,0,1,215,0,0,0,0
1577537613,SwissRagnar,0,0,0,0,27831,0,27831
1577537620,Derapid,0,1,954,0,342,0,342
1577537630,KatapultVerleihOst,70,1,552,0,939,0,939
1577537647,itsDave,705,1,3203,0,1102,0,1102
1577537666,-*o.O*-,0,1,306,0,0,0,0
1577537681,Jütti,0,0,0,0,25444,0,25444
1577537691,Pfaffenberg,0,1,179,0,52,0,52
1577537700,sarahrauch90,316,1,1598,0,11979,0,11979
1577537728,Knolli-10,226,3,8095,0,132,0,132
1577537742,Nachthaken,340,1,1321,0,590,0,590
1577537777,EirenHD,0,1,1253,0,440,0,440
1577537792,Lord Glur4k,0,1,1488,0,18,0,18
1577537801,dcrypro,0,1,104,0,12,0,12
1577537844,bvb-bomber96,165,4,20553,35456,156,0,35612
1577537868,Headdii,99,1,2187,0,0,1930,1930
1577537917,fitness-junky,165,4,23414,29301,39,1809,31149
1577537918,Swtlemon,0,1,201,5550,6515,0,12065
1577537931,RealMatze,165,67,279416,136629,299006,5688,441323
1577537933,Sir Rob,165,17,97647,207418,11509,37416,256343
1577537940,Violence92,826,6,16997,17942,663,6765,25370
1577537944,Sir Thilotz,165,7,35815,60565,880,0,61445
1577537954,LordDarus,565,9,21011,55375,10011,18721,84107
1577537958,König Lord König,0,1,265,0,412,0,412
1577537964,Johann,0,0,0,0,25834,77,25911
1577537973,Sh1lka,95,4,14868,6057,257,13060,19374
1577537981,LastManStanding,0,1,603,0,8309,0,8309
1577537984,Celli1887,183,1,164,109,7448,0,7557
1577537986,scarpex,318,9,30649,18122,5076,143,23341
1577538033,UlliUlrichson,178,1,1377,0,330,13262,13592
1577538046,Partybauch,796,1,3985,143,3726,0,3869
1577538047,Damiana,232,1,7063,7861,58,406,8325
1577538049,CarloDS,0,0,0,0,8726,0,8726
1577538051,D34THPURG3,59,12,37695,101824,1157,14,102995
1577538056,Niskat,773,1,1518,4302,0,0,4302
1577538062,Pop04,0,1,53,0,0,0,0
1577538080,DerDolch95,103,1,3044,14559,1618,1349,17526
1577538083,jrensch1933,8,5,19195,3978,130,0,4108
1577538085,Degadow,787,1,3457,774,0,0,774
1577538108,Bigos,373,4,14339,80,238,0,318
1577538113,Leonidas44,21,0,0,343,246,0,589
1577538116,wiederhier0815,596,1,3766,0,2659,1305,3964
1577538120,tfpflorian,596,1,1777,0,134,1011,1145
1577538132,sirhenri,558,1,3882,0,24,0,24
1577538135,Fossil,0,1,245,0,225,0,225
1577538138,miwu,225,1,6195,6737,1140,21697,29574
1577538176,niulp,0,3,6099,5416,10,0,5426
1577538208,FelixXVI,545,3,6142,565,1646,0,2211
1577538212,LordItachi92,179,1,2567,40,4862,0,4902
1577538215,Ch1llrm,0,0,0,0,11723,0,11723
1577538217,Funnyjoe,276,6,17367,10062,2483,238,12783
1577538223,manilo1979,0,1,26,0,0,0,0
1577538233,Rambo12,821,1,86,0,0,0,0
1577538237,BerndBrot der Wahre,178,1,659,0,0,2140,2140
1577538239,Henno74,0,1,26,0,0,0,0
1577538246,Nilssi1996,0,1,109,5207,7728,7154,20089
1577538273,Xnas,0,0,0,0,3485,0,3485
1577538279,Chargleit,314,1,397,18291,22351,0,40642
1577538280,JimmyOG,0,1,4323,0,0,0,0
1577538281,novoline95,165,48,212369,338616,135544,70567,544727
1577538282,stalkerTBQ,838,1,44,0,28234,0,28234
1577538292,wuppitaler,787,1,3618,9,3968,0,3977
1577538351,Nightaby,0,1,207,0,1454,0,1454
1577538355,Parkett,0,4,6283,2735,5131,0,7866
1577538377,alter Ketzer,609,7,22406,4643,308,0,4951
1577538388,patrick dortmund009,0,1,815,0,0,0,0
1577538389,superbird,0,0,0,0,23865,0,23865
1577538418,BraVion,281,0,0,2760,21782,0,24542
1577538422,TomSpace,0,1,1933,0,0,0,0
1577538471,LordLuga,52,3,13290,8816,369,106,9291
1577538501,Stexu,646,1,1988,0,24,0,24
1577538591,MikeMagic,65,7,19546,9865,5078,0,14943
1577538601,Zudotakikato,295,2,5771,0,1123,5654,6777
1577538635,kohle96,61,3,18592,7589,3131,13999,24719
1577538659,Klobrille95,165,17,86900,117977,73810,15616,207403
1577538663,baresechszwei,734,1,1032,339,1643,0,1982
1577538687,Lord kollege,759,1,2379,303,27,1592,1922
1577538693,Winus,609,1,2244,0,100,0,100
1577538721,OF Piet,734,1,1291,426,0,0,426
1577538728,gwenviver,0,1,73,0,0,0,0
1577538742,Diabel,0,1,1105,5008,5727,0,10735
1577538768,Blondi01,0,1,850,0,192,0,192
1577538774,Predex,0,1,1552,418,12,0,430
1577538778,Dobila,0,1,730,0,0,0,0
1577538817,gerrad69,0,1,574,0,0,0,0
1577538819,thomystuttgart,61,4,22593,7140,188734,12414,208288
1577538820,Regina Gloser,346,2,7855,8,14867,41,14916
1577538823,Saustall,276,2,6308,0,1625,8,1633
1577538849,daniS34,81,6,17510,4088,899,10929,15916
1577538868,mikel12,0,1,26,0,0,0,0
1577538895,o82.dimi,560,2,3656,17487,19745,0,37232
1577538902,Speedy1972,185,1,1507,0,21435,0,21435
1577538915,Exe2609,778,1,3667,0,0,0,0
1577538934,ChrisBozz,103,2,1766,17342,13150,1866,32358
1577538935,Anton,0,0,0,0,16306,0,16306
1577538939,Wandschrank29,82,1,4902,0,0,0,0
1577538943,busy,0,1,2546,201,10,0,211
1577538973,sawmaster74,0,1,488,0,145,0,145
1577538974,G33nius,0,1,4158,0,415,0,415
1577538983,Jonas25,81,5,23288,12639,6846,0,19485
1577539033,elosso92,0,0,0,51390,151266,19138,221794
1577539034,xalphox,0,1,180,0,1219,0,1219
1577539047,Deno1103,128,2,9227,26740,0,8,26748
1577539056,Angla,18,3,14096,33630,2296,6182,42108
1577539088,LooukY,0,1,1031,0,240,0,240
1577539095,Polizeiruf112,557,1,4047,0,11983,0,11983
1577539107,werner der .....,0,1,207,0,0,0,0
1577539114,König Blade,0,1,3676,0,10,0,10
1577539128,Lisa19,285,1,2785,0,144,0,144
1577539131,mxmmk,0,0,0,122,2909,0,3031
1577539136,Trakyali59,128,13,61336,148873,51693,13135,213701
1577539137,bubinator,0,0,0,0,8048,0,8048
1577539140,tehlizzard,322,8,30765,19837,2284,19109,41230
1577539175,KingKiff,553,2,4281,0,1296,0,1296
1577539178,edobhf96,128,10,52774,88041,22707,3544,114292
1577539200,GUYSTER,21,1,4288,0,462,0,462
1577539206,Audra,0,4,9308,8623,15853,0,24476
1577539207,Papamax,461,1,2114,25029,50985,13846,89860
1577539212,Rostkarre,0,1,1740,0,0,0,0
1577539229,Syker Atar,0,1,730,0,8773,0,8773
1577539234,Ritter der Gilde,159,1,1257,0,40,0,40
1577539265,xI3Tricksi,0,1,3442,4771,630,0,5401
1577539294,DasSchweigenDerPenner,637,1,3709,339,0,18092,18431
1577539301,NilsSchmieder97,0,2,11151,12636,330,0,12966
1577539318,maxit123,0,2,2359,1737,22460,0,24197
1577539321,Lucas999,0,6,12874,785,7682,0,8467
1577539343,Aslan46,529,6,17172,31653,8659,0,40312
1577539345,Schneegott,0,1,802,7153,514,478,8145
1577539353,Astrotim,222,4,7907,1809,16671,0,18480
1577539358,Andi-Pukki-1904,665,7,45188,42681,5057,0,47738
1577539363,Happy horse,293,6,14160,12195,4458,2196,18849
1577539364,Basher gesucht?,0,1,406,10530,177,0,10707
1577539365,Achim Luedtke,0,1,26,0,0,0,0
1577539369,xDracoSigmax,0,1,26,0,0,0,0
1577539370,VINCO,152,1,289,0,518,0,518
1577539373,hsgukqha,0,1,26,0,0,0,0
1577539375,profrost,0,1,26,0,0,0,0
1577539377,shadowwizard,0,1,26,0,0,0,0
1577539378,Phantom95Bringer,0,1,26,0,0,0,0
1577539379,silentwizard,0,1,26,0,0,0,0
1577539381,Edwin Hahn,0,1,26,0,0,0,0
1577539383,Toxic1Pro,0,1,26,0,0,0,0
1577539385,Hawk3Flipper,0,1,26,0,0,0,0
1577539388,Uwe Martens,0,1,26,0,0,0,0
1577539389,aikaxwnj,0,1,26,0,0,0,0
1577539390,irekid,0,1,26,0,0,0,0
1577539392,7r0phy3y3,0,1,26,0,0,0,0
1577539400,stackbringer,0,1,26,0,0,0,0
1577539403,spikeboy,0,1,26,0,0,0,0
1577539404,tzbrtn477,0,1,26,0,0,0,0
1577539406,badgeblade,0,1,26,0,0,0,0
1577539407,Rainer Jung,0,1,26,0,0,0,0
1577539408,rqoohdwk,0,1,26,0,0,0,0
1577539409,wagpit,0,1,26,0,0,0,0
1577539431,faabricioo,3,7,43453,98030,138239,59912,296181
1577539433,Mimo66,0,1,201,0,0,0,0
1577539445,Trickster1364,534,4,5895,0,41666,15,41681
1577539459,DeAthanGel86,0,1,520,0,0,0,0
1577539475,Lord Drachenzorn,0,1,414,0,0,0,0
1577539555,Tarina,3,12,61889,29528,110470,95,140093
1577539578,Kriminator,405,6,16375,16017,16053,9345,41415
1577539581,Eren Jäger,0,1,131,71,18,0,89
1577539589,Mihailo der Große,179,1,3340,0,10,60,70
1577539611,*Rumpelstilzchen*,226,1,2620,0,5852,0,5852
1577539642,Meistermartsn70,0,1,1705,0,570,0,570
1577539650,Maetschii,0,1,875,0,234,0,234
1577539656,ayone,205,10,19437,2832,3552,4,6388
1577539657,Kaiser Edward Newgate,350,1,91,3404,245,0,3649
1577539713,AntonXXVII,674,1,3334,610,0,0,610
1577539719,MacPlayer,0,1,26,0,2534,0,2534
1577539720,mbsmoke903,176,1,5359,0,9714,0,9714
1577539742,paccoooo,0,1,26,0,0,0,0
1577539745,ChristelvonderPost,0,1,436,0,60712,0,60712
1577539796,warwicklichso,346,4,6207,13129,284,0,13413
1577539894,xPanda,0,1,290,0,0,0,0
1577539896,Aquilos,10,1,1319,0,8945,0,8945
1577539899,Vulture,64,1,5475,6807,15,0,6822
1577539900,Jackal1,64,3,7958,10366,316,0,10682
1577539906,maga,52,9,20629,60960,804,16960,78724
1577539907,MorrisPhil,0,2,2047,0,147863,0,147863
1577539932,Sophakuchen,0,0,0,0,23349,0,23349
1577539983,wasteddude,0,1,751,0,0,0,0
1577539984,monkfishmondfinsternis,0,1,635,0,0,0,0
1577539992,Goldfischjäger,0,1,739,0,0,0,0
1577540018,BozkurtunGözü,0,0,0,0,8680,0,8680
1577540023,Der Herscher,10,3,3829,0,21306,0,21306
1577540074,klaus38,70,2,4536,0,1691,0,1691
1577540084,Oksana,0,1,1961,0,0,0,0
1577540087,Gruselalex,0,1,772,0,1827,0,1827
1577540089,Androxon,0,0,0,6475,11139,0,17614
1577540090,matze24,61,2,8946,1822,52,31708,33582
1577540109,Sabsi17,737,1,1251,0,54,0,54
1577540167,benjamin1994,285,2,5773,7186,1989,0,9175
1577540171,SirHomer,496,1,1800,0,0,0,0
1577540185,Vilgefortz von Roggeveen,0,3,4725,1795,75321,0,77116
1577540186,Mpeq,77,14,66358,129483,647319,5010,781812
1577540200,BabaSultanHaci,64,5,13531,8310,325,0,8635
1577540278,WildFrunt,0,1,26,0,0,0,0
1577540281,Riemgiers168,0,1,26,0,0,0,0
1577540282,Grierspestbierk,0,1,26,0,0,0,0
1577540283,WaldKaempfer508,0,1,26,0,0,0,0
1577540285,Neldbrimlick,0,1,26,0,0,0,0
1577540287,NachtSohn,0,1,26,0,0,0,0
1577540289,GrossBaer,0,1,26,0,0,0,0
1577540299,WurzelGraber,0,1,26,0,0,0,0
1577540304,RatCod,0,1,26,0,0,0,0
1577540306,DunkelBaer268,0,1,26,0,0,0,0
1577540310,WilhelmL,0,1,26,0,0,0,0
1577540315,SchattenGrauz62,0,1,26,0,0,0,0
1577540317,KristallAxt436,0,1,26,0,0,0,0
1577540320,SchildJaeger76,0,1,26,0,0,0,0
1577540321,KristallTromm,0,1,26,0,0,0,0
1577540322,KristallChumm63,0,1,26,0,0,0,0
1577540329,Annixi,0,0,0,0,5414,0,5414
1577540332,RabeReiter,0,1,26,0,0,0,0
1577540334,Brintdir,0,1,26,0,0,0,0
1577540336,Tristbertsonn,0,1,26,0,0,0,0
1577540337,SturmRabe,0,1,26,0,0,0,0
1577540339,Nitstrienbrerk,0,1,26,0,0,0,0
1577540340,KaltStreur774,0,1,26,0,0,0,0
1577540342,KristallZinn,0,1,26,0,0,0,0
1577540343,Hondklemraurt,0,1,26,0,0,0,0
1577540348,KaltStamm,0,1,26,0,0,0,0
1577540349,GutHum,0,1,26,0,0,0,0
1577540351,Zotklem,0,1,26,0,0,0,0
1577540352,GrossMeister80,0,1,26,0,0,0,0
1577540354,Klauntson,0,1,26,0,0,0,0
1577540357,FrostFluss,0,1,26,0,0,0,0
1577540358,KristallSchild,0,1,26,0,0,0,0
1577540374,Dadaone79,0,1,204,0,13985,0,13985
1577540380,SmaragdBeis,0,1,26,0,0,0,0
1577540381,YinOur,0,1,26,0,0,0,0
1577540382,KlaueBote,0,1,26,0,0,0,0
1577540388,Prinz82,369,7,21335,2961,3163,0,6124
1577540398,freierblick7497,0,1,699,0,0,0,0
1577540400,Feuergold,145,1,673,0,0,0,0
1577540410,Peinliche Befragung,0,1,682,0,0,0,0
1577540413,Lord Tom67,496,1,3527,0,0,0,0
1577540417,Blutig,342,0,0,1356,11638,0,12994
1577540459,EwokPanda,0,1,698,0,0,0,0
1577540497,Schlepphoden,637,3,7793,203,560,22875,23638
1577540500,Faros,18,3,15190,4228,162,32270,36660
1577540502,ElKumay,834,1,649,0,0,0,0
1577540505,El Fugo,789,1,26,0,6224,0,6224
1577540512,Wanderer,18,4,6991,0,2258,8289,10547
1577540513,GrauBlet,0,1,26,0,0,0,0
1577540514,HogToe,0,1,26,0,0,0,0
1577540516,FalkenFalke,0,1,26,0,0,0,0
1577540519,DunkelKlaue652,0,1,26,0,0,0,0
1577540522,Wilhelm der Eroberer,521,1,1548,0,45761,0,45761
1577540528,Der WixXeR,0,1,941,0,10,0,10
1577540531,Mojgan,827,1,1100,45,78,0,123
1577540566,Nightlurker,0,1,26,0,0,0,0
1577540568,Daaggerx,0,1,26,0,0,0,0
1577540570,grafebXer,0,1,26,0,0,0,0
1577540630,LucyPyre,346,5,7759,0,11780,0,11780
1577540644,Julia0909,0,1,362,0,401,0,401
1577540647,DonObg,534,3,1717,5209,5253,0,10462
1577540652,Jorgjaok,0,1,26,0,0,0,0
1577540656,Schattenmeister,0,1,26,0,0,0,0
1577540707,Firuna,451,3,6683,0,1907,29675,31582
1577540709,Connat2,451,1,432,0,44069,6820,50889
1577540734,MiBo6173,0,1,3659,2039,944,0,2983
1577540754,Valkyriie,0,1,887,0,1218,0,1218
1577540770,Ithlafooas,0,1,26,0,0,0,0
1577540779,knutrachee,0,1,26,0,0,0,0
1577540780,mundgeschmaack,0,1,26,0,0,0,0
1577540782,pearlunder99,0,1,2057,0,4684,0,4684
1577540784,WildWolf09,0,1,26,0,0,0,0
1577540785,Aschekriegeer,0,1,26,0,0,0,0
1577540792,nobleraaid08,0,1,26,0,0,0,0
1577540793,VenOomxxl,0,1,26,0,0,0,0
1577540815,wardeen,0,1,26,0,0,0,0
1577540816,Wuukcht,0,1,26,0,0,0,0
1577540817,Ma7dkiiller,0,1,26,0,0,0,0
1577540818,zorn02,0,1,26,0,0,0,0
1577540819,nemesisde01,0,1,26,0,0,0,0
1577540820,kingebe4er,0,1,26,0,0,0,0
1577540821,Aschegraf,0,1,26,0,0,0,0
1577540836,Zikho,221,6,23828,59767,2299,1447,63513
1577540860,Niklas3101,0,1,26,0,3592,0,3592
1577540862,Bartnuschler,0,1,804,0,0,0,0
1577540871,Clemrock,721,5,24387,52059,460,0,52519
1577540872,Sandmännin,0,1,663,0,0,0,0
1577540888,chitukko,0,1,989,2484,28102,5,30591
1577540900,fgamer999,0,1,1752,0,0,0,0
1577540903,Der Rllige Rolmops,0,1,26,0,0,0,0
1577540924,Dave5167,0,1,63,0,0,0,0
1577540926,SonniiVerse,0,1,2651,0,20902,0,20902
1577540940,ragnaxr,0,0,0,40,17091,0,17131
1577540951,neindochnein,0,1,1379,26012,59667,0,85679
1577540955,OldWelt30,0,1,325,0,3,0,3
1577540975,SirChurchy,0,1,26,0,0,0,0
1577540982,..Niklauda..,318,5,21345,10590,717,0,11307
1577540992,Triumvirat,290,1,1165,0,858,0,858
1577540998,Verengath,95,1,2478,0,0,1491,1491
1577541006,PigglyWigglyDeluxe,0,1,683,0,0,0,0
1577541007,xBluEx,745,1,2620,209,3755,0,3964
1577541021,Farmbeauftragte,0,1,330,0,0,0,0
1577541027,Held79,0,1,344,0,61220,0,61220
1577541042,Lord-Raiden,542,1,2199,0,3278,0,3278
1577541048,MarvImperor72,90,1,5144,1645,35651,41450,78746
1577541053,emrenullsieben,63,4,10910,9652,390,0,10042
1577541060,RoteArmeeMaus,0,1,1342,64,51323,34610,85997
1577541064,eatmyshorts432,0,1,708,0,341,0,341
1577541132,milanz900,0,1,1494,0,1217,0,1217
1577541136,Truckgirl,0,1,670,0,0,0,0
1577541140,XxQulpaxX,103,1,662,6778,1393,0,8171
1577541145,Der Insi,0,1,507,0,1244,0,1244
1577541153,flo23,246,1,3686,2935,1680,0,4615
1577541161,Skully,0,1,154,0,39,0,39
1577541175,Arda Gulasch,685,1,3000,11111,0,0,11111
1577541183,zox0815,0,0,0,120,11141,0,11261
1577541192,Elli Fand,0,0,0,0,233,0,233
1577541232,Timbo1991,560,4,19680,5492,254,48570,54316
1577541241,Sir lancerot,824,2,5874,0,67,0,67
1577541251,LePanzerknacker,879,1,627,0,72,0,72
1577541265,Vaterlandsloser Geselle,0,1,736,0,0,0,0
1577541266,Hundemund,0,1,725,0,0,0,0
1577541268,Söder Ultras,0,1,710,0,0,0,0
1577541291,Kesselinio,0,1,1785,7234,3625,0,10859
1577541294,Christian12q,0,1,286,0,0,0,0
1577541334,Basti1,0,0,0,893,45,0,938
1577541344,vurux,509,1,536,0,32008,0,32008
1577541408,Lord Bremen,21,3,5385,1018,233,40,1291
1577541410,BlackSchadow26,0,1,26,0,0,0,0
1577541439,ViperFalkonzZ,32,6,28928,9648,2261,4686,16595
1577541455,caljonessss,0,1,26,0,0,0,0
1577541492,Puffbohne,705,1,5990,0,0,0,0
1577541652,Ecli,29,1,597,0,208,0,208
1577541694,Eshkedra,0,1,459,0,9571,0,9571
1577541738,Seb91,318,4,13934,2810,25061,5015,32886
1577541750,Maiston,0,1,130,217,99,0,316
1577541782,Kraxler91,64,3,7947,4132,156,0,4288
1577541787,Dunkelhirsch,64,3,7363,2830,991,0,3821
1577541925,Andrej1,0,1,93,0,23,0,23
1577542011,Erbsensammler,646,4,20251,709,3124,0,3833
1577542012,nerox,705,1,5449,0,0,0,0
1577542029,möwenmogger66,0,1,141,0,0,0,0
1577542032,MrRapmaster19,0,1,716,0,0,0,0
1577542033,OpaHelmut84,0,1,676,0,0,0,0
1577542036,PITCH-PATCH,0,1,643,0,0,0,0
1577542055,BigSlimDog,165,11,71350,115227,4718,4791,124736
1577542056,mstanley84,0,1,2728,0,1551,0,1551
1577542075,Königscobra,0,1,2509,32,368,0,400
1577542080,LordColt,410,3,18471,124291,296327,7451,428069
1577542085,Escobar1993,123,41,163298,154699,11693,42303,208695
1577542113,Benjue96,365,1,2747,0,0,5788,5788
1577542127,schnodderbürstchen,0,1,661,0,0,0,0
1577542135,Nking97,232,4,13420,1651,904,456,3011
1577542139,vinitoc,41,5,22788,0,771,343,1114
1577542167,CosmicScales,0,1,210,0,127,0,127
1577542176,chreisa,153,0,0,0,1490,0,1490
1577542205,Der Trockner,509,0,0,0,762,0,762
1577542206,Joey,516,3,5154,1535,3714,0,5249
1577542222,papaya00,262,2,6239,3636,9550,10339,23525
1577542227,Don Lennart,609,3,9675,14,5472,0,5486
1577542229,matthisc,0,1,3265,698,11306,0,12004
1577542265,Ninsbär,350,1,724,0,0,0,0
1577542273,Lord Vladimir,0,0,0,0,6305,0,6305
1577542274,dieter1969,0,1,642,0,0,0,0
1577542275,Jochen2323,0,1,695,0,4100,0,4100
1577542279,Luzifaros,0,1,26,0,0,0,0
1577542298,lazli61,32,12,61471,144371,7651,2425,154447
1577542308,Hero 0815,734,1,1759,748,762,5131,6641
1577542322,Screpblau,628,1,543,0,0,0,0
1577542334,Enola Say8,0,1,26,0,0,0,0
1577542347,Ultra Repid,0,1,851,0,0,0,0
1577542355,denni555,165,11,45418,49357,2953,2466,54776
1577542357,Gabba.Gandalf,734,3,4774,0,91,0,91
1577542375,joca,29,1,3257,0,0,0,0
1577542377,EI-L-IB-O-NI-X,0,0,0,20284,94732,0,115016
1577542395,KönigLöwenherz,348,1,4873,0,180,0,180
1577542409,Lord Fischer92,0,1,411,7719,422,0,8141
1577542411,Felix17,0,1,3589,152,1244,0,1396
1577542416,Wolle68,0,1,638,0,0,0,0
1577542431,Schweisser,0,0,0,986,46294,0,47280
1577542451,19Lion88,343,1,1243,2195,12121,0,14316
1577542461,Dominik4712,0,1,884,1642,301,0,1943
1577542496,MichaAE,0,1,146,0,0,0,0
1577542511,Prinzessin Elsa,0,1,7730,60607,119,0,60726
1577542518,Hausi97,77,10,44070,41352,77790,1115,120257
1577542523,Pepsicola86,78,1,675,0,0,0,0
1577542544,Leonidas2,0,0,0,845,5423,0,6268
1577542546,Chiller3114,123,33,192350,144791,13101,28259,186151
1577542547,Svamptomten,0,1,26,0,0,0,0
1577542552,Midwayleaf123,0,1,26,0,0,0,0
1577542558,McRush,0,1,26,0,0,0,0
1577542565,yocris14,0,1,26,0,0,0,0
1577542633,Eetuu,0,1,26,0,0,0,0
1577542637,steelwarrior,0,1,26,0,0,0,0
1577542639,eluaan,0,1,26,0,0,0,0
1577542640,Yusi,0,1,26,0,0,0,0
1577542642,CaptainGringo,695,1,795,0,1682,0,1682
1577542643,CaptainSnorkles,695,1,1336,0,0,0,0
1577542644,AlItteLeDrab,0,1,26,0,0,0,0
1577542655,GeneralKeinPlan,725,1,917,0,1706,2262,3968
1577542697,BaSoL,461,7,32656,8537,75,163854,172466
1577542699,Franz Eberhofer,215,1,818,14672,31153,0,45825
1577542712,nlnl,0,1,26,0,0,0,0
1577542714,Chaos,0,5,6127,0,13173,0,13173
1577542720,volczi,0,1,26,0,0,0,0
1577542724,TitansFury,0,1,26,0,0,0,0
1577542737,dermörderja,0,1,3059,0,20,0,20
1577542740,Kinkibell,826,1,3177,0,0,75,75
1577542749,EresusPL,0,1,249,0,0,0,0
1577542754,WasnHierLos.?,0,1,1126,0,357,0,357
1577542758,CaptainKlaus,695,1,1453,0,0,0,0
1577542789,Sabforce,0,1,26,2698,2618,0,5316
1577542802,Turi 1991,0,1,26,0,0,0,0
1577542808,M00npieHN,0,1,3477,0,0,0,0
1577542812,Arno Dübel,623,1,504,0,21,0,21
1577542818,dalyricalg,0,1,26,0,0,0,0
1577542820,Alpha97070,668,2,3796,0,208,1887,2095
1577542843,Lord Moni,725,4,22224,16896,0,0,16896
1577542846,jaeglee0416,0,1,26,0,0,0,0
1577542847,TROJAYU,0,1,26,0,0,0,0
1577542848,LadyRachelle77,0,1,26,0,0,0,0
1577542851,NordicHW,0,1,26,0,0,0,0
1577542852,Skuzy,639,1,1478,0,1644,3271,4915
1577542879,PlayDiver,0,1,210,0,0,0,0
1577542885,Strohmpe,646,4,17332,21010,0,0,21010
1577542905,JoeDanger,695,1,997,0,0,0,0
1577542910,ZZ77,0,0,0,0,43344,1516,44860
1577542912,Lord Hartmann,734,3,5858,183,315,0,498
1577542920,maareike-93,0,1,5861,0,13916,198,14114
1577542923,HeinzSword,51,6,26305,67318,135556,39504,242378
1577542928,Pfandgott,0,0,0,0,1716,0,1716
1577542930,SünnetciOg,474,1,2688,274,10,7171,7455
1577542932,TobbyTobsen37,0,4,7853,75,1741,0,1816
1577542942,Numinex,557,4,14310,7919,1428,55,9402
1577542967,DenoGreen,0,0,0,0,281,0,281
1577542987,Flox,539,1,1083,0,0,0,0
1577543013,Ultron,0,1,188,0,0,0,0
1577543015,beatnick,0,4,10946,0,581,31957,32538
1577543025,Kigomo23,0,1,5442,25866,85910,0,111776
1577543029,Queenli Sarosa,0,1,318,0,0,0,0
1577543086,LekkerBierje,0,1,1817,0,0,0,0
1577543096,Grischä,0,2,6235,14546,8,0,14554
1577543119,Weeke,0,1,26,0,0,0,0
1577543122,Rancho,95,3,10762,0,783,0,783
1577543128,DasWirdLegendär,148,10,57755,176851,1689,1684,180224
1577543139,Phie,0,1,26,925,3291,0,4216
1577543141,Aphrodite99,0,1,1519,0,0,0,0
1577543149,voby,0,1,304,0,921,0,921
1577543164,OldCartman,0,1,1017,0,2392,0,2392
1577543181,Dassautoo,0,1,673,18839,33418,0,52257
1577543212,Ezzendro,18,2,4486,592,854,19463,20909
1577543216,Vandair,0,1,314,80,21522,0,21602
1577543240,Mikey68,0,0,0,0,26439,0,26439
1577543283,bennyrg2820,235,2,5068,0,1562,16683,18245
1577543289,defence04,0,0,0,0,2166,0,2166
1577543304,rambobibu,0,1,823,27635,2580,0,30215
1577543305,TillyVanilly,565,24,90945,84225,1916,9605,95746
1577543315,Hansdiegans,679,1,26,19593,41993,58905,120491
1577543316,fuRockstar,392,7,37737,25639,10895,58,36592
1577543326,0nkel-Bob,436,6,20655,3790,45928,15038,64756
1577543374,Agent1OO,167,1,1214,0,441,0,441
1577543395,Jesterhead,651,1,432,0,158,0,158
1577543396,Herrin.Lilith,178,4,10521,134,2044,0,2178
1577543403,Chesany,556,4,26261,102822,214,0,103036
1577543420,Plankt0n,0,2,2365,934,62748,0,63682
1577543435,goldfisch98,255,3,5962,9817,13986,21544,45347
1577543449,ButtenNengel,255,2,2559,21349,67292,0,88641
1577543463,JoniG,0,1,298,0,80,0,80
1577543465,TheHebel97-1,0,1,287,0,0,0,0
1577543469,Faebe,148,28,115535,45911,5284,7867,59062
1577543504,stanly18,0,1,75,0,0,0,0
1577543506,Junior der 2.,560,3,9656,12712,73700,4998,91410
1577543512,Georgy96x,148,13,40619,104171,831,26799,131801
1577543514,xSkillz0rx,342,1,2167,0,282,0,282
1577543520,Undo,136,1,3449,0,30,0,30
1577543525,Lordlautre,0,1,143,0,67,0,67
1577543543,Andi123,0,1,2306,0,10,0,10
1577543557,Sigma Lion King,0,0,0,0,336,0,336
1577543582,Are you sure,176,1,5392,0,0,0,0
1577543597,Lord Noobish,0,1,994,0,34,0,34
1577543601,IR4ng3r,0,1,112,0,0,0,0
1577543602,maxxrichaard,103,1,4741,267,17357,0,17624
1577543603,CupImCup,136,2,1157,39061,7303,0,46364
1577543605,-d3d9ex,136,3,9833,15002,20605,0,35607
1577543678,SiggiSiggolovSiggoson,136,2,5408,15558,12607,625,28790
1577543688,basim,110,0,0,162,15140,0,15302
1577543705,Erzengel Armin,176,1,644,0,0,0,0
1577543738,skydancer0082,25,1,4270,169,500,1129,1798
1577543742,Boob,51,6,11197,988,2780,10047,13815
1577543745,Jeje92x,560,15,84016,82031,3669,54245,139945
1577543750,BruderBraun,221,4,13848,867,1668,0,2535
1577543755,Biervernichter,0,2,4355,13640,81,0,13721
1577543775,Küchenchef al dente,0,1,137,0,96,0,96
1577543794,BeoWulf2335,393,0,0,0,80,0,80
1577543839,Dabooo,0,1,567,0,0,0,0
1577543840,tobu71,435,1,439,0,38,0,38
1577543848,Lord Abdul,247,3,16329,16894,2495,0,19389
1577543875,Crezcendo,0,7,26533,3404,2308,0,5712
1577543898,aky16,0,1,26,48224,163407,2674,214305
1577543900,4KY4ZI,306,1,1076,14462,11732,527,26721
1577543902,HarterHans27,255,1,1164,3954,21682,139,25775
1577543935,skruf,0,1,97,0,0,0,0
1577543941,Lingen2023,539,1,2156,4021,0,0,4021
1577543959,mafo172,0,0,0,3846,140,0,3986
1577543960,Kimeas,451,2,5674,0,611,5648,6259
1577543971,HairyOtter1313,365,1,3868,0,0,6295,6295
1577543989,predisionz,443,13,86776,66627,844,24,67495
1577543993,Der Tiger,542,3,6431,0,6071,0,6071
1577544003,Nase von Sackenstein,255,1,1283,7474,5283,0,12757
1577544007,Lord NachtSchatten,0,0,0,37,20411,0,20448
1577544008,irgendetwas,221,3,11911,372,507,0,879
1577544021,Armayy,620,3,15311,37586,10,87,37683
1577544022,didi17,0,0,0,7534,38209,0,45743
1577544025,Spoonlord,0,1,3131,0,73,0,73
1577544026,Angelo Stuhlleer,0,1,26,0,0,0,0
1577544027,Tüm Grossdienst,0,1,208,0,0,0,0
1577544041,Tana777,620,3,13459,95,3388,51671,55154
1577544047,Kaisernero1606,0,0,0,105100,155303,158186,418589
1577544054,Potsdamer,175,1,1432,0,0,1682,1682
1577544056,Grantig,620,5,16743,26253,3371,39435,69059
1577544058,xZerz,0,1,3330,1396,38224,0,39620
1577544059,Calvo,0,1,160,0,0,0,0
1577544065,MINIMUS,3,6,29584,4207,5707,3333,13247
1577544093,Paladin Markus,32,5,25231,92611,6731,0,99342
1577544098,The Falco,0,0,0,0,4409,0,4409
1577544101,Buletti,0,1,26,0,0,0,0
1577544104,sepp1006,0,1,95,49826,51886,0,101712
1577544107,Ragnazull,560,3,8077,111,130,7222,7463
1577544124,nerd91,366,4,7303,0,833,0,833
1577544139,FranciCraft,0,1,904,0,10079,0,10079
1577544141,MajorErma,0,1,1677,0,210,0,210
1577544145,Heinz Loidlbauer,30,3,10062,18,16795,67551,84364
1577544146,Elbenkrieger13,282,5,14357,2455,520,26986,29961
1577544163,Axtfresse,295,7,17142,558,122211,3234,126003
1577544166,Dr. BOB,0,0,0,8013,237,2800,11050
1577544167,Schoko-Bang,0,1,271,0,0,0,0
1577544178,Dragan47,313,2,4363,0,767,0,767
1577544182,Argyle71,295,2,6322,211,1027,1311,2549
1577544184,FlyingPinkElephant,185,1,1815,122,131170,0,131292
1577544186,Morf,365,1,3303,168,8503,15802,24473
1577544192,NicDie97,0,1,1007,253,155,0,408
1577544193,dersAcul,443,92,394615,427129,712224,4983,1144336
1577544197,Kinglele2,295,4,9933,0,645,6332,6977
1577544203,Sonnyxx,165,50,264868,223530,114567,45961,384058
1577544212,GreyLord,534,3,6619,0,524,0,524
1577544221,Königin Nasusa,393,0,0,0,380,0,380
1577544231,HaHoHe,295,2,4654,0,983,3560,4543
1577544234,Ragnar96,295,2,2249,0,18827,3666,22493
1577544239,Ansatsu,293,4,14265,1146,330,7655,9131
1577544242,SchwarzeLegion,295,2,6043,0,358,3708,4066
1577544243,Gast544243,257,2,6855,3341,795,0,4136
1577544244,Nordmänner,295,2,4327,0,512,9599,10111
1577544256,Gast544256,0,1,1208,0,2237,0,2237
1577544260,Laudi,0,1,26,0,0,0,0
1577544263,Freerun26,223,1,2266,1153,2039,0,3192
1577544274,Keule60,533,5,11708,17518,1053,0,18571
1577544288,OhneNamen,0,1,553,0,0,0,0
1577544294,Chrissy1959,345,1,1055,0,28,0,28
1577544295,FabiWin,0,2,1499,37127,1567,0,38694
1577544299,Jilash,0,0,0,13093,25801,2235,41129
1577544301,RemmiHenni,473,7,22528,48076,392,111,48579
1577544326,crreeator,521,2,2620,3113,5260,50,8423
1577544336,Jojo02,0,1,81,0,25042,3,25045
1577544340,Red Bull 25,0,1,310,0,854,0,854
1577544342,Slapit89,0,0,0,7301,9582,0,16883
1577544388,qestdc,313,1,4592,0,44,0,44
1577544412,rocco-siffredi-69,369,3,7722,2742,0,0,2742
1577544414,hagiboy1,369,4,12625,11514,548,33324,45386
1577544415,Dönerbudendiemo,369,3,7833,22671,455,0,23126
1577544418,Biercules333,0,1,26,0,0,0,0
1577544419,Sergej Fährlich,369,7,27472,23007,1535,122101,146643
1577544424,Agnesium,0,1,219,0,11562,0,11562
1577544432,usgZombie,521,2,6939,0,1575,0,1575
1577544439,Gast544439,521,3,10225,0,1526,0,1526
1577544452,Admirals,0,0,0,0,5435,0,5435
1577544464,Zaryod,0,1,590,0,9221,0,9221
1577544468,Boebchen,0,4,5532,2738,96801,1663,101202
1577544469,Marellart,521,2,5310,40,2886,2572,5498
1577544471,Lord Marv,0,1,1161,0,11321,0,11321
1577544473,andreeeq1,0,1,223,0,251,0,251
1577544474,Ichflexdeinex,639,1,2113,0,23640,6857,30497
1577544475,SG-Brink-420,313,1,1191,0,0,0,0
1577544477,molkrux,0,2,5084,484,125,0,609
1577544488,Yatozuto,0,1,3012,0,0,2466,2466
1577544489,MrBiggles,0,1,1068,0,0,0,0
1577544505,Mupffel,293,5,11671,2256,100083,6094,108433
1577544508,Donna13,313,2,4372,0,884,0,884
1577544512,Harley99,0,1,26,0,0,0,0
1577544517,Tharak,806,1,1376,0,0,95,95
1577544518,Ritter Jamal,0,2,4742,298,19903,2265,22466
1577544524,6Tim6,613,1,1989,1218,7280,29,8527
1577544535,PacK,0,1,78,0,0,0,0
1577544545,xArathon,518,2,3923,0,511,6,517
1577544563,Lord Dammlecker,0,1,285,0,0,0,0
1577544569,DieWaldfee,424,38,152129,45261,6290,0,51551
1577544570,Stickypradz,0,0,0,342,26312,10990,37644
1577544577,Xendogor,473,4,12835,5706,405,0,6111
1577544578,FlyLikePeterPan,123,28,96710,44125,7603,5628,57356
1577544581,Schöneiche88,293,5,9541,2046,50928,5258,58232
1577544583,Schreysn,0,1,296,15544,119808,1197,136549
1577544586,stenka,322,3,8353,5761,0,0,5761
1577544602,Lipp1337,609,1,4018,1027,3021,0,4048
1577544610,Arlan,0,1,5209,4778,268,0,5046
1577544614,VoltJore,0,2,2920,37596,60103,7633,105332
1577544619,Chris09,328,6,12033,170,835,0,1005
1577544629,Schnitzeljagd,406,0,0,14335,417,0,14752
1577544646,smwsfrzy,365,3,5447,1733,528,25170,27431
1577544647,KaiserHorst,0,1,856,0,3468,0,3468
1577544649,TollwütigesEichhörnchen,369,5,18915,42186,330083,0,372269
1577544651,GastroIstGeil,0,1,92,0,0,0,0
1577544675,Bengt26,28,12,72778,21058,1620,11224,33902
1577544682,Pebeth,613,4,8412,1440,247,9371,11058
1577544691,1mkr,0,0,0,2180,6963,0,9143
1577544694,Perish,0,3,13998,29539,0,0,29539
1577544695,Ookev,0,1,389,6509,267,0,6776
1577544702,Sculldragon,232,11,51023,71561,1218,3386,76165
1577544703,GrünePest,0,1,3073,1611,18663,0,20274
1577544706,Calissie,384,1,1267,265,943,360,1568
1577544713,G3n3TiXx,0,1,1843,2841,3120,5504,11465
1577544735,Thrust,0,2,4672,949,367,314,1630
1577544740,Fichter94,0,1,964,1100,0,0,1100
1577544741,Gast544741,0,1,68,0,0,0,0
1577544748,Milla,782,1,2355,0,2197,17,2214
1577544791,Wala,459,6,17466,4865,678,0,5543
1577544793,Kleineraffe,0,0,0,0,2983,0,2983
1577544821,mixxer34,0,1,26,3814,9407,0,13221
1577544848,Kelle75,351,2,5285,528,711,0,1239
1577544852,TheGraaf,235,3,10809,0,208,0,208
1577544857,DonFaboss76,373,4,11336,3953,1715,0,5668
1577544876,Baqmbi78,0,1,1896,0,2145,0,2145
1577544883,Vigilante,521,2,6090,0,1228,0,1228
1577544893,Basti-ftw,235,2,5206,820,429,0,1249
1577544896,FertBergauf,534,5,13560,6719,4751,884,12354
1577544897,TeppichHaendler,0,0,0,0,8063,0,8063
1577544898,AdrSch,281,2,2224,5151,18554,0,23705
1577544899,UnknownUser,459,1,2227,1464,0,0,1464
1577544901,spoflo,526,3,10651,2094,1726,0,3820
1577544903,SirCarryPotter,369,1,2653,400,2476,1443,4319
1577544904,FreundlicherNachbar,529,5,34263,56832,0,0,56832
1577544909,Mr Greyhound,0,1,1388,0,1076,0,1076
1577544924,MelpacaIII,0,1,26,0,0,0,0
1577544926,Happy Stone New Village,419,2,3907,3373,171,0,3544
1577544935,SSB2104,613,3,12053,420,416,5121,5957
1577544962,firefighter3003,556,5,27441,61601,312,0,61913
1577544970,Gemüsehändler Gerald,408,2,6158,10616,804,0,11420
1577544971,Jcp1703,128,43,118267,9980,23812,35640,69432
1577544975,Alies55,529,7,35717,38938,987,0,39925
1577544976,TK.1,0,1,883,0,8,0,8
1577544978,kolli,179,1,4325,0,0,0,0
1577544981,Nelouna,152,1,2565,1256,340,0,1596
1577544993,SleepyNinja,0,1,1544,774,13297,0,14071
1577545007,krautfleischfut,393,0,0,2763,10184,0,12947
1577545013,Valdoin,0,0,0,0,3772,0,3772
1577545016,XXghoulXX,0,1,82,0,0,0,0
1577545023,Gast545023,0,1,338,40,4704,0,4744
1577545024,IceMFJones,179,2,4635,2448,65,15292,17805
1577545030,Sebel,459,1,1469,0,0,0,0
1577545031,Scryx,0,0,0,122,44276,0,44398
1577545032,BallDeep,498,6,29305,21002,1360,0,22362
1577545038,little-sunrise,0,3,11322,23604,7165,0,30769
1577545042,KazZr0,721,6,37420,74199,13,0,74212
1577545049,Timo Dino,373,4,13916,5,3313,0,3318
1577545062,Coookiezzz,473,2,2083,31372,8077,0,39449
1577545063,DoloresUmbridge,541,5,21565,15825,249,9630,25704
1577545068,JAWOHLL,434,4,8055,613,3583,294,4490
1577545071,Fordring,282,9,34571,19812,2916,1553,24281
1577545085,AlphaCentauri,431,1,1793,1638,0,0,1638
1577545088,Long Dong,498,13,48314,51813,1318,0,53131
1577545098,Dieselorth95,0,1,1050,0,7711,0,7711
1577545101,diddy4315,152,3,8023,539,8302,0,8841
1577545103,Dreamcast40,0,1,1078,0,839,0,839
1577545108,Naturfreund-1986,651,2,3843,0,42,0,42
1577545110,Bennyboi422,695,1,1062,18,1185,0,1203
1577545118,Gast545118,0,0,0,0,9527,0,9527
1577545123,claasically,0,1,26,1424,14749,0,16173
1577545134,hansih91,613,3,6884,10247,390,240,10877
1577545143,Switzy94,735,1,731,12,0,0,12
1577545144,Conline,501,1,1664,0,311,0,311
1577545146,Jogu,516,1,4686,0,0,0,0
1577545157,NicNac1330,0,1,493,0,849,0,849
1577545164,Die Projektleitung,322,11,37338,52946,1697,82,54725
1577545168,Setgreen,516,5,9014,11890,1481,2526,15897
1577545169,Marebu80,646,5,12660,3385,2057,0,5442
1577545170,Magelux,0,2,1508,0,19897,0,19897
1577545180,Zacka1909,0,0,0,436,5376,0,5812
1577545181,Chiic,393,1,359,0,8148,0,8148
1577545190,LeonsDaw,541,3,11136,6185,697,0,6882
1577545193,Chilli-Zucht,179,9,25561,1058,186623,0,187681
1577545202,wm29210,366,1,3144,11034,0,41,11075
1577545203,humanaimbot,0,1,26,0,0,0,0
1577545215,SonGoku1453,0,1,26,0,0,0,0
1577545217,Zwoogel,456,37,103308,34936,2981,105261,143178
1577545224,mull92,0,1,879,14200,3122,0,17322
1577545225,Lord LucaTobias2025,0,0,0,0,2163,0,2163
1577545230,Gast545230,0,1,680,0,5766,0,5766
1577545245,GlatzoBratzo,0,1,5309,1411,0,0,1411
1577545246,Lady Ramses99,181,1,554,0,89,0,89
1577545252,Phil98,0,3,6199,6069,2523,0,8592
1577545253,Deranz,0,1,3470,130,12,0,142
1577545255,hsaric,0,1,705,0,972,0,972
1577545261,Gast545261,0,1,3753,21,3920,0,3941
1577545263,8=====D,721,4,15717,18551,1028,0,19579
1577545264,FadRamboo,0,4,10870,503,520,0,1023
1577545267,Nucle4r,797,3,11032,925,1006,18184,20115
1577545279,KönigOniChan,0,1,290,0,234,0,234
1577545281,Anphi,708,1,1912,7,363,0,370
1577545283,Warmer Radierer,456,32,143561,59089,1325,64362,124776
1577545285,Pauloblanko,103,1,3856,1781,0,0,1781
1577545291,Lemmon1604,463,2,4334,0,214,0,214
1577545293,TCChang,463,1,3143,0,0,0,0
1577545295,Haezo,0,1,1672,0,6528,0,6528
1577545296,Don cem,521,1,3471,3202,2124,109,5435
1577545299,Agent47,0,5,16237,8609,516,0,9125
1577545300,Crosos,518,12,35893,42547,3102,134005,179654
1577545306,milkboiiiii,553,3,7170,0,266,41403,41669
1577545310,Patschi16,463,1,807,0,0,0,0
1577545316,BigTower,0,1,26,0,390,0,390
1577545319,MaxEick1001,322,19,89286,118180,3494,7336,129010
1577545323,Stämmephibs,463,3,5429,6508,1084,0,7592
1577545327,Lord Kavallerie,0,0,0,0,5485,0,5485
1577545330,Cucabeludo,0,1,456,0,893,0,893
1577545336,trolan1,0,1,361,0,46956,0,46956
1577545341,xxx15,0,1,595,384,29714,0,30098
1577545347,Andy0815,534,6,26622,11642,363,9154,21159
1577545363,Kisoka,0,1,26,0,0,0,0
1577545365,Sikaya,346,1,2561,0,420,22,442
1577545368,Funkypredator,0,1,3566,1243,1182,0,2425
1577545372,Roelt31,0,1,26,878,1461,0,2339
1577545374,Riegla00,609,2,5767,110,2106,0,2216
1577545375,Kreuzritter14,456,27,72096,45133,60699,37840,143672
1577545377,Sujanis,346,1,1748,0,1373,0,1373
1577545382,König Peregrin Tuk,0,2,7304,1129,1133,0,2262
1577545384,Chalmo2000,183,1,797,2558,1024,0,3582
1577545388,speedy 87,0,1,3706,1756,415,0,2171
1577545394,jacky3469,506,1,875,0,798,0,798
1577545405,iCry,32,12,67609,145532,6714,160,152406
1577545413,ReePplay,0,5,19352,654,857,0,1511
1577545416,Lemuhrensohn,0,1,1574,0,0,0,0
1577545417,MAlix1234,0,5,22493,20136,26211,0,46347
1577545419,BruderJakob24,322,18,90417,88393,255,5859,94507
1577545427,Tiandilo,563,1,222,90,401,0,491
1577545428,DariusQuack,0,1,477,0,0,0,0
1577545431,DIsteldingens,0,1,2240,1767,3415,0,5182
1577545433,Vernichter3000,646,2,5815,0,480,0,480
1577545434,Angerkick,0,1,3956,10320,166,0,10486
1577545438,Gehacktes,0,3,6389,64,1966,0,2030
1577545442,Lord ZaZa,560,3,5787,72,182,13,267
1577545447,PrinzU,226,1,758,0,182,0,182
1577545462,Dalben,562,1,3424,606,52812,0,53418
1577545465,Khalisi,526,1,3150,3840,6605,7,10452
1577545466,PilotRuediger,541,7,34859,45149,0,0,45149
1577545469,Zechlamist,759,1,3884,0,24891,0,24891
1577545473,gromeier,366,2,3412,1216,455,0,1671
1577545475,Cell-90,640,1,641,0,0,0,0
1577545476,teke5454,0,1,431,0,12656,0,12656
1577545481,no2001ah,0,1,927,0,372,0,372
1577545482,Brocki83,745,1,2391,1775,0,0,1775
1577545486,Arni112,542,2,4590,0,909,0,909
1577545494,kubilay6347,328,3,11091,8744,49935,5,58684
1577545499,Schechi,829,1,2585,2699,1159,13255,17113
1577545502,PapaJoe,0,1,173,0,14922,0,14922
1577545503,Anonymouss,248,1,878,0,0,0,0
1577545504,Mooperman,506,1,334,0,20073,0,20073
1577545510,Sallixyz,506,1,2022,9606,3830,0,13436
1577545511,Powersimp69,0,1,180,0,0,0,0
1577545512,Noname327,518,7,23134,15917,178810,8330,203057
1577545515,Flederwisch,797,1,4167,52435,0,0,52435
1577545516,Habibi Blocksberg,518,8,19922,14309,5792,30859,50960
1577545517,Renemar,498,2,3540,599,364,0,963
1577545528,evam,609,1,4044,418,0,0,418
1577545529,Bierbaron0815,613,4,7569,9686,514,386,10586
1577545530,flamingfury,553,5,10945,0,1713,4348,6061
1577545531,Kanain,405,2,4538,0,592,5127,5719
1577545533,MX134,521,1,2655,0,0,0,0
1577545534,sam96,745,1,5022,0,0,0,0
1577545535,Egotyp,0,1,150,0,86,0,86
1577545537,Jennngineer,516,3,4402,12,995,3544,4551
1577545540,Y-Mace-Y,351,2,4902,90,576,0,666
1577545542,Andratas1967,553,4,4881,1281,416,0,1697
1577545582,Der Rollige Rollmops,322,25,141345,171748,137070,48,308866
1577545587,Ragnaras,0,1,350,0,18,0,18
1577545593,santiago.matamoros,0,1,26,0,16806,0,16806
1577545596,Gast545596,0,1,1252,0,142,0,142
1577545598,Gast545598,226,0,0,0,7672,0,7672
1577545602,SercV8,518,8,22297,2760,97751,15963,116474
1577545604,ci61,328,6,26933,75773,1092,21404,98269
1577545610,renwas93,506,2,3434,0,257,0,257
1577545613,cocomonoco,350,1,769,0,0,0,0
1577545616,okan400,518,6,14586,4887,1086,38836,44809
1577545618,AxellexA,0,1,756,229,3351,0,3580
1577545624,QuickRick,501,3,4165,541,114,0,655
1577545626,HD-Carinthia,365,1,3165,14247,0,20945,35192
1577545633,Willbert,0,1,495,0,3338,0,3338
1577545644,Heldman,501,1,1556,0,10,0,10
1577545645,Charlie Kirk,518,3,8610,37891,962,272,39125
1577545646,sebunga,609,3,7803,6894,2108,13342,22344
1577545647,Chrissn,723,1,2485,739,655,0,1394
1577545652,killatrex,152,3,5661,0,1193,0,1193
1577545656,none1409,534,5,11327,469,1687,8,2164
1577545657,manashan6347,328,1,4195,1675,62,0,1737
1577545658,Cytrox,609,1,2918,100,0,0,100
1577545659,SuperGurke2,0,1,542,0,1081,0,1081
1577545663,Der Diexer,542,2,4514,0,39,0,39
1577545665,Gooner,0,1,429,0,0,0,0
1577545668,Laengersen,128,12,87327,10253,10354,98084,118691
1577545670,DonOgewe,282,2,6778,555,630,70,1255
1577545674,holzeisen,637,1,597,0,23216,3615,26831
1577545679,TKilla,0,0,0,0,1256,0,1256
1577545692,Prototypone,539,0,0,0,17729,0,17729
1577545697,Z3R0X,539,1,1177,229,8,116,353
1577545700,Skizzer,521,1,2309,253,4,311,568
1577545703,Stiefelfücker,0,1,2033,875,1282,0,2157
1577545704,Warners Brothers*,0,0,0,37,1136,0,1173
1577545705,kiku96,0,1,2688,0,585,0,585
1577545712,goodvxbxs,0,1,320,0,0,0,0
1577545717,LorenzoVonMatterhorn93,0,1,786,0,0,0,0
1577545718,Knight of Cydonia,346,5,14926,4915,1852,2275,9042
1577545721,Kalteeen,0,1,3480,0,0,0,0
1577545723,ndlsSmmr,0,0,0,0,20727,0,20727
1577545725,KornHolio,0,0,0,0,967,0,967
1577545726,zodi,0,0,0,0,255,0,255
1577545728,assasin1995,0,0,0,357,2157,0,2514
1577545735,Xsku,0,0,0,0,3554,0,3554
1577545737,robton,0,1,1385,0,350,0,350
1577545740,pozega95,312,2,4487,134,433,0,567
1577545744,Nsambe,496,2,3466,0,56,0,56
1577545748,A13V12,676,1,291,0,246,0,246
1577545750,benfred,0,1,509,0,596,0,596
1577545753,xXxBANDITxXx,506,4,7017,4057,265,1230,5552
1577545755,susi82,0,0,0,0,3537,0,3537
1577545758,lstrobl,567,2,4179,1815,20,2,1837
1577545759,Kingarthur 45,346,3,7565,36,118,0,154
1577545764,Miraak95,0,1,4079,40,0,5348,5388
1577545765,ekie,0,1,52,0,0,0,0
1577545767,DerrBerti,624,3,5612,2665,6649,2349,11663
1577545770,KarlHatnGroSn,0,3,5114,0,1052,0,1052
1577545775,Schrottsammler,0,1,271,0,254,0,254
1577545776,Lixxer,10,1,4314,1670,0,0,1670
1577545777,The Weakent,0,1,36,0,0,0,0
1577545780,Hinprinz,434,2,4202,18,413,0,431
1577545782,ebudroy,49,2,5722,4921,0,0,4921
1577545786,Calvino Blanco,0,2,3074,218,465,0,683
1577545791,Foma317,745,3,7440,4277,270,0,4547
1577545794,Fu-Fu,567,2,4826,0,260,0,260
1577545807,NisaKimosabe,553,4,5948,336,1532,45694,47562
1577545811,Bayerntiger,557,6,21967,14262,46068,0,60330
1577545816,MicWan,646,2,5068,5775,1916,0,7691
1577545824,DonRob,553,10,29652,17838,3189,2466,23493
1577545830,ummattaka,551,0,0,770,1179,1013,2962
1577545832,K3LLAKIND,0,1,26,0,0,0,0
1577545846,Primordus33,205,2,6054,0,224,14932,15156
1577545848,-Königsmacher-,443,3,30085,331522,4508,0,336030
1577545849,Flocki,501,1,435,306,1613,0,1919
1577545852,Danji.,553,9,25714,50490,8985,999,60474
1577545853,Johnboyy,553,3,5174,535,885,6674,8094
1577545855,ryoodorfking69,0,0,0,0,13008,0,13008
1577545857,B.Bones,885,1,801,879,13860,5380,20119
1577545862,Bjartss,0,1,3691,8617,30615,0,39232
1577545863,dummschiss,824,2,5030,62,62,377,501
1577545865,Xcrafter,177,1,986,18,473,0,491
1577545872,BI96,624,1,2182,0,0,0,0
1577545876,Arbeitszeitbetrügerin,633,0,0,0,10325,0,10325
1577545879,räuber hotzenplotz123,0,0,0,0,2481,0,2481
1577545882,Schkotie,624,3,5624,0,54,1,55
1577545884,Heidewitzka6,633,0,0,0,1420,3278,4698
1577545885,Eledil,0,0,0,0,1226,0,1226
1577545890,jhb98,575,1,2434,11527,643,0,12170
1577545894,wockhardt,0,1,392,0,253,0,253
1577545895,rikuxa1234,553,2,3591,4,931,4871,5806
1577545896,Gast545896,0,1,235,0,208,0,208
1577545898,RainerWahnsinn,553,6,8728,40,799,43591,44430
1577545920,killerplautze174,346,2,3788,118,26,0,144
1577545922,6ix7even,558,1,1841,0,4,0,4
1577545923,Polskafighter85,0,1,487,0,0,0,0
1577545926,sponschbob,558,1,1656,0,570,0,570
1577545927,Gast545927,0,1,2933,0,0,0,0
1577545933,Pedeldi36,506,2,3806,18305,24359,3255,45919
1577545934,Lord t.W tRADER,0,1,26,0,983,0,983
1577545936,Werner030,542,1,3535,240,0,0,240
1577545941,foichtgebet,0,0,0,20,4021,0,4041
1577545946,LordSchulle,498,2,7181,12216,0,0,12216
1577545948,Serii,0,1,288,0,488,0,488
1577545956,strauss,567,1,1534,0,10,0,10
1577545957,Michi 15,567,1,2933,0,0,0,0
1577545962,QSTarrr,0,1,323,0,157,0,157
1577545963,ExTaSy,205,3,7125,597,595,0,1192
1577545970,lolapalusa,0,1,76,0,0,0,0
1577545972,Flo.,0,0,0,5822,3418,0,9240
1577545981,Müllmann8,567,1,1442,0,685,0,685
1577545982,Netzprophet,0,0,0,0,49,0,49
1577545983,Identitätspolitik,0,0,0,0,37,0,37
1577545984,Deliver Us,0,0,0,0,16,0,16
1577545991,mache1991,0,1,323,480,9084,0,9564
1577545992,Ruby007,829,2,4168,1975,21112,6019,29106
1577545993,HannesLue,0,1,26,27,16508,0,16535
1577545995,Steger10,558,2,4904,0,3402,0,3402
1577545999,Cpt.AB,152,1,2332,0,3952,0,3952
1577546000,1-877-CASH-NOW,0,1,2519,0,0,0,0
1577546001,ICH WILL DAS,0,1,2825,0,0,0,0
1577546002,DrXTC,0,0,0,0,819,0,819
1577546016,hammer0100,498,3,10248,3085,0,0,3085
1577546020,Julian0208,700,3,6695,0,212,0,212
1577546022,RobertHabeck,365,1,1941,2523,393,7618,10534
1577546023,maci,90,1,1431,0,62,0,62
1577546024,Shaiizy,0,1,85,0,0,0,0
1577546025,DonRobi,314,1,1820,0,128,0,128
1577546035,Robsen90,0,0,0,0,2986,862,3848
1577546036,Donvondon,631,1,3135,192,0,0,192
1577546045,Gast546045,0,0,0,0,392,0,392
1577546052,acki1965,651,1,1172,766,5130,0,5896
1577546053,Gast546053,787,3,6283,0,74,0,74
1577546054,Lalin,534,11,23558,2400,1749,2968,7117
1577546056,Gamschied,0,1,790,0,17492,0,17492
1577546058,Tanz am Strand,0,0,0,0,0,0,0
1577546059,Kinder der Raver,0,0,0,0,17,0,17
1577546060,Kelsier,762,4,8541,44,880,0,924
1577546061,Larius,0,1,2824,0,0,0,0
1577546063,Charles XII,501,3,4237,819,484,0,1303
1577546064,Crypto,0,3,11651,15216,42184,0,57400
1577546071,PhilK92,0,1,26,0,0,0,0
1577546073,Monkey D. Luffy1,0,1,799,0,0,0,0
1577546074,Gast546074,0,0,0,0,2106,0,2106
1577546078,papa92,534,5,6662,510,757,0,1267
1577546080,idiot auf reise,0,0,0,221,34728,0,34949
1577546081,ColHansLanda92,627,5,15411,11536,364,0,11900
1577546086,DörferRecycling e.K.,0,0,0,0,2419,0,2419
1577546089,Alexmagbier,624,1,1857,3795,0,0,3795
1577546104,MR A1mAssist,627,1,1843,190,20,0,210
1577546109,corap1987,651,4,7528,275,247,448,970
1577546110,Bifteky,506,3,5878,0,386,0,386
1577546119,E10Zirden,0,1,3683,1217,22,0,1239
1577546122,wurzelzwerg,314,2,3335,90,0,149,239
1577546127,ChatgptOnCrack,179,3,10150,279,195,109,583
1577546134,Zirra385,318,4,10359,28909,2015,0,30924
1577546139,ZHFPablo,539,1,1508,0,36,0,36
1577546140,KHRY,513,1,2275,0,0,0,0
1577546142,Lord Jacke,223,1,1851,0,260,0,260
1577546143,Sebi.81,0,2,4812,26644,15147,1025,42816
1577546144,Gio21,551,0,0,2770,100,137,3007
1577546146,Lord Wolfi,0,1,111,0,0,0,0
1577546149,NightShadow91,386,4,10049,17,22910,377,23304
1577546150,LordJeremy,557,2,5866,3598,0,0,3598
1577546153,AOSKing3,0,1,242,0,22884,0,22884
1577546155,Peniskopf89,829,1,1394,1473,0,6,1479
1577546156,Lord konichiwa,0,1,1133,0,0,0,0
1577546160,xTheWar,0,1,222,0,78,0,78
1577546164,GX-Land,609,1,3541,7034,702,101,7837
1577546166,trunkspower4,0,1,413,0,419,0,419
1577546169,PrinzKarnval,223,1,1653,1644,0,0,1644
1577546172,Mimiihrzz,0,1,511,0,0,0,0
1577546174,Enesik,20,1,2738,0,0,0,0
1577546175,Maschilacker76,712,1,1063,0,0,0,0
1577546185,sarahfranziska,0,1,371,0,0,0,0
1577546186,keule016,0,1,2801,2319,4004,0,6323
1577546195,JanekF96,474,1,1935,0,41,0,41
1577546198,liamthelegend,0,0,0,0,2827,0,2827
1577546202,Fr3akyG4amer,0,0,0,0,3540,0,3540
1577546204,Schranktür,328,15,47092,7656,2638,66,10360
1577546207,Jägermeister90,762,6,16430,2671,130,0,2801
1577546208,Bingo-Bongo,451,1,1279,0,844,0,844
1577546209,heini52,557,1,4248,0,0,0,0
1577546211,MicKQuinty,0,1,723,2637,1425,0,4062
1577546212,Der Nachtkönig,558,1,337,0,1115,0,1115
1577546215,dibabb,205,2,7079,3077,444,0,3521
1577546221,Rabenfels,0,1,225,0,569,0,569
1577546222,Karl-HeinzHess1966,0,1,140,0,118,0,118
1577546225,NichtGanzDicht,0,1,5760,128,200,0,328
1577546229,Fenisha,0,1,1548,0,43,0,43
1577546233,AangButtertAzula,745,1,3552,0,0,0,0
1577546236,nokijo,0,1,131,0,0,0,0
1577546238,Jonas012,365,2,6222,16081,53,8552,24686
1577546240,Sepp187,721,2,4281,142,0,0,142
1577546244,Lord Zeenos,348,1,871,0,1149,0,1149
1577546246,Denooo3,529,26,77900,2810,858,0,3668
1577546247,Pblack180,646,1,4955,2098,0,0,2098
1577546257,ehp1511,0,0,0,0,18456,0,18456
1577546264,TheAJ,0,1,1688,0,548,0,548
1577546274,Schwingo98,674,2,4959,4090,418,85,4593
1577546279,Franz Kafkaesk,0,0,0,0,0,0,0
1577546287,BerlinKorps,175,3,5487,0,275,0,275
1577546294,ellafella,617,1,321,0,14,0,14
1577546296,MCfloww,617,1,195,0,645,0,645
1577546300,Gast546300,762,1,2987,0,0,0,0
1577546302,Freacsx,0,1,2854,350,0,0,350
1577546303,Shadowxfx,0,1,2148,0,6,0,6
1577546307,Hamstixy0,0,1,115,0,0,0,0
1577546309,hellforge,0,1,151,0,0,0,0
1577546314,Rembo,0,1,210,0,416,0,416
1577546316,Olli77,0,1,2548,289,0,0,289
1577546318,Jegres,791,1,476,24,0,0,24
1577546341,Pablo361,539,1,1962,0,0,0,0
1577546344,captkek,513,1,2236,290,32,0,322
1577546346,PowerPaul,534,12,26688,4129,728,26,4883
1577546348,DonGelatto,342,1,2770,0,0,0,0
1577546355,Garasek,651,3,3767,35,416,0,451
1577546356,laptiira,557,2,3691,4351,766,0,5117
1577546365,Peppo86,557,1,4042,0,70,0,70
1577546368,Tario94,312,1,481,624,1477,0,2101
1577546371,DerBärenBube92,627,1,4793,548,233,1956,2737
1577546376,g4mbl3,0,0,0,240,9375,0,9615
1577546380,Laspo,0,0,0,1327,1216,0,2543
1577546384,Schattenlord27,553,3,6751,1725,1713,24701,28139
1577546387,FLORENZ.64,738,1,311,0,305,0,305
1577546389,pommespeter,0,1,72,0,0,0,0
1577546391,Rio9x19,813,2,4684,798,26,2,826
1577546399,Gast546399,501,1,2088,0,0,0,0
1577546405,GeoBear,0,0,0,0,2558,0,2558
1577546410,KnusprigeEnte,762,1,4248,4726,0,0,4726
1577546411,koor,640,0,0,6854,2343,0,9197
1577546413,Blondie2009,627,1,1568,0,8,0,8
1577546422,Hallus,0,0,0,0,234,0,234
1577546423,Dave Meier,0,0,0,0,20,0,20
1577546428,MatsHummels96,0,1,112,0,13404,0,13404
1577546431,Pure98,646,3,10546,11858,176,0,12034
1577546434,Problematique,346,4,7649,1816,859,330,3005
1577546438,JustF,10,1,2010,557,0,0,557
1577546440,Lord American Foot,0,1,26,0,0,0,0
1577546441,Orange,0,1,156,0,247,0,247
1577546442,666Todesengel666,787,1,1596,0,1016,0,1016
1577546445,Fliegenfischer,0,1,26,0,0,0,0
1577546446,Viewcard,0,1,26,0,0,0,0
1577546447,Friction,0,1,26,0,0,0,0
1577546448,Whiteblock,0,1,26,0,0,0,0
1577546452,fbttner,0,0,0,0,1616,0,1616
1577546453,KingBuerg,787,3,8386,1049,91,0,1140
1577546454,Riiba,0,1,26,0,0,0,0
1577546455,Tschule92,631,3,7290,731,2625,0,3356
1577546458,Bonifatiuz,0,1,101,0,0,0,0
1577546459,Celcina,91,0,0,0,2788,0,2788
1577546461,Lord Fenris,813,1,629,0,2,0,2
1577546463,goassler,434,1,1577,208,0,0,208
1577546467,FreeFlo,328,1,2718,0,1071,0,1071
1577546469,Gast546469,0,1,2184,0,66,0,66
1577546482,RC Pred4tor,0,1,26,0,0,0,0
1577546484,michupichu,0,1,2402,0,0,0,0
1577546485,Arash88,0,0,0,0,445,0,445
1577546488,lost.boy91,0,1,232,0,0,0,0
1577546489,Bada,235,1,2612,368,0,0,368
1577546492,Lady MiaSchö,633,0,0,0,50,0,50
1577546493,gendlman,328,2,4795,0,0,0,0
1577546495,Nickk1987,382,1,1010,0,0,0,0
1577546496,Kitaronia,0,1,26,0,18,0,18
1577546498,König Drachentöter,0,1,1770,0,74,0,74
1577546503,yannic92,0,1,2737,0,0,0,0
1577546512,MoveMove,328,6,11568,2633,442,78,3153
1577546517,Stonefox,787,3,5467,287,691,0,978
1577546527,Munichh,0,1,851,0,0,0,0
1577546528,LittleJacki,513,1,1459,0,10,0,10
1577546530,Karuso,0,1,1891,0,21547,0,21547
1577546532,Tegdim,0,1,180,0,0,0,0
1577546534,Eskere,0,1,895,0,0,0,0
1577546537,Lord Pitbull06,735,1,154,0,0,0,0
1577546538,TiloTekk,0,1,47,0,1,0,1
1577546541,Techno Andrzej,0,1,2353,0,0,0,0
1577546542,Künsterlschweine,0,0,0,0,15,0,15
1577546544,ModusMercedes,0,1,54,0,0,0,0
1577546545,Preiniggg,205,1,1947,160,7466,0,7626
1577546547,Localito,346,1,2994,0,0,0,0
1577546548,irgendwasmitpat,638,1,760,0,204,31,235
1577546549,Bajnik,0,1,895,0,0,0,0
1577546555,Shildhero,0,1,26,0,0,0,0
1577546557,Lord Loom,365,5,17095,23045,71822,23605,118472
1577546558,SchorschDieEule,328,4,12100,157,470,0,627
1577546559,Mik93,384,1,3277,0,0,0,0
1577546560,Freddie Ferrari,797,1,4418,23249,2,0,23251
1577546564,badferl,0,1,1040,80,964,2106,3150
1577546566,ThunderStormxX,640,1,1809,406,2217,0,2623
1577546568,farmer2020,0,1,3677,0,14,0,14
1577546570,Das Schwert,0,0,0,0,25,0,25
1577546571,Die geile Wiebke,0,0,0,0,284,0,284
1577546577,exlucker,316,2,6429,1895,1012,0,2907
1577546578,Gast546578,788,1,4002,0,0,0,0
1577546582,Westfale75,712,1,705,600,0,0,600
1577546587,OdeeriE,0,1,26,0,0,0,0
1577546590,KEOOGI,0,1,77,0,0,0,0
1577546599,StromerDeluxe,0,1,194,0,182,0,182
1577546600,Lord sirolrac,0,1,903,0,10,0,10
1577546609,siwi,0,1,749,0,0,0,0
1577546610,Sgt Troota,0,1,324,0,387,0,387
1577546614,Gast546614,0,0,0,0,9014,0,9014
1577546615,Schrotti3000,474,1,2550,1648,1402,9727,12777
1577546617,CyberRevolter,646,4,13920,2962,91,0,3053
1577546620,ma-ba,78,1,505,225,6847,0,7072
1577546622,Cronexas,0,0,0,0,541,0,541
1577546623,Rysus,0,1,26,0,0,0,0
1577546636,FranzFerdi,885,1,1499,0,10,0,10
1577546637,underc0ver,0,1,26,80,4222,0,4302
1577546640,Fleur05,627,2,3660,1440,942,0,2382
1577546649,nopes,0,1,48,0,0,0,0
1577546650,O2intox,0,0,0,649,5257,0,5906
1577546651,blumentopf,0,1,26,0,0,0,0
1577546656,Klingenwolf,759,1,2506,6005,0,0,6005
1577546660,Geomio,506,2,5682,1436,1060,13954,16450
1577546661,W1T3H13N,114,13,41143,73592,7472,0,81064
1577546662,ChilledGooner,0,1,58,0,0,0,0
1577546663,Gast546663,736,0,0,0,680,0,680
1577546674,Stony420,0,1,159,0,0,0,0
1577546681,Faulus Fantasia,0,0,0,0,99,0,99
1577546682,DerDDDestroyer,0,0,0,0,28,0,28
1577546683,2c-B,0,0,0,0,682,0,682
1577546684,Cosma Shiva Hagen Daz,0,0,0,0,5,0,5
1577546685,Schwarze Gitarre,0,1,1214,0,589,0,589
1577546689,Toner,0,1,757,0,338,0,338
1577546692,reeckzz,0,1,2128,0,0,0,0
1577546695,MettEagle,646,3,7589,12614,0,0,12614
1577546700,Draks,0,1,699,250,75,7,332
1577546705,Z KALAZIA,807,1,381,0,9248,0,9248
1577546706,dema98,0,1,1130,0,0,0,0
1577546707,ReneSGE,0,1,601,0,0,0,0
1577546709,sabbo95,19,1,1469,0,0,0,0
1577546718,JuliusCäsar,781,1,1516,0,2512,0,2512
1577546719,HuRaas,0,0,0,0,48,0,48
1577546720,statoc,0,0,0,0,0,0,0
1577546721,dedepogo,731,3,7764,17734,9266,0,27000
1577546723,Funkeer,0,1,229,0,0,0,0
1577546732,ffcbr,631,3,4899,1118,185,141,1444
1577546741,JakoSVK,0,1,435,0,8,0,8
1577546744,Jonas93w,731,6,8481,0,1615,2146,3761
1577546746,Xagarano,340,1,796,4461,10,0,4471
1577546754,Breakbeat,0,0,0,0,0,0,0
1577546755,Fussball hat noch Druck,0,0,0,0,208,0,208
1577546757,ycozy,575,1,1271,223,1792,0,2015
1577546758,Zuqqe,734,1,2801,0,0,0,0
1577546760,Gast546760,736,1,783,198,12,11,221
1577546762,MPCK,0,1,77,0,20,0,20
1577546763,Kwo0029,0,1,326,0,0,0,0
1577546764,tufi,342,1,1582,0,10,0,10
1577546766,Biertrinker385,624,2,4246,1809,52,0,1861
1577546769,Gast546769,0,1,1212,0,168,0,168
1577546776,PointtheSock,0,0,0,0,521,0,521
1577546778,Peeky,0,1,309,0,1092,0,1092
1577546779,Panschi,567,1,2879,4646,0,0,4646
1577546782,Sarok,0,1,1018,230,0,0,230
1577546795,HATARI,0,1,425,0,37,0,37
1577546796,christianmackes1988,0,1,494,0,588,0,588
1577546799,Syrtanos,0,1,2860,1431,148,0,1579
1577546800,Gast546800,0,0,0,0,657,0,657
1577546801,Gast546801,803,1,166,0,0,0,0
1577546809,Flunky01,865,1,1148,266,10230,0,10496
1577546810,King Rob Roy,0,2,1251,52,1050,0,1102
1577546811,Nazir,609,4,10038,977,0,1,978
1577546813,mexi,0,1,79,0,0,0,0
1577546814,Ochsenkopf,631,1,2386,0,0,0,0
1577546819,Toggi,0,1,171,0,0,0,0
1577546821,SimuK,0,1,26,0,0,0,0
1577546822,PartyMarty69,0,1,721,0,22,0,22
1577546823,hoibschoch,671,1,2856,0,0,0,0
1577546824,LegendofGrubing,671,3,8852,11671,260,76,12007
1577546825,lClassicz,0,1,119,0,0,0,0
1577546826,Soloyrius,0,1,341,0,380,0,380
1577546828,Tacon26,0,1,1644,39,1451,0,1490
1577546830,Jägersmann,405,9,28906,17651,22016,2735,42402
1577546831,kaMos,0,1,566,0,9,0,9
1577546835,DarkReaper00,824,3,9048,1972,14925,161,17058
1577546838,Mr. Buung,0,1,2608,0,0,0,0
1577546840,Gast546840,0,1,397,0,616,0,616
1577546841,pJanis,0,0,0,0,4,0,4
1577546842,rex-551,824,5,15219,26818,1269,4466,32553
1577546846,lordeagnar,0,0,0,16,8393,1917,10326
1577546848,Gast546848,328,1,2391,9682,0,0,9682
1577546849,Diablo200,640,1,1610,0,0,0,0
1577546850,LordPasimir,474,1,1558,0,0,0,0
1577546851,bratgnu,0,3,11434,9351,111,0,9462
1577546852,Nono...,0,1,584,122,676,0,798
1577546855,truTRUE,0,0,0,0,0,0,0
1577546856,Nico17,789,1,672,19,36,0,55
1577546857,Obdycs,0,1,2287,346,20,0,366
1577546862,KaffeeInDerTeetasse,0,1,3046,0,84,0,84
1577546863,Festgefestigt,824,2,3918,0,195,0,195
1577546867,Peji,885,1,912,0,17129,1114,18243
1577546873,Motschu,0,1,426,0,1542,0,1542
1577546874,Beffimaus,506,1,1490,987,0,0,987
1577546875,ScarlettViola,638,1,1061,0,54,99,153
1577546876,Isicool11,638,1,885,0,4,80,84
1577546878,jorskii,0,1,77,0,13,0,13
1577546881,PENDEJO,676,1,660,0,0,0,0
1577546887,DasTelefon,0,1,480,0,20,0,20
1577546890,Lord-Maik,788,1,2213,51,0,0,51
1577546891,imapbear,0,1,127,0,0,0,0
1577546896,banzaai,0,1,617,0,0,0,0
1577546897,BaByThunDer,640,1,1375,46,0,8,54
1577546899,Brandi69,0,1,76,0,0,0,0
1577546903,Lerenor Zorro,0,1,513,0,0,0,0
1577546906,Devada,735,1,931,2500,0,0,2500
1577546910,verschachtelt,631,2,3384,0,26,0,26
1577546913,bezbukKs,0,1,617,0,0,0,0
1577546917,Lady Nini,865,1,1241,0,4151,145,4296
1577546920,Prayer90,0,0,0,0,11941,0,11941
1577546921,jaxn,0,1,264,0,20,0,20
1577546927,Lord13,551,1,3356,322,10,0,332
1577546930,PVP Cat,0,1,2717,0,0,0,0
1577546931,Fruchtsafttrader,0,1,2165,0,0,0,0
1577546933,schüssi,640,1,350,0,104,0,104
1577546934,SaRskk,0,1,757,0,16,0,16
1577546937,Bald,474,1,1441,0,0,0,0
1577546939,trololkos,0,1,593,0,256,0,256
1577546941,Lukas194,78,1,1744,0,0,0,0
1577546944,obermada,0,1,906,0,12,0,12
1577546945,AlenaB,0,1,88,0,0,0,0
1577546952,eingerostet88,758,1,1279,0,56,0,56
1577546953,Wassermelone991,609,1,1918,0,4,0,4
1577546954,Lukiii,0,1,106,0,0,0,0
1577546955,M3trixx,725,1,520,0,2150,0,2150
1577546958,Leozilla,152,1,868,0,1512,0,1512
1577546959,NoLzxcv,0,1,1799,0,0,0,0
1577546961,DieAnna,0,1,184,0,378,0,378
1577546964,ipcaa,103,1,3680,38,0,0,38
1577546967,Petardyy,0,0,0,0,17,0,17
1577546969,anzeigenhauptmeister,0,1,497,0,293,0,293
1577546970,Crusader88,0,1,2049,0,240,0,240
1577546973,DaschDaHood,776,1,1945,0,0,0,0
1577546975,arua,0,1,1576,0,0,0,0
1577546976,Siva,745,3,4841,1189,1223,0,2412
1577546978,gogo69,671,5,9802,0,578,0,578
1577546985,vesEly,0,1,644,0,0,0,0
1577546987,HideonBush44,20,1,252,0,256,0,256
1577546989,RhabarberRabauke,22,1,111,0,39,0,39
1577546992,eXotic91,0,1,237,0,255,0,255
1577546995,dasmuellerlein,712,1,2858,487,0,0,487
1577546996,DeHorny89,0,1,354,0,589,0,589
1577546998,monkeys,860,1,1758,0,0,0,0
1577546999,SirSyrex,551,1,2465,65,10,0,75
1577547003,Ostarrichi,787,7,14960,2422,668,0,3090
1577547006,sele,730,1,1236,855,100,0,955
1577547009,Markus260790,637,1,914,57,0,0,57
1577547010,FabRiro,0,1,300,0,493,0,493
1577547011,PottyTV,542,1,2683,0,0,0,0
1577547012,Gast547012,0,1,613,0,0,0,0
1577547013,Michel31,185,1,751,0,20,0,20
1577547015,pommes1398,0,1,26,0,0,0,0
1577547016,Fabutasia,551,1,546,0,0,0,0
1577547017,chrusher,0,1,224,0,294,0,294
1577547018,Rostimann,0,1,1645,0,18,0,18
1577547021,Snake2503,542,1,2602,726,71226,109,72061
1577547023,azadyilmaz03,534,3,4955,1508,1466,0,2974
1577547031,Gast547031,739,1,502,0,0,0,0
1577547033,animaTe,0,1,1706,2450,4,0,2454
1577547034,JUHAAT,0,1,285,0,0,0,0
1577547035,Krack,0,1,994,10,250,0,260
1577547037,1er1,751,2,5068,6171,300,0,6471
1577547038,Davidianer,0,1,103,0,0,0,0
1577547039,DominikDuHuan,551,1,1906,0,0,0,0
1577547043,suPPra,0,1,566,0,0,0,0
1577547052,Gast547052,0,1,82,0,0,0,0
1577547054,Bruch67,789,1,1432,542,102,0,644
1577547058,Simbo123,796,1,420,0,0,0,0
1577547063,Baer 2011,0,1,239,0,0,0,0
1577547064,t4ter,0,0,0,0,24,0,24
1577547065,spLA-Fried,0,1,1487,611,0,0,611
1577547066,Xiandro,0,1,217,0,149,0,149
1577547067,Kremil,0,2,4428,4262,3466,0,7728
1577547068,wryyy,0,1,520,0,0,0,0
1577547069,Donvindon,745,1,2445,0,0,0,0
1577547070,arlac,773,1,2060,0,608,0,608
1577547071,M.R.SOLARIS,0,1,500,316,90,0,406
1577547072,spacejovi,0,1,1027,0,0,0,0
1577547078,X e r x a s,743,1,170,0,0,0,0
1577547079,MCHammerAUT,640,1,1805,340,190,0,530
1577547085,MissQuappo,0,1,38,0,0,0,0
1577547086,syncek,0,1,522,0,0,0,0
1577547087,DavdiL,710,1,753,0,30,0,30
1577547089,TheShadowskull,0,1,26,0,0,0,0
1577547091,Underground 1000,78,1,259,51,0,0,51
1577547093,Dadalbertina2,501,1,2650,1403,0,0,1403
1577547094,vikend,0,1,771,0,26,0,26
1577547097,JoLu9315,737,1,1832,779,8,0,787
1577547108,Buschoslawien,0,1,73,0,0,0,0
1577547110,Myztery,640,1,658,0,0,0,0
1577547111,fritzi54,0,1,317,0,118,0,118
1577547112,LadyMilana,0,1,163,0,104,0,104
1577547114,jensiboy,712,1,1358,0,0,4603,4603
1577547115,WhySoMadBro,712,1,26,4691,5722,0,10413
1577547116,lexo,734,2,3860,4784,0,0,4784
1577547117,Pencilgon,0,1,32,0,0,0,0
1577547118,Jon Der Misanthrop,735,3,4754,1899,140,0,2039
1577547119,Tom866,0,1,89,8,0,0,8
1577547120,Gast547120,0,1,101,0,26,0,26
1577547122,K3rn3r,628,1,438,0,1266,0,1266
1577547123,FAAL01,733,1,848,0,0,0,0
1577547124,streifenhörnchen,0,1,26,0,0,0,0
1577547126,Gedosenin,0,1,55,0,0,0,0
1577547127,Xyzze,0,1,26,0,0,0,0
1577547128,Kielsen,773,1,1524,1211,126,0,1337
1577547129,sdSA DSA,0,1,26,0,0,0,0
1577547131,YungDavid,0,1,26,0,0,0,0
1577547132,bObt,0,1,783,0,0,0,0
1577547133,Antwan,342,1,294,0,0,0,0
1577547134,Lehmschke,0,1,26,0,0,0,0
1577547135,Doflamingo,0,1,47,0,0,0,0
1577547136,Julian Otto,0,1,179,0,796,0,796
1577547137,Motörheadbanger,0,1,425,0,0,0,0
1577547138,Lord Mike999,640,1,588,0,46,0,46
1577547139,masteryii2911,0,1,68,0,0,0,0
1577547141,Poe-Tato,0,1,718,230,36,0,266
1577547142,Krakadil029,0,1,26,0,0,0,0
1577547144,MauriceKox,0,1,530,0,92,0,92
1577547145,boogy127,0,1,26,0,0,0,0
1577547147,Lady Tora,0,1,80,0,47,0,47
1577547150,trader,0,1,672,0,33,0,33
1577547152,Gast547152,185,1,268,0,0,0,0
1577547153,Lukassomakasso,737,1,460,0,0,0,0
1577547154,timsi 666,734,1,2012,0,0,0,0
1577547155,watzup233,0,1,50,0,0,0,0
1577547159,luijon,0,1,26,0,0,0,0
1577547160,WilliNapoleon,0,1,1087,0,0,0,0
1577547161,Feyre235,737,1,262,0,110,0,110
1577547162,Apfelsaft67,0,1,2103,0,0,0,0
1577547163,Die Heimleitung,0,1,2057,0,0,0,0
1577547166,Parkbank Rider,0,1,2057,0,0,0,0
1577547168,Anti is a winner,0,1,2092,0,0,0,0
1577547169,Viva Valium,0,1,2076,0,0,0,0
1577547170,Knoller,0,1,347,0,835,0,835
1577547171,Bimmelbahn,0,1,2046,0,4,0,4
1577547173,finw3,751,1,2570,803,0,0,803
1577547174,Oliver Pichler,0,1,32,0,0,0,0
1577547177,xiandroserechte,0,1,1229,0,0,0,0
1577547178,Skinless,0,0,0,0,418,0,418
1577547179,Baumschubser,0,1,515,109,555,0,664
1577547180,MeineFraese,627,1,2609,0,3074,0,3074
1577547181,Slazer,693,2,3419,0,689,0,689
1577547183,golftdii,710,1,231,0,0,0,0
1577547184,Lufti07,0,1,108,0,50,0,50
1577547185,futlapperl,710,1,1108,0,0,0,0
1577547186,morcan,0,1,672,0,0,0,0
1577547188,eichnest,56,1,2719,0,10,0,10
1577547189,Walti54,640,1,1119,0,0,0,0
1577547191,Gruaba,0,1,1512,271,0,0,271
1577547194,Simpli,0,1,174,0,0,0,0
1577547197,Neoternity,0,1,134,0,0,0,0
1577547200,Connor,0,1,54,0,0,0,0
1577547209,Frankwhite4444,0,1,171,0,0,0,0
1577547214,MarieSophie,0,1,116,0,115,0,115
1577547221,davidmoreno,0,1,75,0,0,0,0
1577547227,Brian1893,759,1,1715,0,0,0,0
1577547231,OpTiCxZ,0,1,2265,0,44,0,44
1577547234,Gast547234,0,1,1948,0,124,0,124
1577547236,pogopapst,0,1,370,0,0,0,0
1577547337,evoq,624,1,1321,215,0,0,215
1577547351,-Dolores-,796,1,981,0,0,0,0
1577547362,tcount,226,1,1252,0,2623,0,2623
1577547368,Jussel,0,1,1348,3266,0,0,3266
1577547373,iMike,0,1,163,0,0,0,0
1577547374,poliak,0,1,644,0,29,0,29
1577547383,ERROR,183,1,216,0,0,0,0
1577547387,Timotheus92,759,1,2196,0,0,0,0
1577547388,xMIMOx,0,3,1679,0,5021,0,5021
1577547389,Sunni010,0,1,874,0,730,0,730
1577547395,Seriousgamma,551,1,2535,5686,3055,0,8741
1577547410,Oden.sama,0,1,68,0,0,0,0
1577547411,Sir.Logan,637,1,1293,0,0,2164,2164
1577547421,Paddii,0,1,32,0,0,0,0
1577547422,Gast547422,754,1,190,0,0,0,0
1577547423,Gast547423,0,1,26,0,0,0,0
1577547424,Ahojkkk,0,1,26,0,0,0,0
1577547426,InsuranceMan,0,4,7331,42,1508,0,1550
1577547429,Gast547429,0,1,89,0,0,0,0
1577547430,Toilettenpapier,0,1,26,0,0,0,0
1577547436,borbely,0,1,617,0,0,0,0
1577547441,King M,0,1,53,0,0,0,0
1577547443,Gast547443,0,1,135,0,13,0,13
1577547444,Felefix201,0,1,1220,0,0,0,0
1577547445,Dr.redwood,314,1,916,2166,0,0,2166
1577547447,RandaleRalf,0,1,2554,0,0,0,0
1577547448,testaccount2222,0,1,44,0,0,0,0
1577547449,KaiserTitus,0,1,393,0,746,0,746
1577547451,Baron von BuzZ,0,1,604,0,355,0,355
1577547452,GO Beyond,752,1,180,0,0,0,0
1577547453,Gottreich,735,1,974,0,0,0,0
1577547454,Agent DrGeilser,0,1,1870,0,0,0,0
1577547455,Bienenstall,0,1,1886,0,0,0,0
1577547456,Hühneralarm,0,1,1870,0,0,0,0
1577547457,Bomberkay,0,1,46,0,0,0,0
1577547458,neslovratit,0,0,0,0,13,0,13
1577547460,Sir Llo,248,1,1296,901,0,0,901
1577547462,DrSchiggy,0,1,68,0,0,0,0
1577547467,Barbarasrabarberbar,0,1,32,0,0,0,0
1577547468,Gast547468,0,1,42,0,0,0,0
1577547469,smoldge,0,1,165,0,0,0,0
1577547470,Grinis,0,1,1577,0,228,0,228
1577547471,JW11,0,1,446,25,0,0,25
1577547473,m0ses3,0,1,565,0,2090,0,2090
1577547475,solis,0,0,0,0,13,0,13
1577547478,FoxDied666,152,1,507,0,0,0,0
1577547497,Nine195,0,1,522,0,650,0,650
1577547501,CanofBeans,0,1,198,0,492,0,492
1577547507,Bronson,0,1,233,136,0,0,136
1577547508,Stonecity,0,1,1723,40,0,0,40
1577547510,Seija,0,1,26,0,0,0,0
1577547512,Packo,0,1,85,0,0,0,0
1577547513,B3h1nd3rt,0,1,26,0,0,0,0
1577547514,MarcoReus97,0,1,110,0,0,0,0
1577547515,Eiran,0,1,26,0,0,0,0
1577547516,Frejia,0,1,26,0,0,0,0
1577547517,fürst Anthony,0,1,26,0,0,0,0
1577547518,Grinchhill2203,314,1,1366,0,28,0,28
1577547519,König SneaX,639,1,1719,0,20,0,20
1577547520,FrankFurter,0,1,119,0,0,0,0
1577547521,andrehoffmann5476,0,1,93,0,0,0,0
1577547522,rampage,648,2,5087,5341,0,0,5341
1577547523,Elbflorenz53,0,1,123,0,0,0,0
1577547525,BallernmachtSpaß,0,1,70,0,0,0,0
1577547526,Gast547526,558,1,521,0,249,0,249
1577547527,Mdmarvin,0,1,58,0,0,0,0
1577547529,DaKingI,759,1,2475,440,10,1497,1947
1577547530,LordPaste,0,1,70,0,0,0,0
1577547534,Jolo21jolo,0,1,218,0,168,0,168
1577547535,goldd,0,1,522,0,0,0,0
1577547536,Gast547536,771,1,1134,231,0,1577,1808
1577547537,SpätzleMitSoß,0,1,26,0,0,0,0
1577547538,Gast547538,0,1,75,0,0,0,0
1577547539,FurterFrank,0,1,190,0,0,0,0
1577547540,LwUni,0,1,134,0,0,0,0
1577547541,MalevolentCreation,0,1,368,0,20,0,20
1577547542,Energyzed7,0,1,26,0,0,0,0
1577547543,Bosse,0,1,26,0,0,0,0
1577547545,RytirXKnight,0,1,26,0,0,0,0
1577547546,Dave 009,856,1,1211,0,0,0,0
1577547552,maui123,624,1,1249,0,0,0,0
1577547554,Tomp,0,1,26,0,0,0,0
1577547555,gestrandet,0,1,310,0,0,0,0
1577547557,hakunamatata,0,1,879,593,14,0,607
1577547558,Cupra,0,1,26,0,0,0,0
1577547563,Project Nemo,0,1,38,0,0,0,0
1577547564,Ambam94,0,1,1320,0,10,0,10
1577547566,Unschuldiger Mensch,633,1,834,140,112,31,283
1577547568,Gnarbi,0,1,26,0,0,0,0
1577547570,valeria.godovskaya,0,1,32,0,0,0,0
1577547571,König Juli der Erste,0,1,726,0,32,0,32
1577547572,Rezik52,0,1,101,0,0,0,0
1577547574,kokopxp,0,1,451,0,82,0,82
1577547576,Svenenzo77,328,1,1815,998,0,0,998
1577547578,Trykas,0,1,26,0,0,0,0
1577547579,Gast547579,0,1,166,0,0,0,0
1577547580,Dorf d. Leprakranken II.,0,1,33,0,0,0,0
1577547582,FHCharly,725,1,5485,0,0,0,0
1577547585,Amr1321,0,1,50,0,0,0,0
1577547596,Masafaka,551,1,1227,0,0,6,6
1577547597,Kankrea,0,1,704,0,28,0,28
1577547607,Erdmann69,710,1,1720,0,0,0,0
1577547609,Needy,861,1,1529,165,99,0,264
1577547610,DieGelbeWand1909,474,1,2201,8,10,0,18
1577547611,zaech,0,1,104,0,0,0,0
1577547612,Nathi92,19,1,1559,0,0,0,0
1577547615,Narcoon2,0,1,96,0,0,0,0
1577547620,J2402,20,1,185,0,0,0,0
1577547622,yugi355,0,1,84,0,0,0,0
1577547624,Expecto Patronum,797,10,28973,31402,72534,0,103936
1577547626,Luffy-san,0,1,2693,940,9180,0,10120
1577547627,Khaman,0,1,85,0,0,0,0
1577547628,Gast547628,0,1,146,0,0,0,0
1577547629,Firefufu,788,2,6651,0,65,0,65
1577547631,Aschefeld,755,1,993,0,899,0,899
1577547635,DimaNowsk,0,1,26,0,0,0,0
1577547637,btxy,0,1,177,0,0,0,0
1577547638,Snusmu,0,1,275,0,0,0,0
1577547639,zero789,767,1,26,0,0,0,0
1577547640,Kuronora,730,1,704,0,0,0,0
1577547641,nochimmerking,640,1,673,0,92,0,92
1577547644,Frithjof2007,0,1,26,0,0,0,0
1577547646,Shiruza,0,1,842,316,0,0,316
1577547649,ihendich,0,1,436,0,6,0,6
1577547650,SeymorFlux,0,1,130,0,0,0,0
1577547651,flolanzi,0,1,830,0,0,0,0
1577547652,max444,0,1,132,0,0,0,0
1577547653,jeffbezos,0,1,26,0,0,0,0
1577547654,Troublemaker882,0,1,132,0,47,0,47
1577547655,MaJoMaster,637,1,1294,0,0,0,0
1577547657,buns,0,1,44,0,0,0,0
1577547662,Crayn,796,1,2115,0,0,0,0
1577547663,PSYCHOKALL,0,1,56,0,0,0,0
1577547664,HoKaiGerman,0,1,359,0,174,0,174
1577547665,Deathrot65,0,1,980,0,230,0,230
1577547667,PredatorRex,0,1,26,0,0,0,0
1577547668,OdinsWillle,771,1,1143,220,0,12,232
1577547673,muscleses,0,1,26,0,0,0,0
1577547674,crisikrieger14,734,1,1047,0,7689,0,7689
1577547676,Mosli,861,1,791,0,0,0,0
1577547679,Tarick,0,1,48,0,2,0,2
1577547681,Ohrly,791,1,2358,2794,0,0,2794
1577547682,Grünspan,771,1,851,186,0,0,186
1577547685,Dr-Lampe,0,1,216,0,0,0,0
1577547687,Dr-Treppe,771,1,682,0,0,0,0
1577547696,Damaxi,0,1,94,0,23,0,23
1577547701,Mrtn,0,1,26,0,0,0,0
1577547705,namaste,0,1,420,0,0,0,0
1577547708,bösermau,567,1,1527,0,0,0,0
1577547709,Skhaan,0,1,33,0,0,0,0
1577547710,Klopster1,0,1,201,0,252,0,252
1577547712,Rawi,787,1,1559,0,0,0,0
1577547716,Gast547716,0,1,168,0,68,0,68
1577547719,Gast547719,0,1,126,0,0,0,0
1577547725,Brohann,0,1,252,0,0,0,0
1577547727,Luca1893,0,1,267,0,216,0,216
1577547728,chupa,0,1,1271,628,0,0,628
1577547731,Echoonice,624,1,440,0,0,0,0
1577547733,Tokabi,0,1,76,0,0,0,0
1577547734,JuliusKellnus,791,1,1047,274,0,0,274
1577547735,Maccardi,0,1,1224,40,7858,0,7898
1577547746,AroczZ,0,1,584,0,0,0,0
1577547749,Gast547749,0,1,106,0,0,0,0
1577547757,Keratos,0,1,129,0,0,0,0
1577547759,Viktor Lady,0,1,26,0,0,0,0
1577547762,Lunaria,0,1,1035,0,1738,0,1738
1577547765,derfuli,0,1,26,0,0,0,0
1577547768,Stutentreiber,0,1,261,0,776,0,776
1577547770,inmortal93,0,1,26,0,0,0,0
1577547771,michi.ores2,0,1,26,0,0,0,0
1577547772,MissFiducia,0,1,26,0,0,0,0
1577547773,-FreiSpiel-,0,1,26,0,0,0,0
1577547774,homoS0peri0r,0,1,26,0,0,0,0
1577547779,BB-71032,0,1,167,0,0,0,0
1577547781,somailo,0,1,139,0,0,0,0
1577547784,*hosim0n,0,1,26,0,0,0,0
1577547786,KattaMax,0,1,38,0,0,0,0
1577547787,D0sB0x23,0,1,26,0,0,0,0
1577547793,naggusdergroße,0,1,739,80,10,0,90
1577547798,CunningShield782,0,1,26,0,0,0,0
1577547799,Marcel2007,0,1,26,0,0,0,0
1577547800,KriegerKoenig01,0,1,26,0,0,0,0
1577547801,RavenSeeker,0,1,26,0,0,0,0
1577547804,SilberFalke04,0,1,26,0,0,0,0
1577547805,GrafSvenDE,0,1,26,0,0,0,0
1577547807,NordMeister,0,1,26,0,0,0,0
1577547808,RogueStrike99,0,1,26,0,0,0,0
1577547809,LordNiklasDE,0,1,38,0,0,0,0
1577547810,Kevin02,0,1,26,0,0,0,0
1577547811,KaiserFuerst00,0,1,26,0,0,0,0
1577547812,StormSoul,0,1,26,0,0,0,0
1577547813,KaiserFalke98,0,1,26,0,0,0,0
1577547814,SilentSlayer77,0,1,26,0,0,0,0
1577547815,BurgBaron2006,0,1,26,0,0,0,0
1577547816,FierceArcher,0,1,38,0,0,0,0
1577547817,FireWarrior,0,1,115,0,0,0,0
1577547818,Sven05,0,1,26,0,0,0,0
1577547819,DarkBaneX,0,1,120,0,0,0,0
1577547820,GoldKlinge2003,0,1,26,0,0,0,0
1577547821,LordMaximilian,0,1,115,0,0,0,0
1577547822,KaiserFelix,0,1,26,0,0,0,0
1577547823,BraveSlayer,0,1,26,0,0,0,0
1577547824,Xarkxass,0,1,173,0,133,0,133
1577547825,WolfsFuerst01,0,1,26,0,0,0,0
1577547826,TimDE,0,1,115,0,237,0,237
1577547827,Goonswager,0,1,26,0,0,0,0
1577547828,GerdGrün,0,1,88,0,0,0,0
1577547829,FrostForged99,0,1,107,0,104,0,104
1577547830,Polish Ladyboy,0,1,26,0,0,0,0
1577547831,King of German Empire,0,1,166,0,89,0,89
1577547832,Paul00,0,1,76,0,0,0,0
1577547833,FuerstLeonDE,0,1,107,0,751,0,751
1577547834,BlitzHerr,0,1,26,0,0,0,0
1577547835,Moritz99,0,1,26,0,0,0,0
1577547836,Kevin2000,0,1,26,0,0,0,0
1577547837,GrossSchlag,0,1,26,0,0,0,0
1577547838,HerrFinnDE,0,1,26,0,0,0,0
1577547839,SteelMaster99,0,1,26,0,0,0,0
1577547840,Noxium,0,1,709,0,0,0,0
1577547841,StahlSchlag97,0,1,26,0,0,0,0
1577547842,MeisterLukasDE,0,1,26,0,0,0,0
1577547843,BladeBane77,0,1,26,0,0,0,0
1577547844,NachtHerr,0,1,26,0,0,0,0
1577547845,Marcel2005,0,1,26,0,0,0,0
1577547846,DarkSlayer007,0,1,26,0,0,0,0
1577547847,StahlBauer,0,1,26,0,0,0,0
1577547848,BurgWolf,0,1,26,0,0,0,0
1577547849,BlitzSchlag05,0,1,26,0,0,0,0
1577547850,LordLausebub,0,1,26,0,0,0,0
1577547851,FierceKnight99,0,1,26,0,0,0,0
1577547852,EisernVogt,0,1,26,0,0,0,0
1577547853,Bossco,0,1,26,0,0,0,0
1577547854,Sigiberto,639,1,1336,640,0,1523,2163
1577547855,David98,0,1,26,0,0,0,0
1577547856,flevii,834,1,3772,3599,0,0,3599
1577547857,Bugglis,0,1,335,0,0,0,0
1577547858,MeisterMaximilianDE,0,1,26,0,0,0,0
1577547859,MaximilianX,0,1,26,0,0,0,0
1577547860,hackibracki67,0,1,98,0,0,0,0
1577547861,LordLaLa,0,1,1197,0,80,0,80
1577547862,NachtDrache2002,0,1,26,0,0,0,0
1577547863,CunningForged77,0,1,26,0,0,0,0
1577547864,mgkarakulee,0,1,26,0,0,0,0
1577547865,FalkenKrieger01,0,1,26,0,0,0,0
1577547866,Tim2006,0,1,26,0,0,0,0
1577547867,NobleRider,0,1,26,0,0,0,0
1577547868,SilverForged99,0,1,26,0,0,0,0
1577547869,SchwarzKoenig,0,1,115,0,0,0,0
1577547870,SwiftRider,0,1,26,0,0,0,0
1577547871,Bigmann93,639,1,1489,657,0,0,657
1577547872,Lord Torbias98,621,1,1040,0,0,2,2
1577547874,ZenX,621,0,0,0,0,0,0
1577547877,Tadoshi,0,1,135,0,0,0,0
1577547881,Nenad1988,0,1,747,0,0,0,0
1577547882,Percula,0,1,1249,0,20,0,20
1577547884,fuska,0,1,335,0,0,0,0
1577547887,Mosi,0,1,329,0,0,0,0
1577547890,Staemmler,0,1,56,0,0,0,0
1577547896,Devastator,0,3,4746,0,300,0,300
1577547900,flotus,0,1,917,0,18,0,18
1577547906,Berserker69,0,1,32,0,0,0,0
1577547908,DarkDestroyer,0,1,26,0,0,0,0
1577547911,BogenmeisterAdi,796,1,1480,0,0,0,0
1577547913,The Flying Nando,0,1,26,0,0,0,0
1577547916,Gast547916,558,1,969,0,0,0,0
1577547917,Gast547917,0,1,187,0,0,0,0
1577547918,Lulilu110,0,1,374,0,0,0,0
1577547919,Gast547919,0,1,428,0,242,0,242
1577547923,JohnnyO,0,1,560,557,10,0,567
1577547924,zepp,0,1,351,0,677,0,677
1577547929,raidA,0,1,304,0,130,0,130
1577547930,Jeanny,0,1,50,0,0,0,0
1577547935,muheika,0,1,789,0,10,0,10
1577547938,BaklavaFrontal,0,1,115,0,0,0,0
1577547939,PrometheusX,0,1,1363,0,0,0,0
1577547941,Du bist sau Dumm,0,1,26,0,0,0,0
1577547948,TotallynotBlackwing,0,1,91,0,0,0,0
1577547949,Phlips,791,1,1472,260,0,0,260
1577547952,Gast547952,0,1,95,0,81,0,81
1577547953,GrafZuckerbrause,804,1,1585,779,0,0,779
1577547955,MousseVI,783,1,1173,334,10,0,344
1577547956,RomanofW,783,1,1120,0,20,0,20
1577547957,Zuckerzusatz,804,1,1519,0,0,0,0
1577547959,SirNumber9,0,1,26,0,0,0,0
1577547960,Cepni61,0,1,26,0,0,0,0
1577547962,Umbreon,0,1,26,0,0,0,0
1577547963,Zyronex,864,1,1035,0,32,0,32
1577547964,PateGx,0,1,799,0,0,0,0
1577547966,mxddynx,0,1,26,0,0,0,0
1577547972,EisernSchmied2006,0,1,110,0,0,0,0
1577547975,monsterfinger,0,1,46,0,0,0,0
1577547978,KoWaLLe,631,1,1655,282,0,2,284
1577547982,CasaBosque,0,1,537,0,0,0,0
1577547984,DrLorki,205,3,5404,0,0,0,0
1577547990,Rammyyy,0,1,48,0,0,0,0
1577547993,StahlFuerst1996,0,1,108,0,0,0,0
1577547995,HawkSong007,0,1,116,0,0,0,0
1577547996,RitterKevin,0,1,124,0,0,0,0
1577547997,Gast547997,0,1,189,69,145,0,214
1577548004,xXTrumpFanXx,0,1,26,0,0,0,0
1577548005,PPumpenShop24,0,1,26,0,0,0,0
1577548007,NoxZenkor,771,1,348,0,0,0,0
1577548008,-NightmareHunter-,0,1,26,0,0,0,0
1577548022,GrafTobias,0,1,119,0,0,0,0
1577548024,HerrSven1,0,1,119,0,0,0,0
1577548035,Raumwunder,0,1,26,0,0,0,0
1577548040,Kalorienkönig,0,1,74,0,0,0,0
1577548046,SilberWolf,0,1,130,0,0,0,0
1577548047,MikeALux,733,2,3694,1422,72,4,1498
1577548048,Koarl14,0,1,238,0,0,0,0
1577548049,König.Philipp,0,1,198,0,0,0,0
1577548052,BurgSchild,0,1,127,0,0,0,0
1577548053,Joing,787,1,1206,0,0,0,0
1577548054,Sigibertl,639,1,830,0,0,0,0
1577548056,Gast548056,348,1,612,378,0,0,378
1577548060,lurch7,0,1,191,0,0,0,0
1577548065,Haggis,0,1,98,0,0,0,0
1577548067,Huenson,747,1,880,40,0,0,40
1577548069,Ira88,0,1,32,0,0,0,0
1577548070,StayHome,0,1,208,0,0,0,0
1577548071,ce77dd,0,1,98,0,67,0,67
1577548075,KalleHasch,0,1,220,0,0,0,0
1577548076,choppa,0,1,95,0,0,0,0
1577548079,Leocoss,0,1,81,0,0,0,0
1577548080,LeoMn3229,0,1,601,0,443,0,443
1577548081,Der Jäger 1000,0,1,26,0,0,0,0
1577548083,Tanakkah,773,1,1520,2833,0,0,2833
1577548084,Wolfgyone,733,1,1086,0,0,0,0
1577548085,stony,0,1,32,0,0,0,0
1577548086,timmi,0,1,26,0,0,0,0
1577548087,Samenspenderin,0,1,26,0,0,0,0
1577548089,Wilder Falke,0,1,26,0,0,0,0
1577548090,45327,0,1,26,0,0,0,0
1577548091,L0RD N00B,0,1,291,0,0,0,0
1577548092,JOHNas212,0,1,48,0,0,0,0
1577548097,Nob0dy9,0,1,161,0,174,0,174
1577548098,Nordstern2412,0,1,58,0,0,0,0
1577548099,Hängender Ritter,0,1,26,0,0,0,0
1577548105,Dramamama,0,1,26,0,0,0,0
1577548106,ErkaNalles,0,5,12091,12,0,0,12
1577548107,emchen28,0,1,195,0,0,0,0
1577548112,derstaemme,0,1,1282,519,0,0,519
1577548114,Ramon1809,0,1,131,0,0,0,0
1577548115,GlaD,0,1,238,0,0,0,0
1577548117,Balreus,762,1,1426,0,0,0,0
1577548118,BaronMoritz,0,1,38,0,0,0,0
1577548119,Knastgesicht,0,1,26,0,0,0,0
1577548121,jhhjjkk,0,1,26,0,0,0,0
1577548122,SnipzZ,0,1,835,0,0,0,0
1577548123,Hartz for,0,1,26,0,0,0,0
1577548124,Lecker Grande,0,1,968,0,192,0,192
1577548126,WolfsMeister2005,0,1,133,0,0,0,0
1577548127,Richy Rich,624,1,1348,1875,0,0,1875
1577548128,WildForgedX,0,1,130,0,0,0,0
1577548129,GrizzyGG,0,1,32,0,0,0,0
1577548130,ViperGuardX,0,1,127,0,0,0,0
1577548131,Gast548131,0,1,77,0,0,0,0
1577548132,Tim98,0,1,127,0,0,0,0
1577548133,SchattenSchild2006,0,1,127,0,0,0,0
1577548135,GymDragon,0,1,70,0,0,0,0
1577548136,MeisterMarcel,0,1,110,0,8,0,8
1577548139,BaronDavid36,0,1,127,0,0,0,0
1577548140,ViperArcher77,0,1,121,0,0,0,0
1577548141,Gast548141,0,1,153,0,0,0,0
1577548142,ViperStrike77,0,1,130,0,0,0,0
1577548143,Gast548143,0,1,49,0,0,0,0
1577548144,Gast548144,0,1,136,0,51,0,51
1577548145,GrafJan,0,1,127,0,0,0,0
1577548146,RogueBorn,0,1,121,0,0,0,0
1577548147,RavenWarden,0,1,130,0,0,0,0
1577548151,FelsenMeister,0,1,130,0,0,0,0
1577548152,Kevin1997,0,1,130,0,0,0,0
1577548153,PILIP,0,1,200,0,471,0,471
1577548154,Julian1999,0,1,119,0,0,0,0
1577548155,SteelForged,0,1,133,0,0,0,0
1577548156,MeisterMaximilian,0,1,111,0,0,0,0
1577548157,ViperArcher99,0,1,124,0,503,0,503
1577548158,Kevin06,0,1,130,0,0,0,0
1577548159,GrimGuard,0,1,122,0,0,0,0
1577548160,SturmSchlag00,0,1,125,0,0,0,0
1577548161,BurgSchmied,0,1,125,0,10,0,10
1577548162,FuerstFlorian,0,1,132,0,0,0,0
1577548163,SchwarzVogt1999,0,1,120,0,0,0,0
1577548164,KaiserJonasDE,0,1,130,0,0,0,0
1577548165,MysticShield99,0,1,121,0,0,0,0
1577548167,FireFang77,0,1,119,0,0,0,0
1577548168,BaronFinn,0,1,140,0,0,0,0
1577548169,SchwarzVogt,0,1,107,0,0,0,0
1577548170,BladeWalkerX,0,1,127,0,0,0,0
1577548171,KriegerHerr97,0,1,137,0,0,0,0
1577548173,LordAlexander81,0,1,127,0,0,0,0
1577548174,GrafSebastian,0,1,127,0,0,0,0
1577548175,Königin Congs,0,1,26,0,0,0,0
1577548176,bbrw,0,1,26,0,0,0,0
1577548177,WolfsReiter,0,1,121,0,0,0,0
1577548178,GoldReiter99,0,1,130,0,0,0,0
1577548179,michu9316,209,1,1994,2686,0,0,2686
1577548182,FrostWarden975,0,1,133,0,0,0,0
1577548183,Motom,639,1,765,0,0,0,0
1577548184,DrachenVogt1999,0,1,127,0,0,0,0
1577548185,mctoten,0,1,276,0,0,0,0
1577548188,Gast548188,0,1,729,649,100,0,749
1577548189,NobleHeartX,0,1,122,0,0,0,0
1577548190,auzo007,0,1,579,0,0,0,0
1577548192,MysticForged77,0,1,130,0,0,0,0
1577548194,Euratis,0,1,717,4,20,0,24
1577548195,Ares33,0,1,26,0,0,0,0
1577548196,FrostSong,0,1,73,0,0,0,0
1577548197,DragonHeartX,0,1,118,0,0,0,0
1577548198,GoldRitter,0,1,110,0,0,0,0
1577548199,stojiii,0,1,26,0,0,0,0
1577548200,TurnerGTI,0,1,26,0,0,0,0
1577548201,David97,0,1,127,0,0,0,0
1577548202,Ronny2603,0,1,68,0,0,0,0
1577548203,Terk,861,1,618,0,0,0,0
1577548204,HunterBlade007,0,1,140,0,0,0,0
1577548205,Zentrum des Wahnsinns,843,1,1656,1001,0,0,1001
1577548206,BurgKrieger,0,1,118,0,0,0,0
1577548207,LeonRoxXx,872,1,1196,300,200,0,500
1577548209,StahlKlinge,0,1,130,0,0,0,0
1577548210,GoldGraf,0,1,124,0,0,0,0
1577548211,exper,0,1,335,0,0,0,0
1577548212,SchwarzBauer07,0,1,124,0,0,0,0
1577548213,Gast548213,0,1,96,0,0,0,0
1577548214,Fabian96,0,1,134,0,0,0,0
1577548215,bronko,0,1,46,0,0,0,0
1577548216,Schelle18,0,1,26,0,0,0,0
1577548217,Julien,0,1,79,0,0,0,0
1577548219,HaxShn,0,1,128,0,58,0,58
1577548220,Aoibhin,639,1,1380,0,0,2637,2637
1577548221,Maximilian07,0,1,127,0,0,0,0
1577548222,FroZzenSurfer,773,1,1901,202,0,0,202
1577548225,GoldenBorn99,0,1,124,0,0,0,0
1577548227,GreygarII,773,1,903,0,200,0,200
1577548228,Leon97,0,1,130,0,0,0,0
1577548229,mustafaS,0,1,423,0,135,0,135
1577548230,SteelSlayer,0,1,119,0,0,0,0
1577548234,BraveArcher99,0,1,130,0,0,0,0
1577548235,GrafPaul,0,1,118,0,0,0,0
1577548236,Henno7474,0,1,26,0,0,0,0
1577548237,Schnitzelblitz,0,1,26,0,0,0,0
1577548238,sco10,205,1,1391,0,0,0,0
1577548239,captain kruste,0,1,26,0,0,0,0
1577548240,AtzenLord8,0,1,180,0,0,0,0
1577548241,BlackHeartX,0,1,118,0,0,0,0
1577548242,HerrTim39,0,1,113,0,0,0,0
1577548243,Gast548243,0,1,74,0,0,0,0
1577548244,IronSlayerX,0,1,122,0,0,0,0
1577548245,Dr-Lampignon,771,1,1030,7,0,85,92
1577548247,BlitzKoenig,0,1,133,0,0,0,0
1577548250,Fritz88,0,1,26,0,0,0,0
1577548251,BlackWalker,0,1,140,0,0,0,0
1577548252,vader97,0,1,26,0,0,0,0
1577548253,Chris1304,0,1,26,0,0,0,0
1577548254,yannick.bua,0,1,46,0,0,0,0
1577548255,Camucho,0,1,52,0,0,0,0
1577548256,Jacky263,0,1,91,0,134,0,134
1577548257,EisernSchild,0,1,119,0,26,0,26
1577548258,Quelle,0,1,26,0,0,0,0
1577548259,EdelSchmied,0,1,133,0,392,0,392
1577548260,Olyen,0,1,71,0,0,0,0
1577548261,Tobse,567,1,825,0,0,0,0
1577548263,BlutFalke77,0,1,111,0,0,0,0
1577548264,MysticBaneX,0,1,110,0,8,0,8
1577548266,GoldVogt03,0,1,133,0,0,0,0
1577548267,No way Norway,0,1,26,0,0,0,0
1577548268,chybas,0,1,420,0,0,0,0
1577548269,whitewalkermk,0,1,26,0,0,0,0
1577548270,Almazino,0,1,278,0,0,0,0
1577548271,jonas34,0,1,26,0,0,0,0
1577548273,upo038,808,1,1192,0,1099,0,1099
1577548274,December Falls,0,1,48,0,0,0,0
1577548275,guest,0,1,48,0,0,0,0
1577548276,Megabobo,0,1,968,0,0,0,0
1577548277,Plastiktüte Schakalwins,0,1,963,0,0,0,0
1577548278,Euphoria Superstar,0,1,948,0,138,0,138
1577548280,Merci Cherie,0,1,963,0,0,0,0
1577548281,The German Artist,0,1,781,0,325,0,325
1577548282,TerraNova,0,1,963,0,0,0,0
1577548283,Knight860,0,1,963,0,0,0,0
1577548285,eifellT,0,1,420,0,0,0,0
1577548287,Belvedere777,0,1,104,0,0,0,0
1577548288,Fives,0,1,134,0,156,0,156
1577548289,vitja94,205,1,798,0,0,0,0
1577548290,ArnB,0,1,26,0,0,0,0
1577548291,InsideJob,0,1,963,0,0,0,0
1577548292,davidb89,0,1,864,0,0,0,0
1577548293,Croki1206,0,1,26,0,0,0,0
1577548294,Stabil Stabiler,0,1,26,0,0,0,0
1577548296,MasterDeep,0,1,26,0,0,0,0
1577548297,Lukas-Chelsea,0,1,48,0,0,0,0
1577548300,sirMichaelRitter,0,1,531,0,0,0,0
1577548301,Testaccount 123,0,1,26,0,0,0,0
1577548303,SchlafloserAG,0,1,26,0,0,0,0
1577548304,König strelok91,848,1,704,0,120,0,120
1577548305,redben,0,1,26,0,0,0,0
1577548307,ShadowStrike77,0,1,38,0,0,0,0
1577548310,DragonKnightX,0,1,38,0,0,0,0
1577548311,Kusio,0,1,75,0,0,0,0
1577548314,König Knospe,0,1,809,0,0,26,26
1577548315,icebear,0,1,77,0,0,0,0
1577548316,Dax32333,0,1,283,0,0,0,0
1577548317,FalkenKrieger77,0,1,38,0,0,0,0
1577548318,FuerstJonas57,0,1,38,0,0,0,0
1577548320,ShadowSong99,0,1,38,0,0,0,0
1577548321,ShadowBaneX,0,1,38,0,0,0,0
1577548322,Gruffi,0,1,26,0,0,0,0
1577548323,Eme10,0,1,26,0,0,0,0
1577548324,BaronFlorian,0,1,38,0,0,0,0
1577548325,udonnudelnfanj,0,1,26,0,0,0,0
1577548326,schmotzig.,0,1,26,0,0,0,0
1577548327,Finn2002,0,1,38,0,0,0,0
1577548328,sleyer9,0,1,26,0,0,0,0
1577548329,WolfsKlinge01,0,1,38,0,0,0,0
1577548330,Gast548330,0,1,36,0,0,0,0
1577548331,StormFury007,0,1,38,0,0,0,0
1577548332,Dorf Dieb,0,1,26,0,0,0,0
1577548333,Finn2005,0,1,38,0,0,0,0
1577548334,SilverKing77,0,1,38,0,0,0,0
1577548335,Laufzeit23Std,0,1,26,0,0,0,0
1577548336,GoldSchmiedX,0,1,38,0,0,0,0
1577548337,BlutBaron,0,1,38,0,0,0,0
1577548338,WildRitter,0,1,38,0,0,0,0
1577548339,Felix309,0,1,38,0,0,0,0
1577548340,HunterShield,0,1,38,0,0,0,0
1577548341,AlexanderGER,0,1,38,0,0,0,0
1577548343,GoldenFang99,0,1,38,0,0,0,0
1577548344,KriegerFaust05,0,1,38,0,0,0,0
1577548345,BaronMoritz91,0,1,26,0,0,0,0
1577548346,T0be91,0,1,26,0,0,0,0
1577548347,IronSeeker99,0,1,38,0,0,0,0
1577548349,BurgKnecht,0,1,38,0,0,0,0
1577548350,WildLord77,0,1,38,0,0,0,0
1577548351,FireBane,0,1,38,0,0,0,0
1577548352,Adel auf Reisen,0,1,26,0,0,0,0
1577548353,Fake oder nicht,0,1,26,0,0,0,0
1577548354,BraveClaw384,0,1,38,0,0,0,0
1577548355,Leon06,0,1,45,0,0,0,0
1577548356,ShadowRider,0,1,38,0,0,0,0
1577548357,Nachtkrone,0,1,26,0,0,0,0
1577548358,EdelKnecht,0,1,38,0,0,0,0
1577548359,BlondieEnyoer,0,1,26,0,0,0,0
1577548360,PopeyeEnjoyesBlondies,0,1,26,0,0,0,0
1577548361,AdelsExpress,0,1,26,0,0,0,0
1577548362,König ohne Krone,0,1,26,0,0,0,0
1577548363,DonnerMeister,0,1,38,0,0,0,0
1577548364,Dein Dorf,0,1,964,0,0,0,0
1577548365,David01,0,1,38,0,0,0,0
1577548367,ThunderLord007,0,1,38,0,0,0,0
1577548368,Leon2003,0,1,38,0,0,0,0
1577548369,GoldenClaw99,0,1,38,0,0,0,0
1577548370,SwiftSeeker99,0,1,38,0,0,0,0
1577548372,NobleSlayer,0,1,38,0,0,0,0
1577548373,Flotschn,791,1,954,596,0,0,596
1577548375,FeuerKrieger1998,0,1,38,0,0,0,0
1577548376,Rene schneedo,0,1,46,0,0,0,0
1577548377,Binzema,0,1,900,0,0,0,0
1577548378,StahlLoewe,0,1,26,0,0,0,0
1577548379,GoldenFuryX,0,1,38,0,0,0,0
1577548380,RitterPhilipp,0,1,38,0,0,0,0
1577548381,bonbonik,0,1,324,0,7,0,7
1577548382,Hahagana,0,1,26,0,0,0,0
1577548383,WolfsWolf2001,0,1,127,0,0,0,0
1577548384,Anglerbaby,0,1,167,0,0,0,0
1577548385,Fabian1996,0,1,38,0,0,0,0
1577548387,PotatoWithGlasses,0,1,32,0,0,0,0
1577548388,JaegerBauer01,0,1,26,0,0,0,0
1577548389,MightySlayer,0,1,38,0,0,0,0
1577548390,Refaxxx,0,1,95,0,0,0,0
1577548392,JaegerBaron,0,1,137,0,0,0,0
1577548393,leonhard09,0,1,26,0,0,0,0
1577548394,SilberKoenig,0,1,38,0,0,0,0
1577548396,Gast548396,735,1,646,0,0,0,0
1577548397,ShadowMasterX,0,1,38,0,0,0,0
1577548400,FeuerKoenig96,0,1,38,0,0,0,0
1577548401,David1996,0,1,38,0,0,0,0
1577548402,Bollbe,0,1,47,0,0,0,0
1577548403,SturmGraf,0,1,38,0,0,0,0
1577548405,BlitzSturm,0,1,38,0,0,0,0
1577548406,DarkSong99,0,1,38,0,0,0,0
1577548407,Florian00,0,1,38,0,0,0,0
1577548411,NWT51,0,1,907,31,0,0,31
1577548412,SwiftGuardX,0,1,38,0,0,0,0
1577548415,KaiserNiklas49,0,1,38,0,0,0,0
1577548416,Lord Deviation51,0,1,224,0,0,0,0
1577548417,Hofmanovatca29,0,1,75,0,0,0,0
1577548418,wowa,0,1,52,0,0,0,0
1577548419,KaiserLeon79,0,1,38,0,0,0,0
1577548423,BlitzRitter04,0,1,38,0,0,0,0
1577548426,FeuerJaeger,0,1,38,0,0,0,0
1577548427,CunningFury,0,1,38,0,0,0,0
1577548428,SchwarzHerzog98,0,1,38,0,0,0,0
1577548429,RandalAndi,762,1,581,304,0,0,304
1577548430,AdriennAdrienn,0,1,363,0,0,0,0
1577548432,BlutHerr,0,1,38,0,0,0,0
1577548435,niki2G,0,1,70,0,0,0,0
1577548436,FalkenKlinge,0,1,38,0,0,0,0
1577548437,MeisterJulian,0,1,38,0,0,0,0
1577548438,GudShotz,0,1,181,0,163,0,163
1577548439,heiligerjohaniter,808,1,992,0,22,0,22
1577548440,BaronMaximilianDE,0,1,38,0,0,0,0
1577548441,josheiy,0,1,183,0,0,0,0
1577548442,BlackArcher007,0,1,38,0,0,0,0
1577548443,Hansii,0,1,233,0,0,0,0
1577548444,Lord King Arthur,631,1,685,0,30,0,30
1577548445,GoldenFang,0,1,38,0,0,0,0
1577548446,EisernFaust,0,1,38,0,0,0,0
1577548447,Drac1993,0,1,519,0,0,0,0
1577548448,KriegerKrieger,0,1,38,0,0,0,0
1577548449,JaegerVogt,0,1,38,0,0,0,0
1577548450,Julian1996,0,1,38,0,0,0,0
1577548452,SturmSchmied1998,0,1,38,0,0,0,0
1577548457,FierceWarrior851,0,1,38,0,0,0,0
1577548459,Dr-Spargel,0,1,28,0,0,0,0
1577548460,FireRider99,0,1,38,0,0,0,0
1577548461,alexxx999,56,1,795,0,0,0,0
1577548462,Tim06,0,1,38,0,0,0,0
1577548463,Smaaaash,0,1,235,0,0,0,0
1577548464,TRCC,0,1,53,0,0,0,0
1577548465,BaronJonas99,0,1,38,0,0,0,0
1577548468,FrostStrike,0,1,38,0,0,0,0
1577548469,SIR.Jakobus,0,1,52,0,0,0,0
1577548472,NoNm3 der Eroberer,0,1,282,0,0,0,0
1577548473,LordMarcel,0,1,38,0,0,0,0
1577548474,Gast548474,0,1,49,0,0,0,0
1577548476,Julian06,0,1,38,0,0,0,0
1577548477,BennyS,860,1,1866,0,0,0,0
1577548478,Philipp03,0,1,38,0,0,0,0
1577548479,DrachenKnecht,0,1,38,0,0,0,0
1577548480,SteelKnight,0,1,38,0,0,0,0
1577548482,panzerknacker.wav,0,1,871,0,0,0,0
1577548483,MaximilianGER,0,1,38,0,0,0,0
1577548484,CaptainHero,0,1,839,0,59,0,59
1577548486,Kokolores2,0,1,839,0,0,0,0
1577548487,Oweioweiowei,0,1,754,0,24,0,24
1577548488,HansA.Plast,0,1,839,0,0,0,0
1577548489,SpielSonstNurNonPP,0,1,839,0,0,0,0
1577548490,Sebastian2007,0,1,38,0,0,0,0
1577548491,xFanTasTiq,0,1,621,0,0,0,0
1577548492,Moka87,0,1,82,0,185,0,185
1577548493,Jaku,834,1,389,0,0,0,0
1577548494,jediluke,0,1,48,0,0,0,0
1577548495,gony-gamer,639,1,2496,1370,0,708,2078
1577548498,Lord Rinch,0,1,193,0,0,0,0
1577548500,alpi03,0,1,48,0,0,0,0
1577548501,Tuiyla,0,1,26,0,0,0,0
1577548503,Sackbauer,0,1,913,954,0,0,954
1577548504,Sentido,0,1,82,0,0,0,0
1577548506,Michi1327,0,1,87,0,0,0,0
1577548507,PapstPaule,0,1,193,0,0,0,0
1577548509,Snoxxi,0,1,579,640,3522,0,4162
1577548511,jdvance2028,0,1,26,0,0,0,0
1577548512,Gast548512,0,1,119,0,0,0,0
1577548513,schooter,0,1,26,0,0,0,0
1577548514,vairplay,0,1,26,0,0,0,0
1577548518,Skittlez,0,1,90,0,0,0,0
1577548519,Becarius,0,1,1026,0,0,0,0
1577548520,Koffer,0,1,1237,304,0,0,304
1577548521,Gast548521,0,1,124,0,133,0,133
1577548522,Gast548522,0,1,26,0,0,0,0
1577548523,Lyconn,0,1,345,0,0,0,0
1577548524,HeroicGem,791,1,647,0,0,0,0
1577548526,chubbyclimber,0,1,26,0,0,0,0
1577548527,zonenbub,0,1,70,0,0,0,0
1577548529,NexGen,0,1,68,0,0,0,0
1577548530,Gast548530,0,1,71,0,0,0,0
1577548532,Republik,0,1,864,0,0,0,0
1577548536,Crze Beach,0,1,26,0,0,0,0
1577548538,plattenoskar,0,1,75,0,0,0,0
1577548539,Traum,0,1,26,0,0,0,0
1577548540,Lady Lord fabi,0,1,113,0,0,0,0
1577548541,bukake,0,1,308,0,12,0,12
1577548543,Nyx1987,819,1,516,0,0,0,0
1577548544,spielomat,0,1,48,0,0,0,0
1577548545,Peppzx,0,1,819,9,0,0,9
1577548546,SuperMaurits,0,1,573,0,0,0,0
1577548548,Jamie2K,0,1,775,9,0,0,9
1577548554,Kayn127,0,1,283,0,0,0,0
1577548555,MoonNox,0,1,88,0,0,0,0
1577548560,velo,0,1,444,0,0,0,0
1577548562,somtuu,0,1,282,0,0,0,0
1577548563,krankeAnke,0,1,1052,0,0,0,0
1577548564,Spoilerwarnung,0,1,727,0,0,0,0
1577548565,Asozial Westberlin,0,1,727,0,0,0,0
1577548566,Account gesperrt,0,1,727,0,0,0,0
1577548567,ungeskriptet,0,1,727,0,42,0,42
1577548568,Azcrac,558,1,240,0,0,0,0
1577548569,Fella,558,1,196,0,0,0,0
1577548572,Asgard999000,0,1,35,0,0,0,0
1577548573,DodoG,0,1,32,0,0,0,0
1577548574,chris92,0,1,82,0,0,0,0
1577548576,bzumbzumbre,0,1,269,0,0,0,0
1577548578,haze1337,823,1,714,0,0,0,0
1577548579,DittnzwykkA,836,1,380,0,18,0,18
1577548580,Gast548580,0,1,131,0,0,0,0
1577548584,bksetk5i,0,1,26,0,0,0,0
1577548585,Kirito538,0,1,54,0,0,0,0
1577548587,Gast548587,0,1,53,0,0,0,0
1577548588,TheOtterBird,0,1,594,0,20,0,20
1577548589,Gezby69,737,1,803,0,0,0,0
1577548590,Whitebeard,0,1,26,0,0,0,0
1577548591,Monkey.D.Ruffy,737,1,731,0,0,0,0
1577548592,Kaiser CAPA,0,1,47,0,0,0,0
1577548593,SirKnolte,0,1,607,0,126,0,126
1577548594,RudiDog,0,1,95,0,0,0,0
1577548595,frzzazaz,0,1,26,0,0,0,0
1577548596,johnsid,0,1,26,0,0,0,0
1577548598,LadyPatunia,0,1,124,0,0,0,0
1577548599,byakugan,0,1,127,0,0,0,0
1577548600,König Lord Baron,823,1,202,0,0,0,0
1577548601,Emil009,0,1,140,0,0,0,0
1577548602,Guest986614,0,1,127,0,0,0,0
1577548603,Zamia,558,1,375,0,0,0,0
1577548604,Lord Overdue,851,1,670,0,0,0,0
1577548605,Sirremi81,0,1,124,0,0,0,0
1577548606,byT3emo,56,1,664,0,0,0,0
1577548607,Lel1,0,1,48,0,0,0,0
1577548608,mlademasko99,0,1,119,0,0,0,0
1577548609,rwt009,0,1,111,0,0,0,0
1577548610,buba79,0,1,127,0,0,0,0
1577548611,KingSirAvner,0,1,127,0,0,0,0
1577548612,LordKouKouRouKou,0,1,130,0,0,0,0
1577548613,moinmoin67,0,1,26,0,0,0,0
1577548614,tusiek441101,0,1,119,0,0,0,0
1577548615,JonisKnecht,0,1,26,0,0,0,0
1577548616,BimBimFranz,0,1,26,0,0,0,0
1577548618,OldHury81,0,1,110,0,0,0,0
1577548619,Törke,0,1,50,0,0,0,0
1577548620,SirNikeNyfiken,0,1,127,0,0,0,0
1577548621,brotta,0,1,26,0,0,0,0
1577548622,Mastiphal05,0,1,139,0,0,0,0
1577548623,Fundor,0,1,44,0,0,0,0
1577548624,velsennoord,0,1,110,0,0,0,0
1577548625,RazjelBartender,0,1,113,0,0,0,0
1577548626,BaronBojSaMa,0,1,127,0,241,0,241
1577548627,LordPeekss,0,1,128,0,0,0,0
1577548628,M4nu8,0,1,140,0,0,0,0
1577548629,Kingmati229,0,1,114,0,0,0,0
1577548630,Adriusz,0,1,130,0,0,0,0
1577548631,Cre0Unter0S,0,1,188,0,0,0,0
1577548632,patryks1997,0,1,113,0,0,0,0
1577548637,CharlizeTheron00,0,1,134,0,0,0,0
1577548640,pawelles2002,0,1,127,0,0,0,0
1577548642,Ziglor,0,1,118,0,0,0,0
1577548644,Wenek952,0,1,124,0,0,0,0
1577548645,Einkommenstourist,0,1,237,0,0,0,0
1577548646,WiktorWielki,0,1,127,0,0,0,0
1577548648,winkelikda,0,1,26,0,0,0,0
1577548649,Szejnster96,0,1,124,0,0,0,0
1577548650,OldGrochu1910,0,1,118,0,0,0,0
1577548654,Crusader,0,1,121,0,0,0,0
1577548655,Baraka121997,0,1,142,0,0,0,0
1577548656,walecznykomar,0,1,111,0,0,0,0
1577548657,Tekendob40,0,1,114,0,0,0,0
1577548658,Gal1leo2002,0,1,127,0,0,0,0
1577548659,fatality802007,0,1,118,0,0,0,0
1577548660,SirLolexmen,0,1,121,0,0,0,0
1577548661,SirDaedricReaper,0,1,121,0,0,0,0
1577548662,PanTripy,0,1,114,0,0,0,0
1577548663,Szavi,0,1,110,0,0,0,0
1577548666,BobMarley,0,1,114,0,0,0,0
1577548667,Sleepparalysis2001,0,1,119,0,0,0,0
1577548668,haebsi,0,1,273,0,0,0,0
1577548669,Anni9761,0,1,284,0,0,0,0
1577548670,Baronquetalga,0,1,121,0,0,0,0
1577548671,Gast548671,847,1,470,0,0,0,0
1577548672,Mikkail,0,1,124,0,0,0,0
1577548673,Noobbody007,0,1,149,0,0,0,0
1577548674,pLayhard,0,1,122,0,0,0,0
1577548675,demonyth,0,1,124,0,0,0,0
1577548676,PleaseFuckOff,0,1,128,0,0,0,0
1577548677,Darkbartek88753,0,1,124,0,0,0,0
1577548678,guzik33,0,1,134,0,0,0,0
1577548679,nomotivation,0,1,233,0,0,0,0
1577548680,LusitanX96,0,1,134,0,0,0,0
1577548681,gollum1972,0,1,48,0,0,0,0
1577548682,LordPepe22,0,1,119,0,0,0,0
1577548683,kokorick,0,1,123,0,0,0,0
1577548684,DabiAlaba,861,1,630,0,0,0,0
1577548685,kunastart,0,1,140,0,0,0,0
1577548686,Barontenczowa,0,1,113,0,0,0,0
1577548687,adamaquada,0,1,116,0,0,0,0
1577548688,LindschGrinch,223,1,662,0,0,0,0
1577548689,Herry1612,0,1,487,0,0,0,0
1577548690,kubajs1522000,0,1,127,0,0,0,0
1577548691,Thatswhatshesaid,0,1,130,0,0,0,0
1577548693,lukasho,0,1,52,0,0,0,0
1577548694,Kingdkrhee,0,1,128,0,0,0,0
1577548695,Oldtegarchetodo,0,1,124,0,0,0,0
1577548696,Vylo,0,1,72,0,0,0,0
1577548697,Feedernoob,0,1,32,0,0,0,0
1577548698,danik,0,1,81,0,0,0,0
1577548699,wilex04,0,1,110,0,0,0,0
1577548700,brakukos,0,1,225,0,0,0,0
1577548701,zsoltika94,0,1,111,0,0,0,0
1577548702,Neutron0023,0,1,137,0,0,0,0
1577548703,Stoerzenhufecker,0,1,79,0,0,0,0
1577548704,MariuszekTLTuchola,0,1,110,0,0,0,0
1577548705,sirris2002,0,1,130,0,0,0,0
1577548706,FBunogrande,755,1,548,210,0,0,210
1577548707,Yucatano,0,1,852,65,0,0,65
1577548708,LadyJulkaKulka,0,1,127,0,0,0,0
1577548709,Tasiek,0,1,105,0,0,0,0
1577548710,Lordshane92,787,3,3507,0,0,0,0
1577548711,M4te0,0,1,130,0,0,0,0
1577548712,DarkOkoniak12,0,1,133,0,0,0,0
1577548713,Wd40,0,1,115,0,0,0,0
1577548715,Rice09,0,1,176,0,0,0,0
1577548716,Armyof299,0,1,124,0,0,0,0
1577548717,Coorsika,0,1,85,0,0,0,0
1577548719,Smitty9900,0,1,121,0,0,0,0
1577548720,free2002,0,1,116,0,0,0,0
1577548721,Basti-93,0,1,91,0,0,0,0
1577548722,Darkkonwinium,0,1,127,0,0,0,0
1577548724,Xplosiv,0,1,179,0,0,0,0
1577548726,LordSPRINTER,0,1,113,0,0,0,0
1577548727,Luncia47,0,1,142,0,0,0,0
1577548728,pcfx,0,1,550,0,0,0,0
1577548730,Qwwwez,0,1,26,0,0,0,0
1577548731,Robsonsz73,0,1,121,0,0,0,0
1577548732,axiride,0,1,119,0,0,0,0
1577548734,Haftbefehl,0,1,26,0,0,0,0
1577548735,BaronLevandulko,0,1,121,0,0,0,0
1577548736,SirMatysiak344,0,1,115,0,0,0,0
1577548737,StrikerEurika,0,1,273,0,0,0,0
1577548738,LukTheKiller,0,1,492,0,0,0,0
1577548739,david8882003,0,1,113,0,0,0,0
1577548741,Taha135,0,1,127,0,0,0,0
1577548742,Nuramon82,0,1,724,0,0,0,0
1577548743,Fifler,0,1,127,0,0,0,0
1577548744,David0812,0,1,32,0,0,0,0
1577548745,SirSteamUser1790516556,0,1,127,0,0,0,0
1577548746,tamer,0,1,180,0,0,0,0
1577548747,DopperDelle,0,1,128,0,0,0,0
1577548748,Piotreq019,0,1,124,0,0,0,0
1577548749,fruzzle,0,1,68,0,0,0,0
1577548750,Heimz,0,1,507,6,0,0,6
1577548751,sekolinko1999,0,1,130,0,0,0,0
1577548752,snoopy981,0,1,127,0,0,0,0
1577548753,Oldreturning77,0,1,127,0,0,0,0
1577548755,pierrot4720,0,1,71,0,0,0,0
1577548757,BaronMarre901,0,1,113,0,0,0,0
1577548759,heho10,0,1,237,0,0,0,0
1577548760,flusi560,348,1,572,13,0,0,13
1577548761,König schrödi,0,1,52,0,0,0,0
1577548762,valtendymek,0,1,125,0,0,0,0
1577548763,SchwierigeSache,0,1,83,0,0,0,0
1577548764,DK1200,0,1,26,0,0,0,0
1577548765,Lordolafiks96,0,1,130,0,0,0,0
1577548766,Matrix699,0,1,116,0,0,0,0
1577548767,Gast548767,0,1,51,0,0,0,0
1577548768,Alekito02,0,1,125,0,0,0,0
1577548769,Godof420,0,1,133,0,0,0,0
1577548770,Onemir,0,1,139,0,0,0,0
1577548771,NancyStinkt,0,1,38,0,0,0,0
1577548772,Krecikiprzyjaciele,0,1,116,0,0,0,0
1577548773,Lady Igelchen,0,1,64,0,0,0,0
1577548774,Lady Baumi1,0,1,111,0,0,0,0
1577548777,eferalgan12,0,1,127,0,0,0,0
1577548780,lümmel,194,1,314,54,0,0,54
1577548781,Tomi8509,0,1,125,0,0,0,0
1577548782,Mr.F,0,1,172,0,0,0,0
1577548783,smida3572006,0,1,122,0,0,0,0
1577548784,Mimsiii,0,1,68,0,0,0,0
1577548785,BaronRogran,0,1,113,0,0,0,0
1577548786,SusiSorgenvoll,0,1,608,0,0,0,0
1577548787,Gast548787,0,1,120,0,0,0,0
1577548788,Depth Die,0,1,93,0,0,0,0
1577548789,orlo9703,0,1,121,0,0,0,0
1577548792,alex0598,20,1,77,0,0,0,0
1577548793,BOGU42002,0,1,125,0,0,0,0
1577548795,Manuel1998,806,1,501,0,0,0,0
1577548797,Elf6661,0,1,46,0,0,0,0
1577548798,familieistalles,0,1,26,0,0,0,0
1577548799,KingTekendob40,0,1,124,0,0,0,0
1577548801,Darkfailed,0,1,130,0,0,0,0
1577548803,Swiru42001,0,1,134,0,0,0,0
1577548804,Vinlander,0,1,337,0,0,0,0
1577548806,Kingdeon11,0,1,121,0,0,0,0
1577548808,Heinz -Klaus,640,1,535,0,0,0,0
1577548809,samirasparrow,0,1,52,0,0,0,0
1577548810,WiganKebabX,0,1,116,0,0,0,0
1577548811,kubsoNNNNNNN99,0,1,130,0,0,0,0
1577548812,SanktPermabann,0,1,184,0,0,0,0
1577548813,Murdercz,0,1,124,0,0,0,0
1577548814,rvolk,0,1,32,0,0,0,0
1577548815,cizkov,0,1,114,0,0,0,0
1577548818,Papa.Lima,0,1,450,0,0,0,0
1577548819,Thansley,0,1,26,0,0,0,0
1577548820,LordBanan999,0,1,124,0,0,0,0
1577548821,Witek1995,0,1,127,0,0,0,0
1577548823,DruideMiraculix95,0,1,32,0,0,0,0
1577548824,chriss1147,0,1,113,0,0,0,0
1577548826,quenerinX,0,1,127,0,0,0,0
1577548827,LordGibon,0,1,124,0,0,0,0
1577548829,KingMandyMetal,0,1,127,0,0,0,0
1577548831,Lordyellfix,0,1,127,0,0,0,0
1577548833,Mistrzdzolo,0,1,127,0,0,0,0
1577548835,honza99,0,1,130,0,0,0,0
1577548836,Lenncocks,0,1,283,0,0,0,0
1577548838,Luithardt,0,1,634,0,0,0,0
1577548839,LordFilipowsky,0,1,119,0,0,0,0
1577548842,sawooo142001,0,1,127,0,0,0,0
1577548847,SirAlAbrar,0,1,127,0,0,0,0
1577548854,KeyGenX,0,1,119,0,0,0,0
1577548857,PettQr99,0,1,127,0,0,0,0
1577548858,kitekrtv,0,1,121,0,0,0,0
1577548861,FreakyAndoo,0,1,26,0,0,0,0
1577548862,Gast548862,0,1,401,0,0,0,0
1577548869,StrategieSchnitzel,0,1,26,0,0,0,0
1577548870,LadyMadeleine,0,1,118,0,0,0,0
1577548871,Ersthelfer2000,0,1,26,0,0,0,0
1577548872,Fix die Hardware,0,1,26,0,0,0,0
1577548873,Hiltrups finest,0,1,26,0,0,0,0
1577548875,Cpt zur See,0,1,26,0,0,0,0
1577548876,Darksouls98,0,1,26,0,0,0,0
1577548877,MiesVanDeRaid,0,1,124,0,0,0,0
1577548878,Bakstan,0,1,693,0,0,0,0
1577548880,lukas.wechs,0,1,109,0,0,0,0
1577548882,serem,0,1,465,0,0,0,0
1577548884,LordofStonet,0,1,546,0,0,0,0
1577548885,FiYeah,0,1,77,0,0,0,0
1577548886,semcio78,0,1,114,0,0,0,0
1577548890,Laky,0,1,127,0,0,0,0
1577548892,Witzlaff,0,1,638,0,0,0,0
1577548894,Feichti,640,1,259,0,0,0,0
1577548896,SiseZ,0,1,26,0,0,0,0
1577548897,RedCode04,0,1,121,0,0,0,0
1577548898,Siseyz,0,1,221,0,0,0,0
1577548899,papi997,0,1,121,0,0,0,0
1577548900,Deli16,0,1,130,0,0,0,0
1577548901,Priester7,735,1,469,0,0,0,0
1577548906,XxDemonslaier16xX,0,1,179,0,0,0,0
1577548907,Kingnatanbm20016,0,1,113,0,0,0,0
1577548908,Asca89,0,1,575,0,0,0,0
1577548910,Lucasino9804,0,1,127,0,0,0,0
1577548912,Gast548912,0,1,49,0,0,0,0
1577548913,zmenjezivot,0,1,465,0,0,0,0
1577548914,gipsy92,0,1,26,0,0,0,0
1577548915,Shane92,0,1,252,0,0,0,0
1577548916,Kubx97,0,1,114,0,0,0,0
1577548918,Gast548918,0,1,119,0,0,0,0
1577548919,AbLin002,0,1,116,0,0,0,0
1577548920,Kevdachef,791,1,226,0,0,0,0
1577548921,h4nebuechen,0,1,38,0,0,0,0
1577548923,Gast548923,0,1,76,0,0,0,0
1577548925,R0h4t1,0,1,26,0,0,0,0
1577548927,ReinerMitEi,0,1,26,0,0,0,0
1577548928,LordKuno,0,1,364,0,0,0,0
1577548930,Baronthe1ttv93,0,1,114,0,0,0,0
1577548931,Oldpakk,0,1,113,0,0,0,0
1577548932,Backto04,640,1,396,0,0,0,0
1577548937,Atarust,0,1,26,0,0,0,0
1577548938,Jaddle,0,1,102,0,0,0,0
1577548939,Dr.PhilMeUp,0,1,68,0,0,0,0
1577548940,Lady Suzune,787,1,219,0,0,0,0
1577548941,jozekzbagien,0,1,130,0,0,0,0
1577548942,macbob,0,1,49,0,0,0,0
1577548943,woidlinger,0,1,49,0,0,0,0
1577548944,Matze7,0,1,435,0,0,0,0
1577548945,everything0712,0,1,124,0,0,0,0
1577548946,Unknwn,0,1,261,0,0,0,0
1577548947,OldCesteLaVie,0,1,116,0,0,0,0
1577548948,orangeclown,0,1,520,0,0,0,0
1577548949,DarkLordWolcom,0,1,122,0,0,0,0
1577548951,Gast548951,0,1,76,0,0,0,0
1577548952,Kurt,0,1,267,0,0,0,0
1577548953,Tarrasbulba1,0,1,109,0,0,0,0
1577548958,BartoP2,0,1,130,0,0,0,0
1577548960,Basti mx,0,1,323,0,0,0,0
1577548965,Lordstandaklimek,0,1,127,0,0,0,0
1577548967,BaronDariusz1984,0,1,124,0,0,0,0
1577548969,Emeseses99,0,1,110,0,0,0,0
1577548971,KingLordSnajper13,0,1,113,0,0,0,0
1577548973,dejesaco,0,1,450,0,0,0,0
1577548974,Legendslayer,0,1,127,0,0,0,0
1577548975,Mackensen2002,0,1,68,0,0,0,0
1577548976,Tjorven,0,1,26,0,0,0,0
1577548977,garfildor,0,1,127,0,0,0,0
1577548978,tunaylrc,0,1,26,0,0,0,0
1577548979,wojownik131302,0,1,125,0,0,0,0
1577548989,Kamildr1995,0,1,133,0,0,0,0
1577548990,Adr1x,0,1,417,0,0,0,0
1577548992,noname1922,0,1,127,0,0,0,0
1577548993,Mandragoro,874,1,377,0,0,0,0
1577548994,Gast548994,0,1,115,0,0,0,0
1577548995,DrTOOLITTLE,0,1,99,0,0,0,0
1577548996,karol9900,0,1,127,0,0,0,0
1577548998,ACatMad,0,1,238,0,0,0,0
1577548999,LordDeebs,0,1,121,0,0,0,0
1577549000,oezi,0,1,395,0,0,0,0
1577549002,griblok98,0,1,130,0,0,0,0
1577549005,DarkTotong,0,1,127,0,0,0,0
1577549007,Awantura1918,0,1,128,0,0,0,0
1577549008,swiniek,0,1,127,0,0,0,0
1577549009,FOG66,19,1,497,0,0,0,0
1577549011,Alessia123,0,1,44,0,0,0,0
1577549012,SirdanciSero,0,1,26,0,0,0,0
1577549016,Vieräugiger Rabe,0,1,26,0,0,0,0
1577549017,doety07,0,1,139,0,0,0,0
1577549018,thegame400,0,1,26,0,0,0,0
1577549019,energentik,0,1,68,0,0,0,0
1577549020,Guest4063742001,0,1,133,0,0,0,0
1577549023,Arkan71233,0,1,151,0,0,0,0
1577549025,joanna214,0,1,124,0,0,0,0
1577549026,Schiggen,854,1,607,10,0,0,10
1577549028,SirHunterSoul,0,1,115,0,0,0,0
1577549030,leines500,0,1,159,0,0,0,0
1577549031,Oldkartonowo,0,1,127,0,0,0,0
1577549032,FlodderVG,0,1,127,0,0,0,0
1577549033,luthurius,0,1,108,0,0,0,0
1577549034,MeteroASAP,0,1,26,0,0,0,0
1577549035,fifastriker680,0,1,76,0,0,0,0
1577549036,Kingjonodriller,0,1,124,0,0,0,0
1577549037,cheetah88,0,1,116,0,0,0,0
1577549038,Centromer,0,1,115,0,0,0,0
1577549039,Baronmarpousek609,0,1,121,0,0,0,0
1577549040,robi4401,0,1,133,0,0,0,0
1577549042,Voepruti,0,1,119,0,0,0,0
1577549043,Lordhojden1,0,1,113,0,0,0,0
1577549044,szakal199300,0,1,127,0,0,0,0
1577549045,Matixx124,0,1,127,0,0,0,0
1577549046,SwissyLu,791,1,1383,0,0,0,0
1577549047,SirdzamboMMM,0,1,121,0,0,0,0
1577549048,LetMeOut77,0,1,112,0,0,0,0
1577549050,Sagito,0,1,127,0,0,0,0
1577549051,siralec,0,1,124,0,0,0,0
1577549052,Skyyy,0,1,464,0,0,0,0
1577549053,ryco300,0,1,124,0,0,0,0
1577549054,Tartares,0,1,289,0,0,0,0
1577549056,oolloo,0,1,133,0,0,0,0
1577549057,SirErnestEhhhh,0,1,127,0,0,0,0
1577549065,JohnyWiadro2,0,1,139,0,0,0,0
1577549070,Oldlordeladamram,0,1,118,0,0,0,0
1577549076,boban1318,0,1,110,0,0,0,0
1577549078,DarkMishiu,0,1,113,0,0,0,0
1577549082,OldBirdie,0,1,121,0,0,0,0
1577549084,dekunka2,0,1,128,0,0,0,0
1577549085,TBBT,0,1,26,0,0,0,0
1577549086,SirDrSpritz,0,1,127,0,0,0,0
1577549087,KingDjnoely,0,1,130,0,0,0,0
1577549088,Norres,0,1,153,0,0,0,0
1577549089,OldHeiligPfeil,0,1,127,0,0,0,0
1577549090,bmwufa,0,1,26,0,0,0,0
1577549091,R-Benz,0,1,49,0,0,0,0
1577549092,Kozus12,0,1,115,0,0,0,0
1577549093,dzymi32004,0,1,128,0,0,0,0
1577549094,jonasvl2,0,1,125,0,0,0,0
1577549095,DrKantholz,0,1,46,0,0,0,0
1577549096,Parkwood,0,1,130,0,0,0,0
1577549097,ReisKanzler,0,1,75,0,0,0,0
1577549098,HiwkaoTH,0,1,125,0,0,0,0
1577549099,spidee009,0,1,116,0,0,0,0
1577549100,gagen98,0,1,119,0,0,0,0
1577549101,ZrZiCe,0,1,127,0,0,0,0
1577549102,buchajek2004,0,1,121,0,0,0,0
1577549103,Baronfetske23,0,1,116,0,0,0,0
1577549104,Shooott98,0,1,120,0,0,0,0
1577549105,KarlBosse,0,1,44,0,0,0,0
1577549106,flatiron,0,1,118,0,0,0,0
1577549107,woger,0,1,108,0,0,0,0
1577549108,MeteHan02,0,1,119,0,0,0,0
1577549109,Kasia952005,0,1,127,0,0,0,0
1577549110,Boczek099099,0,1,124,0,0,0,0
1577549111,Gsylwester8900,0,1,124,0,0,0,0
1577549112,NocnyGrubas98,0,1,127,0,0,0,0
1577549113,BaronRobinWins,0,1,127,0,0,0,0
1577549114,DarkBruncvk,0,1,116,0,0,0,0
1577549115,Nixanek,0,1,130,0,0,0,0
1577549116,JeremyIdia,0,1,26,0,0,0,0
1577549117,DarkThefoxsden,0,1,121,0,0,0,0
1577549118,MrVidek2007,0,1,127,0,0,0,0
1577549119,Kingcassparator,0,1,124,0,0,0,0
1577549120,Maczar1999,0,1,121,0,0,0,0
1577549121,wauhalter,0,1,119,0,0,0,0
1577549123,Dein Hartweg,0,1,26,0,0,0,0
1577549124,Oldtoja141,0,1,121,0,0,0,0
1577549125,Drachenbiest,0,1,26,0,0,0,0
1577549126,daOesi,0,1,26,0,0,0,0
1577549127,Peny25,0,1,130,0,0,0,0
1577549128,Nabundas2,0,1,26,0,0,0,0
1577549129,stdziadek,0,1,124,0,0,0,0
1577549130,Knossi YT,0,1,26,0,0,0,0
1577549131,toul10X,0,1,110,0,0,0,0
1577549132,Ayahne,0,1,113,0,0,0,0
1577549133,Mooriss,0,1,127,0,0,0,0
1577549134,Yaguuar2006,0,1,130,0,0,0,0
1577549135,Archari,0,1,124,0,0,0,0
1577549139,gandi333,0,1,182,0,0,0,0
1577549141,Sparky147,0,1,119,0,0,0,0
1577549145,Oldwsxl,0,1,130,0,0,0,0
1577549152,EWENEMENT,0,1,128,0,0,0,0
1577549155,hexden,0,1,49,0,0,0,0
1577549160,jirik456,0,1,118,0,0,0,0
1577549162,JoJy,0,1,127,0,0,0,0
1577549165,VerrheightJulian,0,1,130,0,0,0,0
1577549166,KuLTuR05,0,1,118,0,0,0,0
1577549168,wiesiek11,0,1,118,0,0,0,0
1577549169,Tomasz2694,0,1,127,0,0,0,0
1577549170,BaronPatPoast,0,1,121,0,0,0,0
1577549171,Kiro2002,0,1,125,0,0,0,0
1577549173,OldAlienPitBull,0,1,115,0,0,0,0
1577549174,NiePalFajek,0,1,130,0,0,0,0
1577549175,morty05,0,1,130,0,0,0,0
1577549176,matyy99912001,0,1,134,0,0,0,0
1577549177,Smoq12311,0,1,130,0,0,0,0
1577549178,mindestt,0,1,394,0,0,0,0
1577549179,Piedro9904,0,1,127,0,0,0,0
1577549180,baguette,0,1,127,0,0,0,0
1577549181,Turkesik,0,1,130,0,0,0,0
1577549183,coloner97,0,1,130,0,0,0,0
1577549184,PotionGulper98,0,1,121,0,0,0,0
1577549185,KingRyba16,0,1,116,0,0,0,0
1577549186,Blitz Bär,0,1,26,0,0,0,0
1577549187,Darkgh126,0,1,121,0,0,0,0
1577549190,JanZamojski,0,1,111,0,0,0,0
1577549192,ojciecszestny,0,1,112,0,0,0,0
1577549194,Lord Holland,0,1,196,0,0,0,0
1577549196,Darnos04,0,1,130,0,0,0,0
1577549197,Saitchyboy,0,1,125,0,0,0,0
1577549198,burgy54321,0,1,127,0,0,0,0
1577549200,DarkMaczeta00xWalkaaa,0,1,119,0,0,0,0
1577549203,DarkCorado,0,1,127,0,0,0,0
1577549204,RAKKASANS MC,0,1,63,0,0,0,0
1577549205,LordLuCas9308,0,1,130,0,0,0,0
1577549206,Pikot96,0,1,118,0,0,0,0
1577549207,BigDogTingle02,0,1,124,0,0,0,0
1577549208,bioGMBH,0,1,48,0,0,0,0
1577549209,BrewerPanda,0,1,127,0,0,0,0
1577549211,krzyschu93,0,1,121,0,0,0,0
1577549212,OldOloGanjaMafia,0,1,118,0,0,0,0
1577549214,LangsamesLama,0,1,208,0,0,0,0
1577549215,Karl1407,0,1,509,0,0,0,0
1577549216,KingAdamuswielki2,0,1,122,0,0,0,0
1577549217,Gecu30,0,1,118,0,0,0,0
1577549218,aadaa007,0,1,108,0,0,0,0
1577549219,allstarx,0,1,26,0,0,0,0
1577549220,BaronIchbinAdam,0,1,124,0,0,0,0
1577549221,Mateusz1994,0,1,118,0,0,0,0
1577549222,LadHord,0,1,115,0,0,0,0
1577549223,polskeauto99,0,1,121,0,0,0,0
1577549224,Przepir,0,1,117,0,0,0,0
1577549225,Sven98,35,1,462,0,0,0,0
1577549227,Atalania15,860,1,755,667,0,0,667
1577549228,KingJoh44y,0,1,112,0,0,0,0
1577549229,AH88,0,1,119,0,0,0,0
1577549230,RecondyteB,639,1,216,0,0,0,0
1577549231,JamaicanMeBacon1998,0,1,127,0,0,0,0
1577549233,BaronGambit,0,1,118,0,0,0,0
1577549236,BaronGwynzireael,0,1,133,0,0,0,0
1577549237,RonaldKfc,0,1,26,0,0,0,0
1577549238,jokerman1998,0,1,127,0,0,0,0
1577549239,LordPrzemek,0,1,127,0,0,0,0
1577549240,robuk88,0,1,124,0,0,0,0
1577549241,Lurchi00,735,1,382,0,0,0,0
1577549242,Matek,0,1,125,0,0,0,0
1577549243,DarkOsmar68000,0,1,127,0,0,0,0
1577549244,BaronBrave27,0,1,106,0,0,0,0
1577549245,SirJendys222,0,1,128,0,0,0,0
1577549246,Smorok,0,1,26,0,0,0,0
1577549247,8D-Report,0,1,213,0,0,0,0
1577549248,czopsi03,0,1,135,0,0,0,0
1577549249,drbias,0,1,178,0,0,0,0
1577549251,ChinGempin,0,1,127,0,0,0,0
1577549252,floody1998,0,1,115,0,0,0,0
1577549253,Dr.Rigobert,0,1,26,0,0,0,0
1577549256,OldKrlmajky,0,1,117,0,0,0,0
1577549258,pawlo355,0,1,123,0,0,0,0
1577549259,KingDDeg14,0,1,121,0,0,0,0
1577549260,Maschi,0,1,26,0,0,0,0
1577549261,Cybrixx,0,1,183,0,0,0,0
1577549262,Timonx3,0,1,26,0,0,0,0
1577549263,OldKUNNUI,0,1,116,0,0,0,0
1577549264,x3Felix,0,1,26,0,0,0,0
1577549265,SirKrissu,0,1,121,0,0,0,0
1577549266,Chadneh7,0,1,127,0,0,0,0
1577549267,Copix,0,1,26,0,0,0,0
1577549268,Darkdreammama123,0,1,124,0,0,0,0
1577549269,GhostOperator,0,1,121,0,0,0,0
1577549270,szkielyjadom,0,1,118,0,0,0,0
1577549272,F O S S I L,0,1,26,0,0,0,0
1577549274,LordLordicek,0,1,110,0,0,0,0
1577549277,Rindenmulch1921,0,1,533,0,0,0,0
1577549281,OldHerrington950820,0,1,125,0,0,0,0
1577549286,esreftuhata,0,1,44,0,0,0,0
1577549287,Alakazam,0,1,130,0,0,0,0
1577549288,Gast549288,19,1,374,0,0,0,0
1577549289,Kazeek,0,1,116,0,0,0,0
1577549290,Gamer Luigi,0,1,39,0,0,0,0
1577549291,LordbjOrn,0,1,118,0,0,0,0
1577549292,Jaiprucl,0,1,26,0,0,0,0
1577549293,BaronBlancior,0,1,137,0,0,0,0
1577549294,Ropruwacz79,0,1,118,0,0,0,0
1577549295,Hyperstricker,0,1,211,0,0,0,0
1577549298,SirQQuarhodron,0,1,110,0,0,0,0
1577549299,Blueapple,0,1,296,0,0,0,0
1577549301,ziomal4011999,0,1,135,0,0,0,0
1577549302,Kingsaffakhri,0,1,113,0,0,0,0
1577549303,Flohmonster,0,1,69,0,0,0,0
1577549304,HuellBabineaux98,0,1,38,0,0,0,0
1577549305,Lord Alucard,0,1,26,0,0,0,0
1577549306,LordORKORAN,0,1,38,0,0,0,0
1577549307,Lord hodenkobold,860,1,825,0,0,0,0
1577549308,PSYXHOPATA99,0,1,38,0,0,0,0
1577549310,Olddrag27,0,1,38,0,0,0,0
1577549311,DarkxxBonzoxx,0,1,56,0,0,0,0
1577549312,BaronEireenek,0,1,38,0,0,0,0
1577549313,UchihaMilhaus,0,1,38,0,0,0,0
1577549314,Lukasgaming,0,1,26,0,0,0,0
1577549315,al3almi,0,1,38,0,0,0,0
1577549316,Pit85,0,1,38,0,0,0,0
1577549317,DarkImTheReaper,0,1,38,0,0,0,0
1577549319,OldAlexanderCorvin,0,1,38,0,0,0,0
1577549320,Qgel,0,1,48,0,0,0,0
1577549322,Baronlordjago,0,1,38,0,0,0,0
1577549328,Necro,0,1,38,0,0,0,0
1577549329,RennibaldderGrobe,0,1,439,0,0,0,0
1577549330,Jrozz131207,0,1,38,0,0,0,0
1577549335,Pi0truPan04,0,1,38,0,0,0,0
1577549341,Daganja,0,1,38,0,0,0,0
1577549346,moriklotr,0,1,38,0,0,0,0
1577549349,antek2302,0,1,38,0,0,0,0
1577549350,RobertWeteran,0,1,38,0,0,0,0
1577549351,Nilesw,0,1,176,0,0,0,0
1577549352,Darklakorn,0,1,38,0,0,0,0
1577549354,Chanime,0,1,38,0,0,0,0
1577549356,Daniiik,0,1,38,0,0,0,0
1577549357,Diarea,0,1,295,0,0,0,0
1577549358,Altair1953,0,1,38,0,0,0,0
1577549359,Wilma,0,1,75,0,0,0,0
1577549360,OldGo325434,0,1,38,0,0,0,0
1577549361,SirRosciu23,0,1,38,0,0,0,0
1577549362,Lord Kuegeki,0,1,117,0,0,0,0
1577549363,Gaudi,0,1,38,0,0,0,0
1577549364,KingMajor2115,0,1,38,0,0,0,0
1577549365,Bastardcz,0,1,38,0,0,0,0
1577549366,Rönnie,0,1,47,0,0,0,0
1577549367,Aistea,863,1,416,0,0,0,0
1577549368,Kingd48,0,1,26,0,0,0,0
1577549369,broniard2004,0,1,38,0,0,0,0
1577549370,Nobodyknows2000,0,1,38,0,0,0,0
1577549371,BaronNewStart,0,1,38,0,0,0,0
1577549372,Ahwaz,0,1,38,0,0,0,0
1577549373,Tscharly,806,1,194,0,0,0,0
1577549374,Davidsmileyface,0,1,38,0,0,0,0
1577549375,Jasmin999999,0,1,40,0,0,0,0
1577549376,666FILIPCZAK666,0,1,38,0,0,0,0
1577549378,ChuraqDavid00,0,1,38,0,0,0,0
1577549379,isenhard,0,1,161,0,0,0,0
1577549380,Boss232077,0,1,38,0,0,0,0
1577549381,CILAVERT,0,1,38,0,0,0,0
1577549382,LordSernik,0,1,38,0,0,0,0
1577549383,CatMads,0,1,483,0,0,0,0
1577549384,WjWes,0,1,38,0,0,0,0
1577549385,Krishmoxpaciuuu,0,1,38,0,0,0,0
1577549386,mikeabike2002,0,1,32,0,0,0,0
1577549387,rabenlord,0,1,194,0,0,0,0
1577549388,olijegai,0,1,38,0,0,0,0
1577549389,nofear230523,0,1,238,0,0,0,0
1577549390,zufi12,0,1,38,0,0,0,0
1577549391,RikySpanish,0,1,38,0,0,0,0
1577549393,GGARDS04,0,1,38,0,0,0,0
1577549394,SirAlenaZebirkova,0,1,38,0,0,0,0
1577549395,Matematika,0,1,32,0,0,0,0
1577549397,OldGuest410785,0,1,38,0,0,0,0
1577549398,J4KUB1996,0,1,38,0,0,0,0
1577549399,Vialo,0,1,38,0,0,0,0
1577549400,sakto,0,1,38,0,0,0,0
1577549401,Ladybanana77,0,1,38,0,0,0,0
1577549402,N3n0xX,0,1,26,0,0,0,0
1577549403,KingPank0,0,1,38,0,0,0,0
1577549404,Tegelen,0,1,38,0,0,0,0
1577549405,bandrix21,0,1,38,0,0,0,0
1577549406,Mongol,0,1,38,0,0,0,0
1577549407,W.R.K,0,1,204,0,0,0,0
1577549408,A5Gamer,0,1,38,0,0,0,0
1577549409,Darkleszek97,0,1,38,0,0,0,0
1577549410,DasFrosch50,873,1,399,0,0,0,0
1577549411,KingLeniwiec2000,0,1,38,0,0,0,0
1577549412,Baronalk,0,1,38,0,0,0,0
1577549437,Gregollas,0,1,47,0,0,0,0
1577549441,scotchi,99,1,428,0,0,0,0
1577549442,Miene1999999,0,1,26,0,0,0,0
1577549443,Gast549443,0,1,26,0,0,0,0
1577549446,wardener3,0,1,56,0,0,0,0
1577549472,Bussi1980,0,1,26,0,0,0,0
1577549475,KingNiz,0,1,329,0,0,0,0
1577549476,toystory45,0,1,258,0,0,0,0
1577549477,LHacker,0,1,26,0,0,0,0
1577549478,Blin753,737,1,339,0,0,0,0
1577549479,nono,0,1,52,0,0,0,0
1577549480,hanaHierro,0,1,118,0,0,0,0
1577549481,Lord Tiffy,0,1,331,0,0,0,0
1577549482,galehana,0,1,118,0,0,0,0
1577549483,collinemoss15,0,1,118,0,0,0,0
1577549484,sableor1,0,1,118,0,0,0,0
1577549485,Sicko Jens der Erste,264,1,426,0,0,0,0
1577549486,Remumu,0,1,26,0,0,0,0
1577549488,MüslimitSenf,0,1,26,0,0,0,0
1577549489,Gast549489,0,1,26,0,0,0,0
1577549490,hsgstina,0,1,26,0,0,0,0
1577549491,Kron1999,0,1,173,0,0,0,0
1577549492,Kelle01,0,1,221,0,0,0,0
1577549493,nanners,0,1,317,0,0,0,0
1577549494,ShoqqZz,0,1,321,0,0,0,0
1577549495,Gast549495,0,1,26,0,0,0,0
1577549496,bruska,0,1,250,0,0,0,0
1577549499,PatzederZerstörer,0,1,242,0,0,0,0
1577549500,raphi94,0,1,167,0,0,0,0
1577549501,alafus,99,1,370,0,0,0,0
1577549503,Gast549503,0,1,91,0,0,0,0
1577549504,Gast549504,0,1,44,0,0,0,0
1577549505,Yannik1608,0,1,365,18,0,0,18
1577549506,M030,0,1,211,0,0,0,0
1577549507,Ganiesa,0,1,352,0,0,0,0
1577549508,Gedian,0,1,26,0,0,0,0
1577549509,Lechi,0,1,49,0,0,0,0
1577549510,Hunterere,0,1,26,0,0,0,0
1577549511,hummejo,0,1,75,0,0,0,0
1577549512,AndiSubstanz,0,1,236,0,0,0,0
1577549513,FTGQ,0,1,26,0,0,0,0
1577549514,Lordwarrior,0,1,26,0,0,0,0
1577549515,Hyne,0,1,337,0,0,0,0
1577549516,NikoNicotine,0,1,26,0,0,0,0
1577549517,vidi,0,1,241,0,0,0,0
1577549521,jasmin93,0,1,26,0,0,0,0
1577549525,Engelskrieger164,0,1,171,0,0,0,0
1577549527,TotoGebu,0,1,305,0,0,0,0
1577549541,JOhnyniks,0,1,26,0,0,0,0
1577549544,Secendar,0,1,309,0,0,0,0
1577549550,Gast549550,0,1,47,0,0,0,0
1577549551,lacosse23,0,1,306,0,0,0,0
1577549552,ipod1909,0,1,242,0,0,0,0
1577549553,alex90415,0,1,222,0,0,0,0
1577549554,k0ujirou,0,1,102,0,0,0,0
1577549555,TetraPak,0,1,327,0,0,0,0
1577549557,Cail,860,1,353,0,0,0,0
1577549558,Lord Yuna,0,1,81,0,0,0,0
1577549559,DominikHallermobil,0,1,204,0,0,0,0
1577549561,Tamil King,0,1,26,0,0,0,0
1577549563,Honey,0,1,46,0,0,0,0
1577549568,Moewsi,823,1,237,0,0,0,0
1577549569,f3liz,887,1,283,0,0,0,0
1577549570,Pauleberga,887,1,312,0,0,0,0
1577549571,Hochala,887,1,309,0,0,0,0
1577549573,Jupp66,834,1,1906,0,0,0,0
1577549577,lfe1610,0,1,52,0,0,0,0
1577549578,Pfiff,0,1,111,0,0,0,0
1577549579,Remirax,860,1,211,0,0,0,0
1577549580,Hauptbaumhof,0,1,26,0,0,0,0
1577549581,Lady Evangelina,0,1,26,0,0,0,0
1577549585,Gast549585,0,1,71,0,0,0,0
1577549588,sjekksn,0,1,226,0,0,0,0
1577549589,Graf von Kronburg,0,1,88,0,0,0,0
1577549591,Valenya,0,1,223,0,0,0,0
1577549592,Gast549592,0,1,26,0,0,0,0
1577549593,SteamUser1791326982,0,1,86,0,0,0,0
1577549594,cipriangroaznicu,0,1,41,0,0,0,0
1577549596,derMajor,0,1,77,0,0,0,0
1577549597,g3nesis,0,1,140,0,0,0,0
1577549598,pali11,0,1,26,0,0,0,0
1577549599,MultiLevelBanSport,0,1,26,0,0,0,0
1577549600,chasing,0,1,188,0,0,0,0
1577549603,Zoedra,0,1,79,0,0,0,0
1577549627,Lord Arbeitsverweigerung,0,1,26,0,0,0,0
1577549628,DerderFragt,0,1,195,0,0,0,0
1577549629,sturmkekses,0,1,214,0,0,0,0
1577549631,Helm Hammerhand,0,1,26,0,0,0,0
1577549633,Beerculess,0,1,28,0,0,0,0
1577549636,RyKuga,0,1,113,0,0,0,0
1577549637,Gast549637,0,1,26,0,0,0,0
1577549638,100felixx,0,1,26,0,0,0,0
1577549639,eyouknowme,0,1,123,0,0,0,0
1577549640,Förster96,0,1,26,0,0,0,0
1577549641,Ser Raginmund,0,1,76,0,0,0,0
1577549642,DerOssi1953,0,1,26,0,0,0,0
1577549643,ErOberlix,0,1,191,0,0,0,0
1577549644,SucukThunder,0,1,26,0,0,0,0
1577549645,Gast549645,0,1,26,0,0,0,0
1577549646,Gast549646,0,1,26,0,0,0,0
1577549647,phipsigehtsteil,0,1,252,0,0,0,0
1577549648,Gast549648,0,1,128,0,0,0,0
1577549649,Eli33,0,1,26,0,0,0,0
1577549650,scottscher,0,1,48,0,0,0,0
1577549651,Dr.Manhatten,0,1,159,0,0,0,0
1577549653,JJonas198,860,1,296,0,0,0,0
1577549654,Gast549654,0,1,256,0,0,0,0
1577549655,Flapsinger,0,1,213,0,0,0,0
1577549656,oryy,0,1,52,0,0,0,0
1577549660,Yiggle,0,1,26,0,0,0,0
1577549661,Bartono,0,1,78,0,0,0,0
1577549662,Mietbüro,0,1,26,0,0,0,0
1577549663,raptor2899,0,1,83,0,0,0,0
1577549664,djkimba,0,1,54,0,0,0,0
1577549665,GeneralWalfisch,0,1,32,0,0,0,0
1577549666,Nukular xD,0,1,250,0,0,0,0
1577549668,Lisa0192,0,1,26,0,0,0,0
1577549670,Palpatine1205,0,1,273,0,0,0,0
1577549671,Lucaa,860,1,271,0,0,0,0
1577549673,Luna102026,0,1,192,0,0,0,0
1577549674,VincentVegas,0,1,26,0,0,0,0
1577549675,Gast549675,0,1,32,0,0,0,0
1577549676,Lord Waldram,0,1,202,0,0,0,0
1577549677,Esistsoweit,0,1,26,0,0,0,0
1577549680,Gast549680,0,1,143,0,0,0,0
1577549683,Gast549683,0,1,139,0,0,0,0
1577549684,Razer96,0,1,205,0,0,0,0
1577549685,Bob1824,0,1,185,0,0,0,0
1577549686,Ser Wackersburger,0,1,63,0,0,0,0
1577549688,chochi,0,1,26,0,0,0,0
1577549689,Ballerbude,0,1,26,0,0,0,0
1577549690,Paddel,860,1,194,0,0,0,0
1577549691,saintchochius,0,1,232,0,0,0,0
1577549692,razur1337,0,1,186,0,0,0,0
1577549693,Kamin169,0,1,26,0,0,0,0
1577549694,zenith,0,1,26,0,0,0,0
1577549695,Bizepz,806,1,209,0,0,0,0
1577549698,Posaa,0,1,223,0,0,0,0
1577549700,Edward Horniman,0,1,202,0,0,0,0
1577549701,ALISA,0,1,38,0,0,0,0
1577549703,LORDLUKASZ,0,1,38,0,0,0,0
1577549704,marsjan2000,0,1,38,0,0,0,0
1577549705,TimboCoaster,0,1,26,0,0,0,0
1577549708,Oldselvo,0,1,38,0,0,0,0
1577549712,Platt4you,0,1,77,0,0,0,0
1577549713,Antosovka2003,0,1,38,0,0,0,0
1577549714,ethanjfz,0,1,38,0,0,0,0
1577549716,Jolojolo22222,0,1,38,0,0,0,0
1577549717,BaronUltramar,0,1,38,0,0,0,0
1577549718,nimmana,0,1,38,0,0,0,0
1577549720,Varken,0,1,26,0,0,0,0
1577549721,Kamil1999,0,1,38,0,0,0,0
1577549722,sayfohex,0,1,26,0,0,0,0
1577549723,Sayfohexx,0,1,204,0,0,0,0
1577549724,Gast549724,0,1,115,0,0,0,0
1577549725,PxMilo,0,1,107,0,0,0,0
1577549726,RussoTuristo99,0,1,38,0,0,0,0
1577549727,Micha03,0,1,26,0,0,0,0
1577549728,nie2,0,1,38,0,0,0,0
1577549729,Gast549729,0,1,26,0,0,0,0
1577549731,OldLankyXLImitTED,0,1,38,0,0,0,0
1577549733,OldKatyna,0,1,38,0,0,0,0
1577549734,Heißluftfritöse,0,1,79,0,0,0,0
1577549735,TeaSipper,0,1,26,0,0,0,0
1577549736,Sotnos1996,0,1,38,0,0,0,0
1577549737,Madafaka4201,0,1,38,0,0,0,0
1577549738,uszoo98,0,1,38,0,0,0,0
1577549740,sermythus,0,1,38,0,0,0,0
1577549741,LordGrim,0,1,38,0,0,0,0
1577549742,Guest413043,0,1,38,0,0,0,0
1577549744,BaronZipeX,0,1,38,0,0,0,0
1577549746,nezy,0,1,38,0,0,0,0
1577549748,mlodywara,0,1,38,0,0,0,0
1577549749,Roflcopter0123,0,1,193,0,0,0,0
1577549750,Szustyyy,0,1,38,0,0,0,0
1577549751,shlepy,0,1,38,0,0,0,0
1577549753,BaronGo325700,0,1,38,0,0,0,0
1577549754,heinricht781,0,1,26,0,0,0,0
1577549755,laisve,0,1,38,0,0,0,0
1577549756,Gast549756,0,1,26,0,0,0,0
1577549757,deiformis,0,1,38,0,0,0,0
1577549760,feder500,0,1,38,0,0,0,0
1577549761,BaronWielkiPecol,0,1,32,0,0,0,0
1577549762,LordMuMiN1246,0,1,38,0,0,0,0
1577549763,pawel1404,0,1,38,0,0,0,0
1577549764,Ben23123,0,1,52,0,0,0,0
1577549765,SirGardier77,0,1,38,0,0,0,0
1577549766,ErwinTriAtmaja,0,1,38,0,0,0,0
1577549767,Proszek,0,1,38,0,0,0,0
1577549768,Nereusz98,0,1,38,0,0,0,0
1577549769,Palois,0,1,38,0,0,0,0
1577549772,OpusMagnus,0,1,38,0,0,0,0
1577549773,PIAAA9992000,0,1,38,0,0,0,0
1577549774,likarmiha,0,1,38,0,0,0,0
1577549775,deadless,0,1,38,0,0,0,0
1577549776,SirPrezesZwizkowcw,0,1,38,0,0,0,0
1577549777,WielkiLukas,0,1,38,0,0,0,0
1577549778,Peterslimer05,0,1,38,0,0,0,0
1577549779,Nurso,0,1,48,0,0,0,0
1577549780,Gast060612,0,1,38,0,0,0,0
1577549782,Gouchw99,0,1,38,0,0,0,0
1577549783,Gast549783,0,1,26,0,0,0,0
1577549784,Bobomlad,0,1,38,0,0,0,0
1577549785,GucioPL,0,1,38,0,0,0,0
1577549787,katkab72,0,1,38,0,0,0,0
1577549788,saju5605,0,1,38,0,0,0,0
1577549789,Kingsatari,0,1,38,0,0,0,0
1577549790,LordJoshy,0,1,38,0,0,0,0
1577549791,OldLoliPop,0,1,38,0,0,0,0
1577549792,ziemia,0,1,38,0,0,0,0
1577549793,Deadlock49,0,1,38,0,0,0,0
1577549794,Tahio,0,1,105,0,0,0,0
1577549795,Galaxy98,0,1,38,0,0,0,0
1577549796,Eduardbabka,0,1,38,0,0,0,0
1577549797,Lordnudy2002,0,1,38,0,0,0,0
1577549798,major444,0,1,38,0,0,0,0
1577549799,samco,0,1,38,0,0,0,0
1577549800,Cormin,0,1,38,0,0,0,0
1577549801,AToMMD,0,1,52,0,0,0,0
1577549802,Myku,0,1,38,0,0,0,0
1577549803,W1T4L,0,1,38,0,0,0,0
1577549804,Malibu008,0,1,38,0,0,0,0
1577549805,BaronBlextv,0,1,38,0,0,0,0
1577549807,gural96,0,1,38,0,0,0,0
1577549808,MasyaGhani,0,1,38,0,0,0,0
1577549809,MaaCaa,0,1,64,0,0,0,0
1577549810,Iseedeadpeople21,0,1,38,0,0,0,0
1577549811,lilkittenMaja,0,1,38,0,0,0,0
1577549812,Guestie14,0,1,38,0,0,0,0
1577549813,Endorfin1998,0,1,38,0,0,0,0
1577549814,KingHurricanee,0,1,38,0,0,0,0
1577549815,KrlovnaLordlipka00,0,1,38,0,0,0,0
1577549816,zibabiba,0,1,38,0,0,0,0
1577549817,Benito12305,0,1,38,0,0,0,0
1577549818,jirikvole,0,1,38,0,0,0,0
1577549819,PabloLee007,0,1,38,0,0,0,0
1577549821,Sebag0123,0,1,38,0,0,0,0
1577549822,bramley3,0,1,38,0,0,0,0
1577549823,Noblewolf1996,0,1,38,0,0,0,0
1577549824,ChayChing,0,1,38,0,0,0,0
1577549825,Gast549825,0,1,26,0,0,0,0
1577549826,krizzx,0,1,38,0,0,0,0
1577549827,Gast549827,0,1,71,0,0,0,0
1577549828,Bigoek1,0,1,38,0,0,0,0
1577549829,brokolica,0,1,38,0,0,0,0
1577549830,KsujaK2000,0,1,38,0,0,0,0
1577549831,widerek69,0,1,38,0,0,0,0
1577549832,TheBlackSwordsman2004,0,1,32,0,0,0,0
1577549833,EZ7FN,0,1,38,0,0,0,0
1577549834,Perseverance99,0,1,38,0,0,0,0
1577549835,OldKyarZ,0,1,38,0,0,0,0
1577549836,Yogizor01,0,1,38,0,0,0,0
1577549837,LOLEK9876,0,1,38,0,0,0,0
1577549838,Fuego,0,1,38,0,0,0,0
1577549839,KingThoden98,0,1,38,0,0,0,0
1577549840,sesivacka,0,1,38,0,0,0,0
1577549841,lekvn,0,1,44,0,0,0,0
1577549858,Fabiiiiiiiii,0,1,26,0,0,0,0
1577549864,fischboge,0,1,50,0,0,0,0
1577549865,Gast549865,0,1,71,0,0,0,0
1577549869,Lord till,0,1,133,0,0,0,0
1577549870,MauriceTaschenmuschi26,0,1,48,0,0,0,0
1577549872,Kaffee Lady,0,1,171,0,0,0,0
1577549873,justdoit,0,1,26,0,0,0,0
1577549875,NiklassFett1,0,1,47,0,0,0,0
1577549876,Zacher,0,1,26,0,0,0,0
1577549878,Gast549878,0,1,26,0,0,0,0
1577549880,BellaTrix,0,1,26,0,0,0,0
