player_id,name,type,rank,value,date
1577505624,-.Premium*,loot_res,1,5818096,2026-09-27
1577059736,Angst Potter?,loot_res,2,4341857,2026-09-28
9285938,Jonayay,loot_res,3,4144164,2026-10-01
1576699803,Gänsehoden,loot_res,4,3946845,2026-09-23
8658019,LuckyDudels,loot_res,5,3780019,2026-10-03
1577514194,Prince von Bel Air,loot_res,6,3728455,2026-10-03
1577522507,Teddy,loot_res,7,3435633,2026-09-29
1576298928,Lt.Ogad,loot_res,8,3424052,2026-09-28
1577483302,Lordhaze,loot_res,9,3361093,2026-10-02
9888572,Spectre,loot_res,10,3250372,2026-10-03
1576096938,JanBam,loot_res,11,3165515,2026-09-30
1144521,maduen,loot_res,12,2958250,2026-09-27
1577073064,easy,loot_res,13,2888675,2026-09-29
1577465086,existenzxd,loot_res,14,2864813,2026-09-25
1577515376,Kalash92,loot_res,15,2845728,2026-09-24
1577327643,Destinyjooker,loot_res,16,2829905,2026-09-22
1576608156,deslow,loot_res,17,2756068,2026-10-01
1577536449,ohnain,loot_res,18,2677294,2026-10-03
1577464497,0815Name,loot_res,19,2353210,2026-09-30
1576598150,Haudaneben,loot_res,20,2293598,2026-09-29
1577422997,Lord Stoney,loot_res,21,2256652,2026-09-25
531673,Lenze,loot_res,22,2208100,2026-09-28
1577526543,SSJ4,loot_res,23,2195223,2026-10-03
1577136351,SAYCO D. VORTEX,loot_res,24,2181017,2026-10-02
1102568,mein papa,loot_res,25,2077766,2026-10-02
2314840,*luzifer*,loot_res,26,2052026,2026-09-28
1577489257,Gnuppel,loot_res,27,2050179,2026-09-22
1577456618,Gerrit7777,loot_res,28,2016881,2026-10-03
10017115,superneusi,loot_res,29,2014704,2026-09-27
1577040263,Beer97,loot_res,30,1944261,2026-09-23
1577431073,fleur blobby,loot_res,31,1925882,2026-09-28
2363816,wifi,loot_res,32,1873312,2026-09-21
1577433791,Ragnar.Lothbrok,loot_res,33,1871888,2026-09-29
1576839110,MrLappen,loot_res,34,1861531,2026-09-14
1576670683,Adlet Mayer,loot_res,35,1838541,2026-10-03
1577273211,kaioshin,loot_res,36,1830368,2026-10-03
1577436002,LiPi92,loot_res,37,1825788,2026-10-02
1576401633,wütender Panda,loot_res,38,1820299,2026-09-30
9801163,Allianz,loot_res,39,1809067,2026-09-19
1577513316,Albanischer Krieger,loot_res,40,1788743,2026-09-30
258773,Saifra,loot_res,41,1763341,2026-10-01
1577536190,KoooSz,loot_res,42,1727528,2026-10-03
1577249935,SweetJenny03,loot_res,43,1715297,2026-10-03
1577405536,nomic,loot_res,44,1708386,2026-09-25
10115869,tayeb,loot_res,45,1684848,2026-09-18
1577465504,Rincewind610,loot_res,46,1666140,2026-09-30
1577374650,happycola,loot_res,47,1650097,2026-09-28
8942925,Amaterzu,loot_res,48,1643563,2026-10-02
9789555,Propaganda.Panda,loot_res,49,1617294,2026-09-29
1577111906,badxdog,loot_res,50,1616920,2026-09-23
7811077,mayster,loot_res,51,1606066,2026-10-01
1577176262,Mantga,loot_res,52,1588298,2026-09-21
9523129,TehDragoon,loot_res,53,1551755,2026-09-30
1577114057,Hansueli12,loot_res,54,1534815,2026-10-02
1577349358,LoLPro,loot_res,55,1499583,2026-10-02
1577444303,PeterMachtMeter,loot_res,56,1497848,2026-09-28
1577535367,johnpolisch,loot_res,57,1420924,2026-09-23
8609191,klon-nuzgul,loot_res,58,1384563,2026-10-01
1065350,Die Sowältsche,loot_res,59,1380515,2026-10-03
1576204516,sKiLeRiX,loot_res,60,1366881,2026-10-01
1577542546,Chiller3114,loot_res,61,1358966,2026-10-02
1577178702,Unbekannter Spieler,loot_res,62,1355131,2026-10-01
1576976099,Skorpion85,loot_res,63,1352338,2026-09-20
8776383,Cheat Code,loot_res,64,1328341,2026-10-02
8635569,Blazed420AG,loot_res,65,1320504,2026-09-29
9979507,Kailiminogue,loot_res,66,1316726,2026-09-30
1577492206,PestoPeta,loot_res,67,1311818,2026-10-01
9968798,makasar,loot_res,68,1280694,2026-09-24
1577060442,ELTURKO61,loot_res,69,1259601,2026-10-03
1577520010,not.available,loot_res,70,1258005,2026-09-30
1577374960,Meepo2503,loot_res,71,1243636,2026-09-30
1577507199,Tohuwabohuy,loot_res,72,1220399,2026-10-03
1576862060,Supreme69,loot_res,73,1210966,2026-09-25
1577542923,HeinzSword,loot_res,74,1208685,2026-09-20
1577545419,BruderJakob24,loot_res,75,1185102,2026-10-01
1577542085,Escobar1993,loot_res,76,1148196,2026-10-02
8927127,LKAV Maracuja,loot_res,77,1133065,2026-09-28
1577545299,Agent47,loot_res,78,1106075,2026-10-02
1577536686,Der Mann namens LoL,loot_res,79,1095597,2026-10-03
1577537944,Sir Thilotz,loot_res,80,1086510,2026-10-03
1577265934,Jordend,loot_res,81,1078028,2026-09-27
1576093251,David the Brain,loot_res,82,1077237,2026-10-03
8837766,Egozentrisch,loot_res,83,1065361,2026-10-01
1576794370,Siedler11,loot_res,84,1058535,2026-09-23
1577490989,Flanschexpress,loot_res,85,1049752,2026-09-22
1577130926,mentos,loot_res,86,1049648,2026-10-03
1974764,ajax der III,loot_res,87,1038549,2026-09-28
1577522047,cHeLdO,loot_res,88,1023218,2026-09-24
1576039189,DerEisWolf,loot_res,89,1004838,2026-10-03
7961799,REV-Bremerhaven,loot_res,90,1001576,2026-10-02
1577423724,Beldaran64,loot_res,91,998124,2026-10-03
1576341980,Pitta,loot_res,92,991199,2026-09-26
1577536820,Holoback,loot_res,93,986802,2026-10-01
1577232503,Scorpion2k,loot_res,94,981293,2026-10-03
1577538281,novoline95,loot_res,95,973732,2026-09-29
1577538659,Klobrille95,loot_res,96,942593,2026-10-01
8963712,Silver94,loot_res,97,941238,2026-09-22
1577537931,RealMatze,loot_res,98,940033,2026-09-29
8963155,mietmann,loot_res,99,929345,2026-09-29
1577539431,faabricioo,loot_res,100,928926,2026-10-03
1577529876,monkeydlesnik,loot_res,101,927615,2026-10-02
8832677,.tHaleF.,loot_res,102,900481,2026-10-02
1577537933,Sir Rob,loot_res,103,898345,2026-09-27
1577428254,Bestrafer,loot_res,104,889416,2026-10-02
1576683351,Fendrix,loot_res,105,885837,2026-10-01
1577405997,mraalee,loot_res,106,880345,2026-10-01
7917499,Schwarz-zu-Blau,loot_res,107,877882,2026-09-19
1577415816,Titomiooo,loot_res,108,874279,2026-09-27
1577535670,Karezza,loot_res,109,864174,2026-09-29
1576984345,FiveFingerDeath,loot_res,110,857947,2026-09-29
1577279310,NoLimitx3,loot_res,111,855003,2026-09-22
9116012,UndercoverCrew,loot_res,112,852944,2026-09-29
1577496615,Tayron,loot_res,113,847806,2026-09-21
8979093,colderaser,loot_res,114,845690,2026-09-28
1577350112,Hanni,loot_res,115,835815,2026-10-03
9839014,Saltyy,loot_res,116,834210,2026-10-01
1576696487,SchläferH,loot_res,117,832748,2026-09-26
8172660,Leonidas d.1,loot_res,118,832714,2026-09-26
1577373047,Stewie,loot_res,119,824628,2026-09-30
8072994,susi.4u,loot_res,120,808586,2026-10-03
1577300851,Hölle,loot_res,121,804331,2026-09-22
1577543745,Jeje92x,loot_res,122,795521,2026-10-03
1577393502,Kerschti,loot_res,123,793963,2026-09-27
406907,7on9,loot_res,124,790416,2026-09-20
1576973896,Kreativ?,loot_res,125,790131,2026-10-01
8017853,maccamplay,loot_res,126,789888,2026-10-02
1577510735,GladiatorXVII,loot_res,127,787785,2026-10-03
1577516952,C R I M E,loot_res,128,785553,2026-10-01
1577544578,FlyLikePeterPan,loot_res,129,776428,2026-10-02
1577527930,Lord Gorpheus,loot_res,130,769543,2026-10-02
1577319091,Bayernbua,loot_res,131,767278,2026-10-03
1577499142,Lecter,loot_res,132,764046,2026-09-23
1575961017,Z1tro Extr3m,loot_res,133,756647,2026-10-03
1576130859,Faultierfarm,loot_res,134,741719,2026-10-03
1577116597,Bierdimpfe,loot_res,135,739542,2026-10-01
1577446402,davee4,loot_res,136,739280,2026-09-20
8832113,WolfiiM1,loot_res,137,735195,2026-09-15
2652136,Sandra34,loot_res,138,734142,2026-09-22
1576773470,Gandalfmer2016,loot_res,139,733420,2026-10-02
1577539555,Tarina,loot_res,140,729486,2026-09-27
9471881,Bloodanabolic,loot_res,141,721318,2026-09-28
1102804,Unicorn Pink Fluffy,loot_res,142,717378,2026-10-03
2100127,SkullFull,loot_res,143,717175,2026-09-23
8161459,Spitzebubbi,loot_res,144,715899,2026-10-01
1577509315,Twixx,loot_res,145,715370,2026-10-01
1577494514,Mataron,loot_res,146,714816,2026-10-01
1577544962,firefighter3003,loot_res,147,713311,2026-09-29
1577544675,Bengt26,loot_res,148,713111,2026-10-02
1577544971,Jcp1703,loot_res,149,711669,2026-09-27
1577393697,CID13,loot_res,150,711667,2026-09-29
1577373732,Sammler des Tages,loot_res,151,710269,2026-10-03
1577543512,Georgy96x,loot_res,152,706954,2026-10-01
9800838,your darkest nightmare,loot_res,153,705236,2026-09-22
1577546661,W1T3H13N,loot_res,154,692697,2026-10-03
1306780,Klabautermann4444,loot_res,155,690125,2026-09-27
9275232,MARVINMARTIAN,loot_res,156,686674,2026-09-26
1577388261,Paxie,loot_res,157,684897,2026-09-20
1577501389,FriendlyFire,loot_res,158,682956,2026-09-26
1577452447,Dorfkasper,loot_res,159,673465,2026-10-03
1577394602,baamjeegg,loot_res,160,672378,2026-10-02
8621050,sonnengottcup,loot_res,161,665455,2026-09-22
1577383865,Y4miii,loot_res,162,664086,2026-10-03
9175201,Minionx3,loot_res,163,662222,2026-09-30
1577241033,Burton10,loot_res,164,660438,2026-09-28
295281,bay3rnt.ter04,loot_res,165,658925,2026-10-02
1577500903,fixxii,loot_res,166,650680,2026-10-02
1577269554,.approved.,loot_res,167,650644,2026-09-26
9645437,Doomsday Specter 1.0,loot_res,168,649561,2026-09-28
8658681,Ernesto 1962,loot_res,169,646310,2026-09-22
1577543305,TillyVanilly,loot_res,170,646203,2026-09-29
1577375163,Steeelfire,loot_res,171,645361,2026-09-29
1577534253,Samson.Stone,loot_res,172,638423,2026-09-17
1577512641,Still Mighty,loot_res,173,634125,2026-09-25
1577544193,dersAcul,loot_res,174,633292,2026-10-03
1577524608,Eddy61,loot_res,175,630470,2026-10-03
10071988,Schalke1962,loot_res,176,626501,2026-09-28
1576640373,sgh2002,loot_res,177,624370,2026-10-02
964842,streamline,loot_res,178,621775,2026-10-03
1576836244,Axel Nässe,loot_res,179,613447,2026-09-24
1577539207,Papamax,loot_res,180,612188,2026-09-17
3289691,Warriors 23,loot_res,181,610308,2026-09-26
1575952891,GermanRebell93,loot_res,182,609401,2026-09-30
1577526593,Qidi92,loot_res,183,606638,2026-10-02
1576686712,SirCrasher,loot_res,184,606273,2026-10-01
813539,Larslaxx,loot_res,185,604522,2026-10-02
1577370056,El-Tiburon,loot_res,186,598359,2026-10-03
1577368361,BoBauer,loot_res,187,597032,2026-09-29
787594,stiefel92,loot_res,188,594541,2026-09-25
1577171897,EDELSTEMMER,loot_res,189,592637,2026-10-02
1577274016,Henczy13,loot_res,190,591945,2026-09-27
1577423646,ProgOn420,loot_res,191,591083,2026-09-26
1577394158,ZanderLange,loot_res,192,582407,2026-09-17
9930015,LadyMaria,loot_res,193,581213,2026-10-03
9062610,odin heals ya,loot_res,194,580248,2026-09-25
9422184,Emit187,loot_res,195,580172,2026-10-03
1577069213,canrafet,loot_res,196,578266,2026-09-30
1576435917,DörferRecyclingGmbH,loot_res,197,577981,2026-10-01
1577268653,Maximus Decimus Meridius,loot_res,198,574474,2026-09-19
1625880,Karl der Kaefer99,loot_res,199,574300,2026-09-30
1577533990,Homy42,loot_res,200,572161,2026-09-24
1577122126,CriticaLType,loot_res,201,566724,2026-09-23
1577545582,Der Rollige Rollmops,loot_res,202,566538,2026-10-01
310663,humululu,loot_res,203,557493,2026-09-23
2607380,herkules 3,loot_res,204,557412,2026-09-19
1577420362,Electro,loot_res,205,557060,2026-09-16
1577544203,Sonnyxx,loot_res,206,556960,2026-09-19
1577520900,Linus v. Pelt TV,loot_res,207,556741,2026-09-27
1577504874,Lord Forrest,loot_res,208,555975,2026-09-24
1577545319,MaxEick1001,loot_res,209,552627,2026-10-02
1577546225,NichtGanzDicht,loot_res,210,549415,2026-09-26
2322208,larsistdumm,loot_res,211,547141,2026-10-03
1577532848,Angst?,loot_res,212,542995,2026-09-15
1577544702,Sculldragon,loot_res,213,540211,2026-10-01
608497,meluana,loot_res,214,537260,2026-09-27
3084607,GoldJunge999,loot_res,215,535745,2026-09-26
8304302,Ritter Alf 1,loot_res,216,534521,2026-09-22
9920231,Fatecrasher,loot_res,217,533291,2026-10-02
1576596143,BarakKOR,loot_res,218,530927,2026-10-03
1577545164,Die Projektleitung,loot_res,219,527959,2026-09-28
1577533943,KATA-Komben-MANN,loot_res,220,526954,2026-09-22
1577390509,igNu,loot_res,221,524340,2026-09-29
1577498189,xBalla,loot_res,222,521319,2026-09-30
3392114,Romerrius,loot_res,223,520586,2026-09-30
9719422,DasWurstAuto,loot_res,224,518468,2026-09-23
10094903,KingOfPirat Monkey,loot_res,225,515690,2026-09-30
1576450370,NoL1fer,loot_res,226,515395,2026-10-02
9806406,PnCake,loot_res,227,508503,2026-09-14
1577546143,Sebi.81,loot_res,228,508486,2026-10-03
1577170060,YugoBetrugo,loot_res,229,507924,2026-10-02
1577360510,reinerpapagei,loot_res,230,503738,2026-09-22
1577545848,-Königsmacher-,loot_res,231,502633,2026-10-02
9978487,sieben?,loot_res,232,501895,2026-09-24
1575995793,ixanthos,loot_res,233,501563,2026-09-14
2110165,sir franzl,loot_res,234,501325,2026-10-03
1577181969,Maximus22,loot_res,235,498556,2026-09-21
1576119142,BRB Apollo,loot_res,236,492875,2026-09-22
1577178460,MEDITATION,loot_res,237,492306,2026-09-21
1577231729,amateur,loot_res,238,490493,2026-09-30
1577545263,8=====D,loot_res,239,489556,2026-09-30
1577536212,Klose21,loot_res,240,489251,2026-09-28
1577536415,Impohr,loot_res,241,484177,2026-09-27
9846914,Sabretooth,loot_res,242,482584,2026-09-29
1577439112,Ueberfordert,loot_res,243,482297,2026-10-03
1577512528,Tiddel,loot_res,244,481719,2026-09-29
1577545515,Flederwisch,loot_res,245,480747,2026-10-02
9189327,pompejus magnus,loot_res,246,479507,2026-10-02
1576672722,bandit0815,loot_res,247,477847,2026-09-17
1577345825,Caki95,loot_res,248,477265,2026-09-19
1577179248,Legion of Boom,loot_res,249,475689,2026-09-19
1577425804,GunnaderKleine,loot_res,250,475257,2026-09-26
1577499456,VonHinten,loot_res,251,474856,2026-09-21
1576937849,Irahatam,loot_res,252,473504,2026-09-19
1577545466,PilotRuediger,loot_res,253,473283,2026-10-01
1577446326,hase123,loot_res,254,471438,2026-09-26
7969496,HerrClaus,loot_res,255,467098,2026-10-03
1577401309,Thomas die Kattaloktive,loot_res,256,466941,2026-09-20
9588126,chillavilla,loot_res,257,464861,2026-10-03
1576779551,LeviSword,loot_res,258,463685,2026-09-27
106967,Terence Hill,loot_res,259,461319,2026-09-30
3094599,McOwen,loot_res,260,460429,2026-09-21
1577527676,K1LL3RSCHN1TZ3L,loot_res,261,460386,2026-10-03
8740198,haida92,loot_res,262,459992,2026-09-25
7734781,Miedi,loot_res,263,459442,2026-10-03
7936026,Billardspieler,loot_res,264,458827,2026-10-02
1577184777,Marc2610,loot_res,265,458141,2026-09-16
1577539136,Trakyali59,loot_res,266,455847,2026-09-22
1577545824,DonRob,loot_res,267,453952,2026-10-01
8954846,1000Volt,loot_res,268,453572,2026-10-03
1577516019,Lord Black Lotus,loot_res,269,451383,2026-09-28
1577382950,BenBeckmann,loot_res,270,449817,2026-09-26
1577501338,nachtfalke76,loot_res,271,449216,2026-09-28
971259,totward,loot_res,272,448839,2026-10-01
1577545032,BallDeep,loot_res,273,445442,2026-10-02
1577332558,Friese1967,loot_res,274,443561,2026-09-30
1577518265,slysermusic,loot_res,275,440926,2026-09-21
1577452508,fokus,loot_res,276,439878,2026-09-28
1577252455,JohnHB,loot_res,277,439590,2026-09-19
9359584,KKatzuja,loot_res,278,437947,2026-09-14
1577238150,Julez123,loot_res,279,437747,2026-09-22
9261979,Joergi...,loot_res,280,436607,2026-10-03
1576756867,hias88,loot_res,281,435449,2026-09-25
1577505385,Saladin94,loot_res,282,435035,2026-09-28
8111844,joggi24,loot_res,283,434183,2026-10-01
1576813435,Vondi,loot_res,284,432776,2026-09-26
1577406964,Der Kran94,loot_res,285,430902,2026-09-26
4824573,S. Jeffrey,loot_res,286,428861,2026-09-28
8455208,Yvicus,loot_res,287,428678,2026-10-01
1577432431,Sourbit,loot_res,288,427464,2026-09-18
1577535454,Souvlaki,loot_res,289,427301,2026-09-19
1577528915,OweoKEK,loot_res,290,426980,2026-09-30
1577372625,mango19,loot_res,291,425928,2026-09-29
9098317,00-THOR-00,loot_res,292,425735,2026-10-02
1577425434,patolszew,loot_res,293,424220,2026-09-14
1577543989,predisionz,loot_res,294,423711,2026-09-25
1577392662,Ondiris,loot_res,295,417834,2026-09-25
1577420961,soreal37,loot_res,296,416904,2026-10-02
1577262490,Schiri,loot_res,297,416624,2026-09-26
1576982986,Aiello,loot_res,298,416063,2026-10-03
1577349437,schwarzerElch,loot_res,299,415297,2026-10-02
1577348621,Motivas,loot_res,300,415221,2026-09-19
1577399890,Kattaklysmus,loot_res,301,414045,2026-09-12
3118288,Morglum,loot_res,302,413723,2026-10-03
1577284675,pogi,loot_res,303,409452,2026-09-18
1576850414,Pat257,loot_res,304,408540,2026-10-02
1577545602,SercV8,loot_res,305,408480,2026-10-03
1577322633,Graf Kuckucksberg,loot_res,306,408436,2026-09-27
1577530583,No1theRock,loot_res,307,408149,2026-09-29
1577444909,Coconut,loot_res,308,406860,2026-09-17
1577529138,jase,loot_res,309,406736,2026-09-27
1577394820,Schwimmer,loot_res,310,405990,2026-09-29
9319477,Schindi123,loot_res,311,404472,2026-10-03
8169554,Voosi,loot_res,312,403939,2026-09-21
1577498081,JellyMcBeal,loot_res,313,402814,2026-10-01
1577148092,Etstargamer,loot_res,314,401442,2026-09-19
8864491,Capul,loot_res,315,401295,2026-09-28
1577526619,DerOssi,loot_res,316,401257,2026-10-01
1577338402,Rubber Duck,loot_res,317,399228,2026-09-27
8812458,U.M.B.R.E.L.L.A,loot_res,318,398795,2026-09-29
1577139117,Boomray,loot_res,319,398718,2026-10-03
1577408647,alcnsun,loot_res,320,398227,2026-09-17
1577540951,neindochnein,loot_res,321,397862,2026-10-02
1130518,LS1992,loot_res,322,392929,2026-09-23
8363828,lord fussl,loot_res,323,389108,2026-09-29
9909262,auberer,loot_res,324,389080,2026-09-30
1577489060,Bouns,loot_res,325,388688,2026-10-02
1577356387,Lord Fulltime,loot_res,326,387713,2026-10-02
1576574201,Mschr92,loot_res,327,384532,2026-09-13
2217626,Sumono,loot_res,328,383916,2026-09-20
2261699,thomas1994x,loot_res,329,381419,2026-09-25
1577545193,Chilli-Zucht,loot_res,330,380855,2026-10-03
1577282858,gustav1101212,loot_res,331,380842,2026-09-17
287971,S4mson,loot_res,332,380164,2026-10-03
10092563,Reisender,loot_res,333,380102,2026-09-10
1577531158,bluna90,loot_res,334,379828,2026-09-29
1576479032,steinschlag,loot_res,335,378446,2026-10-02
8013865,timmäh14,loot_res,336,377812,2026-09-20
1577546557,Lord Loom,loot_res,337,376977,2026-09-28
1577545852,Danji.,loot_res,338,376432,2026-09-27
1257571,Invasion Marc,loot_res,339,376118,2026-10-03
1577524352,9191,loot_res,340,374716,2026-09-21
1576959764,Hallodri420,loot_res,341,374621,2026-09-10
1576886887,r8killer98,loot_res,342,372753,2026-09-24
9642632,Micha041,loot_res,343,372128,2026-10-03
1577397494,myul,loot_res,344,369517,2026-09-29
1577144624,Phonix11,loot_res,345,366893,2026-09-07
1576776469,König Lord MaxiKing,loot_res,346,366423,2026-09-30
1577103914,the exxx,loot_res,347,366267,2026-10-02
1576440292,kuglet,loot_res,348,365050,2026-09-27
1576712413,Whitlock96,loot_res,349,363500,2026-10-03
1577449949,Der Spiegel,loot_res,350,362928,2026-09-25
1577487732,GönndalfderGraue,loot_res,351,362855,2026-09-20
1577498626,Emil2025,loot_res,352,359116,2026-09-27
1577377089,Johnny86,loot_res,353,357540,2026-09-30
1576049073,asimbivastos201,loot_res,354,357020,2026-10-03
529923,turtscholu,loot_res,355,356764,2026-09-21
8447777,Zoeba,loot_res,356,355278,2026-09-12
1577443567,SilverHuepfels,loot_res,357,354853,2026-09-20
1577543469,Faebe,loot_res,358,353968,2026-09-22
1577340545,KasimirVI,loot_res,359,353697,2026-09-27
1577526754,thekingwolf,loot_res,360,353557,2026-09-28
1576489492,ChillaDerBabo,loot_res,361,352524,2026-09-29
1576130910,FootballStrike,loot_res,362,350930,2026-09-19
1576891056,malte95,loot_res,363,349479,2026-10-01
1577274339,GxSturmi,loot_res,364,348972,2026-10-03
1577372786,Lamakai,loot_res,365,347547,2026-09-16
1577311267,Bmarley,loot_res,366,346845,2026-09-17
1577327517,Illisto33,loot_res,367,346211,2026-09-26
1577124090,BornToBash,loot_res,368,345937,2026-09-30
1577010036,Sasha Grey,loot_res,369,343274,2026-09-25
1577070679,Goldrausch,loot_res,370,343148,2026-09-26
1577502195,Berlin777,loot_res,371,342714,2026-09-12
1577537896,Haggetsch,loot_res,372,341076,2026-09-21
9876086,almtraum,loot_res,373,340733,2026-09-28
8484618,Sir DJ der Große,loot_res,374,340592,2026-09-24
1577365881,JanJanJan,loot_res,375,338947,2026-09-20
8989395,*queenie*,loot_res,376,337732,2026-09-27
1576781253,badgirl666,loot_res,377,333939,2026-10-01
9808270,El Maze,loot_res,378,329983,2026-10-02
1577514864,Würfelhusten,loot_res,379,329170,2026-09-27
1577539343,Aslan46,loot_res,380,327818,2026-09-29
1575943186,basti2411,loot_res,381,327703,2026-09-30
583857,Wolf 007,loot_res,382,326088,2026-10-03
1577396088,Kingsgedings,loot_res,383,324872,2026-09-21
8290526,isgimlie,loot_res,384,324436,2026-10-03
1577537918,Swtlemon,loot_res,385,324040,2026-09-16
3096060,-Focke-,loot_res,386,323275,2026-09-12
1576807749,Kann nicht spielen,loot_res,387,320002,2026-09-27
1577279914,Der Brächer,loot_res,388,318835,2026-09-30
1577460921,Ahzumjosh,loot_res,389,318344,2026-09-20
8886769,Alkaline08,loot_res,390,317963,2026-10-03
1577268024,max4496,loot_res,391,317307,2026-09-24
1577546851,bratgnu,loot_res,392,317101,2026-10-03
1577301029,Susanoo.,loot_res,393,315860,2026-09-20
1577542055,BigSlimDog,loot_res,394,315320,2026-09-28
1577545088,Long Dong,loot_res,395,315005,2026-10-03
9556597,Don Pascual,loot_res,396,314852,2026-09-26
1576671825,Music,loot_res,397,312877,2026-10-02
8463845,Seleucus,loot_res,398,312765,2026-09-19
1577151127,Lollxy,loot_res,399,311296,2026-09-19
1577544569,DieWaldfee,loot_res,400,310677,2026-09-24
1577216148,AdlerIII,loot_res,401,310111,2026-09-23
1838107,Botuser,loot_res,402,309210,2026-09-16
1577542511,Prinzessin Elsa,loot_res,403,308630,2026-09-28
1577530682,Battham,loot_res,404,307280,2026-09-13
10120799,Dyannik,loot_res,405,307205,2026-09-16
8277166,Held der Nordfront,loot_res,406,306392,2026-09-19
9503234,karllder,loot_res,407,305800,2026-09-30
1577545604,ci61,loot_res,408,304625,2026-09-25
1576984375,Leonidas2611,loot_res,409,303615,2026-09-29
1576434748,FAITH,loot_res,410,303601,2026-09-22
1577539358,Andi-Pukki-1904,loot_res,411,303279,2026-10-01
1577416318,Noe99,loot_res,412,301879,2026-10-01
1577502218,Der Falk,loot_res,413,301261,2026-10-02
8039582,Rafael22,loot_res,414,299052,2026-09-19
1577360773,Jopal 1950,loot_res,415,298032,2026-09-28
1577521913,Koska,loot_res,416,297058,2026-10-03
1577533683,Tons92,loot_res,417,295871,2026-09-29
1577321823,VoltaJa,loot_res,418,294869,2026-10-01
1577495104,*Cain*,loot_res,419,294316,2026-09-09
1577303793,VENOM,loot_res,420,294298,2026-10-02
9490221,und alle so yeeow,loot_res,421,293202,2026-09-28
1576752667,xXLindeXx,loot_res,422,292828,2026-10-01
1577361961,TheSolutionNot,loot_res,423,292394,2026-10-03
1577229730,Sarajlija,loot_res,424,292196,2026-09-20
171619,Sancerre,loot_res,425,291954,2026-09-26
1576686689,Stammsan,loot_res,426,290499,2026-10-02
1577487190,Bosstradamus,loot_res,427,290140,2026-10-01
725995,dj shout,loot_res,428,290092,2026-09-15
9768644,Thor3.0,loot_res,429,289475,2026-09-19
1576605277,Cubee,loot_res,430,288770,2026-09-23
1577546204,Schranktür,loot_res,431,288536,2026-10-03
2636022,myron12310,loot_res,432,287240,2026-10-03
1577536439,Real hendlhaxnrudi,loot_res,433,286468,2026-10-03
1577383380,Gewaechs,loot_res,434,286169,2026-10-02
1577545283,Warmer Radierer,loot_res,435,286127,2026-09-29
1577508929,Starscaller,loot_res,436,285875,2026-09-20
3468267,Papermaker,loot_res,437,285753,2026-09-08
1577537917,fitness-junky,loot_res,438,285489,2026-09-20
1577077787,Kinorushi12,loot_res,439,284815,2026-10-01
1577525256,Twaan,loot_res,440,284300,2026-09-07
1577417347,VanWolfing,loot_res,441,283279,2026-09-27
300370,Tom 1,loot_res,442,282660,2026-10-01
1576596873,FcIngolstadt04,loot_res,443,282456,2026-10-02
1576491732,NameIstPr0gramm,loot_res,444,281809,2026-09-14
10043516,Kratos der Mächtige,loot_res,445,281169,2026-10-02
9621806,Curbii,loot_res,446,280933,2026-10-03
1576997632,Sommerzeit,loot_res,447,280920,2026-09-17
1576603248,R4dic01,loot_res,448,280015,2026-09-15
1576805224,Sir Orrin Snook,loot_res,449,279245,2026-10-02
1577279438,Zaros,loot_res,450,276425,2026-09-30
1577417226,strawa4,loot_res,451,275961,2026-09-12
9120425,Thymalus,loot_res,452,275520,2026-10-03
1576430483,DruffisAmWerk,loot_res,453,274412,2026-09-06
9808690,Mc Basher,loot_res,454,274228,2026-10-02
8234377,Mehringer75,loot_res,455,273535,2026-09-05
1577382414,DerZepter,loot_res,456,273444,2026-10-01
1577507008,RaidBoi,loot_res,457,272443,2026-10-03
1576431758,Seaghda,loot_res,458,271888,2026-09-30
1577508796,Fritz-Kola,loot_res,459,271204,2026-09-26
1577538819,thomystuttgart,loot_res,460,271051,2026-10-03
1577544468,Boebchen,loot_res,461,271026,2026-10-03
1577466244,R0CKST4R,loot_res,462,270840,2026-10-02
1576985771,Darkman63,loot_res,463,269106,2026-10-03
1577545063,DoloresUmbridge,loot_res,464,267338,2026-10-02
1577544021,Armayy,loot_res,465,267097,2026-10-01
1577027732,schulli1,loot_res,466,266900,2026-10-03
1577545933,Pedeldi36,loot_res,467,266081,2026-09-27
1577484886,Proxybasher17,loot_res,468,265563,2026-09-08
1577187746,dmar1999,loot_res,469,264760,2026-09-21
1577396007,Waldai,loot_res,470,264564,2026-09-20
1576720012,Surfi,loot_res,471,263973,2026-09-22
1577530371,0190er,loot_res,472,263905,2026-09-11
1577416552,DerJanVernichter,loot_res,473,263530,2026-09-10
1577268661,Shivato,loot_res,474,263261,2026-09-20
1576900092,xSmoke,loot_res,475,261620,2026-09-30
1576655476,Tiger187,loot_res,476,261612,2026-10-02
1576620804,JonyQ7,loot_res,477,261134,2026-09-25
10118752,clash77,loot_res,478,260530,2026-09-25
1577491008,Johnny1990,loot_res,479,260515,2026-09-11
1577527187,Bonecracker,loot_res,480,259909,2026-09-16
1577523637,Kuebi,loot_res,481,259641,2026-09-28
1577545071,Fordring,loot_res,482,259606,2026-09-15
10007100,Barthas,loot_res,483,258396,2026-09-30
1577527465,Golatak,loot_res,484,258342,2026-10-03
1577102842,pdots2,loot_res,485,257674,2026-09-28
1577247043,Lord MK,loot_res,486,257577,2026-09-11
1577261762,Lord Durango,loot_res,487,257339,2026-09-17
1577353269,Ottl2610,loot_res,488,257210,2026-10-02
704848,McSteinbrecher,loot_res,489,256263,2026-10-01
1577427741,Marco1953,loot_res,490,255961,2026-09-29
1639634,Wylaryzel,loot_res,491,255536,2026-09-25
1577504878,-sammler-,loot_res,492,255466,2026-09-17
1577381890,tavvarri,loot_res,493,255200,2026-10-03
1577460911,Martha Pfahl,loot_res,494,254821,2026-09-18
1291828,CommanderCain,loot_res,495,253936,2026-09-12
9869866,.Aufklärer,loot_res,496,253384,2026-09-16
8694621,*TruckerJack*,loot_res,497,253244,2026-09-27
1575859303,virus.exe,loot_res,498,253087,2026-10-03
22718,hwei,loot_res,499,252928,2026-09-28
1576514735,Lord Bertus,loot_res,500,252213,2026-09-19
1577391941,noveo,loot_res,501,252098,2026-09-16
1329319,skipistensau,loot_res,502,251975,2026-09-23
1577016743,Lord Symetic,loot_res,503,251546,2026-09-26
8639312,J--O,loot_res,504,251251,2026-09-03
1576979580,Red John.,loot_res,505,251063,2026-09-02
624770,Bergbaron,loot_res,506,250732,2026-09-29
1577439119,Lord Erik,loot_res,507,250568,2026-10-01
3172459,Rocky09,loot_res,508,249856,2026-10-01
1577246283,Aran,loot_res,509,249646,2026-09-30
1577546134,Zirra385,loot_res,510,249389,2026-10-02
1577543181,Dassautoo,loot_res,511,247647,2026-09-11
1577546695,MettEagle,loot_res,512,247363,2026-10-02
1577325138,Sir.Luke,loot_res,513,246752,2026-09-22
1577410712,asswert,loot_res,514,245621,2026-09-16
2815150,susa,loot_res,515,245137,2026-09-20
1577044518,El Amigo,loot_res,516,244548,2026-09-07
2231408,LaWitch,loot_res,517,244506,2026-09-29
1577504050,Hanswurst2025,loot_res,518,244504,2026-09-18
1577540200,BabaSultanHaci,loot_res,519,243836,2026-10-01
1577430163,El Flexi Hardweg,loot_res,520,243611,2026-09-22
1577505719,Nuarop,loot_res,521,243140,2026-09-25
7704883,Thorongil II,loot_res,522,242971,2026-09-14
1577513076,walger,loot_res,523,242539,2026-09-20
1577248110,*MD*,loot_res,524,242463,2026-09-30
1577547522,rampage,loot_res,525,242264,2026-09-30
1577169492,HummelS1,loot_res,526,241798,2026-09-13
8308415,Lord Michael der Grosse,loot_res,527,241414,2026-09-28
428497,Keksfahrer,loot_res,528,241371,2026-09-13
1577537954,LordDarus,loot_res,529,240989,2026-09-30
1576342688,kape0815,loot_res,530,240790,2026-09-20
1061536,King Yannik,loot_res,531,240183,2026-10-03
10164353,der recher der 10,loot_res,532,240010,2026-09-24
1576487399,Marcaner,loot_res,533,239800,2026-10-01
1576096956,ExXeZ,loot_res,534,239514,2026-09-07
9839693,Chrom13,loot_res,535,239018,2026-09-21
1577489354,WhiteWalker,loot_res,536,238682,2026-09-29
2880548,Der welten Zerstörer,loot_res,537,238278,2026-09-19
1577516880,Cortex,loot_res,538,238228,2026-09-19
1577421767,Codi42,loot_res,539,237370,2026-09-23
2355753,dl3101,loot_res,540,236902,2026-09-29
1577539906,maga,loot_res,541,236047,2026-09-15
1577547093,Dadalbertina2,loot_res,542,235853,2026-10-03
1577064445,Nightwolf,loot_res,543,235600,2026-10-01
1577389902,mylo1505,loot_res,544,235585,2026-09-26
1577273952,Naca,loot_res,545,235255,2026-10-02
1577386979,Carsten Hoffmann,loot_res,546,235148,2026-09-29
1577051456,sandpfurz,loot_res,547,234265,2026-09-24
1577337039,TheOption,loot_res,548,234050,2026-09-30
1577538051,D34THPURG3,loot_res,549,233672,2026-09-24
1577281597,Edga31,loot_res,550,233558,2026-10-03
2646418,Frostmonarch44,loot_res,551,233097,2026-09-20
9779516,schwarenegg,loot_res,552,232842,2026-09-15
1577496865,Badabuuk,loot_res,553,232355,2026-09-18
1576732605,sue-la,loot_res,554,231806,2026-09-27
2613067,does this look infected?,loot_res,555,230460,2026-09-27
119382,rambow,loot_res,556,230437,2026-09-25
1577390985,Plumperquatsch,loot_res,557,229267,2026-09-16
1577229327,Wutz,loot_res,558,228906,2026-09-25
792488,mertcan75,loot_res,559,228727,2026-10-03
1576588036,RAUPE NIMMERSATT,loot_res,560,228268,2026-10-02
1577543315,Hansdiegans,loot_res,561,228000,2026-10-03
1576476752,Kotomi,loot_res,562,227844,2026-10-02
2943946,Armin9,loot_res,563,227767,2026-09-14
1577526179,Jettex,loot_res,564,227504,2026-10-02
1577543128,DasWirdLegendär,loot_res,565,227410,2026-09-29
8460835,d-s-d,loot_res,566,227335,2026-10-03
520283,prinzwilli,loot_res,567,227217,2026-09-15
1577181321,Nolay,loot_res,568,226932,2026-09-07
10094800,.exoticbanane,loot_res,569,226576,2026-09-05
1576769492,HorstdesJahres,loot_res,570,225773,2026-09-19
1577269517,levent27,loot_res,571,224890,2026-09-17
1577496178,Nuyken,loot_res,572,223827,2026-09-20
1577371244,Satelles,loot_res,573,223091,2026-09-13
1577153654,verrückte socke,loot_res,574,222940,2026-09-19
9082103,Pro7.,loot_res,575,222639,2026-10-03
1577502357,Jessppaa,loot_res,576,221617,2026-09-26
1577226944,Saiboy,loot_res,577,221515,2026-09-17
1577340462,Master Cronix,loot_res,578,220643,2026-10-01
1577539900,Jackal1,loot_res,579,220446,2026-10-02
1577311879,Loxuri,loot_res,580,220424,2026-10-02
978765,Soundcraft Si Impact,loot_res,581,220382,2026-09-16
3323662,SilverBig,loot_res,582,220174,2026-09-15
1577542298,lazli61,loot_res,583,219690,2026-10-01
2351874,Raaawrr,loot_res,584,219328,2026-10-02
1577060944,Alpalmeras,loot_res,585,218788,2026-09-21
8325022,Unicornlasagne,loot_res,586,218084,2026-09-21
1577405280,cLLy,loot_res,587,217353,2026-09-25
1577426954,Rette1699,loot_res,588,216909,2026-09-26
1577537545,token,loot_res,589,216772,2026-09-06
1725309,9PRF,loot_res,590,216478,2026-10-02
1375412,ulrich-ag,loot_res,591,216306,2026-09-22
1577523449,hellonym,loot_res,592,216279,2026-09-20
1577538591,MikeMagic,loot_res,593,216065,2026-09-26
1577326173,HIFYM,loot_res,594,215880,2026-09-29
1577132384,gisgis,loot_res,595,215641,2026-09-11
1577441405,McDiven,loot_res,596,215595,2026-09-30
801831,JüGg!,loot_res,597,215270,2026-10-01
1458607,TheDy,loot_res,598,214830,2026-10-03
1576659949,STW13,loot_res,599,214375,2026-09-22
1577543900,4KY4ZI,loot_res,600,214370,2026-09-14
1577425938,andi33,loot_res,601,213947,2026-09-27
1577504788,Senzea,loot_res,602,211750,2026-10-01
1555549,killday,loot_res,603,211722,2026-09-29
1576312757,redglavy,loot_res,604,211548,2026-09-20
1577414870,escaso,loot_res,605,211498,2026-09-05
1577493803,Tired Monk,loot_res,606,211115,2026-09-21
1577382288,DishonorOnYou,loot_res,607,210168,2026-09-24
1577409283,trazz777,loot_res,608,210089,2026-09-11
1577511190,IngLuHe,loot_res,609,209827,2026-09-29
1577498428,Ossi,loot_res,610,209406,2026-09-16
1576425365,kk195,loot_res,611,209271,2026-09-20
1577538279,Chargleit,loot_res,612,208969,2026-09-19
1577545300,Crosos,loot_res,613,208686,2026-09-27
9941603,Annique,loot_res,614,208571,2026-09-27
1576612841,Michiisback,loot_res,615,208571,2026-10-01
1792869,McCooLLL,loot_res,616,208381,2026-09-27
1577397456,Türsteher,loot_res,617,207981,2026-09-09
1577124977,.wav,loot_res,618,207479,2026-09-10
1577447669,Berglöwe,loot_res,619,207450,2026-09-10
1577544047,Kaisernero1606,loot_res,620,207388,2026-09-10
1577486566,Fürst V,loot_res,621,207320,2026-10-03
1577455087,Toto1968,loot_res,622,207170,2026-09-21
1577261773,kingelvis,loot_res,623,205447,2026-09-19
1576384520,Tripplesix,loot_res,624,205220,2026-09-25
1577428843,DuHeld,loot_res,625,205169,2026-09-24
1577518710,Toni12,loot_res,626,205149,2026-09-26
1577384735,El Don Bilbo,loot_res,627,204673,2026-09-23
1577538208,FelixXVI,loot_res,628,204568,2026-10-03
1577374526,utzi95,loot_res,629,204062,2026-10-02
1577508892,rotatable,loot_res,630,203040,2026-09-28
8004100,Whigger,loot_res,631,202740,2026-10-02
1577121930,iq100,loot_res,632,202512,2026-09-27
2904998,Winney Puuh1,loot_res,633,202460,2026-10-03
9476676,Ritter Cied,loot_res,634,202388,2026-09-19
1577545645,Charlie Kirk,loot_res,635,201990,2026-10-02
1577300215,shell87,loot_res,636,201416,2026-10-03
1577192256,lukas1999,loot_res,637,201254,2026-09-29
1577357407,iFeelX8,loot_res,638,201247,2026-10-03
681019,KingGerman88,loot_res,639,201140,2026-09-29
10152802,perle0815,loot_res,640,200489,2026-09-19
1577545816,MicWan,loot_res,641,200432,2026-10-03
1934876,laolamia,loot_res,642,200423,2026-10-01
1576268464,Chaos1999,loot_res,643,200171,2026-09-30
3085077,Thondor,loot_res,644,200010,2026-09-30
1577545405,iCry,loot_res,645,199879,2026-10-03
9805903,Medusia,loot_res,646,199629,2026-09-24
1094420,Korn85,loot_res,647,199589,2026-09-15
1577123694,Salaran,loot_res,648,199408,2026-10-03
1333459,Mallawie,loot_res,649,198981,2026-09-22
1577392316,Deathkill,loot_res,650,198792,2026-09-25
1577358547,Sp4rky,loot_res,651,198783,2026-09-14
1576439886,Ktownboy,loot_res,652,198748,2026-09-27
1476550,Linde 100,loot_res,653,198607,2026-09-16
9752057,Punni,loot_res,654,198246,2026-10-02
9277021,Little Pietro,loot_res,655,198105,2026-09-07
1577526460,Markus168,loot_res,656,197927,2026-10-03
9218699,-powerkid*,loot_res,657,197697,2026-09-28
1577544649,TollwütigesEichhörnchen,loot_res,658,197272,2026-09-24
1575965709,Lord Alexis,loot_res,659,197029,2026-09-29
9839137,DEAD EYES,loot_res,660,196960,2026-09-28
1576101656,Tanke,loot_res,661,196045,2026-09-19
1577492185,keylan,loot_res,662,195866,2026-10-01
1577249106,Charizard,loot_res,663,195763,2026-10-03
1577394586,Lopo,loot_res,664,195583,2026-10-03
3039070,MattCity,loot_res,665,195483,2026-09-26
1577542885,Strohmpe,loot_res,666,195384,2026-10-01
1577411036,Königin.Manu,loot_res,667,195181,2026-09-13
1576365732,Lord seidelbier,loot_res,668,195089,2026-09-25
9804716,Frazer26398,loot_res,669,194992,2026-09-17
1576449100,PikAssSticht,loot_res,670,194979,2026-09-21
9114927,Lord off Ring,loot_res,671,194838,2026-10-03
1577527642,Niclas31,loot_res,672,194421,2026-10-03
1577147190,IchLerneDeutsch,loot_res,673,194390,2026-09-29
1576984951,Lady angelique54,loot_res,674,194215,2026-09-28
1577546617,CyberRevolter,loot_res,675,194114,2026-10-03
1577538176,niulp,loot_res,676,194061,2026-09-29
1577540888,chitukko,loot_res,677,194000,2026-09-07
1577305909,zuckerhut,loot_res,678,193567,2026-10-02
1577486065,Lord Dudi,loot_res,679,193067,2026-10-03
1577489058,Master of Disaster,loot_res,680,192884,2026-09-19
1577526811,infinety,loot_res,681,192689,2026-10-01
1577289243,DogDog,loot_res,682,192661,2026-09-10
1577277673,Saracee,loot_res,683,192630,2026-09-17
1577488359,DeffBasher,loot_res,684,192550,2026-09-19
1577507267,-Tiges-,loot_res,685,192537,2026-09-11
1577278764,PId1577278764,loot_res,686,192427,2026-09-24
8247369,Golde Roger,loot_res,687,192387,2026-09-01
1577537359,Rukli,loot_res,688,192020,2026-09-13
1577543603,CupImCup,loot_res,689,191936,2026-10-01
1577545007,krautfleischfut,loot_res,690,191668,2026-09-18
1577545042,KazZr0,loot_res,691,191252,2026-09-22
1577544646,smwsfrzy,loot_res,692,190905,2026-10-01
2746540,König Astra,loot_res,693,190400,2026-10-03
1577496036,Manfredini 92,loot_res,694,190339,2026-10-01
9186675,Peganx,loot_res,695,189919,2026-10-01
1577536815,kp1993,loot_res,696,188111,2026-10-02
186056,El Cid 3001,loot_res,697,187803,2026-09-30
10241344,Teutobald,loot_res,698,187538,2026-09-29
1577546842,rex-551,loot_res,699,187283,2026-10-03
1577072710,Jan28,loot_res,700,187258,2026-09-16
1577545753,xXxBANDITxXx,loot_res,701,186865,2026-10-01
1577270215,Achi93,loot_res,702,186676,2026-10-03
8007706,nowo3,loot_res,703,186019,2026-10-03
1577546246,Denooo3,loot_res,704,185960,2026-09-24
1576418323,BB 2014,loot_res,705,185866,2026-10-03
2375326,olliwilli,loot_res,706,185771,2026-10-03
1575934548,König -Nero-,loot_res,707,185500,2026-10-01
2815069,Ares01,loot_res,708,185072,2026-09-26
1577540871,Clemrock,loot_res,709,184978,2026-10-01
1577515846,KAANISTAN,loot_res,710,184892,2026-09-30
1577540186,Mpeq,loot_res,711,184325,2026-09-17
1216362,Kaldi,loot_res,712,184014,2026-10-03
1461885,Lord Balardir,loot_res,713,183379,2026-09-30
3459464,Wangerooge,loot_res,714,183277,2026-09-18
7966515,earthworm,loot_res,715,183104,2026-10-02
7690802,JCVD,loot_res,716,182842,2026-08-31
1576933233,Fireslice,loot_res,717,182573,2026-09-23
1577539033,elosso92,loot_res,718,182370,2026-09-19
1576347194,Oberstleutnant,loot_res,719,182280,2026-09-29
1503822,Dorfguru,loot_res,720,182067,2026-09-26
1577429914,Powerklaus,loot_res,721,181786,2026-09-15
10026843,Hygrom der Hüne,loot_res,722,181636,2026-09-19
8269463,Freckled,loot_res,723,180745,2026-09-22
1577461838,DerVarnical,loot_res,724,180110,2026-10-02
1577172863,Knoblauchbrot,loot_res,725,179446,2026-09-28
1577516660,Curion,loot_res,726,179267,2026-10-03
1576455968,König raupe,loot_res,727,179179,2026-09-19
1577544419,Sergej Fährlich,loot_res,728,178966,2026-09-18
1577532642,PontiusPenatus,loot_res,729,178732,2026-09-15
1928966,svandy,loot_res,730,178594,2026-09-07
1577545516,Habibi Blocksberg,loot_res,731,178176,2026-10-03
1576842103,KecReloaded,loot_res,732,178129,2026-09-09
7721275,shigamini,loot_res,733,178071,2026-10-01
1577545626,HD-Carinthia,loot_res,734,177458,2026-10-01
1576897890,*Wilde Hilde*,loot_res,735,177455,2026-09-24
1577506024,Gurarius,loot_res,736,177432,2026-09-24
1577073353,Alkerus,loot_res,737,176817,2026-09-29
1576626963,jonas27,loot_res,738,176388,2026-10-01
1577507188,???-007,loot_res,739,176300,2026-09-25
552642,fuzzy1710,loot_res,740,176125,2026-09-24
2692451,Lord Hurricane,loot_res,741,175665,2026-09-05
10187316,Champacho,loot_res,742,175301,2026-09-26
1577461410,timoo38,loot_res,743,174706,2026-10-03
1577284366,v E x,loot_res,744,174691,2026-10-03
1577511588,Sir Roy,loot_res,745,174670,2026-09-27
1577533360,dr4che,loot_res,746,174488,2026-09-16
1577522554,DoubleD,loot_res,747,174459,2026-09-17
2425826,Striker222,loot_res,748,174218,2026-10-03
1577539265,xI3Tricksi,loot_res,749,174216,2026-09-21
1577361154,GordonShumway,loot_res,750,174068,2026-09-21
1577378847,Ramon123,loot_res,751,173990,2026-09-23
1577428950,MaNA,loot_res,752,173750,2026-10-03
9845211,dakilla1994,loot_res,753,173064,2026-10-01
7742857,djemre1991,loot_res,754,171924,2026-09-21
1577495835,Timo1901,loot_res,755,171677,2026-10-03
1576626206,Keks85,loot_res,756,171096,2026-09-09
1577522946,DickerZeh82,loot_res,757,170804,2026-09-13
1576890825,BarbossaxX,loot_res,758,170733,2026-09-18
1577378174,Edelsaphir,loot_res,759,170672,2026-09-25
1576752649,FakedPersonality,loot_res,760,170279,2026-09-10
1577435805,Herzog Eisenherz,loot_res,761,170206,2026-09-23
1577457619,Acee,loot_res,762,169805,2026-09-21
1576846722,Lokist2003,loot_res,763,169647,2026-09-24
1577545473,gromeier,loot_res,764,169523,2026-09-28
1577544614,VoltJore,loot_res,765,169481,2026-09-20
9523859,Shisuii,loot_res,766,169354,2026-09-08
1577391955,Mibub55,loot_res,767,168931,2026-09-20
3240324,Luckylos3r,loot_res,768,168339,2026-09-24
1577545670,DonOgewe,loot_res,769,168254,2026-09-20
1577349443,Fürsttlicher,loot_res,770,168230,2026-09-15
1577032159,Tevares,loot_res,771,168209,2026-10-03
1577252481,milchschnitte55,loot_res,772,167726,2026-09-14
1684361,iain.james,loot_res,773,167604,2026-09-26
1577303279,Micha58,loot_res,774,167544,2026-09-21
1577544301,RemmiHenni,loot_res,775,167366,2026-09-20
1576366062,killerbiker,loot_res,776,167237,2026-09-08
1577417601,Lord Juli77,loot_res,777,166858,2026-10-02
1577513584,Finesse,loot_res,778,166552,2026-09-13
1577360296,Ronald Weedley,loot_res,779,166536,2026-10-02
1577454074,Aragorn1,loot_res,780,165968,2026-10-03
8685599,PanterWien,loot_res,781,165848,2026-10-02
1577540500,Faros,loot_res,782,165834,2026-09-25
383773,Timo der 1.,loot_res,783,165769,2026-09-22
1577365986,zztop,loot_res,784,165742,2026-10-01
1577076302,ramir,loot_res,785,165651,2026-10-02
1577538820,Regina Gloser,loot_res,786,165509,2026-09-23
1577345029,Lilli79,loot_res,787,165192,2026-09-14
1577545217,Zwoogel,loot_res,788,164918,2026-09-25
1577431811,Lexenny,loot_res,789,164814,2026-09-08
9752551,ArturGollom,loot_res,790,164545,2026-09-13
1577545062,Coookiezzz,loot_res,791,164085,2026-09-30
1577405169,Laaaaaaaars,loot_res,792,164043,2026-09-23
1576932602,Grantlbart95,loot_res,793,163070,2026-09-16
1577544981,Nelouna,loot_res,794,162941,2026-09-18
9946437,besen14,loot_res,795,162908,2026-10-01
1577136190,lebo,loot_res,796,162728,2026-10-02
607767,volke25,loot_res,797,162454,2026-09-22
9492470,YoJonny,loot_res,798,162391,2026-10-02
1576270672,xXCleptoXx,loot_res,799,162045,2026-09-10
1577390344,Bronkalonka,loot_res,800,161647,2026-09-11
1577075489,VENTRON,loot_res,801,161644,2026-09-12
1577543403,Chesany,loot_res,802,161549,2026-09-08
1577544904,FreundlicherNachbar,loot_res,803,161475,2026-09-21
1577515518,General Capri,loot_res,804,160933,2026-09-24
836299,super big boss,loot_res,805,160697,2026-09-19
8564063,Seebiii,loot_res,806,160562,2026-09-23
1577400372,yebnako,loot_res,807,160554,2026-09-12
1577429621,Nordseerocker,loot_res,808,160482,2026-09-22
1576952981,Mahle,loot_res,809,159406,2026-09-25
1577352248,Blocker,loot_res,810,159389,2026-10-01
2568739,Stef der Killer,loot_res,811,158854,2026-09-19
1576552912,Bauwagen,loot_res,812,158718,2026-10-01
1577546811,Nazir,loot_res,813,158544,2026-09-30
1577414412,nicimouse44,loot_res,814,158038,2026-09-28
1577397959,Baba Julio,loot_res,815,157180,2026-09-10
1576703850,Mischkoh,loot_res,816,157021,2026-09-23
1576953908,Schreckensmeister,loot_res,817,156863,2026-09-30
3072380,DarkSlide1994,loot_res,818,156627,2026-09-30
9563463,W53-,loot_res,819,156533,2026-09-19
1577279869,Schattenhofer,loot_res,820,156441,2026-10-01
1577545692,Prototypone,loot_res,821,156422,2026-09-22
60462,framichel,loot_res,822,156356,2026-10-03
1577544093,Paladin Markus,loot_res,823,156353,2026-10-03
9971170,Trojan135,loot_res,824,155400,2026-09-11
1577443469,The Wizardone,loot_res,825,155001,2026-09-23
1577544022,didi17,loot_res,826,154946,2026-09-12
1577532874,karlmeth,loot_res,827,154538,2026-09-15
3366443,winkmirzu,loot_res,828,154405,2026-09-07
1576775167,Salus,loot_res,829,154208,2026-09-20
1577545375,Kreuzritter14,loot_res,830,153781,2026-09-25
1577546186,keule016,loot_res,831,153340,2026-10-02
591854,Budendropper,loot_res,832,153302,2026-08-29
1577546721,dedepogo,loot_res,833,153289,2026-10-03
1577419521,SplashiX,loot_res,834,153089,2026-09-21
8971236,Hoerbi1955,loot_res,835,152961,2026-10-03
10192925,Dahra,loot_res,836,152812,2026-09-30
1577399535,Saagi86,loot_res,837,152386,2026-09-09
1576533606,Konan3,loot_res,838,152316,2026-09-16
8246098,Eddy Garuzo,loot_res,839,151896,2026-09-27
1577124570,Powder,loot_res,840,151835,2026-09-11
1577321158,Lord Major1982Tom,loot_res,841,151720,2026-09-26
8239422,Waggland,loot_res,842,151419,2026-09-17
1577301110,niggesPP,loot_res,843,151326,2026-10-03
1577246482,möta,loot_res,844,151082,2026-09-14
1577218222,Don 767,loot_res,845,151029,2026-09-24
1577545512,Noname327,loot_res,846,150974,2026-10-02
1577393772,Hirnquelle,loot_res,847,150888,2026-09-11
1577540185,Vilgefortz von Roggeveen,loot_res,848,150564,2026-09-04
1577349938,steelbreaker,loot_res,849,150495,2026-09-01
1577330010,Rocco,loot_res,850,150265,2026-09-13
319909,Der Held schlecht hin,loot_res,851,150168,2026-09-20
1577312291,Moritzo,loot_res,852,150133,2026-09-21
1577035038,KobeerBryant,loot_res,853,149996,2026-09-21
10241010,Mr.Raiden,loot_res,854,149809,2026-09-19
9834413,Kurath,loot_res,855,149403,2026-09-18
1576654562,DreamTeamS,loot_res,856,149002,2026-09-18
1576716190,SAYCOS ACCOUNTANT,loot_res,857,148866,2026-09-23
1577487724,Ueli,loot_res,858,148761,2026-09-01
1577536249,Unicornschissi,loot_res,859,148248,2026-10-01
1577486818,General Lambo,loot_res,860,147853,2026-10-02
1577185326,ordupower696,loot_res,861,147509,2026-10-02
1577293039,magnific0,loot_res,862,147505,2026-09-30
1577546410,KnusprigeEnte,loot_res,863,147231,2026-10-02
1577207138,Hydraulikhammer,loot_res,864,147209,2026-09-07
1577534340,Davos-29,loot_res,865,146544,2026-09-24
2349646,Rabenmann20,loot_res,866,146274,2026-09-25
1577533294,Coss1999,loot_res,867,145972,2026-09-20
1577432136,Ivan94,loot_res,868,145738,2026-09-15
1577004920,MagierBlubb,loot_res,869,145702,2026-09-05
1577102640,Hooligan777,loot_res,870,145606,2026-09-18
1577499116,Rosinaregen,loot_res,871,144730,2026-10-03
1536512,Trikon,loot_res,872,144487,2026-09-23
1265792,Esrobaldh,loot_res,873,144432,2026-09-01
8996017,rittervomseckenpferd,loot_res,874,144135,2026-09-07
1577410333,Snuggles75,loot_res,875,144098,2026-09-29
3266776,Jerremy198,loot_res,876,143947,2026-09-19
1577538895,o82.dimi,loot_res,877,143625,2026-10-01
1577464188,Badius,loot_res,878,143450,2026-09-30
1577102106,Ncohsl,loot_res,879,143320,2026-09-22
8502900,AlexanderDerDicke,loot_res,880,143135,2026-10-02
1577401100,SCJa,loot_res,881,142548,2026-09-17
2950142,Raindl,loot_res,882,142519,2026-10-01
1576286508,Mumba,loot_res,883,142453,2026-10-03
9857437,Squirtle,loot_res,884,142433,2026-09-20
1577540647,DonObg,loot_res,885,142094,2026-10-02
1577531957,Darnamur125,loot_res,886,142081,2026-09-18
1577299842,Blackwing,loot_res,887,141807,2026-09-27
9415938,Maoky,loot_res,888,141409,2026-09-24
1577537166,Raghnarok,loot_res,889,141086,2026-09-19
1576095344,KaiserKarlIX,loot_res,890,140754,2026-09-07
9704671,roter chaot,loot_res,891,140702,2026-09-29
1577544065,MINIMUS,loot_res,892,140505,2026-09-28
1576787615,Ernte Helfer,loot_res,893,140411,2026-10-02
1577539301,NilsSchmieder97,loot_res,894,140122,2026-10-02
1577092404,cab.thomas,loot_res,895,140035,2026-09-20
1576560410,KesselSepp1234,loot_res,896,139727,2026-09-02
1577074612,Tevion87,loot_res,897,139070,2026-09-09
7707065,Da Julien,loot_res,898,139024,2026-10-02
3356538,-MaXiMuZ-,loot_res,899,138615,2026-09-12
1577489446,flo2911,loot_res,900,138411,2026-09-28
1577368977,Cardiba,loot_res,901,138304,2026-09-18
1577545656,none1409,loot_res,902,138273,2026-09-25
7726094,Ge3debauer,loot_res,903,138205,2026-10-01
1577544896,FertBergauf,loot_res,904,137851,2026-09-29
1577489865,Hated,loot_res,905,137545,2026-09-06
1006884,Skyhammer,loot_res,906,137282,2026-09-14
1577490916,Vonvoid,loot_res,907,137281,2026-09-24
1125583,Mickylein,loot_res,908,137271,2026-10-01
1577494283,andi gandi,loot_res,909,137199,2026-09-22
262227,Charlie,loot_res,910,136972,2026-10-01
1576848036,SteamerZ,loot_res,911,136882,2026-09-20
10287096,jackson13,loot_res,912,136829,2026-09-14
1576338946,Fear The Beer,loot_res,913,136829,2026-09-07
8449541,Svan I,loot_res,914,136791,2026-09-25
1577546109,corap1987,loot_res,915,136402,2026-10-03
1577393299,T288,loot_res,916,136286,2026-09-20
1577541738,Seb91,loot_res,917,136225,2026-09-27
1577493796,Justmelix,loot_res,918,136100,2026-10-01
1577038440,KscFreak94,loot_res,919,136061,2026-09-04
1577214430,esy88,loot_res,920,135651,2026-09-09
9182638,Mr. SmartGuy,loot_res,921,135606,2026-10-01
142764,Thor49,loot_res,922,135444,2026-10-01
8230207,Conan43,loot_res,923,135437,2026-09-18
1577546830,Jägersmann,loot_res,924,135178,2026-10-03
1576395534,Crueel,loot_res,925,135068,2026-10-01
1577290506,Ace.Uchiha,loot_res,926,134535,2026-09-20
1576015297,WhitePunch,loot_res,927,134510,2026-09-12
1575927180,Lord Fi,loot_res,928,134392,2026-09-28
1576873674,GTSN,loot_res,929,134274,2026-10-03
1576794601,Drazkiev,loot_res,930,134099,2026-09-24
7730087,cody99,loot_res,931,133913,2026-09-26
10236499,Alexxx19,loot_res,932,133645,2026-10-01
1577542942,Numinex,loot_res,933,133576,2026-09-23
1577504686,tran,loot_res,934,133486,2026-09-19
1577495524,Echorule,loot_res,935,133429,2026-09-25
1577107114,Fnutsch,loot_res,936,133413,2026-09-07
1577532048,pille01,loot_res,937,133245,2026-09-21
1577545264,FadRamboo,loot_res,938,133041,2026-10-02
1577544629,Schnitzeljagd,loot_res,939,133040,2026-09-15
8834755,AlextheG,loot_res,940,133013,2026-10-01
1577523776,Lord Whity59,loot_res,941,132947,2026-10-03
1577344654,Erebird,loot_res,942,132232,2026-09-27
1577403679,Lordnorth28,loot_res,943,132217,2026-09-17
1577126109,Le Günni,loot_res,944,132060,2026-09-28
1577295965,SepplSoldier,loot_res,945,131940,2026-09-24
1577520959,Finschi666,loot_res,946,131764,2026-09-03
9394926,Ronald 12,loot_res,947,131418,2026-09-28
1577544184,FlyingPinkElephant,loot_res,948,131185,2026-09-14
1577547037,1er1,loot_res,949,131026,2026-10-03
2833750,D0me10,loot_res,950,130981,2026-10-03
1577526110,xMetroid,loot_res,951,130769,2026-09-13
1576859369,Candyplayz,loot_res,952,130465,2026-08-30
1577516846,König Peace and Love,loot_res,953,130245,2026-10-01
1577418462,DoodleBob,loot_res,954,130232,2026-10-02
9941410,nameo,loot_res,955,129975,2026-09-20
10140478,TRE KRONOR,loot_res,956,129903,2026-09-22
9557512,Schredder1996,loot_res,957,129880,2026-10-03
1576425580,Secko3397,loot_res,958,129848,2026-10-03
1577203572,TheyHatin,loot_res,959,129812,2026-09-11
8832891,likous,loot_res,960,129811,2026-10-03
1576822556,pittiplatt,loot_res,961,129761,2026-10-02
1577071465,Felix1987,loot_res,962,129708,2026-09-28
1577339297,john.sheridan,loot_res,963,129656,2026-10-03
1577356305,aziiz mbs,loot_res,964,129249,2026-09-25
1577354984,EinGuterName,loot_res,965,128917,2026-09-07
3116062,torkiller,loot_res,966,128865,2026-09-24
10039871,Paulosaso,loot_res,967,128725,2026-09-18
1577495543,Darkdeniz,loot_res,968,128655,2026-09-13
1577334751,StöckterJung,loot_res,969,128611,2026-09-12
9147907,WartsABerKILLTdich,loot_res,970,128310,2026-09-11
1577388732,Saketh,loot_res,971,128281,2026-09-16
1577542080,LordColt,loot_res,972,128217,2026-09-13
1577413883,afk?,loot_res,973,128130,2026-09-13
7880842,chaurus,loot_res,974,127825,2026-10-03
1577537075,Magentateaser,loot_res,975,127823,2026-09-08
1577416837,Kretok,loot_res,976,127803,2026-09-09
1577355281,BudLight,loot_res,977,127764,2026-09-08
10260675,König Heni,loot_res,978,127562,2026-09-12
7883310,Master Raller,loot_res,979,127368,2026-09-09
2128175,Lord Manfa,loot_res,980,127008,2026-09-28
10273957,Casperqt,loot_res,981,126960,2026-09-12
1577545963,ExTaSy,loot_res,982,126851,2026-10-01
1577526817,Helfari,loot_res,983,126800,2026-10-02
1577197630,Damnus,loot_res,984,126540,2026-10-01
1577545616,okan400,loot_res,985,126498,2026-09-17
9983815,treez,loot_res,986,126386,2026-09-29
1577301959,OffWhite.,loot_res,987,126254,2026-10-03
1575927745,Lord of the Ganja,loot_res,988,126196,2026-09-30
1577483451,Don Arno,loot_res,989,125978,2026-09-11
9888583,Alphax Industries,loot_res,990,125787,2026-10-01
1577127281,Smeyer,loot_res,991,125575,2026-09-23
1577151636,NunNunArbeit,loot_res,992,125332,2026-09-20
1577036766,Solo Hunter,loot_res,993,125249,2026-10-01
1577395527,MrFreeze,loot_res,994,125237,2026-09-25
1577546744,Jonas93w,loot_res,995,125222,2026-10-03
1577533438,Der Krabbenpuler,loot_res,996,125196,2026-09-27
1577546411,koor,loot_res,997,124943,2026-10-01
1576881256,Das Ende kommt,loot_res,998,124803,2026-09-23
7958107,Luck1104,loot_res,999,124301,2026-09-24
1577541232,Timbo1991,loot_res,1000,124224,2026-09-29
3077939,Augilfo,loot_res,1001,124111,2026-09-04
1576638753,Reality93,loot_res,1002,124009,2026-09-25
1577323954,DieTommis,loot_res,1003,123895,2026-10-02
1576916341,Der Strolch,loot_res,1004,123791,2026-09-14
1493164,RINGLER,loot_res,1005,123596,2026-09-24
1577546127,ChatgptOnCrack,loot_res,1006,123577,2026-10-01
369646,Daddeldu,loot_res,1007,123453,2026-09-24
1479446,Straatus,loot_res,1008,123306,2026-10-01
10034424,Khazadl,loot_res,1009,123136,2026-09-17
7964298,paolo2310,loot_res,1010,123090,2026-10-01
1577285245,Taxus87,loot_res,1011,122724,2026-09-04
2951338,BushidoMuaytTaiFan,loot_res,1012,122544,2026-09-29
1577462648,Idrol,loot_res,1013,122503,2026-09-13
1576244879,arijen90,loot_res,1014,122166,2026-10-03
1576970765,Der Ringgeneral,loot_res,1015,121985,2026-09-20
1577539206,Audra,loot_res,1016,121934,2026-09-14
1577511025,c3line,loot_res,1017,121905,2026-09-17
9269369,NicoELreY,loot_res,1018,121561,2026-09-22
1577486598,warrior 95,loot_res,1019,121550,2026-09-19
1576105308,-SinCity,loot_res,1020,121404,2026-09-01
9108586,schnauzevollnix,loot_res,1021,121357,2026-09-30
1577535511,Britanniver,loot_res,1022,121340,2026-09-29
2201913,freddy1972,loot_res,1023,121340,2026-09-21
1577533913,Holyhole,loot_res,1024,121093,2026-09-29
1576176852,Graf Fürstenberg,loot_res,1025,121018,2026-09-15
1577285439,lordskinny,loot_res,1026,120929,2026-10-01
1577541748,Nordwolf77,loot_res,1027,120723,2026-09-26
1576645834,3FingerMoe,loot_res,1028,120307,2026-10-01
1577303951,Korkenknaller,loot_res,1029,120165,2026-09-25
9968576,ItzReAcH,loot_res,1030,119845,2026-09-21
3246288,teucek,loot_res,1031,119392,2026-09-14
1576694135,raschii,loot_res,1032,119133,2026-09-07
10015177,Arms50,loot_res,1033,118882,2026-09-22
1577513088,Maurelius,loot_res,1034,118765,2026-10-01
1577544008,irgendetwas,loot_res,1035,118750,2026-09-30
1577545862,Bjartss,loot_res,1036,118415,2026-09-21
1577432169,Kurt123,loot_res,1037,118366,2026-09-25
1577540497,Schlepphoden,loot_res,1038,118274,2026-09-29
10118874,sly-boogy,loot_res,1039,117936,2026-09-16
1576924325,rakatashi,loot_res,1040,117857,2026-09-20
1577538138,miwu,loot_res,1041,117715,2026-10-01
1819870,tod13,loot_res,1042,117651,2026-09-25
885738,fuzzi.007,loot_res,1043,117375,2026-09-26
1720464,Lady Angelica,loot_res,1044,117281,2026-10-02
1577346141,Kumpelblase,loot_res,1045,117211,2026-09-24
1577355546,Gasst,loot_res,1046,116933,2026-09-22
1577536604,Peet1887,loot_res,1047,116866,2026-09-27
1577484370,SaschaRS,loot_res,1048,116799,2026-09-02
1577539796,warwicklichso,loot_res,1049,116773,2026-09-29
1577516328,Necroshade,loot_res,1050,116700,2026-09-10
1577245043,Active,loot_res,1051,116672,2026-09-27
1577498632,Sori9,loot_res,1052,116500,2026-09-13
1427530,Elsabele,loot_res,1053,116177,2026-09-11
10057023,bauherralex,loot_res,1054,116020,2026-09-11
1577351930,Sir Herry,loot_res,1055,115971,2026-10-01
1577494376,Bremer81,loot_res,1056,115832,2026-09-06
1577543096,Grischä,loot_res,1057,115778,2026-09-29
1577545715,mcm7,loot_res,1058,115207,2026-09-18
1577545972,Flo.,loot_res,1059,115175,2026-10-02
1594795,Soldat Kreei,loot_res,1060,115119,2026-09-12
1577404540,Waldgeist,loot_res,1061,115064,2026-09-26
1576304363,Sorpoor,loot_res,1062,114941,2026-09-23
1577538355,Parkett,loot_res,1063,114612,2026-09-26
1577537512,Zempu1,loot_res,1064,114558,2026-10-03
1576494894,Robowabohu,loot_res,1065,114554,2026-09-02
1576962665,DerNameIstProgramm,loot_res,1066,114514,2026-09-30
311848,poti,loot_res,1067,114330,2026-09-17
1577897,Bedienner,loot_res,1068,114059,2026-10-03
1577346793,First-King,loot_res,1069,113970,2026-09-28
1577411476,Wisseee,loot_res,1070,113786,2026-10-03
1577543605,-d3d9ex,loot_res,1071,113619,2026-09-07
2240021,pipin68,loot_res,1072,113517,2026-10-03
9840953,shakattack,loot_res,1073,113494,2026-09-27
1577520196,PefferSalz,loot_res,1074,113443,2026-09-19
1785224,looch,loot_res,1075,113334,2026-09-20
1577516729,Sveriner,loot_res,1076,113245,2026-10-03
10260447,xX-TheExecutioner-Xx,loot_res,1077,113150,2026-09-25
1577508795,Ffmskater,loot_res,1078,113092,2026-09-23
1577244614,Mysterygaming,loot_res,1079,113056,2026-08-30
1577395253,dragonshooter94,loot_res,1080,113033,2026-10-03
1577546240,Sepp187,loot_res,1081,112958,2026-10-01
2022683,Tim20051,loot_res,1082,112688,2026-10-01
1577539656,ayone,loot_res,1083,112560,2026-09-24
1577536800,TajoZ,loot_res,1084,112506,2026-10-02
1577296839,Drake22,loot_res,1085,112473,2026-10-02
9980885,highpure,loot_res,1086,112357,2026-09-17
1518944,Atlam,loot_res,1087,112350,2026-09-28
1577106833,Nedoh,loot_res,1088,112236,2026-09-30
1577519927,Devel,loot_res,1089,112107,2026-10-02
1577534684,Jesse Pinkman,loot_res,1090,111826,2026-09-18
1577399262,Lawin1978,loot_res,1091,111796,2026-09-24
1577544694,Perish,loot_res,1092,111769,2026-09-21
1577540940,ragnaxr,loot_res,1093,111430,2026-09-20
1577076297,Cali,loot_res,1094,111317,2026-10-02
1577274738,Kush420,loot_res,1095,111230,2026-09-24
1575842212,Redbull.power,loot_res,1096,110813,2026-09-15
1576363634,Nijumi,loot_res,1097,110795,2026-09-04
1577067968,Niiesii,loot_res,1098,110596,2026-09-11
1577405165,manu3114,loot_res,1099,110510,2026-09-19
1576983908,Lord bigmike,loot_res,1100,110484,2026-09-13
1577513099,TeeJay76,loot_res,1101,110475,2026-10-03
8096103,MasterofPeace,loot_res,1102,110327,2026-09-30
1577545347,Andy0815,loot_res,1103,110312,2026-09-23
10059567,.-Bountyhunter-.,loot_res,1104,110090,2026-09-23
1577159811,dbecks,loot_res,1105,110032,2026-10-02
1577028879,hoch25,loot_res,1106,109924,2026-09-10
1577495544,Närrischer Tuck,loot_res,1107,109896,2026-09-05
8993660,iremage,loot_res,1108,109864,2026-09-19
1577515991,baro44,loot_res,1109,109436,2026-10-02
2948997,Hellsingx3,loot_res,1110,109414,2026-09-18
1577524206,Mtzsch,loot_res,1111,109380,2026-09-30
10007049,Cryptkeeper5174,loot_res,1112,109253,2026-09-18
1577523746,theGodofWar,loot_res,1113,109097,2026-09-29
1577182459,DarkDenis86,loot_res,1114,108817,2026-09-18
9888571,kleibi88,loot_res,1115,108811,2026-09-23
3327844,Jin Woo,loot_res,1116,108685,2026-09-15
1577544239,Ansatsu,loot_res,1117,108660,2026-10-03
1576567340,Sad but True,loot_res,1118,108608,2026-08-30
1677602,SirLelalot,loot_res,1119,108597,2026-09-20
1577430890,Jörn-Oliver,loot_res,1120,108180,2026-09-27
1577103695,NimantFFM,loot_res,1121,108091,2026-10-01
1577499631,LordTorsti77,loot_res,1122,107976,2026-09-17
1577536286,Molzi,loot_res,1123,107938,2026-09-30
1577544299,Jilash,loot_res,1124,107870,2026-09-15
1577086049,xero,loot_res,1125,107706,2026-09-19
1100582,Kowest,loot_res,1126,107676,2026-09-20
1577543678,SiggiSiggolovSiggoson,loot_res,1127,107470,2026-10-02
7710295,planton111,loot_res,1128,107437,2026-10-01
9491819,Luk7506,loot_res,1129,107374,2026-10-01
9821670,lordrocky1,loot_res,1130,107332,2026-10-02
1577001333,sanders711,loot_res,1131,107330,2026-09-23
9684280,dachsei,loot_res,1132,107175,2026-09-28
1577542377,EI-L-IB-O-NI-X,loot_res,1133,106940,2026-09-18
2969224,soulmaster666,loot_res,1134,106908,2026-09-22
1577174132,Vorschlaghammer1887,loot_res,1135,106599,2026-09-28
1577503111,Michael 111,loot_res,1136,106480,2026-10-02
1577536510,Slyth,loot_res,1137,106407,2026-09-12
1576982294,Jamall Plan,loot_res,1138,106387,2026-09-04
1743119,derborch,loot_res,1139,106321,2026-09-27
1577538292,wuppitaler,loot_res,1140,106298,2026-10-02
1577544610,Arlan,loot_res,1141,106269,2026-09-12
1576102350,Lord Tommygun,loot_res,1142,106244,2026-09-18
1576515268,kalio1993,loot_res,1143,106000,2026-10-03
1577378678,Lord Big T,loot_res,1144,105934,2026-09-28
1577537973,Sh1lka,loot_res,1145,105789,2026-09-03
1577493814,lilxan,loot_res,1146,105616,2026-10-02
10024612,Edduard Stark,loot_res,1147,105615,2026-10-03
7904967,East India Company,loot_res,1148,105572,2026-09-26
1577526552,Pug c. D.,loot_res,1149,105276,2026-10-02
946904,El Jugador Loco,loot_res,1150,105112,2026-09-21
7976002,nicklas2009,loot_res,1151,105056,2026-10-02
1577290403,Jobst von Mähren,loot_res,1152,104892,2026-09-15
1577543316,fuRockstar,loot_res,1153,104735,2026-09-23
8516154,HP1987,loot_res,1154,104628,2026-09-05
2248983,-manfred,loot_res,1155,104573,2026-09-22
8953474,homiie xD,loot_res,1156,104572,2026-09-19
1577528385,Getepik,loot_res,1157,104503,2026-10-01
1577378835,Uther,loot_res,1158,104202,2026-10-03
1577431426,EUR-Palette,loot_res,1159,103887,2026-09-24
2976313,xxxoplanerxxx,loot_res,1160,103847,2026-10-03
1576669855,King Pommes,loot_res,1161,103678,2026-09-02
1576223442,Wirkstoff? Fehlanzeige,loot_res,1162,103557,2026-10-02
1577528572,James2nd,loot_res,1163,103346,2026-09-11
1577545811,Bayerntiger,loot_res,1164,103304,2026-10-03
8198259,Tiger1896,loot_res,1165,103099,2026-09-28
1577546434,Problematique,loot_res,1166,103070,2026-09-28
9552667,Skriptlos,loot_res,1167,102907,2026-09-12
1577540836,Zikho,loot_res,1168,102762,2026-09-07
2069613,voliimann,loot_res,1169,102701,2026-09-06
1577441213,kifretil,loot_res,1170,102677,2026-10-03
1576634644,SDSZocker95,loot_res,1171,102600,2026-09-24
9643314,.Gulaschkanonier.,loot_res,1172,102343,2026-09-03
1577532962,majorjulian,loot_res,1173,102275,2026-09-23
1577524402,KleinerTigerPB,loot_res,1174,102167,2026-09-30
1576957795,Myco Max,loot_res,1175,102125,2026-10-03
1577385537,laska765,loot_res,1176,101877,2026-09-18
1577432307,Fahrradfahrer,loot_res,1177,101691,2026-09-26
9345564,Kaffeefilterfallenlasser,loot_res,1178,101322,2026-09-19
1577532601,Nigrum,loot_res,1179,101119,2026-09-23
1577545542,Andratas1967,loot_res,1180,101067,2026-10-01
1576569073,Hofknecht,loot_res,1181,100925,2026-09-02
10188951,King James 6,loot_res,1182,100805,2026-09-29
1577238595,McAdil,loot_res,1183,100618,2026-10-03
1577546519,bl4ck0o,loot_res,1184,100569,2026-09-25
1577133059,Dorf Rum,loot_res,1185,100440,2026-09-03
9214215,peper123,loot_res,1186,100369,2026-09-23
1577238536,ShadowHunter88,loot_res,1187,100334,2026-09-27
1576614653,R3pl4y,loot_res,1188,100328,2026-09-24
1577524921,Inaktiv,loot_res,1189,100228,2026-09-30
1577543449,ButtenNengel,loot_res,1190,100222,2026-09-06
1577535657,nXace,loot_res,1191,99900,2026-09-04
1577506998,domcop,loot_res,1192,99863,2026-10-02
1576567337,Deffen ist ein Heiligtum,loot_res,1193,99752,2026-09-01
10208186,Plague Doctor,loot_res,1194,99719,2026-09-13
1576632270,Ettenfreak,loot_res,1195,99489,2026-10-03
1577542355,denni555,loot_res,1196,99331,2026-10-02
1576461649,Pat5rick,loot_res,1197,99286,2026-10-02
1577542025,morethanafabi,loot_res,1198,99196,2026-09-27
1577413711,YAWAY,loot_res,1199,99177,2026-09-15
1576819504,NutzPunsch,loot_res,1200,98995,2026-09-22
9810710,Taimo94,loot_res,1201,98822,2026-09-12
1577539578,Kriminator,loot_res,1202,98591,2026-09-28
1577182690,xRayQore,loot_res,1203,98567,2026-09-08
1577530473,Krachbummente,loot_res,1204,98566,2026-09-26
1577537062,miste1452,loot_res,1205,98541,2026-09-19
1577521841,Pierogiboyy1722,loot_res,1206,98498,2026-09-09
1577103522,Flexxiitt,loot_res,1207,98386,2026-09-09
1577491956,KIZBOX,loot_res,1208,98181,2026-09-26
1577422843,Lord Adler93,loot_res,1209,98099,2026-10-03
1577350386,FightingFarmer,loot_res,1210,98050,2026-09-30
1577494847,kuhnep,loot_res,1211,98005,2026-10-03
1577546346,PowerPaul,loot_res,1212,97896,2026-09-24
1791682,Eto1,loot_res,1213,97782,2026-10-02
3392934,Timmy das Schäfchen,loot_res,1214,97483,2026-09-30
10105414,Atlantean,loot_res,1215,97408,2026-10-03
1577378572,Tizian,loot_res,1216,97397,2026-09-21
1577541782,Kraxler91,loot_res,1217,97048,2026-09-20
1577518653,Ugamuga,loot_res,1218,96983,2026-09-23
1577466830,Hammerburger,loot_res,1219,96977,2026-10-03
1577395538,ralle84,loot_res,1220,96735,2026-09-22
1577399767,Flusskadaver,loot_res,1221,96697,2026-09-13
1577526585,RedQueen,loot_res,1222,96658,2026-09-30
10187026,König shadowwolf,loot_res,1223,96556,2026-09-13
1577535243,Fiete-96,loot_res,1224,96527,2026-09-20
1577509861,Grasshüpfer,loot_res,1225,96511,2026-10-02
1576982506,BeFloKi,loot_res,1226,96444,2026-09-19
1577546995,dasmuellerlein,loot_res,1227,96386,2026-10-02
1577085351,Hoschy,loot_res,1228,96099,2026-10-01
1577530887,Manke55,loot_res,1229,96020,2026-09-28
1577339237,W1ll1,loot_res,1230,95894,2026-09-22
1577295752,KreuzSchwert,loot_res,1231,95872,2026-09-07
1577500897,hufi20,loot_res,1232,95792,2026-09-29
1577249320,MrMPire,loot_res,1233,95638,2026-09-16
1576209926,Iwan13,loot_res,1234,95514,2026-10-03
1575986581,wheinachtsmann 2,loot_res,1235,95455,2026-10-01
1576824164,Tankstar,loot_res,1236,95369,2026-10-03
9442447,snowdruss,loot_res,1237,95281,2026-09-07
9099524,Monarchs87,loot_res,1238,95257,2026-09-27
9827990,denjo0815,loot_res,1239,95253,2026-09-15
1577542308,Hero 0815,loot_res,1240,95095,2026-09-13
9967293,willium46,loot_res,1241,95034,2026-09-02
1576380128,Adler17,loot_res,1242,94948,2026-10-03
1577545791,Foma317,loot_res,1243,94851,2026-09-20
1577547426,InsuranceMan,loot_res,1244,94556,2026-10-02
1577390913,HHoodwatch,loot_res,1245,94278,2026-10-02
1577546274,Schwingo98,loot_res,1246,94207,2026-10-02
1577524292,Vhementnine,loot_res,1247,94167,2026-09-19
1577539899,Vulture,loot_res,1248,94165,2026-10-03
8416945,saik06,loot_res,1249,94067,2026-09-12
2843385,back* to Home,loot_res,1250,94036,2026-09-03
1577515043,ragri,loot_res,1251,93917,2026-10-02
1577542697,BaSoL,loot_res,1252,93911,2026-09-19
1577538635,kohle96,loot_res,1253,93840,2026-09-22
1577048182,valteax,loot_res,1254,93644,2026-09-24
1577206838,werner 61,loot_res,1255,93589,2026-09-19
8819928,Der-Papst 1234,loot_res,1256,93529,2026-08-30
1577281588,Ringelow,loot_res,1257,93349,2026-09-13
1577543902,HarterHans27,loot_res,1258,93196,2026-09-10
1577427206,OldSqul,loot_res,1259,93090,2026-09-28
1577358127,Wardog,loot_res,1260,92915,2026-09-30
1576480147,xaxa...,loot_res,1261,92557,2026-10-03
1577537205,Xemnas81,loot_res,1262,92541,2026-09-22
1577348462,Polletti96,loot_res,1263,92505,2026-09-20
477421,skareb,loot_res,1264,92382,2026-09-23
1577330910,NamelessKing,loot_res,1265,92360,2026-09-17
1577381872,usumon,loot_res,1266,92242,2026-09-27
10213364,Lord Arthurios,loot_res,1267,92109,2026-09-13
8664507,spataner33,loot_res,1268,92078,2026-09-26
3454984,bondle,loot_res,1269,92070,2026-10-03
1577545038,little-sunrise,loot_res,1270,91986,2026-09-25
1577388116,JonnyTrash65,loot_res,1271,91959,2026-09-27
1576391853,martinbigus,loot_res,1272,91949,2026-09-24
1577464140,The-Joker,loot_res,1273,91812,2026-09-24
1577519745,cellybeast,loot_res,1274,91774,2026-09-24
1577207636,Falke92,loot_res,1275,91660,2026-09-22
9393737,xFameXx,loot_res,1276,91579,2026-09-16
8931073,alfredo17,loot_res,1277,91485,2026-10-03
1577438080,random4u,loot_res,1278,91390,2026-09-13
1577165451,didi459,loot_res,1279,91334,2026-10-03
1577545430,Machmalauter,loot_res,1280,91327,2026-09-18
1577007420,Bananenwurst123,loot_res,1281,91267,2026-09-01
1577284885,Horst-MG,loot_res,1282,91138,2026-09-28
9031418,JubaTBS,loot_res,1283,90985,2026-10-02
1577527103,Aylla,loot_res,1284,90924,2026-09-17
2617477,Saraclia,loot_res,1285,90890,2026-09-20
9536436,keniboy89,loot_res,1286,90850,2026-09-20
1577545384,Chalmo2000,loot_res,1287,90668,2026-09-22
9864953,schlachten,loot_res,1288,90574,2026-09-13
1577386883,paussei,loot_res,1289,90571,2026-10-01
1576926761,-Dark Phoenix*,loot_res,1290,90419,2026-10-02
1577519862,EyeOfPhoenix,loot_res,1291,90283,2026-10-03
1577518944,v1tr0x,loot_res,1292,90277,2026-09-27
1577450953,DB-racing1992,loot_res,1293,90197,2026-09-15
1577498200,Golfi37,loot_res,1294,90165,2026-10-01
1577529656,Dorfmeister126,loot_res,1295,90048,2026-09-24
1577537140,Ingo-im-Twingo,loot_res,1296,90018,2026-10-01
1577361431,Blackviper,loot_res,1297,89760,2026-10-02
1369376,Faradir,loot_res,1298,89587,2026-09-01
1577511084,Lord Lichtbringer,loot_res,1299,89495,2026-09-27
2779332,Lüttringhauser,loot_res,1300,89399,2026-09-25
1285199,legion.o,loot_res,1301,89367,2026-09-12
8149229,andiiih,loot_res,1302,89109,2026-09-21
1577435653,Athavar,loot_res,1303,88899,2026-09-23
1577491951,KeKaCl,loot_res,1304,88878,2026-10-02
1576377622,Earl Xande,loot_res,1305,88811,2026-10-01
1577077797,evocza,loot_res,1306,88810,2026-09-25
1577546453,KingBuerg,loot_res,1307,88770,2026-10-02
1577533628,garnison84,loot_res,1308,88699,2026-09-30
1577181107,kunibert,loot_res,1309,88517,2026-10-03
9813194,lord of spartakus,loot_res,1310,88403,2026-09-26
1577431534,Greenbull,loot_res,1311,88375,2026-09-25
1577270307,Krämo,loot_res,1312,88370,2026-10-02
1577393136,Almanovic,loot_res,1313,88274,2026-09-19
1577517307,TheSituation46,loot_res,1314,87929,2026-09-21
1577375956,Abed10,loot_res,1315,87692,2026-09-30
1577490480,RedBurnA,loot_res,1316,87622,2026-09-13
1577544412,rocco-siffredi-69,loot_res,1317,87525,2026-10-03
2755831,Gunter der Burgunder,loot_res,1318,87430,2026-10-01
1577427706,Penny Lane,loot_res,1319,87420,2026-09-10
1577546976,Siva,loot_res,1320,87394,2026-09-29
1576793179,Luckytoast,loot_res,1321,87333,2026-09-19
1577538047,Damiana,loot_res,1322,87237,2026-09-18
1577004394,End-.HIDORI,loot_res,1323,87011,2026-09-04
1576274298,Chnuddelbärli,loot_res,1324,86941,2026-10-03
1577450028,Schlumpf78,loot_res,1325,86897,2026-10-02
2086313,King Stingray,loot_res,1326,86835,2026-09-15
1577538934,ChrisBozz,loot_res,1327,86792,2026-08-31
8593889,Dark-Horse,loot_res,1328,86781,2026-10-02
1577513715,cascade,loot_res,1329,86772,2026-09-14
1577394616,Papst Benni XI,loot_res,1330,86742,2026-10-03
9107720,Moja23,loot_res,1331,86681,2026-09-26
1577496416,Timo35,loot_res,1332,86656,2026-09-26
8677916,king-of-nothing,loot_res,1333,86574,2026-09-03
1577505248,F3rt1gmach3r,loot_res,1334,86416,2026-09-19
1577545434,Angerkick,loot_res,1335,86393,2026-09-16
1577532841,Bader 95,loot_res,1336,86356,2026-09-17
1577542843,Lord Moni,loot_res,1337,86350,2026-10-02
1577438578,dedmaster56,loot_res,1338,86279,2026-09-21
1577544713,G3n3TiXx,loot_res,1339,86151,2026-09-22
1577433790,ole308,loot_res,1340,85809,2026-10-03
1577009392,Franz Zeckenbauer,loot_res,1341,85704,2026-09-18
1577278006,Schwarze7,loot_res,1342,85627,2026-09-30
8135482,Salettimann,loot_res,1343,85462,2026-10-02
940772,Jawion,loot_res,1344,85460,2026-09-22
1577546835,DarkReaper00,loot_res,1345,85435,2026-09-28
1577314278,Jaggo01,loot_res,1346,85406,2026-09-04
1577498240,Autschi,loot_res,1347,85267,2026-10-03
1577400806,Sharaadi,loot_res,1348,85130,2026-09-16
8524758,L.C.Macer,loot_res,1349,85064,2026-08-30
1577330377,badenatsereloaded,loot_res,1350,85060,2026-09-10
1577354066,SexyHexi,loot_res,1351,85015,2026-10-03
1577546779,Panschi,loot_res,1352,84558,2026-09-29
1577489059,OnkelHeile,loot_res,1353,84460,2026-09-29
7693690,Giganto 1506,loot_res,1354,84436,2026-08-29
9864904,Schwergewicht,loot_res,1355,84333,2026-09-17
1576624664,Grönländer,loot_res,1356,84316,2026-10-02
1577510430,Wolkigwild,loot_res,1357,84309,2026-09-19
1577354511,Thormas,loot_res,1358,84172,2026-09-08
1865942,stonedflo,loot_res,1359,84120,2026-10-03
9153025,Mask.,loot_res,1360,84103,2026-09-22
1577531075,RatkoM,loot_res,1361,84099,2026-09-18
1577521254,Pete Owermann,loot_res,1362,84080,2026-09-26
1576056461,Lady ma the g,loot_res,1363,83638,2026-09-24
1577502521,kampflurch,loot_res,1364,83596,2026-10-02
1576568862,Tru3 History,loot_res,1365,83518,2026-09-01
1577508994,David3333,loot_res,1366,83500,2026-10-01
1577330585,OLVus,loot_res,1367,83496,2026-10-03
1577499715,Christof 1812,loot_res,1368,83479,2026-09-29
9185120,Ritter 2052,loot_res,1369,83371,2026-09-30
1577097076,chaosdevil,loot_res,1370,83200,2026-09-19
1577231003,SchoggiPanzer,loot_res,1371,83029,2026-08-31
1577539657,Kaiser Edward Newgate,loot_res,1372,83016,2026-09-23
1575961225,Lord nex213,loot_res,1373,83000,2026-09-27
1577504193,Adur86,loot_res,1374,82802,2026-09-13
1577544477,molkrux,loot_res,1375,82773,2026-09-06
1576017717,Cugerner,loot_res,1376,82723,2026-09-06
1577427791,Kazik1012,loot_res,1377,82713,2026-09-11
1577546577,exlucker,loot_res,1378,82704,2026-09-26
1577393712,A007,loot_res,1379,82695,2026-09-05
1577442002,Atrumix,loot_res,1380,82690,2026-09-23
1577312411,Ohnmächtiger Esel2,loot_res,1381,82455,2026-09-11
1577542700,WelchenDenn,loot_res,1382,82445,2026-09-30
1576679816,Bienenkönig,loot_res,1383,82427,2026-10-03
1577391292,Puhlboi,loot_res,1384,82405,2026-10-01
1577538003,Bauwau,loot_res,1385,82370,2026-09-20
1577521257,WhiteSparrow,loot_res,1386,82322,2026-09-23
1577247164,Karyu61,loot_res,1387,82316,2026-09-10
1575964447,Westgohte,loot_res,1388,82312,2026-10-03
1577449904,Jostun,loot_res,1389,82239,2026-09-20
1577283427,JediMindTrick94,loot_res,1390,82226,2026-09-29
1576826979,König Shimo,loot_res,1391,82059,2026-10-03
9741357,Judas der gerechte,loot_res,1392,81930,2026-09-29
1577000757,bella10,loot_res,1393,81625,2026-09-02
1577100814,DragonSinMeliodas,loot_res,1394,81316,2026-09-13
1577539363,Happy horse,loot_res,1395,81088,2026-09-24
9840269,mc477,loot_res,1396,80849,2026-09-30
133852,Broncho,loot_res,1397,80792,2026-09-15
1577465695,engarde3008,loot_res,1398,80730,2026-09-18
1576122141,Swapmeet,loot_res,1399,80695,2026-09-26
9863875,Dragonslayer2.0,loot_res,1400,80604,2026-09-26
1577544898,AdrSch,loot_res,1401,80559,2026-09-20
9219282,Mariechen Jolie,loot_res,1402,80125,2026-10-01
1576914570,blueorange,loot_res,1403,80092,2026-10-02
1577522967,Niki90,loot_res,1404,80040,2026-09-30
9662289,Krawallbruder,loot_res,1405,79982,2026-10-01
1577527523,Medico46,loot_res,1406,79949,2026-09-04
1576473280,austria01,loot_res,1407,79877,2026-09-19
1577437395,Holzgravur1,loot_res,1408,79864,2026-09-19
1577462233,Shrike,loot_res,1409,79797,2026-09-18
1577014421,RealBigT,loot_res,1410,79788,2026-08-31
9762608,Halber1234,loot_res,1411,79759,2026-09-13
8554566,Pippin30.,loot_res,1412,79460,2026-09-15
1577543396,Herrin.Lilith,loot_res,1413,79448,2026-09-21
1577540388,Prinz82,loot_res,1414,79417,2026-09-29
1576786657,König Frei.Wild,loot_res,1415,79335,2026-10-02
1577544586,stenka,loot_res,1416,79314,2026-09-10
8255587,BlackMonsters,loot_res,1417,79305,2026-09-30
1577153767,flinkman10,loot_res,1418,79224,2026-09-20
1577524607,ATSVPatrick1900,loot_res,1419,79196,2026-09-20
1471481,XxDiegoxX,loot_res,1420,79035,2026-09-19
515333,FeelingFree,loot_res,1421,79002,2026-09-01
2288408,ein-locky,loot_res,1422,78951,2026-09-21
1577455870,M0ng0se,loot_res,1423,78796,2026-09-08
1577439023,Raptor1989,loot_res,1424,78690,2026-10-03
1577218445,frit,loot_res,1425,78637,2026-09-27
1576773690,BreakingDead,loot_res,1426,78567,2026-09-29
1577518818,Dirk3533,loot_res,1427,78550,2026-09-06
1577515743,Aristoteles,loot_res,1428,78369,2026-10-01
1577128585,Derores,loot_res,1429,78356,2026-09-18
1577106499,flady der 1.,loot_res,1430,78153,2026-09-22
1577541787,Dunkelhirsch,loot_res,1431,78062,2026-09-26
1576963983,Thor00,loot_res,1432,77965,2026-09-26
1577509515,Jens,loot_res,1433,77941,2026-09-20
1577542518,Hausi97,loot_res,1434,77646,2026-09-13
1577546238,Jonas012,loot_res,1435,77462,2026-10-02
8012511,Basilisk55,loot_res,1436,77457,2026-09-12
9536838,GRiIMME,loot_res,1437,77367,2026-09-27
1577520977,INT3LD3AD,loot_res,1438,77312,2026-09-27
1576856673,Esox96,loot_res,1439,77242,2026-09-06
1577545510,Sallixyz,loot_res,1440,77050,2026-09-27
1577544166,Dr. BOB,loot_res,1441,76946,2026-09-27
1577443463,BigMacBannDenWeg,loot_res,1442,76918,2026-09-21
8774668,KingDavies19,loot_res,1443,76917,2026-10-03
1577546215,dibabb,loot_res,1444,76686,2026-09-25
1577234964,WarLord--,loot_res,1445,76663,2026-09-11
1106388,lusser,loot_res,1446,76661,2026-09-24
1577428918,Earl of Pampers,loot_res,1447,76483,2026-09-05
1577303147,Skriimler,loot_res,1448,76400,2026-09-23
1576879058,Dornig,loot_res,1449,76384,2026-09-29
1577502140,Rallye,loot_res,1450,76310,2026-09-24
1576955837,xxx Andy,loot_res,1451,76289,2026-09-04
2876883,charliyi,loot_res,1452,76092,2026-09-20
1577526925,Blackstone70,loot_res,1453,75947,2026-09-24
1577365184,Heey,loot_res,1454,75859,2026-09-26
1577546660,Geomio,loot_res,1455,75834,2026-10-03
1577099251,cronos67,loot_res,1456,75816,2026-09-12
1577494293,dionysos,loot_res,1457,75546,2026-09-12
1577456184,Willenlos,loot_res,1458,75506,2026-09-24
1577034305,Yosemite Sam,loot_res,1459,75394,2026-10-01
2962689,DonDingDong,loot_res,1460,75370,2026-09-29
1577339675,Flo43,loot_res,1461,75369,2026-10-03
1577537362,Hansmann959,loot_res,1462,75275,2026-09-25
1575888070,Lord Wespe,loot_res,1463,75254,2026-09-28
1577230624,thekillfoxXx93,loot_res,1464,75246,2026-10-02
1577510147,Brownej,loot_res,1465,75238,2026-09-22
2384888,tilgin,loot_res,1466,75056,2026-08-31
1577516923,Stabilrunner,loot_res,1467,74950,2026-09-19
1577545417,MAlix1234,loot_res,1468,74707,2026-09-22
1577187211,August.iner,loot_res,1469,74556,2026-09-26
9966,GERD,loot_res,1470,74445,2026-09-26
8816522,Regad,loot_res,1471,74225,2026-09-26
1577237718,Hanspeter91,loot_res,1472,74203,2026-09-19
1577300585,Citi,loot_res,1473,74144,2026-09-27
1577162139,Prinz Ziegel,loot_res,1474,73934,2026-10-03
8213975,Loser84,loot_res,1475,73855,2026-09-04
1577096875,Delgando,loot_res,1476,73818,2026-09-06
1577538774,Predex,loot_res,1477,73583,2026-09-16
1577379857,Lady Guggi99,loot_res,1478,73569,2026-09-20
1576832033,das Camel,loot_res,1479,73527,2026-10-01
2342017,Hanftiger,loot_res,1480,73459,2026-09-17
1576209065,armasi,loot_res,1481,73454,2026-10-03
1576079866,nohi,loot_res,1482,73386,2026-09-15
3031607,Seuche75,loot_res,1483,73352,2026-09-09
1576999585,Pupsi23,loot_res,1484,73160,2026-09-21
1577313442,talisca97,loot_res,1485,72986,2026-09-22
1577454348,Hoppel128,loot_res,1486,72945,2026-09-30
1577537986,scarpex,loot_res,1487,72894,2026-09-28
1577542789,Sabforce,loot_res,1488,72800,2026-09-06
1577539294,DasSchweigenDerPenner,loot_res,1489,72791,2026-10-02
1577321274,Weedmaster,loot_res,1490,72750,2026-09-26
1577094555,S1TTT,loot_res,1491,72719,2026-09-23
2214565,nomellis,loot_res,1492,72598,2026-09-20
9473037,Dimoret,loot_res,1493,72574,2026-10-03
1577543304,rambobibu,loot_res,1494,72570,2026-09-22
64657,Sir Fitz Oblong,loot_res,1495,72482,2026-09-23
1577544041,Tana777,loot_res,1496,72479,2026-09-29
1577432347,Kunibald,loot_res,1497,72472,2026-09-22
1577528485,Flungus,loot_res,1498,72403,2026-09-29
1577538849,daniS34,loot_res,1499,72271,2026-09-23
1577447783,Mark51,loot_res,1500,72258,2026-09-23
1577543435,goldfisch98,loot_res,1501,72256,2026-09-01
9857324,Lady Torte,loot_res,1502,72252,2026-09-18
1577464500,Lord Lord Lord August,loot_res,1503,72215,2026-09-29
10257779,Markus78,loot_res,1504,72197,2026-09-28
1577524889,maeasy,loot_res,1505,72102,2026-09-17
1576248246,gama8,loot_res,1506,72100,2026-09-18
8707259,silly27,loot_res,1507,72038,2026-09-12
1577397035,Liptonlemon,loot_res,1508,72025,2026-09-28
1577112204,LordKempf,loot_res,1509,72021,2026-10-01
1576951073,Ignorance,loot_res,1510,72015,2026-09-20
1577526919,Steve-0,loot_res,1511,72003,2026-09-16
8956688,TheGameNight,loot_res,1512,71923,2026-09-22
2522339,Sir.Snoopy,loot_res,1513,71838,2026-09-20
369544,king pani,loot_res,1514,71807,2026-10-02
1577442999,Mofaklaus,loot_res,1515,71778,2026-09-22
1577545529,Bierbaron0815,loot_res,1516,71694,2026-10-02
1577350738,Guarana,loot_res,1517,71671,2026-09-18
8444925,Blechheim,loot_res,1518,71667,2026-09-09
1577542699,Franz Eberhofer,loot_res,1519,71573,2026-09-25
1577545024,IceMFJones,loot_res,1520,71339,2026-09-19
9832876,Black Gecko,loot_res,1521,71309,2026-10-03
1577455662,MrOceanWeedMan,loot_res,1522,71129,2026-09-05
1577514286,imiaki,loot_res,1523,71098,2026-09-19
1577513377,Fistiii,loot_res,1524,71064,2026-09-12
2335309,Audiluft,loot_res,1525,71048,2026-09-29
1847901,Dragon1312,loot_res,1526,70929,2026-09-30
2135938,1234 willi,loot_res,1527,70850,2026-10-01
1577381468,Murtaler,loot_res,1528,70744,2026-10-01
7837755,Temar,loot_res,1529,70722,2026-09-12
1577510755,StSt,loot_res,1530,70390,2026-09-22
1577223838,timdette,loot_res,1531,70345,2026-09-22
9749238,Dalldorf,loot_res,1532,70342,2026-09-24
9636145,FloCommander,loot_res,1533,70334,2026-09-11
1577028321,DragonMaster80,loot_res,1534,70311,2026-09-24
1577440310,Magnetic,loot_res,1535,70241,2026-10-01
1577545718,Knight of Cydonia,loot_res,1536,70075,2026-09-29
1576588394,Bauer-RFL,loot_res,1537,69959,2026-09-28
10041214,Ritter-Fips,loot_res,1538,69759,2026-09-13
1577532347,whiltons,loot_res,1539,69589,2026-09-06
1041015,Loopy,loot_res,1540,69579,2026-09-22
1577288976,baba007,loot_res,1541,69416,2026-09-10
1854435,xx bjoern xx,loot_res,1542,69396,2026-10-01
8247237,kokojo3,loot_res,1543,69260,2026-09-12
9841263,Ultra Schwere Kavallerie,loot_res,1544,69203,2026-10-03
1577262209,S0ull3ss,loot_res,1545,69100,2026-09-21
8245875,wutzegickel,loot_res,1546,69086,2026-09-24
1577519674,SacredUthal,loot_res,1547,68883,2026-09-22
10203582,DrMedikament,loot_res,1548,68876,2026-09-10
8536543,bickelsberg,loot_res,1549,68790,2026-09-25
1577506432,Industriespionage,loot_res,1550,68720,2026-10-01
1577483801,snoopy666,loot_res,1551,68648,2026-09-26
1577486078,bosch,loot_res,1552,68609,2026-10-03
1577545243,kuemmler,loot_res,1553,68596,2026-09-23
1577178575,F3npost,loot_res,1554,68353,2026-09-15
1577441849,letsgogamerz,loot_res,1555,68153,2026-09-29
1577538217,Funnyjoe,loot_res,1556,68100,2026-09-20
1577538943,busy,loot_res,1557,67966,2026-10-03
1577021648,Serco1461,loot_res,1558,67922,2026-09-29
2206898,Enterprise 2,loot_res,1559,67877,2026-09-22
322147,HobNixx,loot_res,1560,67836,2026-10-02
7715742,H1N1ko,loot_res,1561,67825,2026-10-03
1577535357,dondiesel1,loot_res,1562,67745,2026-10-01
875525,langer45,loot_res,1563,67465,2026-09-08
7639221,The Phantom 007,loot_res,1564,67460,2026-10-03
1577373312,S4nguis,loot_res,1565,67350,2026-09-04
1577463629,Elof1892,loot_res,1566,67218,2026-09-07
1577502102,andi.wandnageln,loot_res,1567,67157,2026-09-28
9712134,GrafvonT.,loot_res,1568,67100,2026-09-18
9773638,otto67,loot_res,1569,66923,2026-09-30
1577459879,renner93,loot_res,1570,66711,2026-09-27
1577539140,tehlizzard,loot_res,1571,66612,2026-09-24
1103024,abbar,loot_res,1572,66534,2026-09-30
1577507036,Steven1909,loot_res,1573,66523,2026-09-17
1295499,Juwen,loot_res,1574,66410,2026-09-12
2682450,Shuuhei,loot_res,1575,66396,2026-09-10
1577545494,kubilay6347,loot_res,1576,66392,2026-09-29
1577547508,Stonecity,loot_res,1577,66307,2026-10-03
1577546081,ColHansLanda92,loot_res,1578,66161,2026-09-30
1577434601,InDyeGsicht95,loot_res,1579,66055,2026-09-20
1577542222,papaya00,loot_res,1580,65985,2026-09-18
1577382054,Turko2021,loot_res,1581,65900,2026-09-23
1577544145,Heinz Loidlbauer,loot_res,1582,65774,2026-09-29
1577066276,eism,loot_res,1583,65721,2026-09-19
1577542357,Gabba.Gandalf,loot_res,1584,65712,2026-10-01
1670892,llarissa,loot_res,1585,65681,2026-09-20
1577541334,Basti1,loot_res,1586,65585,2026-10-02
1577430570,SURASURASURA,loot_res,1587,65474,2026-08-30
1577544975,Alies55,loot_res,1588,65436,2026-10-02
3392753,Free running,loot_res,1589,65410,2026-10-01
1577517772,Chrysanthem,loot_res,1590,65402,2026-09-09
1577426137,undnu?,loot_res,1591,65374,2026-09-19
1577543520,Undo,loot_res,1592,65345,2026-09-19
1577538742,Diabel,loot_res,1593,65297,2026-09-24
1576563053,Atek,loot_res,1594,65222,2026-09-06
1577523060,JörgHaider,loot_res,1595,65163,2026-09-01
1577541048,MarvImperor72,loot_res,1596,65126,2026-10-01
1577529046,UAPRedwolf,loot_res,1597,65106,2026-09-20
1577486104,HeinrichIV,loot_res,1598,65009,2026-10-03
8740839,Do Ping,loot_res,1599,64874,2026-09-24
1577484847,Felix Hannover,loot_res,1600,64746,2026-09-17
1577427281,jady236,loot_res,1601,64631,2026-09-22
2560315,sappilein,loot_res,1602,64480,2026-10-01
2684434,tgru1,loot_res,1603,64309,2026-09-05
1577544691,1mkr,loot_res,1604,64209,2026-09-21
1577488591,B3rs3rc3r,loot_res,1605,64162,2026-09-25
7598683,thecrow09,loot_res,1606,64161,2026-10-03
1577420867,Dadiz,loot_res,1607,64160,2026-09-20
1577398042,philrein,loot_res,1608,64139,2026-09-17
1577204506,TheGreatJonny,loot_res,1609,63988,2026-09-12
677000,H3KTOR,loot_res,1610,63958,2026-08-31
1576686856,Peberes,loot_res,1611,63947,2026-09-24
1577511187,PowerOfEvil,loot_res,1612,63910,2026-10-01
1577486344,NixPeinliches,loot_res,1613,63810,2026-09-27
1577531524,mc-schwenki93,loot_res,1614,63785,2026-10-03
9607649,GrimsborithOrik,loot_res,1615,63780,2026-09-15
1091740,BlackWitch83,loot_res,1616,63777,2026-09-14
1577543506,Junior der 2.,loot_res,1617,63766,2026-09-26
3126992,-Kasde-,loot_res,1618,63735,2026-09-22
1577388989,Bruno62,loot_res,1619,63679,2026-09-30
1577539047,Deno1103,loot_res,1620,63661,2026-09-17
1577512782,Weedfluencer,loot_res,1621,63624,2026-09-27
1577278242,Tighteeeh,loot_res,1622,63532,2026-10-01
1577280535,MangoTraube3,loot_res,1623,63530,2026-10-03
1576934650,-*ExIt*-,loot_res,1624,63444,2026-09-03
1577543326,0nkel-Bob,loot_res,1625,63401,2026-09-22
1577545168,Setgreen,loot_res,1626,63389,2026-09-23
1577180515,Lord xADTRx,loot_res,1627,63268,2026-09-13
1577485497,goodmorning,loot_res,1628,63259,2026-10-03
1577541439,ViperFalkonzZ,loot_res,1629,63250,2026-09-07
10075493,Lord Ramgni,loot_res,1630,63246,2026-09-08
1577538471,LordLuga,loot_res,1631,63184,2026-09-20
1577540522,Wilhelm der Eroberer,loot_res,1632,63169,2026-09-16
1575987740,LouiFCH,loot_res,1633,63140,2026-09-14
8883916,SpeckiOnTour,loot_res,1634,63070,2026-10-02
1577049933,drakudirk,loot_res,1635,63043,2026-09-29
1577458687,NeverAgain,loot_res,1636,62940,2026-09-23
9811082,King LORD IRON,loot_res,1637,62903,2026-09-27
1577492985,boecksiflo,loot_res,1638,62840,2026-09-21
1577511183,Spandauer Knüppelkrieger,loot_res,1639,62790,2026-10-01
1577365295,Lord of the Rings,loot_res,1640,62730,2026-09-24
1577504206,zzzy,loot_res,1641,62643,2026-10-03
1577332555,GinWodka,loot_res,1642,62609,2026-09-17
1577390946,Tepp1509,loot_res,1643,62600,2026-09-14
1577515197,haditschau,loot_res,1644,62571,2026-09-15
659722,padi1988,loot_res,1645,62560,2026-09-18
3382442,Meisterwerk,loot_res,1646,62473,2026-09-16
8328690,blackblacky79,loot_res,1647,62473,2026-09-10
1577539056,Angla,loot_res,1648,62451,2026-09-21
8024461,seilram01,loot_res,1649,62314,2026-10-01
1577193376,Sigurd 528,loot_res,1650,62294,2026-09-14
1577400745,Marth65,loot_res,1651,62120,2026-09-27
8120170,Lord Diggnsagg,loot_res,1652,62091,2026-09-29
1577512098,Brujita,loot_res,1653,62069,2026-09-24
9843352,ericdravenx,loot_res,1654,61995,2026-09-26
1577544875,Akilas,loot_res,1655,61984,2026-09-30
1577517613,Baumi224,loot_res,1656,61965,2026-09-25
9398381,Elefantenfriseur,loot_res,1657,61930,2026-10-01
1576279686,Unaufhaltbar,loot_res,1658,61696,2026-09-06
1577538983,Jonas25,loot_res,1659,61560,2026-09-28
1577465246,NachbarsLumpi,loot_res,1660,61483,2026-09-29
1577545646,sebunga,loot_res,1661,61433,2026-09-19
10201640,LethalGhost,loot_res,1662,61410,2026-09-16
1577502917,Joki Boy,loot_res,1663,61320,2026-10-01
1577140988,Mauro7,loot_res,1664,61266,2026-09-24
1577543898,aky16,loot_res,1665,61236,2026-09-14
446010,***Border***,loot_res,1666,61217,2026-09-18
1577391951,Rente Mit 30,loot_res,1667,61190,2026-09-25
9947088,SKRK,loot_res,1668,61139,2026-09-27
1576591032,UNICRON,loot_res,1669,60979,2026-09-05
7760377,Nymph,loot_res,1670,60971,2026-10-03
1576025187,Toofi,loot_res,1671,60878,2026-09-19
1577296431,Slavischer Berserker,loot_res,1672,60855,2026-09-24
1577517238,Johnny sylverhand,loot_res,1673,60565,2026-09-03
1577530607,Iqualin1979,loot_res,1674,60454,2026-10-03
1577158244,ScHiTzZo,loot_res,1675,60383,2026-09-21
1577501675,König Bonobo,loot_res,1676,60363,2026-09-22
1577530604,Tygerkrax,loot_res,1677,60283,2026-09-01
1577539178,edobhf96,loot_res,1678,60180,2026-09-21
1577322471,BashYou,loot_res,1679,60156,2026-10-01
1577547115,WhySoMadBro,loot_res,1680,60122,2026-10-03
8562343,rocktroll,loot_res,1681,59991,2026-09-27
7897717,Königder Könige,loot_res,1682,59948,2026-09-11
1577507622,jc-yello,loot_res,1683,59947,2026-09-24
8502039,Mustang123,loot_res,1684,59922,2026-09-07
8307895,Mansyk,loot_res,1685,59792,2026-09-09
9875797,Edrock,loot_res,1686,59770,2026-09-20
9644708,Niborr11,loot_res,1687,59711,2026-10-03
1577545204,W1ederhazelaeuft,loot_res,1688,59685,2026-09-28
1577512976,cribii,loot_res,1689,59664,2026-09-14
1577431695,Febi86,loot_res,1690,59497,2026-10-03
1576559031,patsturm1,loot_res,1691,59343,2026-09-26
1577545123,claasically,loot_res,1692,59282,2026-09-16
1577522643,boxer2007,loot_res,1693,59272,2026-09-17
1577542206,Joey,loot_res,1694,59191,2026-10-01
1577544104,sepp1006,loot_res,1695,59138,2026-09-07
9673019,thoscho66,loot_res,1696,59090,2026-09-27
1577536180,Jazzle57,loot_res,1697,58896,2026-10-02
8033485,gerwolfen,loot_res,1698,58873,2026-09-18
10292087,EsTeR1364,loot_res,1699,58845,2026-09-12
2542603,**KingMeffi**,loot_res,1700,58801,2026-10-03
1577546431,Pure98,loot_res,1701,58780,2026-10-03
1577456515,L0nd0n,loot_res,1702,58628,2026-09-07
1577531385,Wuja,loot_res,1703,58338,2026-09-30
1577546700,Draks,loot_res,1704,58331,2026-09-26
7784288,Koreison,loot_res,1705,58224,2026-10-02
10015247,noah 11.4.2001,loot_res,1706,58208,2026-09-08
1577545134,hansih91,loot_res,1707,58144,2026-09-18
1577244557,Weisi aus Heidelberg,loot_res,1708,58136,2026-09-23
1577432481,Ego444,loot_res,1709,58112,2026-10-01
9432494,Brauner 79,loot_res,1710,58109,2026-09-30
2870253,Fritz Benedict,loot_res,1711,58091,2026-09-26
1577518440,Hagorin,loot_res,1712,58028,2026-09-11
1577166007,Hansi141,loot_res,1713,57874,2026-09-27
1576303850,ILvy,loot_res,1714,57861,2026-09-13
1577536606,Amigoo,loot_res,1715,57795,2026-09-23
1577538418,BraVion,loot_res,1716,57772,2026-09-21
1577453770,Babyphone,loot_res,1717,57765,2026-09-30
1577292595,Lord Dave,loot_res,1718,57750,2026-09-19
9640463,Odins - berserker,loot_res,1719,57703,2026-09-20
1576987865,silvershot,loot_res,1720,57690,2026-10-03
1577171625,Mirage2000,loot_res,1721,57637,2026-09-26
1577545295,Haezo,loot_res,1722,57579,2026-09-19
1577533585,hjelster,loot_res,1723,57574,2026-10-03
3252877,Mike1893,loot_res,1724,57346,2026-10-01
1577536827,Grusskarte,loot_res,1725,57262,2026-09-17
1577199800,BurningsStyle,loot_res,1726,57252,2026-08-30
1577537548,Rattenfänger666,loot_res,1727,57205,2026-09-18
9953171,john956,loot_res,1728,57098,2026-10-01
852853,Lord of Megadesaster,loot_res,1729,57085,2026-09-13
663711,Thoschi84,loot_res,1730,57081,2026-09-27
8797322,elbo1994,loot_res,1731,57065,2026-09-23
1577106077,der Falke,loot_res,1732,57063,2026-09-17
1577546384,Schattenlord27,loot_res,1733,56960,2026-09-30
1577545068,JAWOHLL,loot_res,1734,56871,2026-10-03
1577304538,Balloo,loot_res,1735,56866,2026-10-01
1577521780,Ruffy,loot_res,1736,56763,2026-10-03
1303880,Michael65,loot_res,1737,56733,2026-09-09
8134989,moemmy,loot_res,1738,56730,2026-10-03
1577246107,KeksxD,loot_res,1739,56671,2026-10-03
8848121,Light Lion,loot_res,1740,56649,2026-10-02
1577530556,Zeuni,loot_res,1741,56491,2026-10-03
1576372017,Ace2,loot_res,1742,56471,2026-10-02
1577537583,Ragnock,loot_res,1743,56435,2026-09-16
1577544769,Nicedmg98,loot_res,1744,56291,2026-09-09
1577544857,DonFaboss76,loot_res,1745,56089,2026-09-22
2727215,MefoHunter,loot_res,1746,55968,2026-09-24
1577536799,RindenRambo,loot_res,1747,55946,2026-09-29
1577544274,Keule60,loot_res,1748,55918,2026-09-19
1743772,Squall58,loot_res,1749,55875,2026-10-03
1577466354,EnotheonE,loot_res,1750,55868,2026-09-22
1381625,silvu93,loot_res,1751,55833,2026-09-18
1576823565,DVD91,loot_res,1752,55805,2026-09-20
1577371559,DoMu,loot_res,1753,55777,2026-09-20
3405957,Kiri878,loot_res,1754,55775,2026-09-30
1576365354,Lady Maralla,loot_res,1755,55714,2026-10-01
1577509677,Blegie,loot_res,1756,55702,2026-09-14
8551393,Sir Tobi von Gelderland,loot_res,1757,55697,2026-09-21
1577283611,Simone1994,loot_res,1758,55677,2026-09-09
1575969109,XeroXenot,loot_res,1759,55662,2026-09-11
9827597,kaoli,loot_res,1760,55611,2026-10-03
1577007968,Travyar,loot_res,1761,55480,2026-09-24
1577503937,LivienneArc,loot_res,1762,55399,2026-09-24
9691813,Capu u Keks,loot_res,1763,55333,2026-10-02
1577511539,FaHaD,loot_res,1764,55312,2026-09-14
1577500021,NafpaktosTheGreat,loot_res,1765,55292,2026-09-29
1577349164,priiinz003,loot_res,1766,55289,2026-10-03
9837572,CrazyWarlord,loot_res,1767,55283,2026-10-03
1577546060,Kelsier,loot_res,1768,55281,2026-10-01
1577387087,Kobrie,loot_res,1769,55267,2026-09-17
9953850,d2minik,loot_res,1770,55193,2026-10-02
1577529928,Gebetsknueppel,loot_res,1771,55040,2026-09-03
9353209,deffonly-,loot_res,1772,54915,2026-09-10
1577433896,AntonioMontana,loot_res,1773,54873,2026-09-24
1577541060,RoteArmeeMaus,loot_res,1774,54856,2026-09-19
1577547529,DaKingI,loot_res,1775,54798,2026-10-03
9695732,*AlxX*,loot_res,1776,54783,2026-10-03
1577543025,Kigomo23,loot_res,1777,54740,2026-09-14
1577450593,Eldinn,loot_res,1778,54722,2026-09-18
1577423281,EisBär,loot_res,1779,54692,2026-09-14
1577516726,Mops1,loot_res,1780,54688,2026-10-01
1577547896,Devastator,loot_res,1781,54637,2026-10-03
1577348943,mövi9,loot_res,1782,54611,2026-09-28
1577142359,Liobana,loot_res,1783,54591,2026-10-02
9645171,Cherok der Ältere,loot_res,1784,54573,2026-09-30
1576409112,Looki,loot_res,1785,54300,2026-09-20
1577489962,Reiner Wahnsinn,loot_res,1786,54216,2026-09-16
1576065532,KINI der Pate,loot_res,1787,54009,2026-09-24
10135618,Alcandia,loot_res,1788,53911,2026-09-15
1577141887,redtiger,loot_res,1789,53628,2026-10-02
1577523932,Swen1900,loot_res,1790,53532,2026-10-02
1577246381,surpr1se,loot_res,1791,53510,2026-09-28
1577505478,Harvey Scripter,loot_res,1792,53423,2026-09-29
1577544464,Zaryod,loot_res,1793,53375,2026-09-21
1575869975,gangco,loot_res,1794,53221,2026-09-10
7805918,MoehreOlli,loot_res,1795,53095,2026-09-15
1576987613,rogergunner,loot_res,1796,53037,2026-09-17
9669578,Vogi98,loot_res,1797,53031,2026-09-30
1577084206,INKOGNITO,loot_res,1798,53017,2026-09-26
1577547395,Seriousgamma,loot_res,1799,52996,2026-10-02
7780921,till500k,loot_res,1800,52966,2026-09-15
1577515865,Eddie78,loot_res,1801,52923,2026-09-30
1577411514,dorftown97,loot_res,1802,52766,2026-09-24
1577320762,Deutz,loot_res,1803,52747,2026-09-13
9933325,SchobiX,loot_res,1804,52734,2026-10-03
1576828512,auchwiederda,loot_res,1805,52727,2026-09-24
618448,Bad Boys 77,loot_res,1806,52683,2026-09-09
1577538212,LordItachi92,loot_res,1807,52594,2026-09-09
155938,fratest,loot_res,1808,52578,2026-10-03
1576840311,PapaKuschelbär,loot_res,1809,52418,2026-08-30
1575919279,Schattentöter1,loot_res,1810,52384,2026-10-03
1577005782,H4dz0R,loot_res,1811,52346,2026-09-25
1576440628,Fortum,loot_res,1812,52340,2026-09-27
1577220971,taktika66,loot_res,1813,52338,2026-09-21
1576708775,hänsel 75,loot_res,1814,52280,2026-09-19
1577004926,derstb,loot_res,1815,52259,2026-08-31
1577147034,XXLDöner,loot_res,1816,52175,2026-09-14
1577102104,TeddyBaer,loot_res,1817,52005,2026-09-06
1576915122,Raphael the Hunter,loot_res,1818,51958,2026-09-10
8273303,dickkopf99,loot_res,1819,51888,2026-10-02
1577547231,OpTiCxZ,loot_res,1820,51871,2026-10-03
1577544146,Elbenkrieger13,loot_res,1821,51826,2026-09-30
366473,McMarek85,loot_res,1822,51741,2026-09-13
1577545528,evam,loot_res,1823,51734,2026-09-26
1577504455,SisiB,loot_res,1824,51727,2026-09-14
1577247987,SirStone88,loot_res,1825,51607,2026-09-21
1577237207,Ben Crusher,loot_res,1826,51593,2026-09-19
9326402,Ax of Honor,loot_res,1827,51583,2026-09-17
9398196,kantega xc,loot_res,1828,51481,2026-09-23
9793141,hirss,loot_res,1829,51390,2026-09-30
1577502899,InSAMe,loot_res,1830,51365,2026-09-16
1577504282,Der Kleine Wutzler,loot_res,1831,51284,2026-09-21
1576525456,uhu stic 09,loot_res,1832,51260,2026-09-19
8135599,Adler23,loot_res,1833,51256,2026-09-13
1577182446,mike 96,loot_res,1834,51229,2026-09-05
1577437710,LordCarlos,loot_res,1835,51228,2026-09-26
1577490462,LordTigu,loot_res,1836,51211,2026-09-12
1577390655,UranusInvasion,loot_res,1837,51204,2026-09-24
1577547388,xMIMOx,loot_res,1838,51154,2026-10-02
1576540808,DieGEZ,loot_res,1839,51150,2026-10-02
1577543848,Lord Abdul,loot_res,1840,51070,2026-09-28
1260565,RoyalTiger,loot_res,1841,51061,2026-09-30
8815904,rrr68,loot_res,1842,50928,2026-09-12
1577377152,JmsHard,loot_res,1843,50904,2026-10-03
1577334821,D1reW0lf,loot_res,1844,50879,2026-10-01
1577483824,Senjin,loot_res,1845,50793,2026-09-28
1577283444,derTrollinger,loot_res,1846,50741,2026-09-30
1577451898,McHenry,loot_res,1847,50706,2026-09-16
9140273,Koksi T,loot_res,1848,50692,2026-10-01
1577375085,XOXO,loot_res,1849,50600,2026-10-02
1577220696,s4sch4,loot_res,1850,50569,2026-09-02
1577384184,kooluu,loot_res,1851,50384,2026-09-08
1577545442,Lord ZaZa,loot_res,1852,50314,2026-10-03
1576561543,evoluti0n,loot_res,1853,50309,2026-09-20
1577065649,Rosthagel,loot_res,1854,50292,2026-09-26
1577544703,GrünePest,loot_res,1855,50238,2026-09-11
1576652508,marv2206,loot_res,1856,50228,2026-09-13
9733550,Omahabeach,loot_res,1857,50217,2026-10-03
8876749,babysnake,loot_res,1858,50064,2026-09-29
1577545298,konnex,loot_res,1859,50060,2026-09-13
1577149287,Bulow,loot_res,1860,49942,2026-09-30
1577498163,Leuthnant,loot_res,1861,49755,2026-10-03
1577545202,wm29210,loot_res,1862,49615,2026-09-28
1577487574,Bradlay von Xanten,loot_res,1863,49603,2026-09-17
1577276908,Mogol,loot_res,1864,49450,2026-09-28
1577530653,King Esek,loot_res,1865,49400,2026-09-04
1577544295,FabiWin,loot_res,1866,49377,2026-09-24
1576426865,CRonaldo7,loot_res,1867,49315,2026-09-24
1577187836,wochta,loot_res,1868,49234,2026-09-16
1575942295,Donathello,loot_res,1869,49167,2026-09-22
1577522822,skibiditoilet,loot_res,1870,49121,2026-09-15
51578,CrashTestDummy,loot_res,1871,49104,2026-09-15
1577503274,Slayer90,loot_res,1872,49077,2026-09-23
2419698,Kendo1,loot_res,1873,49039,2026-10-03
10006222,kracherx,loot_res,1874,48976,2026-09-12
1577545668,Laengersen,loot_res,1875,48893,2026-09-24
2185695,Buddel,loot_res,1876,48803,2026-10-03
1577515530,PoNasaran,loot_res,1877,48799,2026-08-31
8005194,Spliffstar85,loot_res,1878,48722,2026-10-03
1577513667,Trisaster,loot_res,1879,48655,2026-09-28
1625740,Wie ich,loot_res,1880,48598,2026-09-09
9055044,Pokalsieger 1974,loot_res,1881,48403,2026-10-02
9980097,SimpleDesign,loot_res,1882,48375,2026-09-09
1577417455,alpur,loot_res,1883,48321,2026-09-26
1234644,alex3128,loot_res,1884,48283,2026-09-30
1577244359,Crychotik,loot_res,1885,48245,2026-09-13
1577527713,Honoritan,loot_res,1886,48169,2026-09-27
1020788,Gromper,loot_res,1887,48121,2026-09-10
7993086,Ritter Darkmore,loot_res,1888,48021,2026-09-09
1577546883,Mittelaltergangster,loot_res,1889,48020,2026-09-29
1577484423,meli30,loot_res,1890,47991,2026-09-06
1577538054,Egoaim,loot_res,1891,47978,2026-08-30
548866,Thespiti,loot_res,1892,47804,2026-09-04
1577543959,mafo172,loot_res,1893,47573,2026-09-01
1577254024,??WhySoSerious??,loot_res,1894,47561,2026-09-08
1577278987,Streussel88,loot_res,1895,47508,2026-08-31
1577406690,Drifter69,loot_res,1896,47482,2026-10-03
2541410,Quasel,loot_res,1897,47438,2026-10-03
1577538046,Partybauch,loot_res,1898,47355,2026-10-02
1577521579,König Chrisi,loot_res,1899,47237,2026-09-15
1561562,Pati 96,loot_res,1900,47205,2026-09-17
1577504644,plsHurry,loot_res,1901,47167,2026-10-02
1577544003,Nase von Sackenstein,loot_res,1902,47112,2026-09-09
1576776027,Bierchen812,loot_res,1903,47099,2026-09-30
1577423468,Heros,loot_res,1904,47075,2026-08-30
1577190559,william95,loot_res,1905,46913,2026-09-09
1576089655,Thorkel,loot_res,1906,46911,2026-09-27
2962805,Maximusd,loot_res,1907,46903,2026-09-27
1577502812,Brunhilde-Löwenherz,loot_res,1908,46895,2026-09-30
1576985337,TheTitan,loot_res,1909,46829,2026-10-02
1577546799,Syrtanos,loot_res,1910,46771,2026-10-02
1577512230,NK2623,loot_res,1911,46757,2026-09-16
9135298,unknown-dead,loot_res,1912,46706,2026-09-22
1577297044,Das Sternchen,loot_res,1913,46643,2026-10-03
2807607,Andy467,loot_res,1914,46595,2026-10-02
1577501125,karlkarl,loot_res,1915,46492,2026-09-20
1577529208,Big Yahu,loot_res,1916,46465,2026-08-29
1577010115,erikthechamp2,loot_res,1917,46460,2026-09-03
1576838199,der.fremde,loot_res,1918,46438,2026-08-29
1577232385,TobiGie,loot_res,1919,46412,2026-09-23
1577212131,Schamane,loot_res,1920,46404,2026-09-03
1577513511,EvilActivity,loot_res,1921,46255,2026-09-28
8070008,friend66,loot_res,1922,46245,2026-10-03
1577542431,Schweisser,loot_res,1923,46138,2026-09-07
8462835,voitl,loot_res,1924,46120,2026-09-09
8679106,Guantanamera,loot_res,1925,46071,2026-09-29
1577540090,matze24,loot_res,1926,46063,2026-09-28
1576255757,Biest1,loot_res,1927,46050,2026-09-14
10113203,Saklus,loot_res,1928,46040,2026-09-19
1577348705,Intoleranz,loot_res,1929,45994,2026-10-03
1577547624,Expecto Patronum,loot_res,1930,45978,2026-10-03
1577222215,snazzipani,loot_res,1931,45972,2026-09-24
8860225,scirocco09,loot_res,1932,45849,2026-10-03
9170540,Mausebär69,loot_res,1933,45780,2026-09-12
278715,Alfred Biolek,loot_res,1934,45706,2026-09-28
1577420941,Jukkapekka,loot_res,1935,45661,2026-10-02
1577542229,matthisc,loot_res,1936,45656,2026-09-07
1649481,spasmo,loot_res,1937,45623,2026-10-03
1577545285,Pauloblanko,loot_res,1938,45558,2026-09-29
1577538080,DerDolch95,loot_res,1939,45527,2026-09-04
1576664300,Schattenherscher,loot_res,1940,45501,2026-10-01
1577411614,Drobe,loot_res,1941,45474,2026-10-03
1577050969,quazar95,loot_res,1942,45460,2026-09-21
8090598,miracelmiracel,loot_res,1943,45432,2026-09-20
1577137816,odin1977,loot_res,1944,45368,2026-09-24
1577406000,marcosandro,loot_res,1945,45306,2026-09-30
1576875679,Bandit78,loot_res,1946,45280,2026-09-28
8841559,snakeman1236,loot_res,1947,45190,2026-10-03
1577544056,Grantig,loot_res,1948,45188,2026-09-14
8751337,-Horrorfreak-,loot_res,1949,45062,2026-09-25
1577289807,Biermudaviereck,loot_res,1950,45040,2026-09-24
1577545991,mache1991,loot_res,1951,45038,2026-09-17
1577331107,MasterJxD,loot_res,1952,44992,2026-09-15
2513210,Red208,loot_res,1953,44989,2026-09-15
1577440626,centurio,loot_res,1954,44977,2026-09-27
7667875,Tellstown,loot_res,1955,44920,2026-09-17
1577545650,DerSpinner01,loot_res,1956,44868,2026-09-18
1577536833,Gaga73,loot_res,1957,44813,2026-09-30
1577398275,pfeffnee,loot_res,1958,44809,2026-09-03
1577524298,cadille,loot_res,1959,44729,2026-10-01
1577504124,Hendlmeyer,loot_res,1960,44725,2026-10-03
1577386045,kranzerl,loot_res,1961,44662,2026-09-29
1577516528,Slippery,loot_res,1962,44643,2026-09-26
1577335786,Kojle,loot_res,1963,44579,2026-08-30
1577544263,Freerun26,loot_res,1964,44540,2026-10-03
1577493574,Erich556,loot_res,1965,44432,2026-09-30
1577545170,Magelux,loot_res,1966,44432,2026-09-12
760440,Mevo,loot_res,1967,44386,2026-09-02
1577546428,MatsHummels96,loot_res,1968,44346,2026-09-21
1577545169,Marebu80,loot_res,1969,44266,2026-09-30
1577494371,Lord KarlI,loot_res,1970,44245,2026-09-26
1640849,METZGER GUIDO,loot_res,1971,44198,2026-09-12
1577421479,Ritter-Kunibert,loot_res,1972,44123,2026-09-21
1577544581,Schöneiche88,loot_res,1973,44097,2026-09-27
1577546149,NightShadow91,loot_res,1974,44080,2026-10-02
1577537940,Violence92,loot_res,1975,43931,2026-09-25
1577286027,Robby431,loot_res,1976,43929,2026-08-31
455448,Unit 01,loot_res,1977,43914,2026-09-24
1577545413,ReePplay,loot_res,1978,43736,2026-09-20
1577547626,Luffy-san,loot_res,1979,43697,2026-10-03
1577505113,Dünnbrettbohrer.,loot_res,1980,43670,2026-10-01
1577542139,vinitoc,loot_res,1981,43591,2026-09-27
9757868,MAXIMUS-02,loot_res,1982,43583,2026-09-22
1577113388,bosenbo,loot_res,1983,43548,2026-09-19
1577436271,ProGamer92,loot_res,1984,43522,2026-10-01
1577258251,zapanek,loot_res,1985,43468,2026-09-12
1576707460,Neoninside,loot_res,1986,43456,2026-09-19
1577547011,PottyTV,loot_res,1987,43370,2026-09-30
1577545470,LokiSSL,loot_res,1988,43360,2026-09-14
1577545388,speedy 87,loot_res,1989,43305,2026-10-03
9448034,odi77,loot_res,1990,43265,2026-09-22
9256749,Thor010,loot_res,1991,43258,2026-09-25
8668581,G-Data 99,loot_res,1992,43106,2026-09-14
1577035106,Hulk30,loot_res,1993,42886,2026-10-03
1577393647,iamingemar,loot_res,1994,42857,2026-09-29
1576462448,inFecTeD-Fox,loot_res,1995,42857,2026-10-03
1577495320,jorge1234,loot_res,1996,42809,2026-10-02
1577455151,Mdansci,loot_res,1997,42809,2026-08-31
1577143315,nikschel,loot_res,1998,42798,2026-09-21
2460140,Lukso,loot_res,1999,42704,2026-09-25
1577546857,Obdycs,loot_res,2000,42598,2026-10-03
1239642,futbolplaya,loot_res,2001,42580,2026-10-03
1577537630,KatapultVerleihOst,loot_res,2002,42497,2026-09-03
1577350456,MCTW,loot_res,2003,42452,2026-09-23
1577356042,jimmiwhopper,loot_res,2004,42294,2026-09-20
1577532050,Powerfloh,loot_res,2005,42268,2026-09-25
1576356553,Doktor,loot_res,2006,42263,2026-09-16
1577547173,finw3,loot_res,2007,42254,2026-09-30
1577412941,Hornet0997,loot_res,2008,42233,2026-10-02
1577284151,MrPaperboy,loot_res,2009,42146,2026-09-19
1576080273,Dom347,loot_res,2010,42132,2026-10-02
1577181310,Bullwerk,loot_res,2011,42113,2026-09-29
1976241,Fusssballer,loot_res,2012,42025,2026-09-26
3130542,Austriapitbull,loot_res,2013,41993,2026-09-12
1577502359,itstschanina,loot_res,2014,41964,2026-09-27
7980586,chilli 90,loot_res,2015,41923,2026-09-21
9292921,Wanderers,loot_res,2016,41908,2026-09-06
1577033389,GulEvek,loot_res,2017,41894,2026-09-17
1577180990,merino,loot_res,2018,41876,2026-09-24
1577504855,KleinerKobolt,loot_res,2019,41851,2026-09-05
1577545863,dummschiss,loot_res,2020,41827,2026-10-01
1576889530,Cysx,loot_res,2021,41744,2026-09-23
1576497434,Ella2412,loot_res,2022,41732,2026-10-02
1577437061,Söör,loot_res,2023,41640,2026-09-24
1576717992,Michaela2002,loot_res,2024,41607,2026-08-29
1577077320,Zaniolo,loot_res,2025,41558,2026-08-30
1577516685,Vanillas,loot_res,2026,41550,2026-09-08
1577538108,Bigos,loot_res,2027,41539,2026-09-11
858526,schuschei,loot_res,2028,41521,2026-09-28
1577544524,6Tim6,loot_res,2029,41448,2026-10-03
1577327609,Mactzer,loot_res,2030,41415,2026-09-27
1577537338,ThiloAnno1984,loot_res,2031,41412,2026-09-11
1577540089,Androxon,loot_res,2032,41283,2026-09-24
454627,tzZe,loot_res,2033,41280,2026-09-10
1577544469,Marellart,loot_res,2034,41273,2026-09-05
1577229463,charlie64,loot_res,2035,41248,2026-09-18
9185657,dr0genhund,loot_res,2036,41210,2026-10-03
1577397211,Dezzys1994,loot_res,2037,41209,2026-09-04
9099325,ulibulli,loot_res,2038,41199,2026-09-14
1577512465,Überseespezialist,loot_res,2039,41180,2026-09-29
1577440973,Elfen,loot_res,2040,41178,2026-09-12
1576183154,Halleiner König,loot_res,2041,41136,2026-09-26
1577056538,LordMico,loot_res,2042,41080,2026-09-02
9521725,k1nqk0rq,loot_res,2043,41034,2026-10-01
1577541408,Lord Bremen,loot_res,2044,41015,2026-09-29
1577545224,mull92,loot_res,2045,40958,2026-09-20
1577543212,Ezzendro,loot_res,2046,40938,2026-08-29
1577395864,Sam Nujoma,loot_res,2047,40823,2026-09-14
1577107541,MaBaker,loot_res,2048,40763,2026-08-28
1577522183,Lammii,loot_res,2049,40742,2026-09-04
1576179409,zbnjr3b6,loot_res,2050,40724,2026-09-23
1577543742,Boob,loot_res,2051,40688,2026-10-02
1577545647,Chrissn,loot_res,2052,40661,2026-10-03
1577487956,Tevilein,loot_res,2053,40552,2026-09-10
1577300179,DEFCON 1,loot_res,2054,40501,2026-10-02
1577075090,Fendtinator,loot_res,2055,40458,2026-09-20
1577449590,Obstlord,loot_res,2056,40420,2026-09-24
8059172,kendo01,loot_res,2057,40405,2026-09-20
1577444111,Playaaa2509,loot_res,2058,40398,2026-08-31
1650546,gunnar11,loot_res,2059,40357,2026-10-03
1479250,King Maximus1,loot_res,2060,40300,2026-09-16
1577545697,Z3R0X,loot_res,2061,40209,2026-09-22
2220214,Japo1,loot_res,2062,40162,2026-09-19
1113238,schnapsnasenhai,loot_res,2063,40159,2026-09-27
1576699503,xFaustx,loot_res,2064,40118,2026-09-08
1577397622,DonQuillus,loot_res,2065,40080,2026-09-30
10007877,wuze,loot_res,2066,40071,2026-09-20
1577413927,Mattl Gande,loot_res,2067,40068,2026-09-18
1577385998,Dani2011,loot_res,2068,40053,2026-09-20
1577543086,LekkerBierje,loot_res,2069,40000,2026-09-12
1577548222,FroZzenSurfer,loot_res,2070,39996,2026-10-03
1577536791,Jakob4109,loot_res,2071,39951,2026-09-07
9853713,LordMick,loot_res,2072,39947,2026-10-02
1577047091,HardcoreSuchti,loot_res,2073,39918,2026-09-25
1577148956,Namless,loot_res,2074,39891,2026-09-01
1577547069,Donvindon,loot_res,2075,39870,2026-10-02
9387446,königlennard1,loot_res,2076,39858,2026-09-30
1577518171,MarekDerErste,loot_res,2077,39844,2026-09-11
10213641,Libuda64,loot_res,2078,39844,2026-09-30
1577546365,Peppo86,loot_res,2079,39805,2026-09-27
2049553,Ak7i7ra,loot_res,2080,39800,2026-10-01
1577240807,A s p e C t,loot_res,2081,39728,2026-08-31
2642692,Amydala32,loot_res,2082,39660,2026-09-24
1577397857,Metzgerrudi,loot_res,2083,39580,2026-09-05
1577545267,Nucle4r,loot_res,2084,39573,2026-10-03
1577045351,ellinger,loot_res,2085,39551,2026-10-03
9700469,ThoraldRagnarsson,loot_res,2086,39493,2026-09-15
1577268028,Svantjevit,loot_res,2087,39397,2026-10-03
1577137838,Konan der Barbar,loot_res,2088,39388,2026-09-10
1577129652,der toni,loot_res,2089,39376,2026-09-17
1577311314,kolla,loot_res,2090,39319,2026-09-07
1575914865,CrazyTyp,loot_res,2091,39303,2026-09-18
9970109,man566,loot_res,2092,39235,2026-09-13
1577521738,Hillerinhooo,loot_res,2093,39201,2026-09-02
1577546512,MoveMove,loot_res,2094,39115,2026-09-30
194641,DarkRider 1,loot_res,2095,39089,2026-09-20
1577358840,Klassenkasper,loot_res,2096,39087,2026-08-31
1577501604,Bastiidstein85,loot_res,2097,39080,2026-10-03
1577544619,Chris09,loot_res,2098,39057,2026-10-03
2241644,ulanbator,loot_res,2099,39043,2026-09-18
1577542411,Felix17,loot_res,2100,38990,2026-09-13
1577535592,patrick93,loot_res,2101,38979,2026-09-28
1577539364,Basher gesucht?,loot_res,2102,38901,2026-09-17
1576730854,Einzylinder,loot_res,2103,38834,2026-09-17
1577464970,Redbulljunkie,loot_res,2104,38818,2026-09-25
9073284,Tsubasa95,loot_res,2105,38735,2026-09-10
1577546564,badferl,loot_res,2106,38696,2026-09-20
1577486006,InSlumber,loot_res,2107,38675,2026-09-13
1576620519,ASRTomi,loot_res,2108,38660,2026-09-22
10189407,Reibekuchen,loot_res,2109,38637,2026-10-01
8253419,ToTo0O0oT,loot_res,2110,38619,2026-09-07
9883742,luchse,loot_res,2111,38600,2026-09-03
1577542930,SünnetciOg,loot_res,2112,38510,2026-10-03
1577376576,Dark Storm,loot_res,2113,38482,2026-09-17
1576902492,LeiderGeil,loot_res,2114,38450,2026-09-26
1577543755,Biervernichter,loot_res,2115,38418,2026-09-10
1576369173,Silver Surver,loot_res,2116,38353,2026-09-21
9501224,GräfinOl,loot_res,2117,38353,2026-08-29
1577360664,Schroffi,loot_res,2118,38314,2026-09-12
1577546766,Biertrinker385,loot_res,2119,38299,2026-10-03
1577528437,SirAlaric,loot_res,2120,38274,2026-09-19
1577104559,FrancoGlarus,loot_res,2121,38272,2026-09-29
1576448982,Checker.j,loot_res,2122,38232,2026-09-13
2566327,Jani444,loot_res,2123,38199,2026-09-28
8017942,worry69,loot_res,2124,38170,2026-09-06
1577334704,senpaiego,loot_res,2125,38097,2026-10-03
1577446804,Stammdre,loot_res,2126,38067,2026-09-12
1577511040,Gaibu,loot_res,2127,37990,2026-09-22
1577546211,MicKQuinty,loot_res,2128,37982,2026-09-24
1577445236,Schnurzelhuber,loot_res,2129,37955,2026-09-26
1577547118,Jon Der Misanthrop,loot_res,2130,37844,2026-10-02
1577465548,Furnoctis,loot_res,2131,37809,2026-09-06
1577406443,lafofi,loot_res,2132,37692,2026-09-21
1576937737,sachse72,loot_res,2133,37682,2026-10-03
1577164549,salz1,loot_res,2134,37520,2026-09-09
1577537938,Lord Walki,loot_res,2135,37398,2026-09-02
8051260,boschtler,loot_res,2136,37382,2026-09-24
46212,Ragewear,loot_res,2137,37326,2026-09-26
1577408275,chrisire1,loot_res,2138,37272,2026-09-22
1577520206,Stamm,loot_res,2139,37213,2026-09-29
1577351899,kugelblitz02,loot_res,2140,37092,2026-09-18
1577133696,Soldierofdeath,loot_res,2141,36980,2026-10-02
8663038,Rondorfer Jung,loot_res,2142,36974,2026-10-01
1577202434,Matthew144,loot_res,2143,36816,2026-09-18
1577501579,Chones,loot_res,2144,36731,2026-08-29
1577533964,Hitox3,loot_res,2145,36633,2026-09-26
1577542451,19Lion88,loot_res,2146,36608,2026-09-27
1577546153,AOSKing3,loot_res,2147,36596,2026-09-20
9569646,dieter2808,loot_res,2148,36579,2026-09-12
1577545102,Gast545102,loot_res,2149,36578,2026-09-11
1577314621,VeniiVidiiVicii,loot_res,2150,36560,2026-10-03
1577500212,Kain Morgen,loot_res,2151,36546,2026-09-20
1577542395,KönigLöwenherz,loot_res,2152,36522,2026-09-23
1577408106,VitaZz97,loot_res,2153,36510,2026-09-19
8894996,1Troll,loot_res,2154,36443,2026-10-01
1577508314,NASCHA RUSCHA,loot_res,2155,36442,2026-10-02
10163603,LUMPILORD,loot_res,2156,36426,2026-10-02
1577461836,fightclub76,loot_res,2157,36361,2026-09-25
1577364053,Than-cred,loot_res,2158,36347,2026-09-29
1577519316,Hoodking,loot_res,2159,36327,2026-08-31
1577547067,Kremil,loot_res,2160,36321,2026-09-29
1577234701,Sir Gregor Clegane,loot_res,2161,36303,2026-10-02
1577460551,Ethold,loot_res,2162,36289,2026-09-18
1577524255,Sackgesicht0,loot_res,2163,36288,2026-09-11
1575928808,Salvatrucha7,loot_res,2164,36194,2026-09-23
9956736,Skorpion71,loot_res,2165,36064,2026-10-02
3274619,Mimose11,loot_res,2166,36033,2026-09-19
1577381110,Konz,loot_res,2167,36030,2026-09-13
1577496330,Wuupii,loot_res,2168,35980,2026-09-06
1577546558,SchorschDieEule,loot_res,2169,35870,2026-09-30
1577455538,Der Terror,loot_res,2170,35756,2026-09-06
1577130115,Spiffy27,loot_res,2171,35619,2026-10-02
1577506598,kAder1337,loot_res,2172,35614,2026-09-14
1577545853,Johnboyy,loot_res,2173,35612,2026-09-24
1577545807,NisaKimosabe,loot_res,2174,35536,2026-09-19
1577546848,Gast546848,loot_res,2175,35509,2026-10-01
10268214,Blumenhüter,loot_res,2176,35456,2026-10-03
8997736,Kompei13,loot_res,2177,35447,2026-09-28
1577451673,Der Bert,loot_res,2178,35447,2026-09-24
1577538083,jrensch1933,loot_res,2179,35415,2026-09-25
1109602,totodami,loot_res,2180,35405,2026-09-05
1577053574,Cryzoa,loot_res,2181,35353,2026-09-16
1577195098,RSPSOG,loot_res,2182,35269,2026-09-03
1577532654,Tenebri,loot_res,2183,35249,2026-09-14
8977264,Br0k3nRuLeZ,loot_res,2184,35222,2026-09-10
9076037,Zappenduster64,loot_res,2185,35144,2026-10-02
1577150723,Wanna Play?,loot_res,2186,34940,2026-09-23
1577512980,Intervontinder,loot_res,2187,34917,2026-09-10
9420921,xXxBomber96xXX,loot_res,2188,34902,2026-09-19
1577325320,Odin1996,loot_res,2189,34882,2026-09-15
1576173553,raukada,loot_res,2190,34830,2026-09-28
1577546287,BerlinKorps,loot_res,2191,34766,2026-09-24
2216242,sparti andreas,loot_res,2192,34713,2026-09-27
1577483845,Senju Wakasa,loot_res,2193,34687,2026-09-25
9864164,SNIPxxxR,loot_res,2194,34667,2026-09-03
1577123178,Kuno130,loot_res,2195,34625,2026-09-26
9322215,MaxHSV1996,loot_res,2196,34562,2026-09-25
1576662455,colege,loot_res,2197,34471,2026-09-25
2671317,Kle-92,loot_res,2198,34402,2026-10-03
1577483702,Feuerdolch,loot_res,2199,34306,2026-09-25
1577542011,Erbsensammler,loot_res,2200,34302,2026-09-19
1577357856,NIKODEMUS,loot_res,2201,34297,2026-10-02
1576805404,Shazar47,loot_res,2202,34271,2026-09-30
556673,Cyberdominik,loot_res,2203,34213,2026-09-01
9509555,MI-MI,loot_res,2204,34211,2026-09-06
1577547006,sele,loot_res,2205,34148,2026-09-30
1577423955,LuCo,loot_res,2206,34138,2026-09-29
1577136480,davevid96,loot_res,2207,34134,2026-10-03
1576654981,Lord skippy,loot_res,2208,34056,2026-09-20
1577416226,ThorTyrion,loot_res,2209,33960,2026-09-15
9550292,feldi68,loot_res,2210,33912,2026-09-27
1577387679,gismo2019,loot_res,2211,33869,2026-10-03
2741812,Dragon Burg,loot_res,2212,33863,2026-09-22
1577332056,Nate96,loot_res,2213,33856,2026-10-03
1577499517,Bobi0815,loot_res,2214,33854,2026-09-27
253790,OBIS,loot_res,2215,33708,2026-09-24
1577332997,Marcix33,loot_res,2216,33625,2026-09-25
1577501337,gregorbr,loot_res,2217,33548,2026-10-03
2376637,Zwockel20,loot_res,2218,33492,2026-09-27
1577422981,The Marshall,loot_res,2219,33454,2026-09-17
1577544432,usgZombie,loot_res,2220,33428,2026-09-12
1577283400,BlueBird,loot_res,2221,33419,2026-09-03
1577546568,farmer2020,loot_res,2222,33353,2026-10-03
1577518132,Lord-WK,loot_res,2223,33349,2026-09-16
1577546016,hammer0100,loot_res,2224,33264,2026-10-01
1577540512,Wanderer,loot_res,2225,33166,2026-09-30
1576280685,Whitenose,loot_res,2226,33157,2026-09-19
10040927,Herzog-Stiffler,loot_res,2227,33100,2026-09-10
1577111565,Megatron,loot_res,2228,33095,2026-09-24
1577545759,Kingarthur 45,loot_res,2229,33088,2026-09-26
1577239282,KayOby,loot_res,2230,33069,2026-09-01
1577394079,Massa,loot_res,2231,33051,2026-10-01
1577545296,Don cem,loot_res,2232,33041,2026-09-26
1577548205,Zentrum des Wahnsinns,loot_res,2233,33032,2026-10-03
1576873095,ph97,loot_res,2234,32999,2026-09-09
1576613041,GrubeAxt93,loot_res,2235,32990,2026-09-22
1577493520,mesutbeutlin,loot_res,2236,32877,2026-10-01
8499874,Mad Maxi,loot_res,2237,32857,2026-10-03
1576079416,Handel und Gretel,loot_res,2238,32821,2026-09-19
1576635644,lovelesssemmel,loot_res,2239,32814,2026-09-22
1575914969,Lord DAFABI,loot_res,2240,32810,2026-09-23
1577542040,MEDUZAFACE,loot_res,2241,32778,2026-09-02
10291874,wanield,loot_res,2242,32749,2026-09-27
1577544186,Morf,loot_res,2243,32651,2026-10-02
1577526879,Tawdry,loot_res,2244,32637,2026-09-15
7690653,Apocalyptimus,loot_res,2245,32626,2026-09-28
1577444440,Viki3000,loot_res,2246,32625,2026-09-19
1577546455,Tschule92,loot_res,2247,32600,2026-10-01
1576940959,Bege1202,loot_res,2248,32587,2026-09-09
1577548083,Tanakkah,loot_res,2249,32583,2026-10-03
1577505797,LordFrosch,loot_res,2250,32572,2026-09-28
1577547957,Zuckerzusatz,loot_res,2251,32559,2026-10-02
8836591,Valkyren,loot_res,2252,32535,2026-09-13
1577537102,klappstuhl28,loot_res,2253,32507,2026-09-23
1577546371,DerBärenBube92,loot_res,2254,32490,2026-10-01
1356874,Panda66,loot_res,2255,32436,2026-10-02
1577175835,basde96,loot_res,2256,32425,2026-09-11
1577533821,H3lium,loot_res,2257,32414,2026-09-02
1577502503,dick.tator,loot_res,2258,32411,2026-09-29
8282453,soana001,loot_res,2259,32368,2026-09-05
1577542932,TobbyTobsen37,loot_res,2260,32259,2026-09-11
1577545465,Khalisi,loot_res,2261,32231,2026-09-25
1576706274,omgkeinname,loot_res,2262,32122,2026-09-30
1576691820,Itz ALL Ogre now,loot_res,2263,32095,2026-09-23
3020287,ORMEN,loot_res,2264,32050,2026-09-12
1577153617,Cronos,loot_res,2265,31966,2026-09-29
1577537248,Nigel91,loot_res,2266,31959,2026-09-26
1577543941,Lingen2023,loot_res,2267,31933,2026-09-17
1577548047,MikeALux,loot_res,2268,31926,2026-10-03
1575932674,spaudi,loot_res,2269,31924,2026-09-21
10228790,Melkor10,loot_res,2270,31852,2026-09-09
1577546207,Jägermeister90,loot_res,2271,31835,2026-09-22
1577431840,Kruse,loot_res,2272,31811,2026-10-03
1577546941,Lukas194,loot_res,2273,31783,2026-10-02
1576856634,büchele-der-33,loot_res,2274,31705,2026-10-01
1577538693,Winus,loot_res,2275,31680,2026-10-01
9743622,Z3rst03r3r,loot_res,2276,31646,2026-09-25
1577342313,Weedstar510,loot_res,2277,31630,2026-09-11
9671885,ICH gott DU nichts,loot_res,2278,31613,2026-09-23
1577249881,zeimmen,loot_res,2279,31581,2026-10-02
1577485392,Hotti11,loot_res,2280,31574,2026-09-22
1577519304,Harold689,loot_res,2281,31570,2026-10-01
1577545890,jhb98,loot_res,2282,31560,2026-10-03
1577546953,Wassermelone991,loot_res,2283,31460,2026-10-03
1577402028,Marcus Aurelius,loot_res,2284,31419,2026-09-24
1577510683,sammy the king,loot_res,2285,31392,2026-09-23
1577163180,Rofa TTN,loot_res,2286,31354,2026-09-21
1577424267,Knipser1987,loot_res,2287,31253,2026-09-10
1577522385,Dr Schulle,loot_res,2288,31218,2026-09-10
1576812784,Tomi1,loot_res,2289,31152,2026-09-30
1382731,Nicola111,loot_res,2290,31106,2026-09-07
1577350677,mastermajo,loot_res,2291,31080,2026-09-06
1577545758,lstrobl,loot_res,2292,31070,2026-10-03
1577328631,holzi1996,loot_res,2293,31057,2026-10-01
1577533940,Derya2208,loot_res,2294,31020,2026-09-13
1492908,Indianola,loot_res,2295,30999,2026-09-28
1577451587,Pat885,loot_res,2296,30990,2026-10-01
8251401,Caprylic,loot_res,2297,30947,2026-09-30
1989819,Endless21,loot_res,2298,30909,2026-09-13
1577537029,MrDNobody98,loot_res,2299,30777,2026-09-07
1577267275,Fenox,loot_res,2300,30749,2026-09-07
9934088,shad3r,loot_res,2301,30686,2026-09-25
1601449,xesar,loot_res,2302,30681,2026-09-08
8743574,ole86,loot_res,2303,30651,2026-10-03
1577445881,stormer1337,loot_res,2304,30598,2026-09-30
1728057,Playa Bouys Vernichter,loot_res,2305,30500,2026-09-14
9971029,Herr der Flocken,loot_res,2306,30499,2026-09-19
1577530945,cocoloco,loot_res,2307,30478,2026-09-04
8269450,rutin,loot_res,2308,30440,2026-09-21
1577530224,Ceeth,loot_res,2309,30425,2026-09-13
1576617388,Kaiser Julian I,loot_res,2310,30385,2026-10-03
1577503511,Bearfoot42,loot_res,2311,30376,2026-08-30
1577433923,Okais95,loot_res,2312,30368,2026-09-15
1577538246,Nilssi1996,loot_res,2313,30282,2026-09-06
1577542912,Lord Hartmann,loot_res,2314,30273,2026-10-01
1577329596,Almigurt von Ehrenmann,loot_res,2315,30191,2026-09-19
1577412013,Phil Losoph,loot_res,2316,30160,2026-09-19
2302763,richy2,loot_res,2317,30152,2026-09-11
2148643,Der Ruhige60,loot_res,2318,30025,2026-09-27
7756628,Arthur der neunte,loot_res,2319,30003,2026-09-18
1577449409,Heer der Unterwelt,loot_res,2320,29914,2026-08-30
1577396317,VIDARR,loot_res,2321,29857,2026-08-31
1577273802,Broum,loot_res,2322,29838,2026-09-12
2804029,spielnix,loot_res,2323,29825,2026-09-25
1577348851,Kaiser Franz,loot_res,2324,29597,2026-10-01
1577232018,ereew29,loot_res,2325,29560,2026-09-12
2279625,Herbergsmutter,loot_res,2326,29536,2026-09-19
1576355925,Hesse2008,loot_res,2327,29504,2026-09-19
1577507672,DIE SONNE LACHT,loot_res,2328,29500,2026-10-01
1577422827,SirBrandshire,loot_res,2329,29491,2026-08-29
733755,Donn promillo,loot_res,2330,29434,2026-09-19
1577518407,SoapTastesGood,loot_res,2331,29370,2026-09-11
1577547682,Grünspan,loot_res,2332,29315,2026-09-30
1576664222,Orri,loot_res,2333,29293,2026-08-29
1575878782,Razz0r77,loot_res,2334,29287,2026-10-02
1577544821,mixxer34,loot_res,2335,29286,2026-09-09
1577546045,Gast546045,loot_res,2336,29284,2026-10-02
7668055,EZhome,loot_res,2337,29250,2026-09-17
9988813,Flupjes,loot_res,2338,29235,2026-09-16
1577521102,gigantischkostbarertapir,loot_res,2339,29226,2026-10-03
1577538687,Lord kollege,loot_res,2340,29213,2026-09-16
1577544342,Slapit89,loot_res,2341,29155,2026-09-16
1577304863,mioko,loot_res,2342,29136,2026-08-29
1577545740,pozega95,loot_res,2343,29134,2026-10-01
1577539318,maxit123,loot_res,2344,29106,2026-09-30
1575861527,blackhans,loot_res,2345,29085,2026-09-24
1577544577,Xendogor,loot_res,2346,29078,2026-09-25
1577006245,leroyberlin,loot_res,2347,29044,2026-09-03
1354094,hevi,loot_res,2348,28881,2026-09-06
1577449974,Auryn45,loot_res,2349,28881,2026-09-26
8175470,pelo64,loot_res,2350,28780,2026-09-27
1577546025,DonRobi,loot_res,2351,28775,2026-10-02
7906706,Niklas2710,loot_res,2352,28757,2026-09-27
10070392,Haimenchen,loot_res,2353,28698,2026-09-29
2178609,Schmackos,loot_res,2354,28666,2026-09-09
400157,wobroy,loot_res,2355,28665,2026-09-26
96551,Lord Bergi,loot_res,2356,28637,2026-10-03
9911246,Kortaar,loot_res,2357,28626,2026-10-03
1577502539,heuler,loot_res,2358,28533,2026-10-01
1576826421,Carper,loot_res,2359,28520,2026-09-02
8874350,waldi3,loot_res,2360,28500,2026-10-02
1577546052,acki1965,loot_res,2361,28455,2026-09-28
1577183141,Zeus1972,loot_res,2362,28446,2026-09-19
9367330,POWERblitz100,loot_res,2363,28436,2026-09-07
1577435063,milophil,loot_res,2364,28342,2026-08-29
1577129123,harur 555,loot_res,2365,28342,2026-09-13
1577014194,schneiderb,loot_res,2366,28329,2026-10-03
1577543688,basim,loot_res,2367,28314,2026-09-24
1577370216,tayfoxi,loot_res,2368,28247,2026-10-03
1577401540,Perplex42,loot_res,2369,28222,2026-09-15
1577514769,Rose.M,loot_res,2370,28143,2026-10-02
1577483735,Blackuni,loot_res,2371,28128,2026-09-27
1576717468,reykra,loot_res,2372,28110,2026-09-04
1577545469,Zechlamist,loot_res,2373,28105,2026-10-01
1577303143,robsen3011,loot_res,2374,28083,2026-09-20
1577547629,Firefufu,loot_res,2375,28054,2026-10-02
2254926,Kerstin-der-wolff,loot_res,2376,27971,2026-09-10
1916922,yv77,loot_res,2377,27914,2026-09-04
1577542714,Chaos,loot_res,2378,27908,2026-09-16
689302,saxmut1066,loot_res,2379,27877,2026-09-26
1577545898,RainerWahnsinn,loot_res,2380,27744,2026-09-29
1575851444,Vento1993,loot_res,2381,27705,2026-09-14
8771557,OGVMKA,loot_res,2382,27682,2026-10-01
1576660308,Bob der BowMeister,loot_res,2383,27666,2026-10-03
9256607,xxnightstarxx,loot_res,2384,27662,2026-10-03
1576284555,TeraL,loot_res,2385,27657,2026-09-21
1577545023,Gast545023,loot_res,2386,27657,2026-09-15
1577547871,Bigmann93,loot_res,2387,27599,2026-10-02
1577419434,pistole90,loot_res,2388,27577,2026-09-18
7682250,Jaganott,loot_res,2389,27552,2026-09-04
3411934,Mickey69,loot_res,2390,27500,2026-09-30
9926210,Grisubux,loot_res,2391,27490,2026-09-22
3148113,bloodyface,loot_res,2392,27481,2026-09-17
1576083107,Lord Newcastle,loot_res,2393,27473,2026-09-08
1577419657,Celtic1899,loot_res,2394,27471,2026-09-20
1577347044,Gimoa,loot_res,2395,27401,2026-10-02
1577544414,hagiboy1,loot_res,2396,27372,2026-09-29
2606474,Folwark Illugison,loot_res,2397,27333,2026-09-20
1576344740,drache 07,loot_res,2398,27283,2026-09-22
1575935262,reipser18,loot_res,2399,27274,2026-09-04
1576951932,maxking,loot_res,2400,27263,2026-10-02
2524878,hagtysja,loot_res,2401,27253,2026-09-14
1577546620,ma-ba,loot_res,2402,27239,2026-10-02
1576418916,cowboy08,loot_res,2403,27231,2026-09-24
9101668,Magic Catweazle,loot_res,2404,27177,2026-09-27
2038810,Stellonyus,loot_res,2405,27144,2026-09-28
1577547070,arlac,loot_res,2406,27098,2026-10-03
1577442898,Luder,loot_res,2407,27065,2026-08-31
1576712239,Schattenloch,loot_res,2408,27017,2026-10-02
9592232,Moaddl****,loot_res,2409,26983,2026-09-27
1576898454,pente phrenes,loot_res,2410,26972,2026-09-26
1577461280,iv3s72,loot_res,2411,26900,2026-09-15
1577526089,Freakxx,loot_res,2412,26900,2026-09-15
1577541140,XxQulpaxX,loot_res,2413,26890,2026-09-09
2567982,Fino1963,loot_res,2414,26878,2026-10-01
1577546637,underc0ver,loot_res,2415,26872,2026-09-28
1577425681,Mylord Frank,loot_res,2416,26845,2026-09-22
7776593,Lord Eastwick,loot_res,2417,26842,2026-09-20
1577546078,papa92,loot_res,2418,26822,2026-09-24
9683680,flake45,loot_res,2419,26805,2026-09-28
1577135119,Gasse,loot_res,2420,26748,2026-09-23
9892468,King Conan,loot_res,2421,26742,2026-09-28
1577449383,Ronny Berger,loot_res,2422,26740,2026-10-02
106569,Red_Ice_Dragon,loot_res,2423,26602,2026-09-05
1096027,valentine2,loot_res,2424,26565,2026-09-22
1577456833,cpukiller,loot_res,2425,26526,2026-09-23
1576827772,Mr.Loomy,loot_res,2426,26455,2026-09-27
1577443743,champ95,loot_res,2427,26425,2026-09-30
1577289174,AngelofChaos92,loot_res,2428,26418,2026-09-18
1577542075,Königscobra,loot_res,2429,26389,2026-10-03
1577489820,flo25565,loot_res,2430,26330,2026-09-26
1577506234,Amara,loot_res,2431,26325,2026-09-06
9960037,Boss Xca,loot_res,2432,26295,2026-09-12
3144164,kampfzahn,loot_res,2433,26252,2026-09-18
540087,Alexej23,loot_res,2434,26229,2026-09-08
1576569505,Franzi 96,loot_res,2435,26225,2026-10-01
198161,abudi,loot_res,2436,26191,2026-09-25
1577544583,Schreysn,loot_res,2437,26189,2026-09-02
1668821,pwillrich,loot_res,2438,26150,2026-10-03
1576022646,Goreng I.,loot_res,2439,26147,2026-08-29
9800954,lucky173,loot_res,2440,26087,2026-09-25
1576378335,BasherTime,loot_res,2441,26065,2026-09-08
1577443178,OnkelMaci,loot_res,2442,26042,2026-09-26
1577546164,GX-Land,loot_res,2443,26021,2026-09-26
1577385533,kamade,loot_res,2444,26005,2026-09-16
190628,MasterIllidan,loot_res,2445,25888,2026-08-28
1747473,Master Grisworld,loot_res,2446,25873,2026-10-03
1577278803,xBauarbeiter-,loot_res,2447,25843,2026-08-31
3449925,Hexe Lilly,loot_res,2448,25789,2026-09-30
1576155415,sascha zillenbiller,loot_res,2449,25782,2026-09-26
7624025,yugioh13,loot_res,2450,25758,2026-09-25
1577542913,Inspektor,loot_res,2451,25682,2026-09-02
1577545857,B.Bones,loot_res,2452,25680,2026-09-27
2677727,lucifer08,loot_res,2453,25630,2026-09-06
1577531622,celly2015,loot_res,2454,25584,2026-09-30
2130884,thokem,loot_res,2455,25566,2026-09-29
1577539353,Astrotim,loot_res,2456,25552,2026-09-16
10277944,Buchling,loot_res,2457,25548,2026-09-03
1577546978,gogo69,loot_res,2458,25422,2026-09-28
1577504994,mr.hillo,loot_res,2459,25415,2026-09-12
1577262713,Alex Jost,loot_res,2460,25402,2026-09-27
1577512489,Roland Rebound,loot_res,2461,25390,2026-10-02
3274478,sato75,loot_res,2462,25388,2026-09-18
1577339038,Beowulff93,loot_res,2463,25358,2026-08-31
1577538085,Degadow,loot_res,2464,25275,2026-10-03
1577544682,Pebeth,loot_res,2465,25272,2026-09-06
1577524173,Klosii,loot_res,2466,25237,2026-09-30
1576962937,Raptor Formagie GmbH,loot_res,2467,25215,2026-09-15
1577523352,Kerasus28,loot_res,2468,25146,2026-10-01
9533770,aimmarkx3,loot_res,2469,25123,2026-09-08
1577544058,xZerz,loot_res,2470,25122,2026-09-05
1577429123,powertante,loot_res,2471,25047,2026-09-24
1577372555,Klasmai,loot_res,2472,25046,2026-09-24
9832339,Cowly,loot_res,2473,25043,2026-10-03
1577238546,19stiffler06,loot_res,2474,25016,2026-09-01
1577510412,giannnnii,loot_res,2475,25016,2026-09-10
1577548220,Aoibhin,loot_res,2476,24996,2026-10-03
9904651,Gambeler,loot_res,2477,24990,2026-09-30
1577185700,newman2,loot_res,2478,24988,2026-09-19
1577545504,Mooperman,loot_res,2479,24947,2026-09-19
1577364691,ryomo,loot_res,2480,24837,2026-09-15
1577489572,Ruffy996,loot_res,2481,24815,2026-09-11
8924265,David Ross,loot_res,2482,24815,2026-10-03
1577546927,Lord13,loot_res,2483,24764,2026-09-30
1577546910,verschachtelt,loot_res,2484,24761,2026-09-29
2227947,SengokuSan,loot_res,2485,24756,2026-09-15
1577512450,Kampfkeks87,loot_res,2486,24753,2026-09-12
8726402,Cheguevarra,loot_res,2487,24693,2026-09-25
1577492491,Lord hexor,loot_res,2488,24688,2026-09-27
1577425873,Loom,loot_res,2489,24626,2026-10-03
1577491574,Nicky,loot_res,2490,24563,2026-10-01
1577546300,Gast546300,loot_res,2491,24510,2026-09-29
1577335313,Abber88,loot_res,2492,24502,2026-10-03
1576404408,Azzlackyascha,loot_res,2493,24500,2026-09-24
10055367,Lord gagg,loot_res,2494,24488,2026-09-03
1576031502,Lord Hagen v. Tronje,loot_res,2495,24470,2026-09-11
1577545122,Sir Baumstamm,loot_res,2496,24462,2026-09-12
1577457050,Ch3wbacca1909,loot_res,2497,24461,2026-08-29
10253248,bollitim,loot_res,2498,24458,2026-09-18
8515428,ZZacharias,loot_res,2499,24456,2026-09-26
1577547610,DieGelbeWand1909,loot_res,2500,24453,2026-10-03
2033355,Malleeeee,loot_res,2501,24446,2026-09-27
1577546452,fbttner,loot_res,2502,24434,2026-09-22
1577545499,Schechi,loot_res,2503,24381,2026-10-02
1577503170,Camonte147,loot_res,2504,24339,2026-09-16
1577546089,Alexmagbier,loot_res,2505,24325,2026-09-26
1576658950,Molinari,loot_res,2506,24322,2026-09-12
1577206729,zorro-44-,loot_res,2507,24312,2026-09-28
9213640,Commander Freak,loot_res,2508,24300,2026-09-11
1577548495,gony-gamer,loot_res,2509,24224,2026-10-03
1576528969,kleiner schlumpf,loot_res,2510,24112,2026-10-02
1577354645,Bigfood,loot_res,2511,24100,2026-09-24
1577544221,Königin Nasusa,loot_res,2512,24053,2026-09-24
9088940,yakusa75,loot_res,2513,24052,2026-09-24
1577499786,Gabsi0109,loot_res,2514,24019,2026-09-24
1870481,Fuchs 4,loot_res,2515,24012,2026-10-01
9871136,magnum16,loot_res,2516,23968,2026-09-28
9124434,Eisi-is-back,loot_res,2517,23935,2026-09-22
1576656195,BinNichtDu,loot_res,2518,23881,2026-08-29
1577378576,p00rs0lid,loot_res,2519,23823,2026-09-09
624214,Atariandi,loot_res,2520,23808,2026-09-26
1577544518,Ritter Jamal,loot_res,2521,23789,2026-09-14
1577546376,g4mbl3,loot_res,2522,23764,2026-09-23
1577546355,Garasek,loot_res,2523,23740,2026-10-01
1497019,Sharkmore,loot_res,2524,23708,2026-09-02
1167086,green-girl,loot_res,2525,23640,2026-09-26
549882,GEORG*1,loot_res,2526,23614,2026-09-03
1577129674,DerMüdeJoe,loot_res,2527,23606,2026-09-28
1577396614,Tod83,loot_res,2528,23600,2026-09-23
1577196840,Eisenhart13,loot_res,2529,23595,2026-09-07
1577394053,zuse23,loot_res,2530,23584,2026-09-13
1577493584,Wotan2806,loot_res,2531,23520,2026-09-06
1577503857,Killerhnx,loot_res,2532,23515,2026-09-29
1577519959,YoungYeti,loot_res,2533,23488,2026-09-14
1577547141,Poe-Tato,loot_res,2534,23478,2026-09-28
1643095,burni47,loot_res,2535,23477,2026-09-13
1577058013,*Rantanplan,loot_res,2536,23410,2026-09-26
3472244,Grisu-Krümel,loot_res,2537,23387,2026-09-16
1576486955,Gentian,loot_res,2538,23340,2026-09-15
1577296537,RTW7441,loot_res,2539,23312,2026-09-19
1577335866,Tom Mate,loot_res,2540,23302,2026-10-01
1577492688,Stinkstiefel,loot_res,2541,23243,2026-10-03
1577546356,laptiira,loot_res,2542,23242,2026-10-03
1577539321,Lucas999,loot_res,2543,23241,2026-09-20
1577332496,Kishi,loot_res,2544,23201,2026-09-19
1577517228,TheFlow,loot_res,2545,23124,2026-10-01
1577389439,NoPaaaa,loot_res,2546,23122,2026-09-14
1577417264,Bad Bash,loot_res,2547,23095,2026-09-25
2626221,Mc Richi,loot_res,2548,23080,2026-09-07
1577458642,Täääz,loot_res,2549,23017,2026-09-19
1577546391,Rio9x19,loot_res,2550,22995,2026-09-27
1577544163,Axtfresse,loot_res,2551,22989,2026-09-16
1577525032,drosselbart 2,loot_res,2552,22970,2026-09-13
1577505736,gatzby,loot_res,2553,22961,2026-09-25
2255761,fatboy16,loot_res,2554,22914,2026-09-21
1577546863,Festgefestigt,loot_res,2555,22886,2026-09-29
1576760279,spray,loot_res,2556,22825,2026-09-09
1577076729,papaholger,loot_res,2557,22803,2026-09-19
1577486614,Metty79,loot_res,2558,22790,2026-09-16
1577545531,Kanain,loot_res,2559,22760,2026-09-15
3036004,Ronny X,loot_res,2560,22744,2026-09-29
1577526972,XTw1X,loot_res,2561,22731,2026-09-24
1577305014,Malapopo,loot_res,2562,22675,2026-10-02
1576261740,WeiserMars,loot_res,2563,22635,2026-09-14
1324944,50 Alexander,loot_res,2564,22602,2026-10-03
1577367258,Ladoga,loot_res,2565,22531,2026-10-03
1577503485,Lady JASMIN,loot_res,2566,22485,2026-09-12
1577546640,Fleur05,loot_res,2567,22452,2026-09-28
1577332399,DvornyHorny,loot_res,2568,22440,2026-09-24
1577533697,BiasBiae,loot_res,2569,22412,2026-09-13
1577533483,Runzelnpeter,loot_res,2570,22337,2026-09-16
1576476295,Grawp,loot_res,2571,22279,2026-09-01
1577540734,MiBo6173,loot_res,2572,22254,2026-09-20
803854,Der Rächer 30,loot_res,2573,22200,2026-09-02
1577511178,Hobbygärtner,loot_res,2574,22180,2026-09-29
1577425872,iMAX Fischii,loot_res,2575,22168,2026-09-17
9353440,Freakmate,loot_res,2576,22141,2026-09-07
1577537007,Eggbert88,loot_res,2577,22084,2026-09-09
724234,Neguri,loot_res,2578,22060,2026-09-18
2901348,AnDup,loot_res,2579,22055,2026-09-29
1577318150,Dadahan,loot_res,2580,22006,2026-09-28
1577525996,Moniara de Elyra,loot_res,2581,21991,2026-09-10
1577538973,sawmaster74,loot_res,2582,21979,2026-09-26
9423740,little smily,loot_res,2583,21945,2026-09-16
1410479,Hundertzwölf,loot_res,2584,21941,2026-08-31
1577546973,DaschDaHood,loot_res,2585,21930,2026-10-01
1577525755,Useless,loot_res,2586,21912,2026-09-19
8482049,*Black Eagle*,loot_res,2587,21898,2026-09-01
1576603662,grepkin,loot_res,2588,21885,2026-09-30
1577448877,Kimi,loot_res,2589,21856,2026-09-29
9868021,unioner78,loot_res,2590,21825,2026-09-12
1576343120,RonaldMcDonald,loot_res,2591,21796,2026-10-02
1577291074,Graf Totti,loot_res,2592,21724,2026-09-17
1577517871,clubbaer,loot_res,2593,21689,2026-09-17
1576247077,Ivan13,loot_res,2594,21683,2026-09-25
1576016218,Lord Schwarzbrot,loot_res,2595,21630,2026-10-02
1577452973,Jogy,loot_res,2596,21606,2026-09-22
1577546656,Klingenwolf,loot_res,2597,21564,2026-09-28
1577454410,Dolchgeber,loot_res,2598,21527,2026-10-01
1577538389,superbird,loot_res,2599,21466,2026-09-05
2722276,Jöel,loot_res,2600,21454,2026-09-18
1577443732,Kuddl,loot_res,2601,21399,2026-09-25
9486136,-Alpha-Wolf-,loot_res,2602,21381,2026-09-13
1577546846,lordeagnar,loot_res,2603,21370,2026-10-01
1577419227,Raphi66,loot_res,2604,21338,2026-09-20
9514208,Kohut,loot_res,2605,21294,2026-09-21
1577057044,C I T R U S,loot_res,2606,21289,2026-10-03
1577187912,Yoshi85,loot_res,2607,21218,2026-09-23
1577183423,unique,loot_res,2608,21184,2026-10-02
1577139820,SGBene,loot_res,2609,21184,2026-09-13
1577389144,Mahlzeit,loot_res,2610,21094,2026-10-03
1577546615,Schrotti3000,loot_res,2611,21035,2026-10-02
131441,Lübby,loot_res,2612,21029,2026-10-03
1576055242,Lord Martin 1.,loot_res,2613,21002,2026-09-09
1576888698,MaryLou274,loot_res,2614,20986,2026-09-02
1577538056,Niskat,loot_res,2615,20979,2026-10-02
1576145743,Luffeshunter,loot_res,2616,20969,2026-10-03
1577541153,flo23,loot_res,2617,20967,2026-10-02
1577548238,sco10,loot_res,2618,20950,2026-10-03
1577485194,goodfella93,loot_res,2619,20916,2026-10-03
1940255,pionier18,loot_res,2620,20900,2026-09-23
1576635820,Tom Clancy,loot_res,2621,20872,2026-09-18
1577491153,angelina,loot_res,2622,20862,2026-09-11
1577544212,GreyLord,loot_res,2623,20824,2026-09-24
10093609,Trostlos,loot_res,2624,20787,2026-09-20
8921774,enchantra,loot_res,2625,20737,2026-09-15
1577441645,Goblex Elda,loot_res,2626,20718,2026-10-03
1577382134,alexderbiker,loot_res,2627,20514,2026-10-02
1576752430,Erdbeerkopf,loot_res,2628,20476,2026-09-15
1577486495,Kata17,loot_res,2629,20471,2026-09-27
1577241891,JennyMaus,loot_res,2630,20470,2026-09-25
3201313,hachi23,loot_res,2631,20466,2026-10-03
1577547687,Dr-Treppe,loot_res,2632,20462,2026-10-01
1577546650,O2intox,loot_res,2633,20450,2026-09-27
1577545230,Gast545230,loot_res,2634,20445,2026-09-22
1577547003,Ostarrichi,loot_res,2635,20406,2026-09-29
1577502733,Malta123,loot_res,2636,20390,2026-10-01
1577218615,Joske,loot_res,2637,20388,2026-08-29
518590,Der wahre gamezocker,loot_res,2638,20365,2026-09-29
8355696,Asick,loot_res,2639,20360,2026-09-26
1577523497,Bandit 666,loot_res,2640,20341,2026-09-19
1577467869,Warplayer101p,loot_res,2641,20307,2026-09-16
824029,MoreDreadofother,loot_res,2642,20301,2026-09-13
1577545767,DerrBerti,loot_res,2643,20300,2026-10-02
1577288708,Bahamut,loot_res,2644,20265,2026-08-31
1577528593,Bube53,loot_res,2645,20236,2026-10-01
1577494519,Ejlow,loot_res,2646,20214,2026-08-30
1577295106,trickpat,loot_res,2647,20201,2026-09-24
1577528935,kr0uuNz,loot_res,2648,20196,2026-09-17
1211,amigote,loot_res,2649,20191,2026-09-08
1577424025,RaPo,loot_res,2650,20103,2026-09-12
1577547018,Rostimann,loot_res,2651,20094,2026-09-30
9293195,Crasy-Monkey,loot_res,2652,20067,2026-10-03
1577495490,T1n0,loot_res,2653,20029,2026-09-10
1576464486,Warriors 1,loot_res,2654,20000,2026-09-30
1577502504,Panzerschmied,loot_res,2655,20000,2026-09-22
1577525383,Herrje.161,loot_res,2656,19961,2026-08-31
1577546104,MR A1mAssist,loot_res,2657,19951,2026-09-30
1577514457,Zweinbecker,loot_res,2658,19944,2026-09-24
1577496166,Suellke,loot_res,2659,19939,2026-09-13
1577547128,Kielsen,loot_res,2660,19929,2026-09-30
919250,Jamiez,loot_res,2661,19910,2026-09-23
1577545368,Funkypredator,loot_res,2662,19903,2026-09-22
3019681,Sennerin,loot_res,2663,19798,2026-09-20
1577545252,Phil98,loot_res,2664,19788,2026-09-19
1956243,nistor,loot_res,2665,19747,2026-09-08
1577538377,alter Ketzer,loot_res,2666,19726,2026-09-29
1577527821,Nocrashnoob,loot_res,2667,19720,2026-09-22
8863692,Xenon IV,loot_res,2668,19674,2026-09-30
1577311432,Ap19942012,loot_res,2669,19670,2026-09-12
1576138691,DieGallier,loot_res,2670,19668,2026-09-29
1577062261,.Kekshandel,loot_res,2671,19667,2026-10-02
9992670,crazzo1,loot_res,2672,19661,2026-09-10
168739,RobQ,loot_res,2673,19653,2026-09-18
1577009556,Bengser,loot_res,2674,19575,2026-09-04
1577369720,Da bin ich,loot_res,2675,19572,2026-09-27
1577310424,Olixer,loot_res,2676,19541,2026-09-24
1577543420,Plankt0n,loot_res,2677,19536,2026-09-04
1577547012,Gast547012,loot_res,2678,19525,2026-09-26
1577547607,Erdmann69,loot_res,2679,19464,2026-10-01
1577544852,TheGraaf,loot_res,2680,19455,2026-09-18
2926315,Gameforum,loot_res,2681,19417,2026-09-02
3303973,daniel2144,loot_res,2682,19406,2026-10-03
1575940519,Oger1991,loot_res,2683,19389,2026-09-21
1577546862,KaffeeInDerTeetasse,loot_res,2684,19383,2026-09-28
1576959656,HHS Hugo,loot_res,2685,19365,2026-09-12
1577243394,Fyror,loot_res,2686,19365,2026-09-26
1577341788,MiniFU,loot_res,2687,19288,2026-09-25
1577421183,Itachi-Sasuke,loot_res,2688,19288,2026-09-26
8006337,stri-72,loot_res,2689,19282,2026-09-24
1577455681,AdelTawil,loot_res,2690,19256,2026-09-10
1577527233,Al Sahir,loot_res,2691,19248,2026-10-03
1577545031,Scryx,loot_res,2692,19217,2026-09-07
1577200172,Fuchs1996,loot_res,2693,19202,2026-09-12
239493,colonist,loot_res,2694,19150,2026-08-31
1577402162,Grandlhuaba,loot_res,2695,19123,2026-09-26
1576272155,Yavila,loot_res,2696,19089,2026-09-04
1577433579,Daaei,loot_res,2697,18985,2026-08-29
8156505,Lola05,loot_res,2698,18978,2026-09-19
1577546110,Bifteky,loot_res,2699,18960,2026-09-27
885891,CHR!S1988,loot_res,2700,18943,2026-08-31
1577245974,JoJaDa0815,loot_res,2701,18939,2026-10-03
1577546030,Golem5000,loot_res,2702,18879,2026-09-29
1577544243,Gast544243,loot_res,2703,18856,2026-09-15
1577540018,BozkurtunGözü,loot_res,2704,18810,2026-09-17
1577348017,Arl Eamon,loot_res,2705,18801,2026-10-03
1577545462,Dalben,loot_res,2706,18801,2026-09-13
8743494,Lotterjan,loot_res,2707,18791,2026-09-11
1884528,holzbob und co2,loot_res,2708,18780,2026-10-03
1577523657,RR12,loot_res,2709,18775,2026-09-21
9437130,Kirschkönik reloaded,loot_res,2710,18746,2026-08-30
1577392073,Sioux,loot_res,2711,18736,2026-09-11
1575955688,rupple,loot_res,2712,18732,2026-09-08
1902642,King-Kenan,loot_res,2713,18732,2026-09-14
1577332569,KingGenetik,loot_res,2714,18724,2026-09-29
1577542910,ZZ77,loot_res,2715,18710,2026-09-13
1577544901,spoflo,loot_res,2716,18652,2026-09-13
8850243,Thomax56,loot_res,2717,18610,2026-09-24
1577437045,NK79,loot_res,2718,18607,2026-09-10
1577509752,antonaustirol,loot_res,2719,18599,2026-09-28
9926069,Son of Anarchy,loot_res,2720,18579,2026-09-29
1577545920,killerplautze174,loot_res,2721,18562,2026-09-29
1577273674,PfeifiAUT,loot_res,2722,18514,2026-09-18
1577219394,Netox,loot_res,2723,18475,2026-09-13
1577266271,Fabrice1993,loot_res,2724,18459,2026-09-30
1577248732,Thor25,loot_res,2725,18430,2026-09-18
1577380706,Rami481,loot_res,2726,18375,2026-09-24
1577543875,Crezcendo,loot_res,2727,18371,2026-09-11
1577546063,Charles XII,loot_res,2728,18356,2026-09-19
1577544993,SleepyNinja,loot_res,2729,18337,2026-09-22
1577289708,KloFisch,loot_res,2730,18295,2026-10-02
1577355782,Loris1904,loot_res,2731,18282,2026-08-30
8745455,Meliandra,loot_res,2732,18261,2026-09-29
1577544942,fabi987733,loot_res,2733,18254,2026-09-13
1577353891,Der Wüstenfuchs,loot_res,2734,18246,2026-09-05
1577546054,Lalin,loot_res,2735,18202,2026-09-24
10261171,Kisshu Papaiordanis,loot_res,2736,18199,2026-09-28
1576057874,BrianherodesJunior,loot_res,2737,18187,2026-10-03
313901,Malekith,loot_res,2738,18164,2026-09-26
1576892184,Flashbeam,loot_res,2739,18088,2026-09-12
1576457095,vize23,loot_res,2740,18084,2026-09-11
986329,NoArch,loot_res,2741,18064,2026-09-25
1577322983,iGetMeOut,loot_res,2742,18057,2026-10-03
1576420299,SiRiUsTm,loot_res,2743,18045,2026-09-17
2927517,Diemacht1,loot_res,2744,17997,2026-09-27
1577494463,DISC0VERY,loot_res,2745,17983,2026-09-17
1577381129,Ghost1609,loot_res,2746,17983,2026-10-02
1577544439,Gast544439,loot_res,2747,17911,2026-09-12
1576956198,Marion1,loot_res,2748,17906,2026-09-03
8313953,Seargent1,loot_res,2749,17869,2026-09-26
1577536630,AmoreVero,loot_res,2750,17751,2026-09-29
2793200,Lars der Eisbaer,loot_res,2751,17750,2026-09-30
1577539095,Polizeiruf112,loot_res,2752,17737,2026-09-30
10047033,odinsherr,loot_res,2753,17736,2026-08-29
1577096307,Konrad der Salier,loot_res,2754,17732,2026-09-01
2813519,screamhert,loot_res,2755,17680,2026-09-29
1577493131,FreundlicherRentner,loot_res,2756,17645,2026-08-29
1577500093,MH9plus,loot_res,2757,17645,2026-09-14
1577547054,Bruch67,loot_res,2758,17610,2026-10-03
1577334646,House Targaryen,loot_res,2759,17590,2026-10-02
7780487,MHL1,loot_res,2760,17560,2026-09-25
1577544791,Wala,loot_res,2761,17549,2026-09-26
1577355633,Bierhefe,loot_res,2762,17516,2026-09-09
174728,M@dm@x,loot_res,2763,17474,2026-09-12
1577545085,AlphaCentauri,loot_res,2764,17463,2026-09-23
1577546566,ThunderStormxX,loot_res,2765,17450,2026-09-30
259525,der zocker,loot_res,2766,17448,2026-09-20
1577466235,GeneralMark,loot_res,2767,17430,2026-09-30
1577546809,Flunky01,loot_res,2768,17425,2026-09-27
1577544182,Argyle71,loot_res,2769,17395,2026-09-22
1577380788,mn.xne,loot_res,2770,17394,2026-09-30
1576804770,Geilomat,loot_res,2771,17393,2026-08-31
947376,bigboy01,loot_res,2772,17388,2026-09-12
1576310930,eastwarmaster,loot_res,2773,17358,2026-10-03
1577504761,Oberst,loot_res,2774,17326,2026-09-11
1211055,Cataleya1,loot_res,2775,17297,2026-09-13
1577539581,Eren Jäger,loot_res,2776,17235,2026-09-21
1577536213,Niklas0102,loot_res,2777,17233,2026-09-21
1576577871,xInfamous,loot_res,2778,17207,2026-09-25
1577336016,axel.schweiss,loot_res,2779,17186,2026-09-30
1576266099,Marthel12,loot_res,2780,17177,2026-09-09
10171558,tgvwerio,loot_res,2781,17171,2026-09-04
1577544007,Lord NachtSchatten,loot_res,2782,17164,2026-09-25
1577542461,Dominik4712,loot_res,2783,17164,2026-09-14
1577502804,chrissichris,loot_res,2784,17152,2026-10-03
1577098185,Sakura,loot_res,2785,17149,2026-09-27
1577487787,Flamme,loot_res,2786,17148,2026-08-31
1577495418,Saralina,loot_res,2787,17123,2026-10-03
2865875,flying-man,loot_res,2788,17120,2026-09-18
1577546732,ffcbr,loot_res,2789,17105,2026-09-25
1577545517,Renemar,loot_res,2790,17084,2026-10-02
1577533205,WamboDu,loot_res,2791,17025,2026-09-26
1577126254,PlayBoyTommy,loot_res,2792,17023,2026-09-10
7954330,Ritter ohne Mut,loot_res,2793,17019,2026-08-29
1577365652,Waldschrat,loot_res,2794,17013,2026-10-01
1577545253,Deranz,loot_res,2795,17002,2026-09-11
1576886455,Headshot80y,loot_res,2796,16984,2026-08-30
1577528820,Xiphoss,loot_res,2797,16952,2026-09-10
1577304768,Alex1970,loot_res,2798,16926,2026-09-30
1577113456,King-Cold93,loot_res,2799,16917,2026-10-03
1577123159,Rocs,loot_res,2800,16908,2026-10-02
1577446349,schnuffihund,loot_res,2801,16897,2026-09-18
1180286,bigking1,loot_res,2802,16867,2026-09-21
1577313616,ski123,loot_res,2803,16854,2026-09-02
1577505545,Fliesenhütte,loot_res,2804,16843,2026-09-23
10026606,FAiRNiS,loot_res,2805,16832,2026-10-01
8468592,FANKY III,loot_res,2806,16822,2026-10-03
1577497717,BlueTempler,loot_res,2807,16812,2026-08-31
1576827798,KevinRota,loot_res,2808,16800,2026-10-03
1577408728,Fabslx12,loot_res,2809,16737,2026-09-02
1587999,lucky0211,loot_res,2810,16711,2026-09-30
9323669,fmp1968,loot_res,2811,16707,2026-09-25
1577457583,Tylarr,loot_res,2812,16702,2026-08-29
1577547110,Myztery,loot_res,2813,16680,2026-09-28
1153440,FRAH,loot_res,2814,16636,2026-09-05
767514,Suse1979,loot_res,2815,16615,2026-09-23
1577498745,tüta,loot_res,2816,16578,2026-10-01
1577399238,semtex,loot_res,2817,16515,2026-09-27
1577545323,Stämmephibs,loot_res,2818,16444,2026-09-22
1577510882,Youkof,loot_res,2819,16440,2026-09-28
1577384906,nopsess,loot_res,2820,16430,2026-09-25
1577404904,moZ.Art,loot_res,2821,16396,2026-10-03
1577546140,KHRY,loot_res,2822,16389,2026-09-22
60416,Skally,loot_res,2823,16360,2026-09-25
1577538698,Lord Fetzy,loot_res,2824,16359,2026-08-30
1576338327,Mr.Smiht,loot_res,2825,16354,2026-10-01
1576651382,hase61,loot_res,2826,16303,2026-09-27
1577544415,Dönerbudendiemo,loot_res,2827,16271,2026-09-05
1577429630,rfrahry,loot_res,2828,16258,2026-10-03
9532782,Jupiter2512,loot_res,2829,16252,2026-09-19
1577408612,Ralph1983,loot_res,2830,16237,2026-09-06
1577466267,Matti18,loot_res,2831,16236,2026-09-20
9855390,Dontworry,loot_res,2832,16233,2026-10-03
229943,eisbear,loot_res,2833,16222,2026-10-02
1577544695,Ookev,loot_res,2834,16173,2026-09-08
3074049,Alexa555,loot_res,2835,16163,2026-10-02
1577250846,Gumble1983,loot_res,2836,16150,2026-09-22
1577160178,*Dauerblau*,loot_res,2837,16129,2026-10-02
2128250,Michael73,loot_res,2838,16126,2026-10-03
1577545663,Der Diexer,loot_res,2839,16117,2026-09-15
1577503060,pantauli,loot_res,2840,16116,2026-10-02
8288900,MikeDragon,loot_res,2841,16113,2026-09-01
1577181077,RomanBalboaGk,loot_res,2842,16104,2026-09-02
1577368250,kami163,loot_res,2843,16095,2026-09-30
1520704,Andy2905,loot_res,2844,16081,2026-08-29
9813370,Anonym,loot_res,2845,16042,2026-09-27
1577149615,Lord Ernir,loot_res,2846,16035,2026-09-12
1577334599,xmorromx,loot_res,2847,16034,2026-08-31
1577380860,phil2305,loot_res,2848,16008,2026-10-01
1577496597,erich553,loot_res,2849,15994,2026-09-30
1577499999,marmadropula,loot_res,2850,15992,2026-10-03
1577541492,Puffbohne,loot_res,2851,15978,2026-09-27
1577338605,Sellinger Gr,loot_res,2852,15933,2026-09-27
1577548084,Wolfgyone,loot_res,2853,15913,2026-10-03
1577515681,Mundharmonika,loot_res,2854,15893,2026-09-20
9585439,Warhead92,loot_res,2855,15772,2026-09-14
1577539175,KingKiff,loot_res,2856,15767,2026-10-01
1576920235,König Noah,loot_res,2857,15716,2026-09-23
1577545030,Sebel,loot_res,2858,15706,2026-09-21
9190818,Black-DragonKnight,loot_res,2859,15677,2026-10-03
1577305275,Bluebull,loot_res,2860,15671,2026-09-18
1577545830,ummattaka,loot_res,2861,15660,2026-09-18
1577510325,K. O. Nig,loot_res,2862,15638,2026-09-11
1577543750,BruderBraun,loot_res,2863,15625,2026-09-01
1577204021,xXDesertRaceXx,loot_res,2864,15623,2026-09-02
1577545013,Valdoin,loot_res,2865,15609,2026-09-07
1442482,ThanaTos3k,loot_res,2866,15582,2026-08-30
1576291593,Lord Jason King,loot_res,2867,15526,2026-09-05
1577407497,Meister2000,loot_res,2868,15510,2026-10-03
9327306,killer659,loot_res,2869,15500,2026-10-03
1577317522,Derfla,loot_res,2870,15491,2026-10-03
1577545993,HannesLue,loot_res,2871,15488,2026-09-17
7875995,Heinert,loot_res,2872,15465,2026-10-02
3259870,templer 1118,loot_res,2873,15444,2026-09-29
8804334,Schbabba,loot_res,2874,15444,2026-10-02
1577484815,Tueddie,loot_res,2875,15436,2026-09-22
1577075479,HugoBB,loot_res,2876,15436,2026-09-20
1575936953,Der-alte-Sack,loot_res,2877,15406,2026-09-22
9565258,ForscherM,loot_res,2878,15402,2026-08-30
1577545101,diddy4315,loot_res,2879,15381,2026-09-20
1577514259,CDBE,loot_res,2880,15345,2026-10-02
10293616,Skidbladnir,loot_res,2881,15323,2026-08-29
1577547546,Dave 009,loot_res,2882,15315,2026-10-03
9785230,Lord Eleasar,loot_res,2883,15292,2026-10-02
1577546316,Olli77,loot_res,2884,15291,2026-09-24
1577388885,Necton1,loot_res,2885,15267,2026-10-03
1577546144,Gio21,loot_res,2886,15260,2026-09-24
1576725981,Lord Klaus Gröschl,loot_res,2887,15246,2026-09-19
1577544602,Lipp1337,loot_res,2888,15210,2026-09-14
1576777856,shaaadix,loot_res,2889,15200,2026-10-01
1577516697,terzel12,loot_res,2890,15185,2026-09-26
9297409,Tarrja,loot_res,2891,15182,2026-09-21
7949590,Diabetiker,loot_res,2892,15165,2026-09-24
1577464661,RiseAgainst5032,loot_res,2893,15147,2026-09-16
168411,Kibitz,loot_res,2894,15124,2026-09-08
1577483707,pliro88,loot_res,2895,15104,2026-09-08
1577182090,Germania,loot_res,2896,15100,2026-09-13
1576369777,gunga,loot_res,2897,15060,2026-09-19
2679276,ANHALTINER1,loot_res,2898,15037,2026-09-22
1577539719,MacPlayer,loot_res,2899,15031,2026-08-30
341231,flockie,loot_res,2900,14997,2026-09-22
9852355,uuli,loot_res,2901,14995,2026-09-09
1689796,Gandalf Silberbart,loot_res,2902,14984,2026-09-03
1577546302,Freacsx,loot_res,2903,14946,2026-09-29
1577548292,davidb89,loot_res,2904,14939,2026-10-03
1577302234,Nox3,loot_res,2905,14939,2026-10-02
1577528780,TheWashstone,loot_res,2906,14896,2026-10-03
1577305289,mb942,loot_res,2907,14892,2026-09-27
1575964748,wuppi58,loot_res,2908,14891,2026-10-03
1577436996,Abels49,loot_res,2909,14864,2026-08-31
1577169689,Kandes,loot_res,2910,14810,2026-08-29
1577492544,MariaMjay,loot_res,2911,14785,2026-09-10
1577510042,Küken,loot_res,2912,14733,2026-09-23
1577248476,Chefmoss,loot_res,2913,14719,2026-10-01
1577546303,Shadowxfx,loot_res,2914,14714,2026-10-02
1577545049,Timo Dino,loot_res,2915,14695,2026-09-12
10085518,Lord Äppelwoi,loot_res,2916,14665,2026-08-31
1576783714,Lord Mac Georg,loot_res,2917,14665,2026-08-30
1577324633,Mike55,loot_res,2918,14649,2026-09-24
1575945264,PaintinG-OnE,loot_res,2919,14646,2026-09-06
1577543555,Chrisb95,loot_res,2920,14635,2026-09-06
1577397284,ThanathanMD,loot_res,2921,14618,2026-09-26
1577512267,bobbytrottel,loot_res,2922,14616,2026-08-30
1577546890,Lord-Maik,loot_res,2923,14612,2026-09-27
1577399082,Luckyluck94,loot_res,2924,14598,2026-09-13
1577209345,Flo111,loot_res,2925,14579,2026-09-06
1577362260,Lentso,loot_res,2926,14575,2026-08-28
1577545700,Skizzer,loot_res,2927,14557,2026-09-23
9997018,Shain,loot_res,2928,14554,2026-10-02
1577165089,Skurima,loot_res,2929,14542,2026-09-17
1577539131,mxmmk,loot_res,2930,14504,2026-09-04
1577525039,SirFarmalot,loot_res,2931,14502,2026-09-26
1577464811,Ratohym,loot_res,2932,14494,2026-09-24
2160809,Wulfmann,loot_res,2933,14477,2026-10-03
1897528,biri13,loot_res,2934,14471,2026-09-30
1577439286,pierre71,loot_res,2935,14467,2026-10-03
1577544326,crreeator,loot_res,2936,14430,2026-09-26
1577415326,B1rne,loot_res,2937,14429,2026-09-08
1576789347,Silent Company,loot_res,2938,14401,2026-09-18
1577514471,Jensemann,loot_res,2939,14401,2026-08-30
8453826,wegei,loot_res,2940,14339,2026-09-24
1577011153,*Altair the Assassine*,loot_res,2941,14319,2026-09-03
9647496,Phaith,loot_res,2942,14311,2026-09-27
1577546229,Fenisha,loot_res,2943,14309,2026-09-24
1577443995,Nucius,loot_res,2944,14286,2026-09-20
1577464556,kingscrosss,loot_res,2945,14274,2026-09-03
1577372384,wallerhu,loot_res,2946,14264,2026-09-27
1576476421,Iron Hero,loot_res,2947,14236,2026-09-30
1457530,Jörg-Hans,loot_res,2948,14197,2026-09-27
1577381408,Lord Peter,loot_res,2949,14183,2026-10-03
9589519,Assassin1904,loot_res,2950,14176,2026-08-29
1577545433,Vernichter3000,loot_res,2951,14159,2026-09-23
1577366328,Phantom,loot_res,2952,14144,2026-09-28
1577405866,martinb4,loot_res,2953,14132,2026-09-26
1577538120,tfpflorian,loot_res,2954,14117,2026-09-23
1577285994,Helmo,loot_res,2955,14112,2026-09-04
9613917,fireCannon,loot_res,2956,14107,2026-08-31
1577341225,Lustknappe22,loot_res,2957,14054,2026-09-17
1577545098,Dieselorth95,loot_res,2958,14052,2026-09-13
1576936872,König Elvis Presley,loot_res,2959,14019,2026-09-27
1577546080,idiot auf reise,loot_res,2960,13989,2026-09-21
976704,arims08,loot_res,2961,13984,2026-10-03
1577484515,gerkan,loot_res,2962,13976,2026-10-02
1577399650,BarbarenBozz,loot_res,2963,13970,2026-09-30
9162755,duffydeff,loot_res,2964,13957,2026-09-03
1577491264,El Patron 85,loot_res,2965,13953,2026-09-22
1577520032,hunter1505,loot_res,2966,13945,2026-09-28
1577324641,Lord BO-1966,loot_res,2967,13902,2026-09-19
1577543289,defence04,loot_res,2968,13896,2026-09-21
1577526330,Kphlar,loot_res,2969,13891,2026-10-01
1577539212,Rostkarre,loot_res,2970,13869,2026-09-30
1577076417,MatzeOD,loot_res,2971,13856,2026-09-30
1577545190,LeonsDaw,loot_res,2972,13815,2026-09-20
1577427511,Toothfairy,loot_res,2973,13811,2026-10-02
1577066533,Tungdil,loot_res,2974,13808,2026-09-05
1577076731,Merowinger,loot_res,2975,13798,2026-09-02
1577267909,schoden,loot_res,2976,13768,2026-10-03
1577455741,quezzchen,loot_res,2977,13750,2026-10-01
1577058788,Danbil,loot_res,2978,13739,2026-10-03
1576689785,samm,loot_res,2979,13735,2026-09-13
1016918,.RetroVirus,loot_res,2980,13711,2026-09-02
1577545530,flamingfury,loot_res,2981,13710,2026-09-16
7627091,Wynnypuuu,loot_res,2982,13699,2026-09-16
1577547728,chupa,loot_res,2983,13647,2026-10-03
8088387,Pyro-Jan95,loot_res,2984,13636,2026-09-27
9932155,LBJ4MVP,loot_res,2985,13628,2026-10-01
1577546169,PrinzKarnval,loot_res,2986,13588,2026-09-26
3092259,GFRK,loot_res,2987,13570,2026-10-03
819560,dragon35,loot_res,2988,13570,2026-09-29
1577536641,x3Luck,loot_res,2989,13557,2026-09-25
1577546970,Crusader88,loot_res,2990,13546,2026-09-24
1577532638,Zockeropa,loot_res,2991,13545,2026-09-13
1577505686,King Lord 90,loot_res,2992,13540,2026-10-03
9374692,Caesar 42,loot_res,2993,13537,2026-10-03
1577539907,MorrisPhil,loot_res,2994,13533,2026-09-07
1577548532,Republik,loot_res,2995,13531,2026-10-03
1577546764,tufi,loot_res,2996,13530,2026-09-27
1577344209,freak370,loot_res,2997,13522,2026-09-25
1577494090,holzi4,loot_res,2998,13509,2026-09-08
1577444930,koromiri,loot_res,2999,13501,2026-09-10
1577545431,DIsteldingens,loot_res,3000,13489,2026-09-19
1576997658,Schlingelchen,loot_res,3001,13487,2026-08-28
1577324096,Horv11,loot_res,3002,13465,2026-09-02
1577537437,Hunter617,loot_res,3003,13452,2026-09-19
7608140,magie92,loot_res,3004,13434,2026-09-27
1577527129,Patentling,loot_res,3005,13429,2026-09-20
9973716,chriscross1987,loot_res,3006,13428,2026-10-03
1577526045,RixeBike,loot_res,3007,13422,2026-09-08
1577533226,p0rn0wiLLi,loot_res,3008,13411,2026-09-17
1565777,lisent,loot_res,3009,13399,2026-09-01
1576639267,Strobbie,loot_res,3010,13387,2026-09-01
1577544882,hohmsen,loot_res,3011,13377,2026-09-13
1576733612,Morrighan,loot_res,3012,13364,2026-09-06
1577545703,Stiefelfücker,loot_res,3013,13350,2026-09-30
1576870277,Robbin-Hood,loot_res,3014,13349,2026-09-25
1577502282,Ali.Gator,loot_res,3015,13348,2026-09-28
1577546920,Prayer90,loot_res,3016,13347,2026-09-30
1577208663,deathhimself,loot_res,3017,13344,2026-09-28
1576889009,Mr. Mojo,loot_res,3018,13342,2026-09-25
7646509,Nyynyya,loot_res,3019,13319,2026-09-05
1577545291,Lemmon1604,loot_res,3020,13307,2026-09-14
1769818,masterlukas1,loot_res,3021,13302,2026-09-19
10235247,Robinakis,loot_res,3022,13269,2026-09-24
1577364944,Corvus,loot_res,3023,13264,2026-09-09
1577423933,KayCT,loot_res,3024,13256,2026-10-01
1577547387,Timotheus92,loot_res,3025,13243,2026-10-03
1575953070,Emanuel Lasker,loot_res,3026,13217,2026-09-19
1577333558,frido99,loot_res,3027,13190,2026-09-20
1577541291,Kesselinio,loot_res,3028,13158,2026-09-29
1577534580,Don Jörgo,loot_res,3029,13154,2026-09-21
1577547939,PrometheusX,loot_res,3030,13144,2026-10-03
1709152,Klohner,loot_res,3031,13144,2026-09-07
834384,Partizan Thomas,loot_res,3032,13135,2026-10-02
1577126356,Arexis,loot_res,3033,13127,2026-09-27
1577382446,Raffael13,loot_res,3034,13092,2026-09-25
1577545374,Riegla00,loot_res,3035,13092,2026-09-27
1577546233,AangButtertAzula,loot_res,3036,13052,2026-10-02
1577380259,Narugrul,loot_res,3037,13049,2026-09-12
1577329855,Player93,loot_res,3038,13043,2026-10-03
1577463993,Flatterwisch,loot_res,3039,13041,2026-09-27
111003,the dark kasa,loot_res,3040,13007,2026-10-03
1577502891,Ares,loot_res,3041,12997,2026-09-04
1577447702,yenny,loot_res,3042,12991,2026-09-24
1576547936,xPlatonx,loot_res,3043,12932,2026-09-24
1577547882,Percula,loot_res,3044,12924,2026-09-30
1577533012,Bonsai,loot_res,3045,12923,2026-10-02
1577366286,gertner,loot_res,3046,12919,2026-09-04
1577402646,Quader666,loot_res,3047,12903,2026-09-16
1577381035,Andre1981,loot_res,3048,12865,2026-09-20
1577526556,grmä,loot_res,3049,12862,2026-09-16
2513190,Groschatau,loot_res,3050,12849,2026-10-02
72835,kasperkarl,loot_res,3051,12846,2026-09-18
1577282394,hawo,loot_res,3052,12835,2026-09-07
1577221422,Luxler123,loot_res,3053,12801,2026-09-19
1577507669,Dreckiger Fahrradkeller,loot_res,3054,12781,2026-10-02
1577520518,Serdar0996,loot_res,3055,12770,2026-09-17
1576082374,piefke22,loot_res,3056,12749,2026-09-16
1577519502,Nenieds,loot_res,3057,12733,2026-09-05
1576863190,Unfähig und Faul,loot_res,3058,12728,2026-08-31
1755579,sebi994,loot_res,3059,12714,2026-10-01
1577547576,Svenenzo77,loot_res,3060,12713,2026-10-01
10114864,schapowal,loot_res,3061,12699,2026-09-10
3438089,Barbar23,loot_res,3062,12689,2026-09-28
1577547665,Deathrot65,loot_res,3063,12684,2026-10-01
1577536599,Sattilit,loot_res,3064,12670,2026-09-13
1577434512,Patron247,loot_res,3065,12663,2026-09-30
1576658413,KaffeeJunky,loot_res,3066,12650,2026-10-03
550694,toni2805,loot_res,3067,12650,2026-09-13
1577529338,Hedotrix,loot_res,3068,12639,2026-09-05
1576304811,Nuyke132,loot_res,3069,12604,2026-09-03
1577091431,Stevebe78,loot_res,3070,12557,2026-09-27
8631615,nobbi1,loot_res,3071,12550,2026-09-12
1576959781,Armadildo,loot_res,3072,12541,2026-09-07
881130,zuhomer,loot_res,3073,12524,2026-09-26
1577115400,Superquerulant,loot_res,3074,12514,2026-09-22
8790349,.King-Dani.,loot_res,3075,12513,2026-09-13
1577548112,derstaemme,loot_res,3076,12495,2026-10-03
1577546257,ehp1511,loot_res,3077,12486,2026-09-22
1577547911,BogenmeisterAdi,loot_res,3078,12481,2026-10-02
7621130,Chrisch33,loot_res,3079,12455,2026-09-17
1576897201,xDaReDeViLx,loot_res,3080,12453,2026-10-03
1577547953,GrafZuckerbrause,loot_res,3081,12443,2026-10-03
1577026463,dreiUndeinWenig,loot_res,3082,12440,2026-09-27
984470,knorzer,loot_res,3083,12436,2026-08-29
1577548106,ErkaNalles,loot_res,3084,12435,2026-10-03
7890448,ThePurge187,loot_res,3085,12431,2026-09-20
7764645,Lionheart II,loot_res,3086,12430,2026-09-02
10043304,Feuerf@lter,loot_res,3087,12416,2026-08-31
287459,Evangelina,loot_res,3088,12400,2026-09-27
1577548127,Richy Rich,loot_res,3089,12399,2026-10-03
1576855663,Alibaba Steunzelmann,loot_res,3090,12398,2026-08-30
1577516454,Sefe97,loot_res,3091,12393,2026-09-09
1576946684,Sn0x,loot_res,3092,12391,2026-09-19
863854,Hagenug,loot_res,3093,12384,2026-10-02
844458,Larb,loot_res,3094,12359,2026-09-29
1577383778,Schnecken.Haus,loot_res,3095,12358,2026-09-29
8676321,viagrow,loot_res,3096,12356,2026-09-12
1577535513,FranDue01,loot_res,3097,12342,2026-09-16
1577537981,LastManStanding,loot_res,3098,12288,2026-09-02
1577540982,..Niklauda..,loot_res,3099,12284,2026-10-02
1577504243,Bundeskriminalamt,loot_res,3100,12280,2026-10-01
8243220,coffeemann,loot_res,3101,12278,2026-09-13
577655,flofighter88,loot_res,3102,12275,2026-08-30
1577341568,EmTee1905,loot_res,3103,12255,2026-09-13
1577533449,Uwe 752,loot_res,3104,12233,2026-09-20
1577537130,Karl von Habsburg,loot_res,3105,12210,2026-09-01
1577545946,LordSchulle,loot_res,3106,12196,2026-09-17
8341356,Kettcar,loot_res,3107,12191,2026-08-30
1576990588,xiUnikat,loot_res,3108,12171,2026-09-03
1577544197,Kinglele2,loot_res,3109,12152,2026-09-03
1577483019,MotorMachtBoom,loot_res,3110,12150,2026-09-27
1577346133,terrafic,loot_res,3111,12136,2026-09-29
10251603,lowzz,loot_res,3112,12118,2026-09-09
1577545540,Y-Mace-Y,loot_res,3113,12106,2026-09-10
1577530418,piti,loot_res,3114,12088,2026-10-03
1577519994,devlous,loot_res,3115,12077,2026-09-28
1577405087,Jokkel,loot_res,3116,12075,2026-09-21
1576143090,WhiteHorse,loot_res,3117,12051,2026-10-01
1577143631,brygg,loot_res,3118,12047,2026-09-23
1577489545,Sebraskus,loot_res,3119,12043,2026-09-07
1576520758,Don Jonsen,loot_res,3120,12039,2026-10-03
1577526904,alexvakar83,loot_res,3121,12032,2026-09-24
1459068,Egeran,loot_res,3122,12024,2026-10-02
1577396699,Donpromillo1987,loot_res,3123,11998,2026-09-18
9589587,PuzzleDrucker,loot_res,3124,11993,2026-09-06
558807,Max1!,loot_res,3125,11990,2026-10-03
1577227865,hixs,loot_res,3126,11969,2026-09-10
9944239,chrisl666,loot_res,3127,11966,2026-09-18
1577331836,thommyderrichtigböse,loot_res,3128,11963,2026-09-22
8071173,SaZzzu,loot_res,3129,11953,2026-09-15
1577547854,Sigiberto,loot_res,3130,11895,2026-10-03
3234977,Pepi Ritter,loot_res,3131,11891,2026-09-30
1577546560,Freddie Ferrari,loot_res,3132,11890,2026-09-26
1577327700,KaldyIndustrie,loot_res,3133,11885,2026-09-06
1577546064,Crypto,loot_res,3134,11877,2026-09-16
1577294759,barbarbartosz,loot_res,3135,11873,2026-09-25
1577546035,Robsen90,loot_res,3136,11873,2026-09-19
1577278426,xGREENMOONx,loot_res,3137,11811,2026-10-02
1577535034,Hansi0203,loot_res,3138,11791,2026-09-07
1080223,alte wolf,loot_res,3139,11788,2026-09-21
1577034377,F3myS,loot_res,3140,11785,2026-09-21
1577232846,Dusted95,loot_res,3141,11785,2026-09-08
1577547609,Needy,loot_res,3142,11781,2026-10-03
1577543738,skydancer0082,loot_res,3143,11777,2026-09-05
1576256779,Sandokan3,loot_res,3144,11776,2026-09-12
1577545341,xxx15,loot_res,3145,11757,2026-09-24
1577536980,Zinneb,loot_res,3146,11757,2026-10-02
1577354659,fuxl,loot_res,3147,11743,2026-09-26
7755816,ZeCeKahn,loot_res,3148,11722,2026-09-25
1577169755,SeenViper,loot_res,3149,11720,2026-09-05
8039657,nso1,loot_res,3150,11709,2026-08-29
1577432806,Aerys,loot_res,3151,11697,2026-09-25
8692265,bonbonhersteller,loot_res,3152,11689,2026-09-30
8160707,Chris 133,loot_res,3153,11685,2026-08-30
1576655807,JibrilBestWaifu,loot_res,3154,11680,2026-09-12
1577539713,AntonXXVII,loot_res,3155,11673,2026-10-03
1577545180,Zacka1909,loot_res,3156,11652,2026-09-23
1577544903,SirCarryPotter,loot_res,3157,11649,2026-09-21
1576937673,Octagon 05,loot_res,3158,11635,2026-08-28
287884,Barnes,loot_res,3159,11600,2026-09-04
9899518,Hiotori,loot_res,3160,11599,2026-08-28
1577527690,Axetari,loot_res,3161,11599,2026-09-07
8760631,Annameh,loot_res,3162,11595,2026-09-20
1577545614,PSKinggood,loot_res,3163,11580,2026-09-20
1577224371,Vlad der Pfähler,loot_res,3164,11577,2026-09-13
8968526,bollan,loot_res,3165,11575,2026-09-02
2656458,Der Rächer der H.,loot_res,3166,11574,2026-09-04
1577536607,Jakobbbb,loot_res,3167,11545,2026-10-03
8828794,PüttBull,loot_res,3168,11525,2026-09-25
8015217,DreamTerror3112,loot_res,3169,11519,2026-09-23
1576645733,kurtohnegurt,loot_res,3170,11500,2026-10-03
1577537844,bvb-bomber96,loot_res,3171,11470,2026-08-27
1577499723,Bossbert,loot_res,3172,11445,2026-09-28
1577515825,123 Da,loot_res,3173,11438,2026-09-26
9626601,King-Gondor,loot_res,3174,11431,2026-09-27
1577544234,Ragnar96,loot_res,3175,11424,2026-09-29
1577436774,Blizzrd721,loot_res,3176,11413,2026-09-21
902658,jeannedarc49,loot_res,3177,11410,2026-09-26
312204,Stiesel,loot_res,3178,11383,2026-09-24
1577368517,AW1911NC,loot_res,3179,11370,2026-09-01
1577538116,wiederhier0815,loot_res,3180,11347,2026-09-05
8548996,Handel00,loot_res,3181,11331,2026-09-30
1577545261,Gast545261,loot_res,3182,11327,2026-10-03
8819359,Die Drachen Ritter,loot_res,3183,11318,2026-09-20
1577428989,bcafce,loot_res,3184,11310,2026-09-18
1577316142,Harrnetz,loot_res,3185,11307,2026-09-14
2444984,Bauernsepp,loot_res,3186,11302,2026-09-13
1577542135,Nking97,loot_res,3187,11299,2026-09-18
1576647692,major-chang,loot_res,3188,11278,2026-09-19
1577544336,Jojo02,loot_res,3189,11261,2026-09-14
1576554122,Bomber3991,loot_res,3190,11208,2026-10-01
1577400447,mAEx,loot_res,3191,11198,2026-09-26
1577001885,Basti23,loot_res,3192,11162,2026-10-01
8531744,Angus von Geldar,loot_res,3193,11140,2026-10-02
1577531670,Grum,loot_res,3194,11127,2026-09-06
1577503580,Pforze,loot_res,3195,11110,2026-10-02
1577522076,Eulenspiegel,loot_res,3196,11102,2026-09-18
1577442311,gemenqueen,loot_res,3197,11090,2026-09-22
1577061017,wuestenfuchs93,loot_res,3198,11078,2026-09-09
8186966,VergesseneSeele,loot_res,3199,11051,2026-09-14
1577495555,oh aha moin,loot_res,3200,11033,2026-09-15
8884643,Tierasyl,loot_res,3201,11013,2026-10-03
1577281138,Biscit,loot_res,3202,11002,2026-09-04
1577494030,Abeba,loot_res,3203,10996,2026-09-24
1577209492,Amadeus2019,loot_res,3204,10996,2026-09-26
1576154840,gangsta9,loot_res,3205,10995,2026-10-02
543535,mantu,loot_res,3206,10972,2026-09-22
8110776,Xului,loot_res,3207,10936,2026-10-01
1577361925,Deinsdorfer,loot_res,3208,10933,2026-09-24
1577523924,Stonerock,loot_res,3209,10917,2026-08-27
1577378014,Tonkrug,loot_res,3210,10894,2026-09-09
1577222045,Janusch79,loot_res,3211,10888,2026-09-17
1576005182,N1ne 1tachi Uchiha,loot_res,3212,10886,2026-08-29
1577401927,Manolito2,loot_res,3213,10875,2026-09-13
1577453052,420Jay,loot_res,3214,10868,2026-10-02
1577422221,OptimusBlack69,loot_res,3215,10862,2026-09-23
1576874427,Pineberry,loot_res,3216,10842,2026-08-30
1577510898,MC Hammer,loot_res,3217,10822,2026-09-27
1577539896,Aquilos,loot_res,3218,10807,2026-09-23
1577259910,MisterInsane,loot_res,3219,10805,2026-09-03
8816541,HausaufgabenGemacht?,loot_res,3220,10775,2026-08-27
1577547055,Failsen,loot_res,3221,10738,2026-09-30
3037125,DomiLP,loot_res,3222,10730,2026-09-23
1039613,der bessere imperator,loot_res,3223,10714,2026-10-02
1576989645,st. Patrick .1,loot_res,3224,10707,2026-09-19
1577501831,SaintRSB,loot_res,3225,10702,2026-09-16
1577392630,Graf Scheißer,loot_res,3226,10699,2026-08-30
1576969417,Lord merlin,loot_res,3227,10687,2026-09-29
1577544848,Kelle75,loot_res,3228,10679,2026-09-19
1577445470,defml,loot_res,3229,10668,2026-10-02
1577545657,manashan6347,loot_res,3230,10666,2026-10-01
1577403666,vitaspa,loot_res,3231,10651,2026-09-16
1577349791,HARM,loot_res,3232,10637,2026-08-29
1577445606,fariol,loot_res,3233,10635,2026-09-20
1577416330,Alles Döner,loot_res,3234,10629,2026-09-29
8678939,Miggatron,loot_res,3235,10619,2026-09-09
1577542544,Leonidas2,loot_res,3236,10608,2026-09-05
496108,hoepa,loot_res,3237,10605,2026-09-02
1577329590,Jaca18,loot_res,3238,10590,2026-09-17
1577381150,Bong.go 265,loot_res,3239,10583,2026-09-29
1576018908,luca joe,loot_res,3240,10564,2026-09-12
770631,Schrupphuhn,loot_res,3241,10553,2026-09-11
9060726,Jetzki1986,loot_res,3242,10545,2026-09-19
1577310167,Madness82,loot_res,3243,10539,2026-08-29
1577297512,Acolyte,loot_res,3244,10534,2026-09-25
1576436571,xxAuronxx,loot_res,3245,10533,2026-10-01
1650986,Ninik94,loot_res,3246,10529,2026-09-11
1577546578,Gast546578,loot_res,3247,10525,2026-09-21
1577442138,SirEdel,loot_res,3248,10500,2026-10-03
1576708872,xWirro,loot_res,3249,10487,2026-09-08
1577175861,Hanibal Hackmetzler,loot_res,3250,10450,2026-09-18
9125957,sasharex,loot_res,3251,10448,2026-08-27
9752314,Lennacker,loot_res,3252,10432,2026-09-22
368877,karatekid1,loot_res,3253,10431,2026-09-24
1577539015,Lootmilla,loot_res,3254,10417,2026-09-05
1577380294,ZoraWater,loot_res,3255,10411,2026-09-11
1577532722,Vivi Orunitia,loot_res,3256,10395,2026-10-01
1577546545,Preiniggg,loot_res,3257,10392,2026-09-24
1577386669,AudioApe,loot_res,3258,10360,2026-09-27
1576566802,Orlando1,loot_res,3259,10356,2026-09-17
1577537984,Celli1887,loot_res,3260,10336,2026-08-30
1577533787,Che fastidio,loot_res,3261,10336,2026-09-17
1577546517,Stonefox,loot_res,3262,10269,2026-10-02
1577544570,Stickypradz,loot_res,3263,10267,2026-09-05
1577209323,Sabo 1972,loot_res,3264,10261,2026-09-29
2543115,Comander Marill,loot_res,3265,10260,2026-09-25
1577395960,simmel,loot_res,3266,10255,2026-10-03
1577546399,Gast546399,loot_res,3267,10233,2026-09-20
1577188140,Fafnir,loot_res,3268,10219,2026-08-28
1873287,Erdnuckel97,loot_res,3269,10210,2026-09-27
1577547097,JoLu9315,loot_res,3270,10210,2026-10-01
1577420494,GrafikFehl3r,loot_res,3271,10210,2026-10-03
1577545992,Ruby007,loot_res,3272,10209,2026-10-02
1577546461,Lord Fenris,loot_res,3273,10205,2026-09-21
1577021205,klommar882,loot_res,3274,10199,2026-10-01
1577452308,Braunglasrakete,loot_res,3275,10188,2026-08-31
1575867488,byhugoboss,loot_res,3276,10172,2026-08-30
1577544883,Vigilante,loot_res,3277,10129,2026-09-10
1575873486,tom172,loot_res,3278,10124,2026-09-13
1577500335,TCrosb,loot_res,3279,10113,2026-10-03
1577433674,Jiggxxen,loot_res,3280,10069,2026-09-09
1577533689,Lukas2000,loot_res,3281,10055,2026-10-01
1577546496,Kitaronia,loot_res,3282,10047,2026-09-22
8819338,kursch,loot_res,3283,10015,2026-09-23
1577248591,Gentleman 2026,loot_res,3284,10011,2026-08-29
1577526756,Sein mädchen,loot_res,3285,10006,2026-09-27
1577499950,Bach,loot_res,3286,10000,2026-09-29
1577543960,Kimeas,loot_res,3287,9990,2026-09-28
998056,shiva 10,loot_res,3288,9982,2026-09-24
2924886,huey65,loot_res,3289,9982,2026-09-15
9830022,Lord bayerndödel,loot_res,3290,9969,2026-09-26
8099881,Trivium0706,loot_res,3291,9946,2026-09-30
9245489,PartyFreak65,loot_res,3292,9920,2026-09-16
1577528727,General Krassus,loot_res,3293,9916,2026-09-01
8207383,Opa54,loot_res,3294,9911,2026-09-20
142049,theillnes,loot_res,3295,9897,2026-09-12
1576396215,Poel,loot_res,3296,9885,2026-10-01
3060911,Morgana Le Fay,loot_res,3297,9876,2026-09-26
3245276,Piratentot,loot_res,3298,9872,2026-10-02
1577348043,adiga,loot_res,3299,9842,2026-10-02
1576491315,Hjalfar,loot_res,3300,9830,2026-09-13
1577311977,Kassandra4812,loot_res,3301,9830,2026-09-24
7698082,tommitom,loot_res,3302,9828,2026-09-16
1577540998,Verengath,loot_res,3303,9815,2026-09-21
1577187252,Gideon,loot_res,3304,9803,2026-10-01
1577396992,BoomBoomPow,loot_res,3305,9797,2026-09-09
1577546692,reeckzz,loot_res,3306,9793,2026-09-28
1577486504,Slawa,loot_res,3307,9784,2026-10-03
1577539200,GUYSTER,loot_res,3308,9749,2026-08-30
1577547668,OdinsWillle,loot_res,3309,9741,2026-10-03
1577540417,Blutig,loot_res,3310,9728,2026-09-13
8708540,fuchs04,loot_res,3311,9725,2026-08-30
1577541241,Sir lancerot,loot_res,3312,9679,2026-10-02
1577536343,nelly64,loot_res,3313,9666,2026-09-17
1577545245,GlatzoBratzo,loot_res,3314,9655,2026-09-20
1577545941,foichtgebet,loot_res,3315,9641,2026-09-15
1577094661,Marie0504,loot_res,3316,9639,2026-10-01
1577545416,Lemuhrensohn,loot_res,3317,9639,2026-09-18
1577299867,See You In Valhalla,loot_res,3318,9631,2026-09-20
1577334392,Dücklord,loot_res,3319,9627,2026-09-27
3023691,AVALON2009,loot_res,3320,9619,2026-09-26
840147,Black Willy,loot_res,3321,9585,2026-09-01
1577539229,Syker Atar,loot_res,3322,9575,2026-09-27
2797585,caesar1990,loot_res,3323,9571,2026-09-18
1577547978,KoWaLLe,loot_res,3324,9561,2026-10-02
1577546380,Laspo,loot_res,3325,9559,2026-09-21
1577547009,Markus260790,loot_res,3326,9555,2026-10-03
1577541344,vurux,loot_res,3327,9549,2026-08-30
1576928876,Grummel7,loot_res,3328,9525,2026-08-30
1577545728,assasin1995,loot_res,3329,9517,2026-09-15
1577547188,eichnest,loot_res,3330,9514,2026-09-25
1577525389,Dalekovich,loot_res,3331,9501,2026-10-02
8209720,Todland,loot_res,3332,9492,2026-09-15
1577368146,Lord KeineAhnungwas,loot_res,3333,9491,2026-08-29
1577538132,sirhenri,loot_res,3334,9436,2026-09-30
2919699,jan 08,loot_res,3335,9422,2026-08-29
994247,Boyer1,loot_res,3336,9409,2026-09-26
3465287,drache micha,loot_res,3337,9406,2026-10-03
2177751,Graf Blacula,loot_res,3338,9402,2026-09-01
1577543971,HairyOtter1313,loot_res,3339,9400,2026-09-21
8883289,alexaar,loot_res,3340,9382,2026-10-03
1577009019,Ivko90,loot_res,3341,9382,2026-09-30
9713579,dimmu borgir,loot_res,3342,9357,2026-10-03
1577537200,pfoetchen666,loot_res,3343,9337,2026-09-02
1577548444,Lord King Arthur,loot_res,3344,9323,2026-10-02
1577502103,anna.bolika,loot_res,3345,9320,2026-10-03
1577515522,mausezaus,loot_res,3346,9318,2026-09-05
1577544638,ronvex,loot_res,3347,9317,2026-09-14
1577545770,KarlHatnGroSn,loot_res,3348,9316,2026-09-16
1577168847,EISBABY,loot_res,3349,9297,2026-09-26
1577544897,TeppichHaendler,loot_res,3350,9283,2026-09-06
1577544740,Fichter94,loot_res,3351,9281,2026-10-02
1577530748,werderschaf,loot_res,3352,9273,2026-08-30
1577466282,Sisi,loot_res,3353,9234,2026-08-29
1575925080,kokosnußmilk,loot_res,3354,9233,2026-09-05
1577426317,Blacktigher,loot_res,3355,9219,2026-09-13
299371,pwnd,loot_res,3356,9215,2026-10-02
1958261,Dragon53,loot_res,3357,9215,2026-09-15
1577546122,wurzelzwerg,loot_res,3358,9211,2026-09-24
1577340113,Herzog-Andi,loot_res,3359,9202,2026-09-10
1577546022,RobertHabeck,loot_res,3360,9199,2026-09-16
1577127089,Karl Heinz,loot_res,3361,9191,2026-09-20
1577518051,Freudentanz,loot_res,3362,9191,2026-09-19
1577541694,Eshkedra,loot_res,3363,9190,2026-09-05
1577331647,Yaichi,loot_res,3364,9187,2026-10-02
1576397793,Darthrida,loot_res,3365,9179,2026-10-01
1577294150,Saikone,loot_res,3366,9176,2026-09-26
2995090,Wagegg,loot_res,3367,9172,2026-09-09
1577545394,jacky3469,loot_res,3368,9155,2026-09-29
1577122903,tansis99,loot_res,3369,9146,2026-08-28
1577507673,Heftiger Kettenraucher,loot_res,3370,9140,2026-10-02
1577520021,Struppelline,loot_res,3371,9127,2026-09-02
7879631,gjk1,loot_res,3372,9117,2026-09-22
1577395217,GolfVI,loot_res,3373,9102,2026-10-02
1577325071,ToastHawaiii,loot_res,3374,9085,2026-09-04
710130,Devil57,loot_res,3375,9080,2026-09-14
1949165,bigstruppie,loot_res,3376,9067,2026-09-27
1821774,ADA09,loot_res,3377,9052,2026-09-25
1577546086,DörferRecycling e.K.,loot_res,3378,9049,2026-09-20
8632187,Kriewel,loot_res,3379,9045,2026-09-09
1577377300,**Straycat**,loot_res,3380,9043,2026-10-03
1577299183,Der neue king,loot_res,3381,9035,2026-08-31
10027337,Zorkonnon,loot_res,3382,9023,2026-09-21
1576835232,VareMeGaming,loot_res,3383,9012,2026-08-30
1577364343,hassanovic,loot_res,3384,9008,2026-10-03
1577258479,dilady,loot_res,3385,8992,2026-10-03
8185409,Dian Keto,loot_res,3386,8988,2026-09-04
1576982550,fürstinsusi,loot_res,3387,8981,2026-08-30
1577546202,Fr3akyG4amer,loot_res,3388,8969,2026-09-28
9541583,basher2013,loot_res,3389,8955,2026-08-29
1577544935,SSB2104,loot_res,3390,8951,2026-09-15
1577547557,hakunamatata,loot_res,3391,8934,2026-10-03
1630041,@Platoon@,loot_res,3392,8899,2026-10-03
1576907335,hokahe,loot_res,3393,8896,2026-09-13
9209495,xderthomas1x,loot_res,3394,8883,2026-09-06
3162736,schlotzi,loot_res,3395,8861,2026-09-02
9637025,Ninkasi,loot_res,3396,8852,2026-09-08
1577127354,Pullover,loot_res,3397,8834,2026-09-19
9023586,Flamin,loot_res,3398,8832,2026-08-29
3440179,alexx1238,loot_res,3399,8824,2026-09-13
1576459432,ShirKhan,loot_res,3400,8815,2026-09-08
1576575051,Babbelaar,loot_res,3401,8806,2026-09-02
724844,Hans Wagenrad,loot_res,3402,8792,2026-10-01
1577528519,DerWächter,loot_res,3403,8789,2026-08-30
1577399941,Fettarme H-Milch,loot_res,3404,8776,2026-08-26
2566530,-ReXor-,loot_res,3405,8773,2026-09-01
8260921,Graf Herzer,loot_res,3406,8767,2026-10-01
3091369,Bubi68,loot_res,3407,8759,2026-09-29
1577065153,GmaesProu,loot_res,3408,8753,2026-09-02
1577546757,ycozy,loot_res,3409,8735,2026-09-25
1591268,dragodriss,loot_res,3410,8728,2026-09-16
1577547180,MeineFraese,loot_res,3411,8693,2026-10-01
8088379,joschi2000,loot_res,3412,8681,2026-09-29
1577546955,M3trixx,loot_res,3413,8678,2026-10-02
1577487129,Kynaru,loot_res,3414,8661,2026-08-28
1577243518,Miraculis der Sanfte,loot_res,3415,8661,2026-09-22
1577360185,grantelbart,loot_res,3416,8648,2026-08-29
1932859,Mitron von Mandor,loot_res,3417,8648,2026-09-18
1577296703,Technoheini,loot_res,3418,8637,2026-08-28
1577444380,sberber,loot_res,3419,8637,2026-09-04
1577452989,Chrysippos,loot_res,3420,8635,2026-08-28
1576398737,Agent 003,loot_res,3421,8631,2026-09-23
1577457789,Pr0wa911,loot_res,3422,8614,2026-09-07
1577129795,Lord Fabian,loot_res,3423,8613,2026-09-03
1577358124,Finny,loot_res,3424,8609,2026-08-28
1577512970,Taschenspielertrick,loot_res,3425,8590,2026-10-01
8077640,Quade Foelke,loot_res,3426,8571,2026-10-03
1577206901,Edku,loot_res,3427,8569,2026-10-02
9443579,N3v3rF0rg0tten,loot_res,3428,8546,2026-08-30
1162413,aufschwung,loot_res,3429,8525,2026-09-13
633349,louisX,loot_res,3430,8524,2026-09-28
1577427188,duselber,loot_res,3431,8522,2026-10-01
1577542956,Goldik,loot_res,3432,8511,2026-09-19
1577231016,LasWeb,loot_res,3433,8504,2026-10-03
1576778129,hajüschi57,loot_res,3434,8479,2026-09-06
2884541,Lord Aries,loot_res,3435,8477,2026-09-18
1577547655,MaJoMaster,loot_res,3436,8476,2026-10-03
1577527449,N1kl45,loot_res,3437,8472,2026-09-07
1577547735,Maccardi,loot_res,3438,8462,2026-10-01
1577546247,Pblack180,loot_res,3439,8427,2026-10-01
9210701,De Kölsche Jung,loot_res,3440,8426,2026-10-03
1577533730,xEnvy,loot_res,3441,8418,2026-09-09
1576149438,Black Butterfly,loot_res,3442,8415,2026-08-30
9634636,Idefix2301,loot_res,3443,8410,2026-10-01
9196619,Flolex mit Rolex,loot_res,3444,8408,2026-08-28
1575885880,hoddewumba,loot_res,3445,8395,2026-08-30
1577546048,NoPerFecT,loot_res,3446,8372,2026-09-18
9376314,Enrico Pallazzo,loot_res,3447,8366,2026-08-28
1577210194,Wirr,loot_res,3448,8364,2026-09-24
1577347603,KING-COBRA,loot_res,3449,8331,2026-09-25
1577546828,Tacon26,loot_res,3450,8331,2026-10-03
1577545587,Ragnaras,loot_res,3451,8324,2026-09-09
1576644130,MM70,loot_res,3452,8319,2026-09-03
9358729,azecubalig,loot_res,3453,8313,2026-09-15
1577487537,KönigOhneReich,loot_res,3454,8302,2026-09-23
1577546867,Peji,loot_res,3455,8284,2026-09-27
1577535647,Ulbranium,loot_res,3456,8283,2026-09-21
1577280603,Kingtönni,loot_res,3457,8277,2026-09-29
1577302524,UrdnotGrunt,loot_res,3458,8269,2026-09-30
1577485180,mc.car,loot_res,3459,8267,2026-10-01
1577547923,JohnnyO,loot_res,3460,8253,2026-10-03
8023121,albert kempter,loot_res,3461,8250,2026-09-22
10144667,Lady Shirshu,loot_res,3462,8245,2026-09-29
397337,Hirsch-Bock,loot_res,3463,8240,2026-09-06
1577541007,xBluEx,loot_res,3464,8233,2026-09-29
1577396001,Gast396001,loot_res,3465,8232,2026-08-29
3049448,Rammsess,loot_res,3466,8230,2026-10-03
1576971899,Mr.GentleMan,loot_res,3467,8227,2026-10-03
1577368785,potsdam467,loot_res,3468,8220,2026-09-13
1576221717,Windelpupser86,loot_res,3469,8217,2026-09-17
286292,derAlte,loot_res,3470,8210,2026-10-03
1576303975,SLliiD,loot_res,3471,8200,2026-09-11
1577389913,Pitbull2701,loot_res,3472,8195,2026-09-20
1577421662,Tanex,loot_res,3473,8191,2026-09-19
1577512873,darkphoenix212,loot_res,3474,8183,2026-09-20
1577542113,Benjue96,loot_res,3475,8177,2026-09-18
1577425011,gawel,loot_res,3476,8163,2026-09-21
1577194022,exohq,loot_res,3477,8160,2026-10-01
1577241742,Matrix-king,loot_res,3478,8160,2026-08-27
1577485882,GermansPro,loot_res,3479,8153,2026-09-29
1577537092,Riri,loot_res,3480,8144,2026-09-26
1577486805,Ailton32,loot_res,3481,8131,2026-08-28
272291,good punisher,loot_res,3482,8125,2026-09-05
1577547181,Slazer,loot_res,3483,8120,2026-09-29
881657,Der Hanseat,loot_res,3484,8107,2026-09-23
1577423178,Sonny Black,loot_res,3485,8100,2026-08-29
1577515929,Teddybär,loot_res,3486,8086,2026-09-27
8814768,Arcadion,loot_res,3487,8081,2026-08-31
1577463042,Phoenixmusiq,loot_res,3488,8066,2026-09-08
1577546782,Sarok,loot_res,3489,8060,2026-10-01
9443789,Die Glatze 01,loot_res,3490,8055,2026-10-03
1577396035,kingkelvin,loot_res,3491,8049,2026-09-11
1576739311,Laurel,loot_res,3492,8049,2026-09-26
1577425042,costa81,loot_res,3493,8043,2026-09-23
2883671,S6Avant,loot_res,3494,8037,2026-10-02
1576821058,Lord030,loot_res,3495,8012,2026-10-03
1577425893,MTru,loot_res,3496,8011,2026-09-10
1577373907,M.Th.,loot_res,3497,7980,2026-09-28
1577438623,Golf6Edition35,loot_res,3498,7974,2026-09-15
1577533647,DonaldTrump,loot_res,3499,7965,2026-08-27
1577521028,dsdk,loot_res,3500,7963,2026-10-03
213937,Hunar,loot_res,3501,7963,2026-09-02
1577072244,Südwest,loot_res,3502,7953,2026-08-30
1576489397,Kamalinee,loot_res,3503,7937,2026-09-01
1577127010,preston1337,loot_res,3504,7922,2026-09-27
1577544505,Mupffel,loot_res,3505,7919,2026-09-30
1577363148,ichnixwissen,loot_res,3506,7906,2026-09-18
1576006509,thomas6,loot_res,3507,7900,2026-09-20
1576669167,GIB8,loot_res,3508,7898,2026-10-03
1577546622,Cronexas,loot_res,3509,7892,2026-09-22
1577489023,Die KI Futterer,loot_res,3510,7888,2026-10-02
1577545776,Lixxer,loot_res,3511,7882,2026-09-17
802330,St.Jo,loot_res,3512,7881,2026-10-02
1577111834,Lone Star,loot_res,3513,7863,2026-08-26
1577492516,Rauta,loot_res,3514,7851,2026-08-27
1577545181,Chiic,loot_res,3515,7849,2026-09-09
1577290952,CHHO2,loot_res,3516,7846,2026-09-22
1577522044,Big Stein,loot_res,3517,7843,2026-08-28
1577544735,Thrust,loot_res,3518,7840,2026-09-25
2471620,El Shit,loot_res,3519,7830,2026-09-14
1577544893,Basti-ftw,loot_res,3520,7819,2026-09-07
2067883,ElfeNaseweis,loot_res,3521,7800,2026-10-03
1577419671,Bizzarre,loot_res,3522,7794,2026-10-03
1577372685,GeddoKid90,loot_res,3523,7792,2026-09-30
1577531685,WooDy211,loot_res,3524,7788,2026-08-27
1577393692,Elala,loot_res,3525,7773,2026-09-25
1577499206,Frank74,loot_res,3526,7766,2026-10-02
1577545482,Brocki83,loot_res,3527,7750,2026-09-29
1576605399,TheP0empel21,loot_res,3528,7750,2026-09-28
1577527848,TechnoX,loot_res,3529,7744,2026-09-04
866632,Haaans,loot_res,3530,7730,2026-09-12
1472477,knack123,loot_res,3531,7729,2026-09-29
1577495674,Kris321,loot_res,3532,7728,2026-10-02
1577433664,Selot,loot_res,3533,7722,2026-09-16
1577546493,gendlman,loot_res,3534,7721,2026-10-02
8370596,aL3xEy,loot_res,3535,7720,2026-08-30
1577548591,Monkey.D.Ruffy,loot_res,3536,7717,2026-10-03
1577489217,Turtok420,loot_res,3537,7712,2026-09-09
1577451917,mrtuerkenbart,loot_res,3538,7708,2026-09-03
1577540329,Annixi,loot_res,3539,7707,2026-08-29
1577548377,Binzema,loot_res,3540,7706,2026-10-02
1577541053,emrenullsieben,loot_res,3541,7705,2026-09-11
495404,lover1,loot_res,3542,7701,2026-09-17
1577410748,spreeathen,loot_res,3543,7699,2026-10-02
1577528760,Paddi,loot_res,3544,7695,2026-09-13
1577491520,Scherzer7,loot_res,3545,7689,2026-09-08
1576068536,SiraJohn,loot_res,3546,7687,2026-09-20
1577146031,fries,loot_res,3547,7685,2026-10-02
981963,Vampyrchen,loot_res,3548,7679,2026-09-23
9008110,Shiroianer,loot_res,3549,7674,2026-08-26
1577517304,c.soda,loot_res,3550,7669,2026-10-01
1577546530,Karuso,loot_res,3551,7668,2026-09-30
1577517180,jayjay955,loot_res,3552,7667,2026-09-10
1577419538,Bumai,loot_res,3553,7650,2026-09-17
2048415,Superinter,loot_res,3554,7647,2026-09-21
1577262710,militantetante,loot_res,3555,7645,2026-09-22
9681086,Tamiel,loot_res,3556,7643,2026-10-03
1577291549,TuttleIsHere,loot_res,3557,7640,2026-09-16
1577513100,Khaos123,loot_res,3558,7621,2026-08-29
1577128393,dossantos1896,loot_res,3559,7614,2026-09-13
1576990782,falke9911,loot_res,3560,7610,2026-10-02
1577546636,FranzFerdi,loot_res,3561,7602,2026-09-28
1576846661,Reboldius,loot_res,3562,7595,2026-10-01
1577311439,Striiker,loot_res,3563,7593,2026-08-31
1577084464,InsaneKid6,loot_res,3564,7592,2026-09-10
1576297320,Kavi Alonso,loot_res,3565,7590,2026-09-04
1576615120,Thor-hammer,loot_res,3566,7581,2026-10-03
1577546964,ipcaa,loot_res,3567,7580,2026-10-03
1577540860,Niklas3101,loot_res,3568,7574,2026-09-10
8141336,hajuwo,loot_res,3569,7572,2026-08-28
1577438034,Lewal,loot_res,3570,7568,2026-10-03
1577546119,E10Zirden,loot_res,3571,7562,2026-09-23
1576402134,Hasenburg,loot_res,3572,7556,2026-10-02
1577511484,Schwarzer Ritter,loot_res,3573,7545,2026-09-03
1577547035,Krack,loot_res,3574,7531,2026-10-01
583367,koolkat,loot_res,3575,7520,2026-10-01
1576268917,Psychotherapeut,loot_res,3576,7520,2026-09-16
1577486056,ES90,loot_res,3577,7519,2026-10-03
1577082881,finsterbär,loot_res,3578,7516,2026-09-16
1577285545,Phil-Kl10,loot_res,3579,7514,2026-09-01
1577546463,goassler,loot_res,3580,7503,2026-09-28
1577346524,Uwe-Volker,loot_res,3581,7500,2026-10-03
1577257828,El Guerrero Oscuro,loot_res,3582,7498,2026-08-27
1577349725,K4mpfk3ks,loot_res,3583,7478,2026-08-27
1577546150,LordJeremy,loot_res,3584,7464,2026-09-21
1244552,allymante,loot_res,3585,7462,2026-09-21
1577420114,Shyngz,loot_res,3586,7458,2026-10-03
10253824,hogelo,loot_res,3587,7457,2026-08-29
10104019,roenser1985,loot_res,3588,7457,2026-09-25
9994020,Kampfzwerg 2013,loot_res,3589,7454,2026-09-04
1577504314,Dave 19,loot_res,3590,7449,2026-09-26
1577546810,King Rob Roy,loot_res,3591,7435,2026-09-24
1577484420,kingsanny287,loot_res,3592,7429,2026-09-08
2074808,C4m3lfreak,loot_res,3593,7426,2026-10-01
10241668,BlackOperator,loot_res,3594,7415,2026-09-09
1577543597,Lord Noobish,loot_res,3595,7408,2026-08-30
1576869848,Muff1n,loot_res,3596,7402,2026-09-04
1577546959,NoLzxcv,loot_res,3597,7400,2026-10-03
1576648097,LordMorgon,loot_res,3598,7380,2026-09-26
2089421,Burgi26,loot_res,3599,7375,2026-09-09
1576495289,CEVO,loot_res,3600,7369,2026-10-02
1576962923,Djbasic92,loot_res,3601,7356,2026-09-02
1577545846,Primordus33,loot_res,3602,7346,2026-09-21
564586,msk06,loot_res,3603,7344,2026-08-26
2989803,power miners,loot_res,3604,7334,2026-09-06
1577546897,BaByThunDer,loot_res,3605,7328,2026-09-27
7927886,ZZZZ4444,loot_res,3606,7324,2026-08-30
2327236,TRBashing,loot_res,3607,7293,2026-09-01
1577515767,Lord Jule,loot_res,3608,7283,2026-08-29
1577548179,michu9316,loot_res,3609,7275,2026-10-02
1577441559,merlinrohl,loot_res,3610,7247,2026-10-03
1577464084,GurkeMelone,loot_res,3611,7236,2026-10-01
1577546709,sabbo95,loot_res,3612,7229,2026-09-23
1577175064,Neues Textdokument,loot_res,3613,7228,2026-08-27
1577537188,FriedrichMerz,loot_res,3614,7217,2026-08-28
8475251,hasenkrieger98,loot_res,3615,7213,2026-08-29
1576242125,MurphyMcLoud,loot_res,3616,7211,2026-09-14
1577414967,Hartung von Schaffenburg,loot_res,3617,7205,2026-08-30
1577380978,Malachor,loot_res,3618,7192,2026-10-02
1577539345,Schneegott,loot_res,3619,7192,2026-09-27
2661895,amorin,loot_res,3620,7182,2026-10-03
1577387105,ganescha,loot_res,3621,7181,2026-10-03
1577518156,Paladin1990,loot_res,3622,7165,2026-09-30
1577181313,michelschroer,loot_res,3623,7154,2026-08-30
1557369,Candamir der Wikinger,loot_res,3624,7138,2026-09-01
1577546187,TommyFrbg,loot_res,3625,7130,2026-09-18
1577487842,Macelch1608,loot_res,3626,7123,2026-08-29
9307854,Ubbser11,loot_res,3627,7119,2026-08-29
10053790,plutoos,loot_res,3628,7109,2026-09-25
1577545764,Miraak95,loot_res,3629,7108,2026-09-18
1577543139,Phie,loot_res,3630,7108,2026-09-17
7882883,schlartzi,loot_res,3631,7102,2026-08-29
8008019,lb98,loot_res,3632,7100,2026-09-20
1577350075,juvali,loot_res,3633,7097,2026-09-30
1093771,Thyros,loot_res,3634,7094,2026-09-05
1577389731,EduardoHamburg,loot_res,3635,7090,2026-09-05
1577548545,Peppzx,loot_res,3636,7090,2026-10-03
1576907480,goldengel,loot_res,3637,7089,2026-09-17
1577491792,AndyReinke,loot_res,3638,7087,2026-08-29
1577546020,Julian0208,loot_res,3639,7079,2026-09-22
1577547191,Gruaba,loot_res,3640,7069,2026-09-29
9794087,mrtobiar,loot_res,3641,7053,2026-09-18
1577516367,Pitus,loot_res,3642,7050,2026-10-02
1577547368,Jussel,loot_res,3643,7047,2026-10-02
1576174848,pasca19,loot_res,3644,7041,2026-09-18
1576728802,ac10003,loot_res,3645,7040,2026-09-18
1577054379,Whatzzzz,loot_res,3646,7036,2026-08-31
1577396380,Adichamp,loot_res,3647,7034,2026-09-09
2342210,Dämonenkönig,loot_res,3648,7030,2026-09-14
92165,Sir-AS,loot_res,3649,7029,2026-09-27
1577512716,Manichfalt,loot_res,3650,7012,2026-09-17
1577404355,Saftbanane,loot_res,3651,6997,2026-09-08
1577498396,GarpSan,loot_res,3652,6994,2026-09-03
1577448294,xTakka,loot_res,3653,6989,2026-10-02
1577545794,Fu-Fu,loot_res,3654,6989,2026-09-13
1577391757,lila86,loot_res,3655,6973,2026-09-23
1577315562,B33rBoii,loot_res,3656,6971,2026-09-29
1577546937,Bald,loot_res,3657,6967,2026-09-28
1577514267,rash39,loot_res,3658,6967,2026-08-31
1577540528,Der WixXeR,loot_res,3659,6959,2026-09-01
1577445069,Moritz0509,loot_res,3660,6956,2026-09-06
2822683,xZaiZunx,loot_res,3661,6953,2026-08-27
1577547071,M.R.SOLARIS,loot_res,3662,6933,2026-09-29
1577540926,SonniiVerse,loot_res,3663,6931,2026-08-28
1577546413,Blondie2009,loot_res,3664,6927,2026-09-17
1577520866,Paul Vernica,loot_res,3665,6922,2026-09-22
1577533564,dominic0074,loot_res,3666,6919,2026-09-15
1576520314,llllllllll,loot_res,3667,6912,2026-08-28
1577395759,Jo Chen,loot_res,3668,6910,2026-09-28
1577181462,Bonzentrip,loot_res,3669,6901,2026-09-28
1577492916,Steffi,loot_res,3670,6897,2026-09-30
1577547144,MauriceKox,loot_res,3671,6896,2026-09-27
1577545372,Roelt31,loot_res,3672,6890,2026-09-20
1577413189,Radimm,loot_res,3673,6878,2026-09-21
1576761492,janwe01,loot_res,3674,6875,2026-09-08
1577531428,B1As,loot_res,3675,6861,2026-09-10
1577517703,Wanhedaa,loot_res,3676,6859,2026-08-29
1577371986,thomas98,loot_res,3677,6853,2026-09-11
1577487205,TimSiersleben,loot_res,3678,6851,2026-08-29
1577430508,-WhySoSeriouS?-,loot_res,3679,6842,2026-09-01
1577547519,König SneaX,loot_res,3680,6824,2026-09-27
1193505,Wumpelos-Knopperos,loot_res,3681,6822,2026-09-20
1577539932,Sophakuchen,loot_res,3682,6813,2026-09-26
1577544970,Gemüsehändler Gerald,loot_res,3683,6809,2026-09-21
1577429032,Drainbooster,loot_res,3684,6809,2026-09-22
1577371457,Starfaze,loot_res,3685,6800,2026-08-27
1577497425,Manne07,loot_res,3686,6796,2026-09-06
10061197,DruPat2013,loot_res,3687,6795,2026-09-23
1577384932,reddich,loot_res,3688,6787,2026-08-28
1577544471,Lord Marv,loot_res,3689,6747,2026-09-06
2959267,brodnic,loot_res,3690,6746,2026-10-02
1576508063,blbkiller,loot_res,3691,6744,2026-09-25
1576921594,killapinguin,loot_res,3692,6743,2026-09-14
1577522623,NoEscape,loot_res,3693,6704,2026-10-01
729308,grobi92,loot_res,3694,6700,2026-10-01
1577545306,milkboiiiii,loot_res,3695,6699,2026-09-08
1577432049,demenztor,loot_res,3696,6674,2026-09-10
9168384,heter12,loot_res,3697,6667,2026-10-03
1577505114,Maximal Schradin.,loot_res,3698,6648,2026-09-29
1577376086,mmiw,loot_res,3699,6644,2026-09-20
1577489908,DingoMania,loot_res,3700,6631,2026-09-29
1577545476,teke5454,loot_res,3701,6617,2026-09-13
1577387524,asstograss,loot_res,3702,6614,2026-09-01
1577209268,SirPatrickI,loot_res,3703,6604,2026-09-09
1576905025,Michaell,loot_res,3704,6590,2026-08-28
1577370649,Marty56,loot_res,3705,6587,2026-09-29
7714224,brueckenbulle,loot_res,3706,6579,2026-09-28
4652,ThEErAsEr,loot_res,3707,6566,2026-09-27
9588977,Baba1990,loot_res,3708,6551,2026-09-18
1577547566,Unschuldiger Mensch,loot_res,3709,6547,2026-09-28
1577294676,Kühlschrank,loot_res,3710,6545,2026-09-02
1577090861,LegendKiller,loot_res,3711,6545,2026-10-01
1576763259,Rannug68,loot_res,3712,6541,2026-09-30
1577530918,Mikesos,loot_res,3713,6538,2026-09-24
1577417685,Tribalkat007,loot_res,3714,6537,2026-09-10
2504443,FerryVienna,loot_res,3715,6536,2026-10-01
1873810,Flogensi,loot_res,3716,6531,2026-09-10
1576099489,melli87,loot_res,3717,6510,2026-09-24
1577336182,zorro,loot_res,3718,6500,2026-09-30
3459704,KKrauti,loot_res,3719,6499,2026-09-03
2217868,Dragon1318,loot_res,3720,6497,2026-09-30
1577100878,johnny21,loot_res,3721,6478,2026-08-28
1577529424,Aiphaton Inaste,loot_res,3722,6475,2026-09-29
1577547039,DominikDuHuan,loot_res,3723,6473,2026-10-03
1577425637,tim97,loot_res,3724,6468,2026-09-29
1577203775,Ysaya,loot_res,3725,6466,2026-08-28
1577505356,WirKlauenSATAlnagen,loot_res,3726,6449,2026-08-27
1577532404,seppo.stian,loot_res,3727,6446,2026-09-07
3237093,Defence 232,loot_res,3728,6444,2026-08-27
1577546459,Celcina,loot_res,3729,6443,2026-09-20
1577533436,Grachalscheich,loot_res,3730,6442,2026-10-01
3230217,hölmut,loot_res,3731,6441,2026-09-20
1577548503,Sackbauer,loot_res,3732,6436,2026-10-02
1577545879,räuber hotzenplotz123,loot_res,3733,6432,2026-09-13
7647170,konni1990,loot_res,3734,6424,2026-08-31
1577545786,Calvino Blanco,loot_res,3735,6424,2026-09-29
1576347628,mollidk,loot_res,3736,6421,2026-09-09
1577538282,stalkerTBQ,loot_res,3737,6415,2026-08-27
1577396604,Pflegefall88,loot_res,3738,6407,2026-10-03
1577458421,HansaKogge,loot_res,3739,6406,2026-09-05
1577547681,Ohrly,loot_res,3740,6405,2026-10-03
1577446342,Onkelz124,loot_res,3741,6405,2026-09-12
1577544899,UnknownUser,loot_res,3742,6403,2026-09-23
1577194015,horn1x,loot_res,3743,6400,2026-09-03
1577364467,daniel93,loot_res,3744,6391,2026-08-30
1577146210,Giebele,loot_res,3745,6390,2026-09-14
950524,Lucicia,loot_res,3746,6388,2026-08-27
9952730,Seelendieb,loot_res,3747,6362,2026-08-30
1577045238,schnecke12345,loot_res,3748,6362,2026-10-02
1576272935,sir minci,loot_res,3749,6355,2026-10-02
1577378962,Lord-MSP,loot_res,3750,6345,2026-09-04
1577046434,Aufstand,loot_res,3751,6345,2026-08-27
1577546528,LittleJacki,loot_res,3752,6340,2026-09-21
1577546061,Larius,loot_res,3753,6335,2026-09-24
1577521041,Krabbe103,loot_res,3754,6324,2026-09-30
1577022940,HCFreak94,loot_res,3755,6312,2026-08-28
1407936,O.oCatweazelo.O,loot_res,3756,6301,2026-09-23
10186923,danyok,loot_res,3757,6300,2026-09-29
948372,Pitkhan,loot_res,3758,6296,2026-10-01
1577525756,Elektrischer,loot_res,3759,6296,2026-09-13
1577493640,legenda1996,loot_res,3760,6294,2026-09-01
1577540109,Sabsi17,loot_res,3761,6291,2026-10-02
1577543582,Are you sure,loot_res,3762,6273,2026-08-29
1577548048,Koarl14,loot_res,3763,6268,2026-09-29
1577547234,Gast547234,loot_res,3764,6256,2026-10-01
2817313,Sir von Hoffenheim,loot_res,3765,6249,2026-10-02
1259273,portobello,loot_res,3766,6244,2026-08-27
1577547079,MCHammerAUT,loot_res,3767,6240,2026-09-25
1577411684,Lord Tizi,loot_res,3768,6240,2026-09-08
9646360,Anderl7212,loot_res,3769,6238,2026-08-28
1577302041,giwrgoskts,loot_res,3770,6233,2026-09-26
1577532811,ELKanakos,loot_res,3771,6230,2026-09-25
8658286,Aspen,loot_res,3772,6229,2026-09-27
1577546244,Lord Zeenos,loot_res,3773,6223,2026-09-21
1577109722,4g1v3m3,loot_res,3774,6210,2026-09-08
1577155175,Karl94,loot_res,3775,6204,2026-08-30
1577545428,DariusQuack,loot_res,3776,6184,2026-09-11
1576407582,lapxpresss,loot_res,3777,6181,2026-09-14
705747,Don-Killa,loot_res,3778,6181,2026-09-15
1577537413,x3rikx,loot_res,3779,6171,2026-09-29
8316552,lu10ul,loot_res,3780,6169,2026-09-14
1576174082,pepe1989,loot_res,3781,6158,2026-10-03
1577538501,Stexu,loot_res,3782,6158,2026-09-16
1577526808,Lordultra69,loot_res,3783,6144,2026-10-03
1577547445,Dr.redwood,loot_res,3784,6140,2026-10-03
1577097230,Loggarizm,loot_res,3785,6133,2026-09-16
1577372218,chris220691,loot_res,3786,6132,2026-08-30
1577382586,vNeroo,loot_res,3787,6127,2026-10-03
1577541021,Farmbeauftragte,loot_res,3788,6119,2026-09-04
1015155,bjrn202000,loot_res,3789,6113,2026-08-27
1577544517,Tharak,loot_res,3790,6112,2026-09-01
9970396,erna1967,loot_res,3791,6107,2026-09-28
1577300275,Lucky,loot_res,3792,6094,2026-09-10
8508105,World Ablaze,loot_res,3793,6086,2026-08-31
1577537728,Knolli-10,loot_res,3794,6081,2026-09-25
1577076020,GrafFi59,loot_res,3795,6080,2026-10-03
9860046,stricher25,loot_res,3796,6079,2026-09-06
1577432960,Feggei,loot_res,3797,6073,2026-08-29
1577505432,wolfman,loot_res,3798,6072,2026-09-18
1577537700,sarahrauch90,loot_res,3799,6068,2026-09-15
1577524585,connelum,loot_res,3800,6068,2026-08-27
9280036,Alfredux,loot_res,3801,6066,2026-08-27
1577500249,König Dr.med.Wurst,loot_res,3802,6063,2026-09-06
1577372317,Wulthor,loot_res,3803,6058,2026-09-15
1577361493,Zahnmeister,loot_res,3804,6054,2026-09-10
1577486028,mxddy,loot_res,3805,6053,2026-09-22
1577545382,König Peregrin Tuk,loot_res,3806,6042,2026-09-09
10320,Bigmama,loot_res,3807,6040,2026-09-12
340131,Drees,loot_res,3808,6039,2026-09-27
1577546074,Gast546074,loot_res,3809,6033,2026-09-23
8340700,schotter1966,loot_res,3810,6031,2026-09-14
9318609,Cellenseres,loot_res,3811,6022,2026-08-26
1577537283,Rapoto Abinberc,loot_res,3812,6018,2026-09-11
1577521549,Krake,loot_res,3813,6015,2026-09-01
1577539475,Lord Drachenzorn,loot_res,3814,6012,2026-09-03
1577546800,Gast546800,loot_res,3815,5999,2026-10-02
1577278560,ironwill,loot_res,3816,5987,2026-09-09
1576349760,Templer60,loot_res,3817,5983,2026-08-26
1577543283,bennyrg2820,loot_res,3818,5983,2026-09-03
1577546209,heini52,loot_res,3819,5981,2026-09-30
1577547021,Snake2503,loot_res,3820,5975,2026-09-27
1577544488,Yatozuto,loot_res,3821,5966,2026-09-06
1576873620,Lord Stutentreiber,loot_res,3822,5965,2026-08-28
1577497028,Kata Enthusiast,loot_res,3823,5959,2026-08-26
1577330677,Sigma Guitar,loot_res,3824,5953,2026-09-28
1564941,leuchtkaefer,loot_res,3825,5949,2026-08-29
1577420369,Th3Wa4,loot_res,3826,5947,2026-09-24
1161362,Bauernkicker,loot_res,3827,5937,2026-09-13
1577459379,Lord Lexxer,loot_res,3828,5932,2026-09-30
1577528517,BaumFäller,loot_res,3829,5926,2026-08-31
7595575,be.le,loot_res,3830,5916,2026-10-03
532597,Betharon,loot_res,3831,5909,2026-08-27
1576280846,Leevu,loot_res,3832,5899,2026-09-14
1576891488,Sato1110,loot_res,3833,5897,2026-10-03
1577066459,bigdaddy19670,loot_res,3834,5894,2026-09-07
1577545624,QuickRick,loot_res,3835,5890,2026-09-25
1577360295,Ragnar95X,loot_res,3836,5887,2026-09-20
794331,roddickma,loot_res,3837,5879,2026-08-28
1577543395,Jesterhead,loot_res,3838,5873,2026-09-17
9849095,FlyingKilla,loot_res,3839,5857,2026-10-03
1577537171,Judge,loot_res,3840,5856,2026-09-28
3434913,Mettwurst001,loot_res,3841,5853,2026-08-27
1577530718,Syokz,loot_res,3842,5853,2026-10-01
1576380099,.Sky,loot_res,3843,5840,2026-08-30
1577444742,Eisenfaust42,loot_res,3844,5833,2026-09-13
1577547676,Mosli,loot_res,3845,5829,2026-10-03
10006855,TubenSalz,loot_res,3846,5824,2026-10-03
1577544926,Happy Stone New Village,loot_res,3847,5822,2026-09-13
1577544539,Lord von Luc,loot_res,3848,5810,2026-08-31
1577544618,Pasiix,loot_res,3849,5788,2026-09-11
1577143346,Lutz74,loot_res,3850,5772,2026-09-26
8071280,xXHorst OliverXx,loot_res,3851,5766,2026-09-18
8881769,Buschkaempfer,loot_res,3852,5764,2026-10-03
1576793181,BordSteinLegende,loot_res,3853,5763,2026-10-03
1576534956,mad man maddi,loot_res,3854,5760,2026-09-25
7921348,Chapman65,loot_res,3855,5749,2026-09-26
1577532753,King Dav,loot_res,3856,5742,2026-09-27
9967370,didi020276,loot_res,3857,5732,2026-10-02
1577546368,Tario94,loot_res,3858,5731,2026-09-20
1577409450,Fighter4Real,loot_res,3859,5731,2026-09-21
1576807316,Cpt.MorganLatte,loot_res,3860,5724,2026-08-27
1577029422,stbaumann1972,loot_res,3861,5718,2026-09-23
1577012705,Teia,loot_res,3862,5715,2026-09-17
1577282851,toniazemi 19,loot_res,3863,5712,2026-09-23
2663633,Usbekistan,loot_res,3864,5700,2026-09-26
1577537070,TitanT,loot_res,3865,5690,2026-09-03
1577489259,funstadt,loot_res,3866,5685,2026-09-03
1577537738,Preilo1893,loot_res,3867,5664,2026-09-08
1577455589,Devil81,loot_res,3868,5656,2026-09-11
1036882,doc1982,loot_res,3869,5655,2026-08-31
1577548447,Drac1993,loot_res,3870,5649,2026-10-03
1577346099,MarsGorilla,loot_res,3871,5637,2026-09-02
1576389212,könig bum bum,loot_res,3872,5626,2026-09-22
830397,eddy the king,loot_res,3873,5624,2026-09-01
9621123,Assassin1601,loot_res,3874,5623,2026-08-29
1577517385,dennisk95,loot_res,3875,5620,2026-09-15
8831957,manny0,loot_res,3876,5618,2026-08-30
8294810,banjo99,loot_res,3877,5608,2026-10-02
1577348205,Anthraxx93,loot_res,3878,5606,2026-09-01
1577545281,Anphi,loot_res,3879,5603,2026-10-03
1577394570,MaxKing7,loot_res,3880,5597,2026-08-26
9804675,Mondwölfin,loot_res,3881,5595,2026-09-06
257510,DrHooxon,loot_res,3882,5586,2026-09-30
1577423469,FB11,loot_res,3883,5582,2026-08-26
1577513628,Der Rote Baron 2,loot_res,3884,5577,2026-09-07
1577546850,LordPasimir,loot_res,3885,5572,2026-10-03
1577139881,Elron McBong,loot_res,3886,5572,2026-09-18
7758047,Canim123,loot_res,3887,5566,2026-10-03
1577531949,Philip2410,loot_res,3888,5566,2026-09-15
1575880550,Stylisher,loot_res,3889,5561,2026-09-19
1577547651,flolanzi,loot_res,3890,5558,2026-10-02
1577523119,eXceL04,loot_res,3891,5554,2026-08-28
1498194,Perle4711,loot_res,3892,5552,2026-09-28
1577518034,Wahnfried 1.,loot_res,3893,5550,2026-09-28
427376,viktor395591,loot_res,3894,5549,2026-09-07
1577230584,Wory w Sakone,loot_res,3895,5533,2026-09-03
1577520569,Buffalojoe,loot_res,3896,5530,2026-09-14
1577424821,-JpR-,loot_res,3897,5529,2026-09-11
1577547185,futlapperl,loot_res,3898,5526,2026-09-30
1576240098,Lord Jordy,loot_res,3899,5523,2026-09-26
1577548520,Koffer,loot_res,3900,5520,2026-10-03
2898146,Püppili,loot_res,3901,5510,2026-09-18
1576860460,Marblehead,loot_res,3902,5500,2026-09-16
1577547362,tcount,loot_res,3903,5493,2026-09-28
1577545995,Steger10,loot_res,3904,5490,2026-09-15
9260660,omepo,loot_res,3905,5488,2026-09-21
1577303441,Emma,loot_res,3906,5472,2026-08-29
992163,Bunnito,loot_res,3907,5471,2026-09-08
1577450094,ertuerk1991,loot_res,3908,5471,2026-08-27
1577337399,unmoralisches Angebot,loot_res,3909,5469,2026-09-24
1577522156,schreegi,loot_res,3910,5455,2026-09-19
1260323,Linessa,loot_res,3911,5448,2026-10-03
1577266463,LukHel,loot_res,3912,5446,2026-09-09
1577245253,sevensculls,loot_res,3913,5442,2026-09-23
1577546600,Lord sirolrac,loot_res,3914,5441,2026-09-20
8512794,Iconfighter,loot_res,3915,5440,2026-09-28
1576684815,Tyrion L,loot_res,3916,5433,2026-09-04
1577544793,Kleineraffe,loot_res,3917,5422,2026-09-03
1577536967,Nils0203,loot_res,3918,5419,2026-09-30
1577396726,zigge,loot_res,3919,5406,2026-09-27
1576205507,alteDame,loot_res,3920,5403,2026-08-28
1577356265,Succo,loot_res,3921,5402,2026-09-29
1944959,MerkurHB,loot_res,3922,5400,2026-09-24
8699223,peelo,loot_res,3923,5396,2026-09-01
1577353159,Caasseerraa,loot_res,3924,5393,2026-09-18
1577468023,raptil777,loot_res,3925,5387,2026-09-02
1577548684,DabiAlaba,loot_res,3926,5387,2026-10-03
1577108159,.007,loot_res,3927,5383,2026-09-01
1575866300,König Laotse,loot_res,3928,5373,2026-09-21
1577545336,trolan1,loot_res,3929,5373,2026-09-14
1577545849,Flocki,loot_res,3930,5371,2026-09-14
1577546498,König Drachentöter,loot_res,3931,5368,2026-10-03
1577194828,Mauki38,loot_res,3932,5355,2026-09-19
1577289483,zardor,loot_res,3933,5354,2026-09-26
1577449052,AlexTheKek,loot_res,3934,5348,2026-09-01
1577503774,Bachelor,loot_res,3935,5342,2026-09-16
1577359906,bujes95,loot_res,3936,5341,2026-10-01
9937671,hqelle,loot_res,3937,5339,2026-10-03
1577335205,Hanni123.,loot_res,3938,5339,2026-09-25
8504229,Nr.121096,loot_res,3939,5331,2026-09-03
9786979,Lord Zeus,loot_res,3940,5328,2026-09-10
1577364287,Papercutxx,loot_res,3941,5327,2026-09-06
1577390723,dart-sniper,loot_res,3942,5325,2026-09-26
1577545598,Gast545598,loot_res,3943,5324,2026-09-28
1577545316,BigTower,loot_res,3944,5312,2026-09-09
7688782,Andreas der Hunne,loot_res,3945,5299,2026-08-28
1577413752,Timpetu12,loot_res,3946,5299,2026-09-25
1577546852,Nono...,loot_res,3947,5296,2026-10-01
10060634,Hornissimo,loot_res,3948,5280,2026-10-03
1577263330,Fairy Tale,loot_res,3949,5269,2026-09-23
1577455378,grubbel,loot_res,3950,5266,2026-09-15
1577394742,Black Viper,loot_res,3951,5264,2026-09-29
1577120751,yerushalem,loot_res,3952,5264,2026-08-27
1577417050,tlli2811,loot_res,3953,5236,2026-08-27
1577337112,Mady,loot_res,3954,5235,2026-09-12
1577493738,Livil,loot_res,3955,5233,2026-08-31
1577500366,xApathetic,loot_res,3956,5223,2026-09-03
1576863915,lubenko1,loot_res,3957,5217,2026-09-05
1577546182,Eyjay95,loot_res,3958,5208,2026-09-16
9444183,hexerwelt,loot_res,3959,5208,2026-09-20
1577545103,Dreamcast40,loot_res,3960,5207,2026-09-06
1577547536,Gast547536,loot_res,3961,5190,2026-10-03
1576595230,LuMiNo,loot_res,3962,5185,2026-09-03
1577548411,NWT51,loot_res,3963,5185,2026-10-03
1577438100,havocCc,loot_res,3964,5185,2026-09-23
1576937611,noxzz,loot_res,3965,5181,2026-08-26
1577547734,JuliusKellnus,loot_res,3966,5169,2026-10-03
1577546195,JanekF96,loot_res,3967,5169,2026-09-21
1577504687,Durham,loot_res,3968,5168,2026-08-28
1577546198,liamthelegend,loot_res,3969,5167,2026-09-19
1577538817,gerrad69,loot_res,3970,5166,2026-09-05
1577384617,Anxiety Overdose,loot_res,3971,5165,2026-08-26
1577543240,Mikey68,loot_res,3972,5160,2026-08-29
1577545108,Naturfreund-1986,loot_res,3973,5153,2026-10-01
1577485992,gusti1705,loot_res,3974,5135,2026-10-02
1577545652,killatrex,loot_res,3975,5135,2026-09-14
7806131,parker10,loot_res,3976,5130,2026-08-30
1577547861,LordLaLa,loot_res,3977,5129,2026-10-01
1577305996,Woody93,loot_res,3978,5128,2026-10-02
2851966,winniwilly,loot_res,3979,5122,2026-10-03
1576462603,AngelofDoom,loot_res,3980,5118,2026-08-26
9385114,Dazimir,loot_res,3981,5117,2026-09-29
10213323,navi1,loot_res,3982,5110,2026-09-13
1577547597,Kankrea,loot_res,3983,5109,2026-09-28
1577546999,SirSyrex,loot_res,3984,5102,2026-10-01
268365,Buddy01,loot_res,3985,5100,2026-09-27
1577547016,Fabutasia,loot_res,3986,5086,2026-09-25
7808206,MoehreFranky,loot_res,3987,5083,2026-08-26
208949,WhitePanther,loot_res,3988,5081,2026-10-03
1577544192,NicDie97,loot_res,3989,5074,2026-09-04
3248439,Hero-Queen,loot_res,3990,5071,2026-08-29
1577312768,Gesindel,loot_res,3991,5071,2026-08-27
1577548604,Lord Overdue,loot_res,3992,5068,2026-10-03
1577452009,MrWeed,loot_res,3993,5064,2026-08-30
1577541192,Elli Fand,loot_res,3994,5064,2026-09-13
9389833,Gringen,loot_res,3995,5059,2026-09-22
1577325883,Andreas1307,loot_res,3996,5056,2026-09-17
1577547507,Bronson,loot_res,3997,5055,2026-09-30
1577181324,Vinda Loo,loot_res,3998,5048,2026-10-01
1577543602,maxxrichaard,loot_res,3999,5042,2026-08-28
3385146,dasglug,loot_res,4000,5023,2026-09-11
1576261366,Tadazone,loot_res,4001,5023,2026-09-30
1577545475,Cell-90,loot_res,4002,5013,2026-10-01
1577500430,Funkywomen,loot_res,4003,5005,2026-10-01
1577293750,AbsturzKind,loot_res,4004,5001,2026-09-16
3029085,Gregori 98,loot_res,4005,4993,2026-10-03
1577425488,BlackViper69,loot_res,4006,4993,2026-09-26
1577365105,bauenbauenbauen,loot_res,4007,4978,2026-08-26
1577427813,mühli93,loot_res,4008,4974,2026-09-13
1576095183,xRazor1209,loot_res,4009,4958,2026-08-29
1577547887,Mosi,loot_res,4010,4950,2026-10-01
1577546944,obermada,loot_res,4011,4947,2026-10-01
1577547122,K3rn3r,loot_res,4012,4942,2026-09-30
1577527866,BlauWeiß1892,loot_res,4013,4938,2026-09-06
8816641,Combin,loot_res,4014,4938,2026-09-13
1577516824,Donpeppone,loot_res,4015,4934,2026-09-08
8469495,3puma3,loot_res,4016,4932,2026-08-27
1576932853,KronenEx,loot_res,4017,4914,2026-09-25
1577538823,Saustall,loot_res,4018,4902,2026-09-14
9165288,Graf von Schleswig,loot_res,4019,4900,2026-08-30
1577548707,Yucatano,loot_res,4020,4900,2026-10-03
1576908661,xRango,loot_res,4021,4899,2026-08-27
1577529153,Golfjaeger,loot_res,4022,4898,2026-10-02
1577547984,DrLorki,loot_res,4023,4897,2026-09-30
1577168148,depp007,loot_res,4024,4893,2026-08-30
1577546155,Peniskopf89,loot_res,4025,4892,2026-10-03
1577419383,Pettheripper73,loot_res,4026,4891,2026-09-14
1577544424,Agnesium,loot_res,4027,4890,2026-09-14
1577532751,Lord Striker,loot_res,4028,4884,2026-08-27
1577370212,Adel29,loot_res,4029,4883,2026-08-27
1576998227,Lord Conakli,loot_res,4030,4865,2026-08-29
1577546992,eXotic91,loot_res,4031,4861,2026-09-24
1577307044,Carnalito,loot_res,4032,4854,2026-08-31
1577543122,Rancho,loot_res,4033,4852,2026-08-28
1577543514,xSkillz0rx,loot_res,4034,4845,2026-09-07
1577520794,ProRam,loot_res,4035,4836,2026-08-26
8792368,Maximo 10,loot_res,4036,4833,2026-09-18
1577540171,SirHomer,loot_res,4037,4829,2026-09-12
1807708,Erik Odinson,loot_res,4038,4822,2026-08-29
1577275161,Chholzer,loot_res,4039,4820,2026-10-03
1577384783,saletti,loot_res,4040,4819,2026-10-03
1577483655,bluefroc,loot_res,4041,4818,2026-08-28
1577428860,arminja,loot_res,4042,4815,2026-09-24
3449459,Trochaeus,loot_res,4043,4805,2026-09-10
1577499447,wuffi22,loot_res,4044,4800,2026-09-11
8797401,Ekatarina,loot_res,4045,4800,2026-08-29
10095098,nilshs,loot_res,4046,4798,2026-08-27
1337938,diphinila,loot_res,4047,4791,2026-08-29
1577543374,Agent1OO,loot_res,4048,4777,2026-08-27
1577017123,Kleine Hexe123,loot_res,4049,4777,2026-08-26
1577317100,RobertoDerLurchige,loot_res,4050,4773,2026-10-03
1577537158,Kuppi0815,loot_res,4051,4760,2026-09-15
1577547881,Nenad1988,loot_res,4052,4759,2026-09-29
9594338,andi97912,loot_res,4053,4758,2026-09-15
9076589,Nissius,loot_res,4054,4758,2026-10-03
1577441507,Alexpopalex,loot_res,4055,4758,2026-10-01
1349444,Kaiserin Yvette,loot_res,4056,4756,2026-10-03
1577544909,Mr Greyhound,loot_res,4057,4755,2026-10-03
1577498623,the-Ultra-King,loot_res,4058,4753,2026-08-26
1577539370,VINCO,loot_res,4059,4752,2026-09-10
1577464954,CallMeASpaceman,loot_res,4060,4750,2026-08-31
1577545936,Werner030,loot_res,4061,4743,2026-09-23
1577546485,Arash88,loot_res,4062,4731,2026-09-18
1577548245,Dr-Lampignon,loot_res,4063,4729,2026-10-01
1577546172,Mimiihrzz,loot_res,4064,4722,2026-09-30
1577105211,jana48,loot_res,4065,4722,2026-08-28
1577548524,HeroicGem,loot_res,4066,4721,2026-10-02
1577391096,Th.9210,loot_res,4067,4718,2026-10-01
1577172541,Alan of Helmsby,loot_res,4068,4710,2026-09-27
1577440830,Romsiline,loot_res,4069,4708,2026-09-22
1577307219,Liostro,loot_res,4070,4704,2026-09-09
614761,d ugt,loot_res,4071,4698,2026-08-28
112157,RiddleAura,loot_res,4072,4698,2026-09-02
1577416613,ValurGretarsson,loot_res,4073,4694,2026-09-30
1577463556,Ceebee,loot_res,4074,4683,2026-08-26
1577323855,Brutalanda,loot_res,4075,4668,2026-09-10
1577380363,WildDogs,loot_res,4076,4664,2026-08-26
1576500390,Extremoo,loot_res,4077,4662,2026-10-03
1577319930,Fragezeichen,loot_res,4078,4660,2026-10-03
9238397,mrsandro2,loot_res,4079,4654,2026-09-15
8404713,usk4,loot_res,4080,4650,2026-09-04
1577545613,cocomonoco,loot_res,4081,4647,2026-09-19
1576712705,MausRainbowcookie,loot_res,4082,4644,2026-08-28
1577380217,The Machine,loot_res,4083,4643,2026-09-18
1576596699,powerboy001,loot_res,4084,4642,2026-09-08
19594,Anthelios,loot_res,4085,4629,2026-10-03
1577064270,robert47,loot_res,4086,4628,2026-08-31
8967775,Geralt von Riva,loot_res,4087,4623,2026-08-28
1577287233,Ready4KitZ?,loot_res,4088,4616,2026-08-30
1577548300,sirMichaelRitter,loot_res,4089,4612,2026-10-03
1577073824,MonaLisa,loot_res,4090,4610,2026-09-21
1577545537,Jennngineer,loot_res,4091,4609,2026-09-27
7940389,i wie,loot_res,4092,4603,2026-09-24
1577408671,zombie1000,loot_res,4093,4596,2026-09-29
8430997,kingkodde,loot_res,4094,4593,2026-09-13
1304688,marivi,loot_res,4095,4593,2026-08-28
1577423472,Stevil000,loot_res,4096,4578,2026-08-26
1577533911,GNeutsch,loot_res,4097,4573,2026-09-15
1577545644,Heldman,loot_res,4098,4572,2026-09-23
1577531745,Miss Monchichi,loot_res,4099,4572,2026-10-01
1577547236,pogopapst,loot_res,4100,4571,2026-09-26
1086282,m-k-zwonix,loot_res,4101,4568,2026-09-01
1577077854,Schnurrr,loot_res,4102,4561,2026-09-13
1577451992,BadGirl,loot_res,4103,4552,2026-09-11
3036529,-Hardcore,loot_res,4104,4538,2026-10-01
1577547596,Masafaka,loot_res,4105,4520,2026-10-02
1492377,Desert Fox,loot_res,4106,4519,2026-09-29
1577252028,Wechsel22,loot_res,4107,4513,2026-08-26
1577546991,Sir Jon Lee,loot_res,4108,4500,2026-09-22
2981138,Manulord,loot_res,4109,4498,2026-09-20
1577546185,sarahfranziska,loot_res,4110,4497,2026-09-21
1577021422,Zork,loot_res,4111,4496,2026-10-02
1577548227,GreygarII,loot_res,4112,4483,2026-10-02
1577377577,patschow,loot_res,4113,4482,2026-08-29
1577123936,WoCShadow,loot_res,4114,4476,2026-08-27
1577445047,reiks,loot_res,4115,4471,2026-08-29
10253420,Tider,loot_res,4116,4462,2026-09-25
1577547473,m0ses3,loot_res,4117,4461,2026-09-27
1577423536,Uni Vers,loot_res,4118,4453,2026-09-14
2436252,ppbomber,loot_res,4119,4448,2026-09-25
1577547856,flevii,loot_res,4120,4440,2026-10-03
1577545726,zodi,loot_res,4121,4439,2026-09-17
1577505853,lCasperl,loot_res,4122,4436,2026-09-26
1577543940,Lord Lechtal,loot_res,4123,4434,2026-09-14
1577538663,baresechszwei,loot_res,4124,4431,2026-09-11
1577378566,Lobster1984,loot_res,4125,4426,2026-08-27
1577491766,KaVauEn,loot_res,4126,4419,2026-09-08
10090482,Engelchen und Teufelchen,loot_res,4127,4416,2026-09-12
1577544978,kolli,loot_res,4128,4415,2026-09-10
1577547955,MousseVI,loot_res,4129,4406,2026-09-29
1576365478,chris190,loot_res,4130,4402,2026-08-28
1577545438,Gehacktes,loot_res,4131,4399,2026-09-14
1577537189,ischias,loot_res,4132,4397,2026-10-03
1577050492,xDave98,loot_res,4133,4396,2026-09-16
8740368,Eiserner Gustav,loot_res,4134,4395,2026-09-23
1576421275,Danielb93,loot_res,4135,4391,2026-08-29
1577534004,citrusextrakt,loot_res,4136,4388,2026-10-03
1577449424,weedbeat97,loot_res,4137,4380,2026-09-29
1577539445,Trickster1364,loot_res,4138,4378,2026-09-25
1577546442,666Todesengel666,loot_res,4139,4377,2026-09-20
1577547674,crisikrieger14,loot_res,4140,4376,2026-10-03
1577115198,Baxxter,loot_res,4141,4376,2026-08-27
1577547138,Lord Mike999,loot_res,4142,4371,2026-09-25
1577008602,be115,loot_res,4143,4371,2026-08-30
1577354091,weezy,loot_res,4144,4357,2026-09-24
1577545681,DerBleistift,loot_res,4145,4353,2026-09-15
1577415771,StayHigh,loot_res,4146,4348,2026-08-31
193940,Siedlerfan,loot_res,4147,4345,2026-09-25
1577541042,Lord-Raiden,loot_res,4148,4344,2026-09-30
9099199,revenger53,loot_res,4149,4342,2026-09-06
1576913707,Der Zauberer,loot_res,4150,4340,2026-10-02
1576935310,Patromenti,loot_res,4151,4335,2026-09-21
1577546475,LumaxO,loot_res,4152,4334,2026-09-20
1577316391,Hermanndinger,loot_res,4153,4329,2026-10-02
1577321559,ZehnIncsLogout,loot_res,4154,4316,2026-08-30
1577545593,santiago.matamoros,loot_res,4155,4314,2026-09-10
1577533644,Alexr,loot_res,4156,4312,2026-10-02
1577325121,Grimiore,loot_res,4157,4312,2026-08-29
1577426881,nesti97,loot_res,4158,4305,2026-09-21
1577545327,Lord Kavallerie,loot_res,4159,4297,2026-09-08
1576273504,FCB-Hanse,loot_res,4160,4291,2026-09-12
1577426624,Kleibo98,loot_res,4161,4291,2026-08-31
1577545725,KornHolio,loot_res,4162,4284,2026-09-14
1577546873,Motschu,loot_res,4163,4282,2026-09-23
1577547956,RomanofW,loot_res,4164,4279,2026-10-01
9245483,Yanka,loot_res,4165,4277,2026-09-13
1577527032,Misguided,loot_res,4166,4276,2026-09-19
1577547935,muheika,loot_res,4167,4269,2026-10-02
1577411615,Riedl.88,loot_res,4168,4264,2026-09-18
9566127,Sniipii,loot_res,4169,4263,2026-09-21
941519,bibi100,loot_res,4170,4259,2026-08-28
1576916261,Fischchen15,loot_res,4171,4251,2026-09-18
1577185564,are you scar7d?,loot_res,4172,4249,2026-08-30
1577498335,Lacky,loot_res,4173,4245,2026-10-02
1577026411,Palurin,loot_res,4174,4239,2026-10-01
10044196,crasher4,loot_res,4175,4238,2026-09-18
1577528475,günnnnter,loot_res,4176,4238,2026-09-24
1577427469,Wodkaenergy,loot_res,4177,4225,2026-08-27
409237,Der Phönix ist da,loot_res,4178,4225,2026-08-31
1577266133,Sagistrar,loot_res,4179,4221,2026-09-19
1577441983,P.v.sturm,loot_res,4180,4211,2026-10-01
1577546923,Biancax99,loot_res,4181,4210,2026-09-21
1577535118,Schimmi,loot_res,4182,4206,2026-09-27
1577445942,Waterman,loot_res,4183,4202,2026-09-02
9478306,AfgBoyS,loot_res,4184,4200,2026-09-03
1577435544,Lady Hansi,loot_res,4185,4198,2026-10-03
7712374,jepus,loot_res,4186,4198,2026-09-29
9819326,MutIw0w,loot_res,4187,4197,2026-08-26
1577314235,Chalex97,loot_res,4188,4194,2026-08-28
1577537964,Johann,loot_res,4189,4190,2026-08-28
1577541145,Der Insi,loot_res,4190,4182,2026-09-04
8301038,Nom Anor,loot_res,4191,4181,2026-08-29
8068318,System of a Down 2,loot_res,4192,4177,2026-09-21
1577352902,Sokra,loot_res,4193,4173,2026-09-15
1577524337,DoIVIi,loot_res,4194,4167,2026-08-28
1576266169,Cliffhanger7,loot_res,4195,4164,2026-10-02
10059408,Nuss1980,loot_res,4196,4158,2026-08-26
8131470,Calina009,loot_res,4197,4155,2026-09-26
1577546760,Gast546760,loot_res,4198,4150,2026-09-30
1577543216,Vandair,loot_res,4199,4146,2026-09-01
1577540630,LucyPyre,loot_res,4200,4146,2026-09-12
1577155209,der blinde,loot_res,4201,4142,2026-09-29
1577531621,Knoobs92,loot_res,4202,4141,2026-09-18
1577545334,Kukuk80,loot_res,4203,4139,2026-09-12
1577180701,Kleiner dicker König,loot_res,4204,4120,2026-08-31
1499500,Skyair,loot_res,4205,4113,2026-08-26
1716929,schwarzer kauz,loot_res,4206,4108,2026-08-30
3478371,könig Björn,loot_res,4207,4100,2026-09-05
9704970,Lucifer,loot_res,4208,4090,2026-09-26
1577052639,Emre.VI,loot_res,4209,4084,2026-09-27
1577273228,ElGrande,loot_res,4210,4072,2026-09-12
1577534941,Wario26,loot_res,4211,4066,2026-09-19
1577537613,SwissRagnar,loot_res,4212,4056,2026-08-27
1577388102,bibidibabu,loot_res,4213,4053,2026-08-27
549261,usherle,loot_res,4214,4049,2026-09-26
1577542227,Don Lennart,loot_res,4215,4044,2026-09-15
321726,Beizer,loot_res,4216,4033,2026-08-28
1577546053,Gast546053,loot_res,4217,4025,2026-09-16
1577545633,Willbert,loot_res,4218,4021,2026-09-28
1577507906,Max08,loot_res,4219,4013,2026-09-10
333547,K.G.S,loot_res,4220,4009,2026-09-11
1575946207,A11rounder,loot_res,4221,4007,2026-09-25
1577542088,Shina,loot_res,4222,4006,2026-09-25
910346,The blue Hero,loot_res,4223,3997,2026-09-03
1577108311,Tante1,loot_res,4224,3992,2026-09-22
1577335428,Basti K,loot_res,4225,3991,2026-09-20
1577541652,Ecli,loot_res,4226,3989,2026-08-26
1577497031,Tunis 1540,loot_res,4227,3987,2026-08-28
2051862,dä caro,loot_res,4228,3987,2026-08-27
1577529017,Vnv Nation,loot_res,4229,3986,2026-09-13
1577462629,llnobodyll,loot_res,4230,3976,2026-09-19
1577171451,-SoulReaver-,loot_res,4231,3973,2026-09-05
1577545447,PrinzU,loot_res,4232,3972,2026-09-29
1577514758,Madze,loot_res,4233,3971,2026-09-28
1577547010,FabRiro,loot_res,4234,3960,2026-09-25
1576705402,Haethras.,loot_res,4235,3954,2026-08-26
1577546503,Gast546503,loot_res,4236,3950,2026-09-29
1577395391,Suhwän,loot_res,4237,3947,2026-09-24
1577359039,Zoritas,loot_res,4238,3942,2026-10-03
3029779,markus.civ,loot_res,4239,3939,2026-08-31
8934337,alidee,loot_res,4240,3936,2026-10-03
211951,eurofighter89,loot_res,4241,3936,2026-08-27
1577490243,sikama,loot_res,4242,3931,2026-09-10
1577548122,SnipzZ,loot_res,4243,3916,2026-10-02
1577542655,GeneralKeinPlan,loot_res,4244,3906,2026-09-14
1577500400,Maurice77,loot_res,4245,3902,2026-09-20
1577542409,Lord Fischer92,loot_res,4246,3896,2026-08-26
1576804824,dermoai,loot_res,4247,3891,2026-08-27
1577546838,Mr. Buung,loot_res,4248,3885,2026-09-22
1577547065,spLA-Fried,loot_res,4249,3882,2026-09-28
1577382331,Essy,loot_res,4250,3880,2026-10-02
1577494020,Lotte19,loot_res,4251,3878,2026-09-13
8324097,Rocker Max,loot_res,4252,3876,2026-08-29
1577433263,NoWay,loot_res,4253,3874,2026-09-01
1577404165,dietz2,loot_res,4254,3869,2026-09-03
7996265,pokkenwilli,loot_res,4255,3859,2026-10-01
8247637,bocki62,loot_res,4256,3850,2026-09-18
9710676,BigL1,loot_res,4257,3849,2026-09-15
1027253,jusumi,loot_res,4258,3840,2026-09-28
1577547189,Walti54,loot_res,4259,3839,2026-09-27
1577458844,Pr0Misa,loot_res,4260,3828,2026-09-05
957722,wolle40,loot_res,4261,3825,2026-08-30
1577355767,markuswla1193,loot_res,4262,3824,2026-09-29
1577538721,OF Piet,loot_res,4263,3821,2026-10-01
1577357520,MoreSpeck,loot_res,4264,3820,2026-10-01
1780546,Faehnleinmeister,loot_res,4265,3818,2026-09-06
1577444181,OlliOri,loot_res,4266,3810,2026-10-03
1577488094,König masterchief117,loot_res,4267,3805,2026-09-26
1577539589,Mihailo der Große,loot_res,4268,3802,2026-09-15
1577411812,Gast411812,loot_res,4269,3797,2026-10-03
1577466496,Pryna,loot_res,4270,3793,2026-09-06
1577259051,Gus Griswald,loot_res,4271,3788,2026-08-26
1577548396,Gast548396,loot_res,4272,3778,2026-10-03
1152614,alexb19961996,loot_res,4273,3775,2026-09-18
9338798,RitterHelki,loot_res,4274,3774,2026-10-03
1577537009,Gordini,loot_res,4275,3770,2026-10-02
1577547708,bösermau,loot_res,4276,3766,2026-09-28
1577545225,Lord LucaTobias2025,loot_res,4277,3766,2026-09-10
1577195951,Supersonic569,loot_res,4278,3764,2026-09-22
1577544124,nerd91,loot_res,4279,3763,2026-09-29
1577000617,DusT2g,loot_res,4280,3760,2026-08-26
1577234466,emarcel14,loot_res,4281,3758,2026-09-02
1577248822,Toad,loot_res,4282,3757,2026-09-12
1577546958,Leozilla,loot_res,4283,3754,2026-09-23
1577540023,Der Herscher,loot_res,4284,3754,2026-08-28
1577547982,CasaBosque,loot_res,4285,3740,2026-09-30
1577545780,Hinprinz,loot_res,4286,3740,2026-09-15
1577434061,Conan,loot_res,4287,3740,2026-09-13
1577445649,BennoZ,loot_res,4288,3734,2026-09-14
8084861,Y nnik 2468,loot_res,4289,3732,2026-09-10
1577547641,nochimmerking,loot_res,4290,3731,2026-09-30
1577546824,LegendofGrubing,loot_res,4291,3718,2026-10-03
1577061292,king113,loot_res,4292,3716,2026-08-29
1576539242,raphael1602,loot_res,4293,3715,2026-09-21
1577301232,regenmantel,loot_res,4294,3707,2026-08-28
1577408960,Mafiaboss,loot_res,4295,3706,2026-09-20
1576704073,Domdom94,loot_res,4296,3701,2026-09-04
1577486942,Lordstich,loot_res,4297,3700,2026-10-03
2506399,wickal,loot_res,4298,3700,2026-09-29
1577545872,BI96,loot_res,4299,3695,2026-09-12
1577442344,DieStämme,loot_res,4300,3686,2026-09-07
1577405688,Galnok,loot_res,4301,3686,2026-09-12
1576667094,baba.1,loot_res,4302,3684,2026-09-24
1577547631,Aschefeld,loot_res,4303,3681,2026-09-28
8519064,Cottan,loot_res,4304,3679,2026-08-27
1577206281,Petra 03,loot_res,4305,3675,2026-10-03
2246298,Lady Sarah 2002,loot_res,4306,3674,2026-08-30
2219529,Herly,loot_res,4307,3671,2026-10-02
1577498080,PennyIce,loot_res,4308,3669,2026-09-28
1577535053,Mangoschmilch,loot_res,4309,3666,2026-08-31
1577453031,TiMo-95,loot_res,4310,3660,2026-09-13
1577436364,Tomson55,loot_res,4311,3659,2026-08-26
3056942,schlumpf 19,loot_res,4312,3657,2026-09-25
1577508156,Macphisto,loot_res,4313,3657,2026-09-06
8092758,Entspannend,loot_res,4314,3655,2026-08-27
1577548067,Huenson,loot_res,4315,3654,2026-10-01
973186,die Sauerländerin,loot_res,4316,3639,2026-10-02
1577460735,peter57,loot_res,4317,3637,2026-10-03
1577286231,Hunter23,loot_res,4318,3636,2026-09-12
1577547964,PateGx,loot_res,4319,3632,2026-10-02
2629821,titchen,loot_res,4320,3630,2026-09-19
1577543164,OldCartman,loot_res,4321,3617,2026-09-04
3453488,gueggi,loot_res,4322,3614,2026-10-03
1576899498,Königin Sanny,loot_res,4323,3593,2026-09-14
10269061,Lady Streitaxt,loot_res,4324,3590,2026-08-29
1576416278,mystery castle,loot_res,4325,3588,2026-09-29
1577548416,Lord Deviation51,loot_res,4326,3587,2026-10-01
1577504116,artOFwar,loot_res,4327,3585,2026-08-26
1577075050,KönigSNODEFF,loot_res,4328,3577,2026-10-03
1577520898,lui1990,loot_res,4329,3573,2026-09-02
1576513180,Catgirl,loot_res,4330,3573,2026-08-26
96264,Vatti,loot_res,4331,3570,2026-08-30
1577510582,Lasereule,loot_res,4332,3568,2026-09-05
3034750,gandalf der 01,loot_res,4333,3561,2026-09-21
1577529292,timmey,loot_res,4334,3561,2026-09-29
1577546264,TheAJ,loot_res,4335,3546,2026-09-19
1576789578,bighecht,loot_res,4336,3539,2026-09-14
1577538601,Zudotakikato,loot_res,4337,3536,2026-08-30
1496613,*13*er Kriger,loot_res,4338,3526,2026-09-13
1577547638,Snusmu,loot_res,4339,3517,2026-09-29
1577081964,jonny5lebt,loot_res,4340,3514,2026-09-24
1577415056,Icelina,loot_res,4341,3514,2026-09-13
1577321564,xPress,loot_res,4342,3510,2026-08-27
1577216618,xKrypto,loot_res,4343,3507,2026-09-24
7902649,RUAL-Tex GmbH,loot_res,4344,3505,2026-10-03
1577487253,Pössl,loot_res,4345,3503,2026-10-03
1577533337,Makinos,loot_res,4346,3499,2026-08-31
1637531,klaudesi,loot_res,4347,3497,2026-10-03
1577546718,JuliusCäsar,loot_res,4348,3495,2026-09-29
1577491747,Serberus1985,loot_res,4349,3494,2026-09-04
1577511675,Der Metzler,loot_res,4350,3492,2026-08-28
1577536005,Acetheone,loot_res,4351,3475,2026-09-20
9026799,Luzifer1985,loot_res,4352,3473,2026-09-24
1577504130,Espio,loot_res,4353,3472,2026-08-29
1577530783,Kryolith,loot_res,4354,3467,2026-09-06
1577547411,Sir.Logan,loot_res,4355,3460,2026-10-03
1577428817,TheJDGame,loot_res,4356,3460,2026-09-11
3016955,Suea,loot_res,4357,3457,2026-09-04
1577306888,BitiKing,loot_res,4358,3456,2026-09-29
1577546438,JustF,loot_res,4359,3455,2026-09-22
1577540502,ElKumay,loot_res,4360,3455,2026-10-02
1577548589,Gezby69,loot_res,4361,3448,2026-10-03
7970769,Phosby,loot_res,4362,3446,2026-08-27
1577539720,mbsmoke903,loot_res,4363,3440,2026-08-27
1576815445,TurnUp420,loot_res,4364,3435,2026-08-29
1577530897,tom57,loot_res,4365,3430,2026-09-13
1577210741,Lord Tristan,loot_res,4366,3428,2026-09-03
10295997,xpast,loot_res,4367,3425,2026-09-07
1577244712,Peter1704,loot_res,4368,3425,2026-09-15
870268,gem1,loot_res,4369,3423,2026-08-30
1577312449,Komutan Fatih,loot_res,4370,3420,2026-08-29
1577547793,naggusdergroße,loot_res,4371,3416,2026-10-03
1577411054,marin123,loot_res,4372,3416,2026-08-29
1577547924,zepp,loot_res,4373,3414,2026-09-29
1577547033,animaTe,loot_res,4374,3411,2026-09-24
1577462257,BigusDickus,loot_res,4375,3410,2026-08-31
1576115557,artoss,loot_res,4376,3404,2026-09-17
1577539433,Mimo66,loot_res,4377,3403,2026-09-24
1577360471,Hannibal848,loot_res,4378,3399,2026-08-29
8280090,hart112,loot_res,4379,3396,2026-09-14
1577170716,Perser-Krieger,loot_res,4380,3392,2026-08-27
1635585,ahura,loot_res,4381,3392,2026-09-29
1577547460,Sir Llo,loot_res,4382,3389,2026-10-03
1577536871,Tatum28,loot_res,4383,3389,2026-08-26
9909432,kraeuterr,loot_res,4384,3388,2026-08-27
1577100880,soeldner,loot_res,4385,3385,2026-08-26
1577452549,Waloka,loot_res,4386,3383,2026-09-28
1577232098,zlyhalphn,loot_res,4387,3381,2026-08-26
1575909831,gotyou,loot_res,4388,3379,2026-08-26
1577544592,Giru271,loot_res,4389,3378,2026-09-02
7961306,AURORA*NOX,loot_res,4390,3375,2026-08-28
1045021,Marvin@,loot_res,4391,3373,2026-09-27
1577091000,Little Sis,loot_res,4392,3370,2026-10-02
8512556,dagrunge,loot_res,4393,3359,2026-09-06
7785993,keutschi,loot_res,4394,3357,2026-09-13
1577355492,Scorp89,loot_res,4395,3356,2026-10-03
1577548203,Terk,loot_res,4396,3342,2026-10-03
1577496405,Sr.Lili,loot_res,4397,3341,2026-09-27
1577200081,Odini1972,loot_res,4398,3340,2026-09-27
1577423672,Lord M.,loot_res,4399,3339,2026-09-05
1577529215,Nocharlie,loot_res,4400,3337,2026-09-01
1577490625,Franz Walter,loot_res,4401,3332,2026-08-29
8142713,WensiHasi,loot_res,4402,3330,2026-09-29
1576767174,Tribun48,loot_res,4403,3329,2026-09-14
8037199,Lord Trumkin der Treue,loot_res,4404,3319,2026-08-29
2332271,Jokelan,loot_res,4405,3319,2026-09-28
2572253,13dome13,loot_res,4406,3307,2026-08-29
10240356,jut300,loot_res,4407,3305,2026-09-04
1577498766,paustl,loot_res,4408,3304,2026-09-23
1575950833,Duergy,loot_res,4409,3297,2026-08-27
1577431790,Robinsko,loot_res,4410,3292,2026-08-28
632653,Sepp von Drazdany,loot_res,4411,3289,2026-08-27
1577176669,CRINITUS,loot_res,4412,3283,2026-09-01
1577527803,Poul1,loot_res,4413,3282,2026-10-01
1577548461,alexxx999,loot_res,4414,3280,2026-10-03
1577545782,ebudroy,loot_res,4415,3280,2026-09-25
1577527530,Ezyr,loot_res,4416,3276,2026-09-15
1577545618,AxellexA,loot_res,4417,3275,2026-09-12
1577230531,Psycho-420,loot_res,4418,3269,2026-09-19
1577511589,xBigJigg,loot_res,4419,3262,2026-08-27
1577538768,Blondi01,loot_res,4420,3261,2026-09-11
1577514592,ExodusFlo,loot_res,4421,3256,2026-08-30
1577545658,Cytrox,loot_res,4422,3253,2026-09-23
1577496988,Simon21,loot_res,4423,3250,2026-08-29
1577411430,Toadally Awesome,loot_res,4424,3249,2026-09-25
10115225,Dorfplünderer,loot_res,4425,3247,2026-10-02
9797735,adamus,loot_res,4426,3245,2026-10-03
2124349,fudel**,loot_res,4427,3240,2026-08-28
8405997,KleinerRoterDrache,loot_res,4428,3240,2026-09-10
1577546746,Xagarano,loot_res,4429,3237,2026-09-24
1577523306,Meierlein63,loot_res,4430,3237,2026-09-22
1577516548,Käpten Chris,loot_res,4431,3237,2026-09-17
7869583,michi9595,loot_res,4432,3236,2026-09-22
3436998,Brunhold,loot_res,4433,3232,2026-09-27
1577417053,Andy096,loot_res,4434,3230,2026-10-02
1576938782,König Günther1,loot_res,4435,3225,2026-09-03
1577535739,ViCe,loot_res,4436,3222,2026-10-03
1577548075,KalleHasch,loot_res,4437,3219,2026-09-29
1577547478,FoxDied666,loot_res,4438,3217,2026-09-30
1577400609,Bluestriker82m,loot_res,4439,3216,2026-09-27
1576302219,RE4LY?,loot_res,4440,3210,2026-09-13
798,Krissy,loot_res,4441,3209,2026-09-24
10036900,matuten,loot_res,4442,3206,2026-08-28
1577353421,LeniLuTeufelchen98,loot_res,4443,3200,2026-09-16
1577540531,Mojgan,loot_res,4444,3200,2026-10-02
3016698,Der Templer01,loot_res,4445,3200,2026-09-27
1577538939,Wandschrank29,loot_res,4446,3195,2026-08-26
1563352,Medi1807,loot_res,4447,3188,2026-08-27
1577540074,klaus38,loot_res,4448,3187,2026-09-30
3344458,Lord Mantrax,loot_res,4449,3185,2026-09-20
1577536363,deadloss,loot_res,4450,3183,2026-08-29
1577548091,L0RD N00B,loot_res,4451,3180,2026-09-29
1576838151,Xatorion,loot_res,4452,3178,2026-10-03
1577423741,LordUbba,loot_res,4453,3176,2026-09-28
1577536965,Pegasus,loot_res,4454,3170,2026-08-27
3182831,Torti22222,loot_res,4455,3169,2026-10-02
1577547447,RandaleRalf,loot_res,4456,3167,2026-10-02
8217072,Lo Gxbox,loot_res,4457,3166,2026-08-26
1577455373,Davus der Älteste,loot_res,4458,3165,2026-09-19
1577546849,Diablo200,loot_res,4459,3165,2026-09-28
1576630293,Tryader,loot_res,4460,3158,2026-09-05
1577397846,SirBronson,loot_res,4461,3149,2026-08-30
1577535042,Lord Karpfenangler,loot_res,4462,3148,2026-08-30
1577134720,knispel,loot_res,4463,3146,2026-08-27
1577542643,CaptainSnorkles,loot_res,4464,3141,2026-09-22
1577328636,Hasi1991,loot_res,4465,3137,2026-10-01
1577494755,Crysic,loot_res,4466,3134,2026-10-02
1577540167,benjamin1994,loot_res,4467,3132,2026-08-28
1577547612,Nathi92,loot_res,4468,3128,2026-09-28
1577548261,Tobse,loot_res,4469,3122,2026-10-01
8871990,Dragon Castle Heart,loot_res,4470,3121,2026-09-18
8780048,-Noctis-,loot_res,4471,3118,2026-08-28
2229269,Diorgle,loot_res,4472,3112,2026-10-02
1577539128,Lisa19,loot_res,4473,3109,2026-09-17
1577500973,Pascalqogooty,loot_res,4474,3106,2026-09-24
9825814,daron2001,loot_res,4475,3103,2026-09-11
8592674,Memelländer,loot_res,4476,3102,2026-09-20
1576281097,König imad,loot_res,4477,3102,2026-08-28
1577546769,Gast546769,loot_res,4478,3099,2026-10-02
1577334976,Acidrain23,loot_res,4479,3095,2026-08-27
1577532584,alex2010,loot_res,4480,3095,2026-08-28
9590681,jodave1,loot_res,4481,3092,2026-08-26
1577547154,timsi 666,loot_res,4482,3085,2026-09-30
1577495962,Mr. and Mrs. X,loot_res,4483,3084,2026-09-20
1577546903,Lerenor Zorro,loot_res,4484,3084,2026-09-24
1214022,balla bing 1,loot_res,4485,3083,2026-08-26
1577548316,Dax32333,loot_res,4486,3063,2026-10-02
3387377,gery40,loot_res,4487,3056,2026-09-27
8754093,01Gondor01,loot_res,4488,3054,2026-08-27
1577392875,ArexBex,loot_res,4489,3052,2026-09-04
1577545957,Michi 15,loot_res,4490,3046,2026-09-16
9228611,germania77,loot_res,4491,3044,2026-08-27
1577545144,Conline,loot_res,4492,3035,2026-09-30
8487021,graf pit,loot_res,4493,3033,2026-09-13
1577527518,KäptnDecoy,loot_res,4494,3033,2026-08-28
1577548053,Joing,loot_res,4495,3025,2026-10-03
9094864,ratte100,loot_res,4496,3020,2026-10-03
1575907315,schlumi1005,loot_res,4497,3020,2026-09-30
1469461,Grimmiger Wolf,loot_res,4498,3019,2026-09-29
1577546467,FreeFlo,loot_res,4499,3018,2026-10-03
1576858619,Noo-Noo,loot_res,4500,3017,2026-08-28
1577543015,beatnick,loot_res,4501,3017,2026-08-30
1577420294,DerMissionar,loot_res,4502,3013,2026-08-28
1577510436,Shoxx0420,loot_res,4503,3007,2026-08-29
1577547123,FAAL01,loot_res,4504,3006,2026-09-26
1576510839,404 Solid,loot_res,4505,3005,2026-08-27
1577548207,LeonRoxXx,loot_res,4506,3004,2026-10-02
1577547470,Grinis,loot_res,4507,3002,2026-09-27
1577438253,Venner97,loot_res,4508,2995,2026-08-28
1577545293,TCChang,loot_res,4509,2994,2026-09-13
1577532620,gruenemacht,loot_res,4510,2994,2026-08-26
1577548439,heiligerjohaniter,loot_res,4511,2993,2026-10-03
9559034,loddar2012,loot_res,4512,2992,2026-09-01
1577547762,Lunaria,loot_res,4513,2992,2026-10-02
9531649,Terror Spongi,loot_res,4514,2986,2026-09-27
1577246297,yfloriaN,loot_res,4515,2981,2026-08-26
9845680,Sarungal1,loot_res,4516,2980,2026-09-30
1577537147,R2k3,loot_res,4517,2979,2026-09-22
1577547571,König Juli der Erste,loot_res,4518,2978,2026-09-30
2527984,*Thorshammer*,loot_res,4519,2978,2026-09-25
9473617,Ratze89,loot_res,4520,2975,2026-09-28
1577251651,Brandhaus,loot_res,4521,2975,2026-08-26
1577546758,Zuqqe,loot_res,4522,2975,2026-09-20
1576915765,Midrael,loot_res,4523,2969,2026-08-26
1577502983,abseits,loot_res,4524,2966,2026-08-26
1577538974,G33nius,loot_res,4525,2965,2026-09-13
1577498497,Nixda0292,loot_res,4526,2964,2026-09-08
2339794,REKIT,loot_res,4527,2961,2026-10-02
1577299714,Valfadir22,loot_res,4528,2960,2026-08-31
1577512319,Costa Calma,loot_res,4529,2952,2026-08-26
1576815190,König RobinHood,loot_res,4530,2940,2026-09-17
1577449588,karl4,loot_res,4531,2928,2026-09-04
339337,Kehrmann3,loot_res,4532,2928,2026-09-23
1577386410,Bratuwurst,loot_res,4533,2925,2026-08-26
8579140,wolles welt,loot_res,4534,2925,2026-09-13
10273179,LadyMiriam,loot_res,4535,2925,2026-09-27
3345087,keiler-105,loot_res,4536,2924,2026-09-23
1577519108,Lehrzeichen,loot_res,4537,2923,2026-09-17
1406771,Powergirl 4ever,loot_res,4538,2918,2026-08-29
1577338499,das Böse,loot_res,4539,2908,2026-10-01
1577547337,evoq,loot_res,4540,2903,2026-09-30
1577544242,SchwarzeLegion,loot_res,4541,2900,2026-09-28
1577410246,FerresNo1,loot_res,4542,2898,2026-09-13
8890908,derTom67,loot_res,4543,2891,2026-08-29
1577537364,suche stamm?,loot_res,4544,2890,2026-08-27
9178,Eric,loot_res,4545,2886,2026-08-26
626553,Maxy 01,loot_res,4546,2886,2026-08-28
1577454874,KingKoi,loot_res,4547,2885,2026-09-14
1577545894,wockhardt,loot_res,4548,2883,2026-09-11
1577545157,NicNac1330,loot_res,4549,2875,2026-09-18
2921602,metzäL,loot_res,4550,2874,2026-09-29
2704677,Zockerfreak5895,loot_res,4551,2872,2026-09-22
8002715,piepe3008,loot_res,4552,2872,2026-10-03
1577296076,FL4K,loot_res,4553,2870,2026-09-24
9996621,Lady mati,loot_res,4554,2868,2026-09-30
8547967,money rulez,loot_res,4555,2865,2026-08-31
1577347354,Chemisi,loot_res,4556,2865,2026-09-24
1577442577,Crowned3000,loot_res,4557,2858,2026-09-06
1577319184,NeedCash,loot_res,4558,2853,2026-08-28
1577547746,AroczZ,loot_res,4559,2850,2026-09-29
1576619279,KingTaoX,loot_res,4560,2844,2026-09-20
1577545345,Wopfi,loot_res,4561,2842,2026-09-10
1577496119,Donaparte,loot_res,4562,2840,2026-09-20
1577545923,Polskafighter85,loot_res,4563,2837,2026-09-12
2387304,schoersi,loot_res,4564,2831,2026-09-21
9781088,spata1989,loot_res,4565,2828,2026-10-02
1577485766,crazy4ever,loot_res,4566,2824,2026-09-07
607872,tommyhu,loot_res,4567,2815,2026-08-27
1577546344,captkek,loot_res,4568,2813,2026-09-16
1576957331,Puppaia*,loot_res,4569,2810,2026-08-27
1577377280,Perfectblizz,loot_res,4570,2809,2026-09-14
1577441677,MrPickles,loot_res,4571,2809,2026-08-27
307622,aragon14,loot_res,4572,2809,2026-09-18
9159245,mif1,loot_res,4573,2807,2026-08-31
1577531717,Lord Dranreb,loot_res,4574,2800,2026-09-14
1577529088,slystallone25,loot_res,4575,2800,2026-08-27
1577421603,Cosma84,loot_res,4576,2797,2026-08-26
1577546906,Devada,loot_res,4577,2796,2026-09-21
1577547452,GO Beyond,loot_res,4578,2790,2026-09-25
996347,Feuertänzer9999,loot_res,4579,2775,2026-08-26
1577546489,Bada,loot_res,4580,2768,2026-09-22
1577548560,velo,loot_res,4581,2766,2026-10-03
1577453226,Schino,loot_res,4582,2764,2026-08-27
1577546405,GeoBear,loot_res,4583,2764,2026-09-17
1577259085,chaottt,loot_res,4584,2761,2026-10-03
1577225875,Hacey,loot_res,4585,2756,2026-10-03
1577499191,gabagool,loot_res,4586,2755,2026-08-26
1577076156,nikki,loot_res,4587,2751,2026-09-21
1577546961,DieAnna,loot_res,4588,2749,2026-09-22
1577504542,Jopo6020,loot_res,4589,2748,2026-08-28
1576627034,Fitz-Gervais,loot_res,4590,2744,2026-09-11
1576709651,gnik,loot_res,4591,2744,2026-08-26
1577542987,Flox,loot_res,4592,2738,2026-09-13
1576915527,midland,loot_res,4593,2737,2026-09-13
1577404239,matthi,loot_res,4594,2737,2026-10-01
1577547564,Ambam94,loot_res,4595,2735,2026-09-26
8726438,Mr.Greeeny,loot_res,4596,2735,2026-08-28
8116656,starwars71,loot_res,4597,2735,2026-09-28
1577362739,ImmerIch,loot_res,4598,2731,2026-08-28
1577545895,rikuxa1234,loot_res,4599,2728,2026-09-21
1577314218,Uninstall Now,loot_res,4600,2728,2026-08-27
1577465477,georg1,loot_res,4601,2725,2026-09-28
1577056535,Gotti1904,loot_res,4602,2724,2026-08-29
1577421925,Dragonlord,loot_res,4603,2722,2026-09-16
1577545005,Rayzil,loot_res,4604,2720,2026-09-04
8254079,Sennid,loot_res,4605,2717,2026-08-26
1576887284,Goldfuxx,loot_res,4606,2714,2026-10-02
2114935,BodomTrier,loot_res,4607,2709,2026-08-28
1577535553,Silver,loot_res,4608,2707,2026-08-26
1576535784,JonSP423,loot_res,4609,2706,2026-09-27
1577192290,Bastator,loot_res,4610,2701,2026-10-01
1577453476,Sachsen Otto,loot_res,4611,2700,2026-08-29
1577542176,chreisa,loot_res,4612,2700,2026-09-08
9450268,S04-philipp,loot_res,4613,2695,2026-09-22
363748,Kokusho Abendstern,loot_res,4614,2690,2026-10-02
1577544474,Ichflexdeinex,loot_res,4615,2689,2026-09-19
1577430935,painkillaa,loot_res,4616,2689,2026-09-09
9487771,auto240,loot_res,4617,2687,2026-10-01
1577367405,Kreta,loot_res,4618,2687,2026-08-29
1577546696,Gast546696,loot_res,4619,2684,2026-09-19
1297454,dlanesH,loot_res,4620,2677,2026-08-28
903724,Sid43,loot_res,4621,2674,2026-09-24
1577450134,xXBacktoBlackXX,loot_res,4622,2672,2026-09-06
2538184,der-einsame-wolf,loot_res,4623,2672,2026-08-26
10260178,Donnerhuf01,loot_res,4624,2671,2026-08-27
2786643,Iceman78,loot_res,4625,2664,2026-08-28
1577390012,Pupaken,loot_res,4626,2660,2026-08-26
2709178,Die grauen Adler,loot_res,4627,2656,2026-08-27
1640677,Hermanvaan,loot_res,4628,2655,2026-10-03
2353459,Neptun92,loot_res,4629,2652,2026-10-03
1577547451,Baron von BuzZ,loot_res,4630,2652,2026-09-27
1577501621,ulmer.a,loot_res,4631,2648,2026-08-27
9858041,Udin 1,loot_res,4632,2646,2026-08-27
1577394358,John gustavor,loot_res,4633,2642,2026-09-20
1577535940,Queeny,loot_res,4634,2641,2026-09-10
2184767,chania,loot_res,4635,2639,2026-09-28
1577544489,MrBiggles,loot_res,4636,2639,2026-09-20
1577539611,*Rumpelstilzchen*,loot_res,4637,2636,2026-08-29
52534,roter rabe,loot_res,4638,2635,2026-09-27
1577541183,zox0815,loot_res,4639,2621,2026-09-29
1230673,KinkyTime,loot_res,4640,2617,2026-08-26
1576416823,Zamparus,loot_res,4641,2615,2026-10-03
1576965330,schaumbad,loot_res,4642,2611,2026-10-01
9809725,Mark170996,loot_res,4643,2609,2026-08-29
1577518188,Sporek,loot_res,4644,2607,2026-09-10
2266248,DuRindvieh,loot_res,4645,2604,2026-08-26
1577308049,Thomas,loot_res,4646,2604,2026-10-03
1577399520,Wawa,loot_res,4647,2603,2026-09-10
3320503,Hikura,loot_res,4648,2603,2026-10-01
1577428375,arclightarrow,loot_res,4649,2601,2026-09-25
1576912487,Vercingetorix64,loot_res,4650,2601,2026-09-25
1576873073,lukithebest,loot_res,4651,2600,2026-09-27
1577505017,Wolf of Bruck,loot_res,4652,2597,2026-09-06
8415543,Antze,loot_res,4653,2591,2026-10-03
1577290291,Cupi,loot_res,4654,2590,2026-09-26
1577542820,Alpha97070,loot_res,4655,2590,2026-09-04
1577535532,Gehirngrütze,loot_res,4656,2587,2026-09-24
8231565,Telegrafix,loot_res,4657,2583,2026-08-28
1577520138,Hestia96,loot_res,4658,2583,2026-09-28
1577548054,Sigibertl,loot_res,4659,2582,2026-10-03
1576962042,ZANDER 1,loot_res,4660,2581,2026-10-02
1577394640,MasterWet,loot_res,4661,2580,2026-09-19
1577484164,Dynamigan05,loot_res,4662,2580,2026-09-29
8124846,FCNFCNFCN,loot_res,4663,2577,2026-10-02
1577347383,eatmebaby06,loot_res,4664,2571,2026-09-28
1576942861,Gremlinseye,loot_res,4665,2567,2026-08-26
8423897,Rhune,loot_res,4666,2567,2026-09-01
1577544452,Admirals,loot_res,4667,2566,2026-09-09
1577546294,ellafella,loot_res,4668,2565,2026-09-29
1577252933,vwpgle,loot_res,4669,2562,2026-10-03
2890598,Teddybaer1253,loot_res,4670,2553,2026-10-01
1577429700,WiderstandOhm,loot_res,4671,2552,2026-08-26
1577545279,KönigOniChan,loot_res,4672,2549,2026-09-23
1577539499,FrEaKw87,loot_res,4673,2547,2026-08-27
9270972,Falcon192,loot_res,4674,2544,2026-09-10
9066175,rjb000,loot_res,4675,2538,2026-09-30
1577546614,Gast546614,loot_res,4676,2538,2026-09-29
1577542758,CaptainKlaus,loot_res,4677,2537,2026-09-24
1577405052,Reccor,loot_res,4678,2537,2026-08-26
9467012,Simon von Dassel,loot_res,4679,2529,2026-09-22
3264210,piccolina,loot_res,4680,2528,2026-09-21
8009331,maxoma,loot_res,4681,2528,2026-09-18
1577547170,Knoller,loot_res,4682,2524,2026-09-28
235580,Death Side,loot_res,4683,2523,2026-09-22
1577117696,GetLucky,loot_res,4684,2515,2026-09-08
1577546998,monkeys,loot_res,4685,2514,2026-10-02
2018081,Wolfshirn,loot_res,4686,2513,2026-09-12
1577547178,Skinless,loot_res,4687,2510,2026-09-29
1577531986,PP-EXCLUSIVE,loot_res,4688,2507,2026-08-26
1577098495,Wladimir123,loot_res,4689,2506,2026-08-28
1577494975,Kawarider287,loot_res,4690,2504,2026-08-27
8460947,unkrautexx,loot_res,4691,2502,2026-09-23
1577538113,Leonidas44,loot_res,4692,2502,2026-09-12
1577513358,TheBoss95,loot_res,4693,2500,2026-10-02
8951815,j-bet,loot_res,4694,2498,2026-09-02
1186708,spenco92,loot_res,4695,2497,2026-09-15
1576451822,profcharlieeppes,loot_res,4696,2497,2026-10-03
9200871,d3s3rter,loot_res,4697,2494,2026-10-02
1577548194,Euratis,loot_res,4698,2488,2026-10-01
687990,dilo123,loot_res,4699,2485,2026-08-27
1577511135,Wai-Ki-Ki,loot_res,4700,2483,2026-08-26
1576452595,Lizzy66,loot_res,4701,2482,2026-08-27
1577546495,Nickk1987,loot_res,4702,2480,2026-09-18
1577539459,DeAthanGel86,loot_res,4703,2474,2026-09-28
1577464586,Leoana,loot_res,4704,2471,2026-09-21
1577546826,Soloyrius,loot_res,4705,2468,2026-09-24
1577319381,Black-Joker,loot_res,4706,2464,2026-09-23
1577547518,Grinchhill2203,loot_res,4707,2461,2026-09-27
2992563,CoMunichCation,loot_res,4708,2457,2026-10-02
2326023,Ata Udal,loot_res,4709,2457,2026-08-26
1577543557,Sigma Lion King,loot_res,4710,2455,2026-08-26
1576189616,Lord Revilo,loot_res,4711,2452,2026-08-31
1577538351,Nightaby,loot_res,4712,2450,2026-09-16
2862059,schweini?31,loot_res,4713,2446,2026-08-27
1577544265,ZACKIG,loot_res,4714,2443,2026-09-01
1577389464,fidodido7,loot_res,4715,2436,2026-09-28
1577546582,Westfale75,loot_res,4716,2433,2026-09-22
1577540709,Connat2,loot_res,4717,2432,2026-09-30
9104871,Sitting Wulf,loot_res,4718,2432,2026-10-02
1577547023,azadyilmaz03,loot_res,4719,2430,2026-09-28
1576821123,Glanza v,loot_res,4720,2422,2026-08-29
1577548509,Snoxxi,loot_res,4721,2420,2026-10-03
63348,Konv,loot_res,4722,2418,2026-09-24
1577546139,ZHFPablo,loot_res,4723,2418,2026-09-28
1577539088,LooukY,loot_res,4724,2416,2026-09-10
1576944265,taubelol,loot_res,4725,2410,2026-09-20
1576339491,TomHaeger,loot_res,4726,2410,2026-09-06
1577545427,Tiandilo,loot_res,4727,2407,2026-10-02
1576086539,WaZon,loot_res,4728,2406,2026-08-26
1576979892,Cold As 1ce,loot_res,4729,2400,2026-08-28
1577544107,Ragnazull,loot_res,4730,2396,2026-09-19
1577529906,toban,loot_res,4731,2393,2026-09-16
1577380067,Romanov,loot_res,4732,2392,2026-09-29
1577186992,knico266,loot_res,4733,2385,2026-08-26
1575886951,-Headyiy-,loot_res,4734,2383,2026-10-03
1577545674,holzeisen,loot_res,4735,2380,2026-10-02
8902725,Shark99,loot_res,4736,2378,2026-10-02
879345,DerFriedvolle,loot_res,4737,2376,2026-08-26
1577164343,PriesterManfred,loot_res,4738,2371,2026-08-26
1577303587,lange89,loot_res,4739,2370,2026-10-03
1577536165,Sir-Lancelot,loot_res,4740,2369,2026-08-29
1577548579,DittnzwykkA,loot_res,4741,2366,2026-10-03
1577368417,Rosi2015,loot_res,4742,2357,2026-08-29
129687,~TheRock~,loot_res,4743,2357,2026-09-04
9347110,Conquesor,loot_res,4744,2356,2026-09-10
1576948030,Tobias131994,loot_res,4745,2355,2026-09-24
1577545721,Kalteeen,loot_res,4746,2355,2026-09-13
1577547712,Rawi,loot_res,4747,2351,2026-10-02
1577250973,Goldi9ers,loot_res,4748,2350,2026-10-03
1577538902,Speedy1972,loot_res,4749,2350,2026-09-07
1577546663,Gast546663,loot_res,4750,2349,2026-09-21
1576865370,haveanicedave,loot_res,4751,2340,2026-08-28
1577460041,Ch4rge,loot_res,4752,2340,2026-08-27
1576571758,Kohlensäure,loot_res,4753,2334,2026-09-03
8962998,SHIFTA,loot_res,4754,2329,2026-09-03
1576115430,zelda69,loot_res,4755,2328,2026-10-02
1577216559,JAVVV,loot_res,4756,2327,2026-08-28
1576082892,Drogonos,loot_res,4757,2326,2026-09-05
1577548645,Einkommenstourist,loot_res,4758,2325,2026-10-03
8856430,etzel1,loot_res,4759,2320,2026-08-31
9000115,SpaKacke,loot_res,4760,2320,2026-09-11
1577545999,Cpt.AB,loot_res,4761,2316,2026-09-19
1577544025,Spoonlord,loot_res,4762,2316,2026-09-01
1577535752,laznicev,loot_res,4763,2315,2026-08-26
9084786,der buddy,loot_res,4764,2308,2026-10-03
9814162,Grammarum,loot_res,4765,2307,2026-09-20
1577511664,Adelmann,loot_res,4766,2304,2026-10-03
1576454928,Lord Frowin,loot_res,4767,2303,2026-09-05
1577283178,Texter,loot_res,4768,2298,2026-09-08
8993459,miss sofie,loot_res,4769,2294,2026-08-30
1577467930,Leon.2810,loot_res,4770,2294,2026-08-30
1577119317,MüllersBüro,loot_res,4771,2293,2026-10-03
1577528170,Nikiza,loot_res,4772,2292,2026-10-03
809354,Hennessy,loot_res,4773,2291,2026-09-05
1577421465,Ritterkreuz,loot_res,4774,2289,2026-09-06
1577385525,Queeni,loot_res,4775,2287,2026-08-26
521016,katerle70,loot_res,4776,2285,2026-08-27
1576653088,hyperboreu,loot_res,4777,2283,2026-09-20
1577546056,Gamschied,loot_res,4778,2278,2026-09-14
1576495736,LaMarie,loot_res,4779,2275,2026-09-02
1576738170,Arminius Germanicus,loot_res,4780,2275,2026-10-01
8737828,Kleinstadtmann,loot_res,4781,2275,2026-08-28
9091456,kevken98,loot_res,4782,2272,2026-08-26
1577504207,Daniel13,loot_res,4783,2270,2026-10-03
1577435316,Leberdurst,loot_res,4784,2264,2026-08-29
9818744,Megaxantix,loot_res,4785,2262,2026-09-13
1576407464,EatSleepRaveRepeat,loot_res,4786,2261,2026-08-30
1577546969,anzeigenhauptmeister,loot_res,4787,2249,2026-09-25
2981106,LiiKeAFreaaK,loot_res,4788,2248,2026-08-27
402492,töm,loot_res,4789,2248,2026-09-20
9182416,DJ Networks,loot_res,4790,2240,2026-09-27
1577247011,Yamila,loot_res,4791,2240,2026-09-13
1575901833,Hamanschie,loot_res,4792,2240,2026-09-21
1577545330,Cucabeludo,loot_res,4793,2236,2026-09-07
1576270609,Zyph,loot_res,4794,2233,2026-08-29
8961276,Lord Sepo,loot_res,4795,2231,2026-08-30
1577112613,Batterie,loot_res,4796,2231,2026-09-12
9979838,II Babu II,loot_res,4797,2230,2026-10-02
1577514792,MASSIVamADELN,loot_res,4798,2229,2026-09-14
1577545882,Schkotie,loot_res,4799,2227,2026-09-14
1577385009,Guenter1970,loot_res,4800,2223,2026-08-26
8791390,König MasterBen,loot_res,4801,2220,2026-08-28
8968357,Hockii,loot_res,4802,2215,2026-08-26
1575980004,kdg1992,loot_res,4803,2214,2026-10-03
1577246929,Kevin77,loot_res,4804,2214,2026-10-01
1577074133,Teckplayer,loot_res,4805,2211,2026-09-28
1577189027,OberDuff,loot_res,4806,2210,2026-08-26
275014,Rhana,loot_res,4807,2210,2026-08-27
9698641,Sep Man,loot_res,4808,2209,2026-10-03
1577531668,Michimaus,loot_res,4809,2198,2026-09-25
8412736,dilma,loot_res,4810,2187,2026-09-25
1577436366,Backi1,loot_res,4811,2185,2026-09-27
1577543705,Erzengel Armin,loot_res,4812,2184,2026-09-01
1577538273,Xnas,loot_res,4813,2183,2026-08-26
1577525826,technikhighknee,loot_res,4814,2182,2026-09-12
1577527248,ByTeXBL,loot_res,4815,2180,2026-10-02
9559905,Krokuspokus,loot_res,4816,2176,2026-08-27
1577547116,lexo,loot_res,4817,2165,2026-09-27
9914747,RainerPinkler,loot_res,4818,2165,2026-08-27
1577370754,Pilzkopfseeadler,loot_res,4819,2164,2026-08-27
1577535518,Negan,loot_res,4820,2163,2026-08-28
9652862,Sinf4er,loot_res,4821,2162,2026-09-26
1577016108,skull crasher,loot_res,4822,2160,2026-10-03
1577505690,MissSunshine,loot_res,4823,2160,2026-08-29
1577454293,Buktu,loot_res,4824,2159,2026-08-30
1577548289,vitja94,loot_res,4825,2157,2026-10-01
8700872,Albera,loot_res,4826,2150,2026-09-12
1577076991,Fleischi Hansen,loot_res,4827,2149,2026-09-17
1577381008,Nord47,loot_res,4828,2148,2026-09-20
1577130776,held123,loot_res,4829,2147,2026-09-21
1577203287,BellBell,loot_res,4830,2145,2026-09-16
1577544706,Calissie,loot_res,4831,2144,2026-09-15
1577156277,GrabMyPocket,loot_res,4832,2143,2026-10-03
1577539137,bubinator,loot_res,4833,2138,2026-09-02
1577400689,Xeita,loot_res,4834,2137,2026-09-12
9792638,captainschokoflaces,loot_res,4835,2134,2026-10-01
1577128080,Odenwald,loot_res,4836,2126,2026-10-01
1577249771,Frank Reich,loot_res,4837,2125,2026-08-26
1577270441,Ooleg,loot_res,4838,2121,2026-10-03
251919,notpolizei1993,loot_res,4839,2113,2026-08-28
1577489775,Xarntos,loot_res,4840,2112,2026-10-01
1577537681,Jütti,loot_res,4841,2112,2026-08-28
1577544409,Danielhha,loot_res,4842,2101,2026-08-31
1577454083,Katzler91,loot_res,4843,2100,2026-09-08
1576553789,Gulasch.de,loot_res,4844,2100,2026-09-20
1576929715,Supersippel,loot_res,4845,2100,2026-08-30
1577128718,KingHouston,loot_res,4846,2100,2026-08-29
1576328934,Fellow13,loot_res,4847,2097,2026-08-27
1577468154,Makroxix,loot_res,4848,2095,2026-10-03
1577544288,OhneNamen,loot_res,4849,2092,2026-08-29
1577310212,DerKiller,loot_res,4850,2079,2026-08-28
1577270693,spiderentchen,loot_res,4851,2076,2026-08-27
9908188,lord pünktchen,loot_res,4852,2075,2026-09-12
9474313,VOSSI der Große,loot_res,4853,2073,2026-08-26
1577404687,LucaDaaa,loot_res,4854,2068,2026-09-15
10031338,Old School Inc.,loot_res,4855,2066,2026-09-13
2026010,SaffyKid,loot_res,4856,2065,2026-10-02
1577543775,Küchenchef al dente,loot_res,4857,2063,2026-08-27
1577318291,Ludwig I,loot_res,4858,2063,2026-09-10
9515129,Shania VI.,loot_res,4859,2062,2026-08-26
1576248074,JimBimJimBim,loot_res,4860,2059,2026-09-10
1577433762,billy92,loot_res,4861,2058,2026-09-08
1577462883,Badibaby,loot_res,4862,2057,2026-09-23
1577279613,Bilderstürmer,loot_res,4863,2055,2026-10-02
1577545226,Gothmor,loot_res,4864,2053,2026-09-16
1577534401,Skylake,loot_res,4865,2050,2026-08-29
1577485876,Paul,loot_res,4866,2044,2026-08-30
1577548188,Gast548188,loot_res,4867,2044,2026-10-03
1577486821,Micoud10,loot_res,4868,2042,2026-09-01
1577531209,kermit80,loot_res,4869,2042,2026-08-28
1577536459,pampersbomber,loot_res,4870,2041,2026-09-30
1577460385,Toran,loot_res,4871,2040,2026-08-31
8482437,mein stamm57,loot_res,4872,2039,2026-08-26
1577346388,Predetor666,loot_res,4873,2039,2026-08-29
1577153814,Christians4,loot_res,4874,2035,2026-09-02
3143715,EchtkPvL,loot_res,4875,2030,2026-08-31
1577509876,antoniaaustirol,loot_res,4876,2030,2026-10-01
1577540159,Wurzel1986,loot_res,4877,2029,2026-09-15
9452098,Spike2009,loot_res,4878,2028,2026-09-15
1577547058,Simbo123,loot_res,4879,2028,2026-10-02
1577545775,Schrottsammler,loot_res,4880,2028,2026-09-11
1577540992,Triumvirat,loot_res,4881,2027,2026-08-28
8308784,speedy801,loot_res,4882,2023,2026-09-14
1577386233,Frantic8th,loot_res,4883,2018,2026-08-26
1577542642,CaptainGringo,loot_res,4884,2017,2026-09-23
8397652,Vinditgader,loot_res,4885,2013,2026-10-02
1577279628,OTTOTTO,loot_res,4886,2013,2026-09-22
1577448937,SteveSauda,loot_res,4887,2013,2026-09-28
1577548710,Lordshane92,loot_res,4888,2012,2026-10-03
1577545576,Andree1109,loot_res,4889,2011,2026-09-09
1577547111,fritzi54,loot_res,4890,2006,2026-09-28
1577305704,mari97,loot_res,4891,2006,2026-10-03
10088655,Fiipsii,loot_res,4892,2003,2026-08-30
1577292559,kuaro,loot_res,4893,1995,2026-09-29
8666725,McDudel,loot_res,4894,1994,2026-08-27
1577405999,rint96,loot_res,4895,1993,2026-09-18
8593822,Der bvb Boss,loot_res,4896,1992,2026-08-29
1577506104,Bimo,loot_res,4897,1987,2026-08-26
1575993768,Hexemaus,loot_res,4898,1986,2026-09-13
1577428905,twix,loot_res,4899,1986,2026-09-30
3441985,Hobbit der Grosse,loot_res,4900,1985,2026-09-25
1577102232,MrSchicko,loot_res,4901,1980,2026-09-10
1577414406,CocaChef,loot_res,4902,1976,2026-09-23
3038553,DON1980,loot_res,4903,1975,2026-09-11
2050145,zecke33,loot_res,4904,1972,2026-10-02
1576595891,Der Alte vom Berg,loot_res,4905,1969,2026-09-02
1577546776,PointtheSock,loot_res,4906,1965,2026-09-24
1577536570,jasonsmith28,loot_res,4907,1962,2026-08-28
1577427183,Marty Neumannxxl2,loot_res,4908,1962,2026-08-26
1577545486,Arni112,loot_res,4909,1961,2026-09-08
1577136114,Scopexkiller,loot_res,4910,1960,2026-10-03
1577395673,vike,loot_res,4911,1959,2026-09-27
1577440777,ErEk,loot_res,4912,1958,2026-09-17
7945509,turbo1tom,loot_res,4913,1956,2026-09-05
1577546598,Gast546598,loot_res,4914,1954,2026-09-19
1577413414,Sir Shiggy,loot_res,4915,1951,2026-08-28
9057335,Prezident,loot_res,4916,1950,2026-09-30
1577548430,AdriennAdrienn,loot_res,4917,1950,2026-10-02
1134183,Chryssys,loot_res,4918,1950,2026-08-26
8932566,oloc-acoc,loot_res,4919,1950,2026-09-07
1577031512,BaBu,loot_res,4920,1949,2026-08-27
1577398512,Lucifer mortuus diabulus,loot_res,4921,1943,2026-09-21
1577546023,maci,loot_res,4922,1943,2026-10-01
3344554,Dappedier,loot_res,4923,1941,2026-10-03
1577437957,bombino,loot_res,4924,1940,2026-09-25
1576322378,flupilan,loot_res,4925,1925,2026-09-12
1577548671,Gast548671,loot_res,4926,1924,2026-10-03
1577542808,M00npieHN,loot_res,4927,1924,2026-09-10
1577515220,dermitdemagtanzt,loot_res,4928,1924,2026-09-14
1577545876,Arbeitszeitbetrügerin,loot_res,4929,1923,2026-09-13
10133104,TerryHenry,loot_res,4930,1921,2026-09-19
1577546875,ScarlettViola,loot_res,4931,1918,2026-10-01
1577545865,Xcrafter,loot_res,4932,1918,2026-09-14
1577546348,DonGelatto,loot_res,4933,1917,2026-09-17
1577545610,renwas93,loot_res,4934,1914,2026-09-09
1577545310,Patschi16,loot_res,4935,1910,2026-09-07
9157999,DunkleHand,loot_res,4936,1908,2026-09-23
1577546398,Falcro,loot_res,4937,1905,2026-09-18
9908099,derf1161,loot_res,4938,1905,2026-09-01
1577548463,Smaaaash,loot_res,4939,1900,2026-10-01
1577547685,Dr-Lampe,loot_res,4940,1900,2026-09-27
1577548588,TheOtterBird,loot_res,4941,1896,2026-10-03
1576844728,Gobiva,loot_res,4942,1896,2026-08-26
1577483597,Renfield,loot_res,4943,1894,2026-09-10
1577221194,Feldschlafsack,loot_res,4944,1889,2026-08-30
1577535530,Neopauli123,loot_res,4945,1888,2026-08-27
1577436381,Lord Bertl,loot_res,4946,1887,2026-09-28
1577538033,UlliUlrichson,loot_res,4947,1873,2026-08-26
1576680602,Lord weedstar420,loot_res,4948,1869,2026-08-28
1576960376,Flockyy,loot_res,4949,1861,2026-08-26
1577493832,Superlöwe,loot_res,4950,1859,2026-09-04
1577542183,mike1560,loot_res,4951,1859,2026-09-19
1108559,pc....,loot_res,4952,1856,2026-08-26
1577400379,DrKrautus,loot_res,4953,1856,2026-09-12
7979971,nonamePDG,loot_res,4954,1853,2026-09-12
1577531525,andy180,loot_res,4955,1850,2026-10-03
1577348991,Hundefluch,loot_res,4956,1847,2026-10-03
1577546314,Rembo,loot_res,4957,1845,2026-09-17
1577547552,maui123,loot_res,4958,1841,2026-09-28
1576855,Anbu95,loot_res,4959,1835,2026-09-01
1577544508,Donna13,loot_res,4960,1834,2026-09-30
1577286165,Erwin Machulke,loot_res,4961,1833,2026-10-03
1576028960,Gundelchen,loot_res,4962,1832,2026-08-27
1577269612,XxGermanexX,loot_res,4963,1829,2026-09-17
1577454847,Auctoros,loot_res,4964,1829,2026-09-27
1577338889,bfiebfuwkf,loot_res,4965,1828,2026-09-15
1577530791,Willi19,loot_res,4966,1822,2026-09-13
1577312481,DeathMatch,loot_res,4967,1822,2026-10-03
1576988649,Sterni-94,loot_res,4968,1817,2026-09-13
1577388276,Kr4mi.,loot_res,4969,1817,2026-08-27
1577408223,Dragomir1985,loot_res,4970,1812,2026-09-30
1577548742,Nuramon82,loot_res,4971,1810,2026-10-03
1577547183,golftdii,loot_res,4972,1810,2026-09-29
1577335875,Peter Silie,loot_res,4973,1807,2026-10-03
1577297173,The Dark Knight 74,loot_res,4974,1806,2026-09-19
1596362,15siggi,loot_res,4975,1806,2026-08-27
1577546916,Luka1500,loot_res,4976,1801,2026-09-21
1577543394,DeinVerderben,loot_res,4977,1800,2026-08-30
1577453775,Lenzii,loot_res,4978,1799,2026-09-23
9374247,tik99,loot_res,4979,1797,2026-08-26
8803573,Glatzeder1.,loot_res,4980,1796,2026-08-30
1620439,ixlok,loot_res,4981,1788,2026-09-23
1577534972,Badix,loot_res,4982,1787,2026-09-24
1577544178,Dragan47,loot_res,4983,1786,2026-08-30
9092674,charly 65,loot_res,4984,1785,2026-09-12
1577534881,Kai Haarwachs,loot_res,4985,1782,2026-08-27
196499,Holzhackerjunki,loot_res,4986,1775,2026-10-03
1577133602,Lembo420,loot_res,4987,1775,2026-09-04
8404340,wolleinvs,loot_res,4988,1770,2026-08-30
10024985,LordAtesh,loot_res,4989,1769,2026-09-03
1576598461,KI-GG,loot_res,4990,1768,2026-08-31
360538,Dirty Harry 3,loot_res,4991,1768,2026-09-23
1577512067,Flocke05,loot_res,4992,1768,2026-09-01
1577039235,KamelDieb,loot_res,4993,1762,2026-09-20
1577182467,Tiger9000,loot_res,4994,1760,2026-09-16
7869989,1415,loot_res,4995,1760,2026-08-28
1577495327,Jigga,loot_res,4996,1759,2026-08-27
1577458834,IlIlIlIlI,loot_res,4997,1759,2026-08-26
1577498184,grudod,loot_res,4998,1750,2026-09-01
1577397197,Rusty88,loot_res,4999,1750,2026-09-09
1576992707,Lautern0815,loot_res,5000,1750,2026-08-29
1576820570,dittmar,loot_res,5001,1750,2026-08-31
1577548593,SirKnolte,loot_res,5002,1749,2026-10-03
1577544876,Baqmbi78,loot_res,5003,1746,2026-09-03
1577546881,PENDEJO,loot_res,5004,1745,2026-09-21
1577538935,Anton,loot_res,5005,1745,2026-08-30
1577486226,Madunicum,loot_res,5006,1744,2026-08-26
1577200461,Poseidon666,loot_res,5007,1742,2026-08-26
9195438,Prof.Fessor,loot_res,5008,1740,2026-08-30
8987073,-ProReene-,loot_res,5009,1740,2026-09-27
7664851,Ameliae,loot_res,5010,1738,2026-08-27
1577518015,Schattenkönigin,loot_res,5011,1735,2026-08-26
1577344758,xsodomx,loot_res,5012,1732,2026-10-03
1575929722,Tombinator,loot_res,5013,1732,2026-08-28
1577353646,DaPete,loot_res,5014,1728,2026-09-17
1577522593,Overhold,loot_res,5015,1725,2026-09-02
1577353473,icetea,loot_res,5016,1724,2026-08-27
1577544340,Red Bull 25,loot_res,5017,1721,2026-09-20
1577545884,Heidewitzka6,loot_res,5018,1719,2026-09-25
1577406096,Ol Mac Huffington,loot_res,5019,1717,2026-08-27
1577548603,Zamia,loot_res,5020,1716,2026-10-03
9455847,Joe Kocker,loot_res,5021,1713,2026-09-01
1577540374,Dadaone79,loot_res,5022,1712,2026-09-18
1577546987,HideonBush44,loot_res,5023,1710,2026-09-25
1577002817,NeBuNu,loot_res,5024,1701,2026-09-19
1576851170,seerose1,loot_res,5025,1700,2026-09-11
1577548507,PapstPaule,loot_res,5026,1700,2026-10-02
8111187,Balian von Ibbelin,loot_res,5027,1700,2026-09-29
1577362302,Aschi-99,loot_res,5028,1697,2026-10-03
1577544545,xArathon,loot_res,5029,1697,2026-09-02
1577125198,neffe,loot_res,5030,1696,2026-10-03
1576910554,Bultimpakt,loot_res,5031,1696,2026-09-15
1577099059,Dafrashrokil,loot_res,5032,1694,2026-09-04
1577292673,xHunterx,loot_res,5033,1692,2026-09-28
8131481,boto22,loot_res,5034,1692,2026-09-13
1576152929,HiddenTask2,loot_res,5035,1690,2026-08-27
1577052872,mario99123,loot_res,5036,1690,2026-09-27
1577547013,Michel31,loot_res,5037,1690,2026-10-03
326912,Lord Odin,loot_res,5038,1690,2026-09-13
1576902757,vorletzter,loot_res,5039,1690,2026-10-02
1577512072,t3rrorclown,loot_res,5040,1689,2026-08-26
1577527085,Rexiceman,loot_res,5041,1688,2026-09-22
1577392603,Wellwein,loot_res,5042,1685,2026-09-13
1576171959,Ostpruzze,loot_res,5043,1683,2026-08-27
9149215,MaGunTiA,loot_res,5044,1680,2026-09-13
1577325284,KlimmO,loot_res,5045,1680,2026-09-02
1577547031,Gast547031,loot_res,5046,1679,2026-09-23
1577509313,FireFighter2025,loot_res,5047,1675,2026-08-26
2603009,Gnadi67,loot_res,5048,1672,2026-08-29
884339,McSid,loot_res,5049,1670,2026-09-01
1577489970,Salzstange,loot_res,5050,1665,2026-09-29
7624103,Nervix,loot_res,5051,1665,2026-08-26
1577265577,Michael Paulsberg,loot_res,5052,1657,2026-09-17
1577547997,Gast547997,loot_res,5053,1657,2026-09-29
1577264227,stephander456789,loot_res,5054,1655,2026-09-29
1577547389,Sunni010,loot_res,5055,1654,2026-09-25
1577547768,Stutentreiber,loot_res,5056,1653,2026-10-01
1576145339,xt600,loot_res,5057,1651,2026-09-01
9868105,Einsamer Krieger,loot_res,5058,1650,2026-09-27
7909153,Crime2,loot_res,5059,1647,2026-09-11
2887937,King Lothar 3,loot_res,5060,1641,2026-09-21
1577444692,arbeitsloser-0815,loot_res,5061,1638,2026-08-31
1576453687,ERSTER,loot_res,5062,1637,2026-09-29
1577546787,Templ3r,loot_res,5063,1630,2026-09-20
1577432426,Itzstedt,loot_res,5064,1630,2026-09-10
10245120,muxximan,loot_res,5065,1627,2026-10-02
1577419746,Erasion,loot_res,5066,1623,2026-09-04
1576095712,Bombenkönig..,loot_res,5067,1622,2026-09-28
1577082707,Arco-18,loot_res,5068,1622,2026-09-22
1765590,liebesbotin,loot_res,5069,1620,2026-08-27
1576664847,Seung-woo,loot_res,5070,1615,2026-10-01
1577547963,Zyronex,loot_res,5071,1615,2026-09-29
1577463933,HoherStaufer,loot_res,5072,1612,2026-08-27
2225843,torsten2409,loot_res,5073,1610,2026-10-02
1577545737,robton,loot_res,5074,1606,2026-09-13
1577437086,Pineapple52,loot_res,5075,1605,2026-10-02
1038126,Greggg,loot_res,5076,1602,2026-10-03
1577171906,IchWillKekse,loot_res,5077,1600,2026-10-03
1577547136,Julian Otto,loot_res,5078,1600,2026-09-25
1575921027,TRI METRA,loot_res,5079,1600,2026-09-02
2205323,-Illuminati-,loot_res,5080,1596,2026-10-03
1577544256,Gast544256,loot_res,5081,1595,2026-08-29
1577495684,Torphi,loot_res,5082,1592,2026-08-29
1577345940,Hendl,loot_res,5083,1589,2026-09-13
1985925,SK Rapid96,loot_res,5084,1586,2026-09-03
1577513615,Basti9254,loot_res,5085,1584,2026-10-01
1577511341,Eric76er,loot_res,5086,1581,2026-08-26
8946319,amorina1986,loot_res,5087,1580,2026-09-08
1577529901,Die Tafelrunde,loot_res,5088,1579,2026-08-29
1577399813,jasko505,loot_res,5089,1575,2026-09-05
1576867246,Knurstel1337,loot_res,5090,1575,2026-09-11
1577548688,LindschGrinch,loot_res,5091,1575,2026-10-03
1577238719,Lordking2,loot_res,5092,1574,2026-09-14
8952348,sibbzen,loot_res,5093,1571,2026-09-08
9514679,-CJ-,loot_res,5094,1568,2026-08-28
3348969,Fc energie,loot_res,5095,1567,2026-08-26
1577547087,DavdiL,loot_res,5096,1567,2026-09-25
1576542732,KnappeLarsi1,loot_res,5097,1567,2026-09-19
1577380776,KarstadtDetektiv161,loot_res,5098,1566,2026-08-31
1577545679,TKilla,loot_res,5099,1566,2026-09-10
1577315631,Wikinger,loot_res,5100,1566,2026-09-25
1577375350,caracola,loot_res,5101,1563,2026-08-28
387223,Mastermjk,loot_res,5102,1561,2026-08-30
1577421318,Soap HD,loot_res,5103,1560,2026-10-01
1576789237,f4milY.-Bu?in3??,loot_res,5104,1550,2026-08-26
3276379,agent scally,loot_res,5105,1550,2026-09-15
1577517130,Cosmin,loot_res,5106,1550,2026-09-22
1577532639,Fuchs435,loot_res,5107,1549,2026-08-27
3317083,Metalolli,loot_res,5108,1548,2026-08-29
8676363,Endonia,loot_res,5109,1543,2026-09-24
1577450671,fl8rian,loot_res,5110,1543,2026-09-25
1577547539,FurterFrank,loot_res,5111,1542,2026-09-26
1577546341,Pablo361,loot_res,5112,1541,2026-09-18
1577297990,robold,loot_res,5113,1530,2026-08-26
1576361844,Daemon666,loot_res,5114,1530,2026-09-29
1577546706,dema98,loot_res,5115,1530,2026-09-19
1577525997,Mans1,loot_res,5116,1522,2026-08-29
1577283453,Weltensieg.,loot_res,5117,1521,2026-10-03
1576986707,Hayat0,loot_res,5118,1520,2026-08-28
823432,chacky chan,loot_res,5119,1519,2026-09-22
1577220260,Elrado44,loot_res,5120,1517,2026-10-02
1577521919,Klabusterbär,loot_res,5121,1512,2026-09-18
1577545534,sam96,loot_res,5122,1511,2026-09-14
1577532138,König blackhawk,loot_res,5123,1511,2026-09-06
1577546559,Mik93,loot_res,5124,1510,2026-09-28
1576133947,Florian Würzt,loot_res,5125,1510,2026-09-19
1577502075,Tommy1906,loot_res,5126,1505,2026-09-29
1577546887,DasTelefon,loot_res,5127,1502,2026-09-22
1576992254,legrend,loot_res,5128,1500,2026-08-30
1576911455,DaKiniVomKeamsee,loot_res,5129,1500,2026-09-02
7810677,Haucky,loot_res,5130,1500,2026-09-01
1577372870,MATUS013,loot_res,5131,1498,2026-10-02
1577358833,tachiii,loot_res,5132,1498,2026-09-06
1577520661,Gandalf94,loot_res,5133,1498,2026-09-13
1577194710,Ryo95,loot_res,5134,1496,2026-09-27
9237991,nevs25,loot_res,5135,1496,2026-09-19
1577539034,xalphox,loot_res,5136,1492,2026-08-30
1577534705,Adolf029,loot_res,5137,1488,2026-08-26
1577547646,Shiruza,loot_res,5138,1484,2026-09-28
1577545956,strauss,loot_res,5139,1478,2026-10-01
8669149,Giulia09,loot_res,5140,1475,2026-10-03
1577232856,moert4,loot_res,5141,1473,2026-09-24
1576598175,hary1,loot_res,5142,1468,2026-08-27
982237,Lieschen33,loot_res,5143,1468,2026-09-15
1577394501,Jeggen,loot_res,5144,1465,2026-09-20
1577350985,Nauped69,loot_res,5145,1465,2026-10-03
3091488,redbull303,loot_res,5146,1461,2026-08-28
3474131,Bountyqueen,loot_res,5147,1459,2026-08-30
1577537163,Bambusbonze,loot_res,5148,1452,2026-09-01
1577383862,justine 60,loot_res,5149,1451,2026-09-30
1577124464,hightower,loot_res,5150,1451,2026-10-02
1576664209,mobelwobel,loot_res,5151,1450,2026-08-29
1577542265,Ninsbär,loot_res,5152,1450,2026-08-27
1577326408,Deschd01,loot_res,5153,1450,2026-09-25
1577545143,Switzy94,loot_res,5154,1449,2026-10-02
1577546741,JakoSVK,loot_res,5155,1445,2026-09-19
1577542012,nerox,loot_res,5156,1444,2026-09-14
1577547727,Luca1893,loot_res,5157,1439,2026-09-28
1577547177,xiandroserechte,loot_res,5158,1438,2026-09-30
1576336082,Schnotty,loot_res,5159,1437,2026-09-30
1577400771,Snowranger,loot_res,5160,1433,2026-08-26
1577403163,MegaWolle,loot_res,5161,1429,2026-08-28
7791572,RagnaRockstar,loot_res,5162,1428,2026-10-01
1576769131,-Frauenversteher-,loot_res,5163,1428,2026-09-15
9831039,Black Sun,loot_res,5164,1427,2026-09-08
1577548554,Kayn127,loot_res,5165,1426,2026-10-03
1577546996,DeHorny89,loot_res,5166,1426,2026-09-26
1577543840,tobu71,loot_res,5167,1426,2026-09-24
9014775,xTuRnScHuHx,loot_res,5168,1426,2026-09-15
1576786684,Lincoln-Six-Echo,loot_res,5169,1425,2026-10-03
1577546801,Gast546801,loot_res,5170,1425,2026-10-03
9401829,timay112,loot_res,5171,1425,2026-08-30
1577071224,Coca,loot_res,5172,1424,2026-08-27
1577547949,Phlips,loot_res,5173,1421,2026-09-30
9714341,Eckifighter,loot_res,5174,1420,2026-09-11
1577513315,granto,loot_res,5175,1420,2026-09-08
1577139269,Downpipes,loot_res,5176,1414,2026-09-15
1577429449,*srm*,loot_res,5177,1414,2026-09-11
1577457424,corentin,loot_res,5178,1407,2026-09-16
1577546037,henzz88,loot_res,5179,1405,2026-09-16
1577489774,winmar,loot_res,5180,1400,2026-09-29
1577543371,nq7320,loot_res,5181,1400,2026-08-27
1576848785,Zebastian,loot_res,5182,1398,2026-09-14
1577023771,CiderPitcher,loot_res,5183,1398,2026-09-19
1575967762,Lord Wilder Watz,loot_res,5184,1395,2026-08-26
1576591949,ErliFuckingWashington,loot_res,5185,1394,2026-09-02
1575853380,Dana-cup,loot_res,5186,1394,2026-09-29
1577446644,gabbagandalf93,loot_res,5187,1394,2026-09-13
1577115602,Telenass,loot_res,5188,1394,2026-09-28
1577545502,PapaJoe,loot_res,5189,1393,2026-09-08
1577518930,Broast,loot_res,5190,1393,2026-10-03
1577548443,Hansii,loot_res,5191,1392,2026-10-02
1577292656,Batman 6630,loot_res,5192,1391,2026-08-27
1577547662,Crayn,loot_res,5193,1389,2026-09-30
1577071691,Rollo,loot_res,5194,1385,2026-09-22
1577542056,mstanley84,loot_res,5195,1385,2026-08-30
1577501599,cxn0,loot_res,5196,1384,2026-09-11
1556117,ghettonen,loot_res,5197,1383,2026-09-06
1577547161,Feyre235,loot_res,5198,1383,2026-09-28
1575854527,mex112,loot_res,5199,1379,2026-08-29
1577537210,frido911,loot_res,5200,1371,2026-09-01
1577546114,Borstis Bar,loot_res,5201,1370,2026-09-16
1577548477,BennyS,loot_res,5202,1369,2026-10-02
3440784,ema54,loot_res,5203,1369,2026-09-15
1577378007,Bajacka,loot_res,5204,1366,2026-10-03
1577546036,Donvondon,loot_res,5205,1363,2026-09-14
1577249221,vovela2393,loot_res,5206,1362,2026-10-02
1577499924,tschelinii,loot_res,5207,1360,2026-09-19
1576453418,MaPii,loot_res,5208,1359,2026-09-03
1577412668,Domi885,loot_res,5209,1357,2026-09-03
1577545146,Jogu,loot_res,5210,1356,2026-09-12
1577198169,stokrotka 02,loot_res,5211,1350,2026-08-30
3379636,Blaulichter,loot_res,5212,1350,2026-09-04
1577542928,Pfandgott,loot_res,5213,1350,2026-09-14
1577257072,gsaelzbaer,loot_res,5214,1349,2026-08-28
2425525,Razor04,loot_res,5215,1349,2026-08-26
1577548007,NoxZenkor,loot_res,5216,1347,2026-09-29
1577464525,Blacky200,loot_res,5217,1346,2026-09-11
7860348,Vollmond62,loot_res,5218,1346,2026-08-31
9712101,tactic-commando,loot_res,5219,1345,2026-08-26
1577397320,derStrucki,loot_res,5220,1342,2026-10-03
1577456093,tomfire,loot_res,5221,1342,2026-09-17
1168172,fahrradschrauber,loot_res,5222,1340,2026-10-02
1577537056,lalashrmn,loot_res,5223,1340,2026-09-20
1577450607,Beer*,loot_res,5224,1339,2026-09-09
1576973176,Sanasar,loot_res,5225,1337,2026-09-17
1577546425,Zherteff,loot_res,5226,1337,2026-09-17
1577544563,Lord Dammlecker,loot_res,5227,1335,2026-10-03
1577537647,itsDave,loot_res,5228,1334,2026-09-30
1577444225,Blackneoo,loot_res,5229,1333,2026-09-06
1577093508,Buckwild,loot_res,5230,1332,2026-10-03
1577544748,Milla,loot_res,5231,1330,2026-09-06
1577534346,Tr00per,loot_res,5232,1328,2026-08-26
1577391787,Siiror,loot_res,5233,1326,2026-08-26
1577541251,LePanzerknacker,loot_res,5234,1326,2026-09-10
1577547614,thunder1111,loot_res,5235,1325,2026-09-28
154754,Re´u,loot_res,5236,1324,2026-08-26
1577520993,Goout1414,loot_res,5237,1324,2026-09-20
1577536772,Ultralativus,loot_res,5238,1323,2026-09-13
1577487965,Lord Purzel,loot_res,5239,1321,2026-09-07
10028320,alterhaselassmichinruh,loot_res,5240,1321,2026-08-31
1671427,King Kerberos,loot_res,5241,1318,2026-09-23
1577535747,Schlaubi,loot_res,5242,1318,2026-08-27
1577403741,Reitenbach,loot_res,5243,1318,2026-09-30
1577314992,Ruhrpott77,loot_res,5244,1316,2026-09-23
1577046315,Frag.Nag,loot_res,5245,1314,2026-08-27
1576786471,Prince187,loot_res,5246,1310,2026-09-20
1576602048,Qacax,loot_res,5247,1309,2026-09-15
1577330911,Lucyelle,loot_res,5248,1307,2026-09-08
1577529434,Priscilla,loot_res,5249,1306,2026-08-26
316840,FireBurn,loot_res,5250,1301,2026-09-01
8091743,Hoge 123,loot_res,5251,1300,2026-08-27
1576372885,Batman88,loot_res,5252,1300,2026-10-02
8455753,Fee.,loot_res,5253,1300,2026-08-26
1577547091,Underground 1000,loot_res,5254,1300,2026-09-27
1577524452,Wengl27,loot_res,5255,1300,2026-09-24
1823376,Nitramuss,loot_res,5256,1300,2026-08-26
1537497,kardinal6,loot_res,5257,1296,2026-08-30
1576422542,Rheingeist23,loot_res,5258,1296,2026-10-03
1577542852,Skuzy,loot_res,5259,1292,2026-08-29
10002120,LoSiento,loot_res,5260,1291,2026-10-02
9435332,Karaya,loot_res,5261,1290,2026-09-04
1577516104,Mischa777,loot_res,5262,1287,2026-09-06
8515756,Seuchenmord,loot_res,5263,1281,2026-08-28
1577536699,regjep18,loot_res,5264,1275,2026-08-27
7611787,Lady Sparrow,loot_res,5265,1275,2026-09-26
1577188672,Der Haie,loot_res,5266,1274,2026-08-29
2417293,mumi01,loot_res,5267,1272,2026-10-03
8255635,*New-S-T*,loot_res,5268,1267,2026-09-21
1577547582,FHCharly,loot_res,5269,1261,2026-09-29
1577200851,vapeers,loot_res,5270,1260,2026-09-17
1577384962,Howard66,loot_res,5271,1259,2026-09-29
1577264815,BitaceS,loot_res,5272,1257,2026-08-26
1577256965,MeGaMimBa,loot_res,5273,1254,2026-09-24
9950685,Krantix,loot_res,5274,1254,2026-08-28
1577389151,NewSebo,loot_res,5275,1252,2026-08-27
1577547422,Gast547422,loot_res,5276,1252,2026-09-25
1577399058,Rorschach86,loot_res,5277,1250,2026-08-26
1576962756,Raph194,loot_res,5278,1250,2026-08-28
1577404425,SmackDown,loot_res,5279,1250,2026-10-03
1576521664,Kyoni,loot_res,5280,1244,2026-08-26
10138043,Der Frosthauch des Todes,loot_res,5281,1242,2026-09-01
1577383837,Lord Halbrand,loot_res,5282,1239,2026-09-18
1577542879,PlayDiver,loot_res,5283,1237,2026-09-18
1576764192,SgtDuck,loot_res,5284,1236,2026-09-06
1577547710,Klopster1,loot_res,5285,1236,2026-09-27
1577514178,egon,loot_res,5286,1236,2026-08-26
1577390295,D3athj0ke420,loot_res,5287,1231,2026-09-23
1577530014,Akay,loot_res,5288,1231,2026-08-27
2605217,STARWARS007,loot_res,5289,1231,2026-09-25
1577546201,Hans13,loot_res,5290,1227,2026-09-21
580170,Mr König,loot_res,5291,1226,2026-08-26
1576577085,Dark Flower,loot_res,5292,1226,2026-08-28
1577056564,Lord Mobitz,loot_res,5293,1225,2026-08-27
104322,Taps0815,loot_res,5294,1225,2026-08-27
1577360792,Sazyel,loot_res,5295,1221,2026-08-30
1577547640,Kuronora,loot_res,5296,1220,2026-09-28
1577525612,Tributar,loot_res,5297,1220,2026-10-01
1576970888,A-lex 992,loot_res,5298,1217,2026-08-28
1577547062,InkubuzZ,loot_res,5299,1217,2026-09-23
1576369762,Fliehende Stürme,loot_res,5300,1216,2026-09-13
1577457261,Erzherzog X,loot_res,5301,1214,2026-09-30
1577544576,Frikadelle,loot_res,5302,1214,2026-09-30
1019948,ohura,loot_res,5303,1214,2026-09-30
1577545981,Müllmann8,loot_res,5304,1212,2026-09-22
1577351433,Anarion,loot_res,5305,1211,2026-09-12
1577521021,Olaf,loot_res,5306,1210,2026-08-26
1577402274,Talsus,loot_res,5307,1205,2026-09-23
8077558,hosch355,loot_res,5308,1204,2026-09-25
1577395813,ibinsdamike,loot_res,5309,1203,2026-09-16
3179289,IronSteel,loot_res,5310,1200,2026-08-26
1577537666,-*o.O*-,loot_res,5311,1200,2026-09-27
1577536214,Lady Peppy,loot_res,5312,1200,2026-08-26
1577531910,schogo,loot_res,5313,1200,2026-09-06
430677,vidde,loot_res,5314,1200,2026-08-26
1577224945,Andormus,loot_res,5315,1200,2026-09-27
1576423733,Brotha Lynch Hung,loot_res,5316,1200,2026-08-26
1577366612,Hanniball,loot_res,5317,1199,2026-08-31
1577546814,Ochsenkopf,loot_res,5318,1196,2026-09-28
1577548364,Dein Dorf,loot_res,5319,1195,2026-10-02
1577545976,Gast545976,loot_res,5320,1195,2026-09-12
1577494197,HammiDerZerstörer,loot_res,5321,1192,2026-08-27
1576190061,MrVolli,loot_res,5322,1191,2026-08-31
1576875619,NinjaElephant,loot_res,5323,1191,2026-09-26
1577538215,Ch1llrm,loot_res,5324,1191,2026-09-11
1577339960,Hofnarr111,loot_res,5325,1187,2026-08-26
8830653,meru32,loot_res,5326,1184,2026-08-26
1577490958,Nikolaus1,loot_res,5327,1183,2026-10-03
1577538237,BerndBrot der Wahre,loot_res,5328,1179,2026-08-26
1577400354,Lord Lambda,loot_res,5329,1179,2026-08-26
1576914615,Wuzzy,loot_res,5330,1177,2026-08-28
9169093,ottoda,loot_res,5331,1175,2026-08-28
1577415580,Jusuf03,loot_res,5332,1175,2026-10-03
1577411958,Mosti74,loot_res,5333,1175,2026-10-03
1577401945,Solddier01,loot_res,5334,1172,2026-09-22
8611766,MisterDavid,loot_res,5335,1170,2026-09-25
1576245162,Alex007,loot_res,5336,1169,2026-09-30
1577194197,otto der 13,loot_res,5337,1167,2026-09-23
1576626579,AtillaFakhro,loot_res,5338,1164,2026-08-31
1577337451,Brikx,loot_res,5339,1163,2026-08-28
1577515677,Lord Nils,loot_res,5340,1163,2026-08-26
98114,jerry77,loot_res,5341,1162,2026-09-15
55121,MGDriver,loot_res,5342,1160,2026-09-09
1577548314,König Knospe,loot_res,5343,1159,2026-10-02
1577539642,Meistermartsn70,loot_res,5344,1158,2026-08-30
1577411433,Repuk,loot_res,5345,1158,2026-08-29
1577447499,punchkilla,loot_res,5346,1156,2026-09-26
1577538049,CarloDS,loot_res,5347,1156,2026-09-10
1577533806,BRAINWASHx,loot_res,5348,1152,2026-09-13
1372342,alsi der schmächtige,loot_res,5349,1151,2026-09-01
1577545118,Gast545118,loot_res,5350,1151,2026-09-16
2560242,DaSilva1978,loot_res,5351,1150,2026-09-04
2359175,gisispock,loot_res,5352,1150,2026-09-10
1577547036,Fixokles,loot_res,5353,1150,2026-09-24
1577546823,hoibschoch,loot_res,5354,1150,2026-09-22
9945005,Der Gamer 300,loot_res,5355,1150,2026-10-01
1577311195,Wiesel98,loot_res,5356,1150,2026-10-03
1577257232,dabaroy586,loot_res,5357,1149,2026-09-16
2003379,dennis kr,loot_res,5358,1149,2026-08-27
9037321,IceT007,loot_res,5359,1141,2026-10-03
9806727,Toddy,loot_res,5360,1139,2026-08-29
1577317640,basix12,loot_res,5361,1137,2026-09-21
1577506308,Deplinator,loot_res,5362,1135,2026-10-01
1577523102,Sascha 93,loot_res,5363,1130,2026-08-28
1577269088,-Teach?,loot_res,5364,1128,2026-09-08
1577540084,Oksana,loot_res,5365,1125,2026-09-01
1577516304,MiaRoses,loot_res,5366,1125,2026-09-30
2105859,Big Mom,loot_res,5367,1125,2026-09-25
1577548304,König strelok91,loot_res,5368,1122,2026-10-02
2427964,homboy-frank,loot_res,5369,1122,2026-09-29
1577547017,chrusher,loot_res,5370,1120,2026-09-24
1577535276,ElMaestro,loot_res,5371,1112,2026-09-18
1577548373,Flotschn,loot_res,5372,1111,2026-10-02
1577395265,Mansieur,loot_res,5373,1110,2026-09-30
1577489957,Klappinski,loot_res,5374,1110,2026-09-29
1576947739,Seedraking,loot_res,5375,1110,2026-09-28
1577318823,Tristan100,loot_res,5376,1108,2026-09-27
1577548056,Gast548056,loot_res,5377,1105,2026-10-03
1577546952,eingerostet88,loot_res,5378,1103,2026-09-23
10063604,Erzmärtyrer,loot_res,5379,1100,2026-09-24
1577548574,chris92,loot_res,5380,1100,2026-10-02
1577240501,DarkGlow,loot_res,5381,1100,2026-08-26
8822016,Leviathania,loot_res,5382,1100,2026-08-27
16262,Nodor,loot_res,5383,1100,2026-09-08
409814,Skybuggy,loot_res,5384,1093,2026-10-02
1576181114,-Nostra Culpa-,loot_res,5385,1091,2026-10-01
1577548606,byT3emo,loot_res,5386,1091,2026-10-03
1577536315,sykke,loot_res,5387,1090,2026-09-07
1577546488,lost.boy91,loot_res,5388,1089,2026-09-28
8871014,krokus2,loot_res,5389,1084,2026-10-01
3079876,Ultrafurz,loot_res,5390,1081,2026-08-28
1577544054,Potsdamer,loot_res,5391,1080,2026-09-16
1577532730,Elamaus,loot_res,5392,1080,2026-09-24
1577546174,Enesik,loot_res,5393,1075,2026-09-14
1577545511,Powersimp69,loot_res,5394,1075,2026-09-10
2539215,Miknik,loot_res,5395,1075,2026-08-28
1577490626,elby,loot_res,5396,1072,2026-09-25
1577490264,Snakehead III,loot_res,5397,1070,2026-09-25
1577548240,AtzenLord8,loot_res,5398,1070,2026-09-30
7776657,c.klitschko,loot_res,5399,1068,2026-08-26
1577517648,Soldat89,loot_res,5400,1068,2026-08-29
1577546736,Lyramea,loot_res,5401,1067,2026-09-19
1577264081,Speerhans1234,loot_res,5402,1065,2026-09-05
8036780,01037023,loot_res,5403,1065,2026-08-30
1577529143,Double Shadow,loot_res,5404,1064,2026-08-26
1577548519,Becarius,loot_res,5405,1060,2026-10-02
1577546469,Gast546469,loot_res,5406,1059,2026-09-19
3100947,Michel der Grausame,loot_res,5407,1059,2026-09-19
1577499020,Elytis,loot_res,5408,1058,2026-08-26
8391066,Aphrodite66,loot_res,5409,1055,2026-09-28
1577548578,haze1337,loot_res,5410,1053,2026-10-03
1577483966,PustekuchenTV,loot_res,5411,1050,2026-09-28
1074846,Serverschreck,loot_res,5412,1050,2026-08-29
1577451491,King louis,loot_res,5413,1050,2026-09-08
1577546296,MCfloww,loot_res,5414,1050,2026-09-15
1577544647,KaiserHorst,loot_res,5415,1050,2026-09-01
1577527584,Parceval,loot_res,5416,1050,2026-08-30
1577405481,Spriteside,loot_res,5417,1050,2026-08-27
1576909729,Wiener Ramme,loot_res,5418,1047,2026-09-05
1576896170,Tickitacker,loot_res,5419,1046,2026-09-11
1577544343,dastoff,loot_res,5420,1046,2026-09-20
1577509322,Melia,loot_res,5421,1043,2026-09-12
1577546484,michupichu,loot_res,5422,1042,2026-09-18
8661795,Buchara,loot_res,5423,1040,2026-09-07
1577545744,Nsambe,loot_res,5424,1037,2026-09-15
1577409127,Freakout001,loot_res,5425,1036,2026-10-03
1577325274,Karpfen Dynastie,loot_res,5426,1033,2026-09-13
9197016,Blincki99,loot_res,5427,1028,2026-10-03
1577547919,Gast547919,loot_res,5428,1028,2026-09-28
7921491,Tyr Anasazi,loot_res,5429,1026,2026-08-26
2590130,der anfaenger,loot_res,5430,1025,2026-09-21
1577548795,Manuel1998,loot_res,5431,1025,2026-10-03
1577337349,KingCatan3000,loot_res,5432,1025,2026-10-02
1577525787,Rebell1996,loot_res,5433,1025,2026-10-03
1577506122,Lebenslast,loot_res,5434,1025,2026-09-13
1577489972,Kenny T Kid,loot_res,5435,1024,2026-09-18
1575953711,Falkenhain1,loot_res,5436,1021,2026-10-03
1577372978,inwa,loot_res,5437,1020,2026-09-23
1577372251,50Flow,loot_res,5438,1020,2026-08-27
2946413,Kirito sao,loot_res,5439,1020,2026-08-27
2022803,Gasimbor,loot_res,5440,1020,2026-09-22
9768961,Wok27,loot_res,5441,1015,2026-09-12
1576526597,LiveD,loot_res,5442,1011,2026-08-26
1577361034,badboy,loot_res,5443,1010,2026-08-27
1577542967,DenoGreen,loot_res,5444,1010,2026-08-28
1576814808,Bunny Yuu,loot_res,5445,1010,2026-10-01
10093818,Ralle1919,loot_res,5446,1009,2026-09-22
1577546142,Lord Jacke,loot_res,5447,1004,2026-09-17
419042,fsb1,loot_res,5448,1004,2026-09-16
1577486890,sung jin woo,loot_res,5449,1003,2026-08-27
1577505378,wurschsemmelmann,loot_res,5450,1003,2026-08-27
3085501,WuestenFuchss,loot_res,5451,1000,2026-09-05
2951522,doubble9999,loot_res,5452,1000,2026-08-26
1577440926,Onlyengel,loot_res,5453,1000,2026-08-27
1577398431,zivi,loot_res,5454,997,2026-09-08
1577548548,Jamie2K,loot_res,5455,997,2026-10-02
1576794600,JayJayOkocha,loot_res,5456,996,2026-09-30
9652694,Laston,loot_res,5457,989,2026-08-26
7825556,Speed1988,loot_res,5458,989,2026-09-04
1684295,MWKiller80,loot_res,5459,987,2026-08-26
1577546674,Stony420,loot_res,5460,987,2026-09-30
1577390338,B878,loot_res,5461,983,2026-09-09
1576983540,FrankenPranken,loot_res,5462,983,2026-09-09
1577532783,Knutti,loot_res,5463,983,2026-08-27
1576620778,Fuddiii,loot_res,5464,980,2026-08-26
2737519,LilChakuza,loot_res,5465,975,2026-09-28
8732096,Spikezzi,loot_res,5466,972,2026-08-26
1577529983,Amasta,loot_res,5467,971,2026-08-28
1577009468,littlenaomi,loot_res,5468,971,2026-10-01
1577537363,Aerys II,loot_res,5469,966,2026-09-26
1577329285,MISS MARPLE77,loot_res,5470,966,2026-09-23
1577403327,Darthsister12,loot_res,5471,966,2026-08-27
1577545922,6ix7even,loot_res,5472,962,2026-09-12
9930226,König marcopolo,loot_res,5473,958,2026-08-26
800447,Fam0usOne,loot_res,5474,956,2026-08-27
1577458190,Döner macht schöner,loot_res,5475,955,2026-09-12
1577498619,BamBam80,loot_res,5476,953,2026-10-01
1577489246,König Balu,loot_res,5477,952,2026-10-01
1577547512,Packo,loot_res,5478,950,2026-09-26
1577543839,Dabooo,loot_res,5479,944,2026-08-27
1577498383,Stiiffler,loot_res,5480,943,2026-08-28
1577371129,Black Fire Star,loot_res,5481,943,2026-09-21
1576644829,Hexer01,loot_res,5482,939,2026-08-27
1576920219,drache 61,loot_res,5483,935,2026-09-16
1577379931,DerBerg,loot_res,5484,934,2026-09-19
1576985105,Ikkaku,loot_res,5485,932,2026-09-19
1577548070,StayHome,loot_res,5486,928,2026-09-29
2412701,Pippiar,loot_res,5487,928,2026-08-28
1577545195,Sayaka,loot_res,5488,927,2026-09-04
1577393492,Polli12,loot_res,5489,925,2026-09-02
8964017,mcrene85,loot_res,5490,925,2026-10-01
1577463245,Xantherion,loot_res,5491,925,2026-10-02
1577547952,Gast547952,loot_res,5492,925,2026-09-29
1576828404,rosenbluete22,loot_res,5493,925,2026-08-31
1577542205,Der Trockner,loot_res,5494,924,2026-09-15
1577365391,Peanut Butta,loot_res,5495,920,2026-09-29
1576954552,Instant Karma,loot_res,5496,920,2026-08-28
1577348691,Rarosport1,loot_res,5497,917,2026-09-22
1531607,ZeChY,loot_res,5498,917,2026-08-27
1577546921,jaxn,loot_res,5499,916,2026-09-21
2156727,nilswal,loot_res,5500,906,2026-10-02
1577443108,gamepaddy,loot_res,5501,905,2026-09-26
1576959079,guterpeko,loot_res,5502,904,2026-10-02
1576623132,TheChaosCaptain,loot_res,5503,903,2026-09-01
1577387189,Bexxz90,loot_res,5504,900,2026-08-27
1576857191,Herewego,loot_res,5505,900,2026-09-05
1577451481,BlaueHoffnung,loot_res,5506,900,2026-08-28
1577548780,lümmel,loot_res,5507,900,2026-10-03
1577548288,Fives,loot_res,5508,900,2026-10-02
1577547179,Baumschubser,loot_res,5509,900,2026-09-30
1577015962,Hadem92,loot_res,5510,900,2026-09-15
1577306546,Voppi,loot_res,5511,900,2026-09-27
1577394298,MSVStar,loot_res,5512,898,2026-09-19
1308041,Lord Liemert,loot_res,5513,898,2026-09-11
1577348216,DistruKter,loot_res,5514,897,2026-09-30
1993524,Lidelkuhn,loot_res,5515,892,2026-10-02
1577508163,SkyElite,loot_res,5516,892,2026-09-30
8344598,Lord Trigger,loot_res,5517,891,2026-09-26
1577545665,Gooner,loot_res,5518,890,2026-09-10
1577547916,Gast547916,loot_res,5519,888,2026-09-29
1577378564,ErzAssi,loot_res,5520,887,2026-09-12
1577512062,Aleksandar,loot_res,5521,885,2026-09-23
3407741,Freiheit2000,loot_res,5522,885,2026-09-28
1577546705,Z KALAZIA,loot_res,5523,878,2026-09-19
1577409166,Maximus1985,loot_res,5524,878,2026-09-14
1577397919,lukoorn,loot_res,5525,877,2026-08-29
1577548117,Gast548117,loot_res,5526,877,2026-10-03
1577253176,stefan1988,loot_res,5527,875,2026-08-26
1577548390,Refaxxx,loot_res,5528,875,2026-10-01
1577547781,somailo,loot_res,5529,875,2026-09-28
1577548049,König.Philipp,loot_res,5530,873,2026-09-29
1576720937,Joshua Kattamich,loot_res,5531,871,2026-08-27
9884430,Lord tiger62richard,loot_res,5532,870,2026-09-07
1577521809,Traumjäger,loot_res,5533,870,2026-09-07
1577304828,BUUBEERE,loot_res,5534,866,2026-08-26
1577512711,ursus,loot_res,5535,863,2026-09-12
3240273,Slayer666Slayer,loot_res,5536,860,2026-08-30
8612645,Niklas2812,loot_res,5537,860,2026-10-02
1577494837,Runja2025,loot_res,5538,857,2026-09-29
1577548523,Lyconn,loot_res,5539,856,2026-10-02
9486777,sterni 44,loot_res,5540,851,2026-08-26
1577351193,marto,loot_res,5541,850,2026-08-26
1577548738,LukTheKiller,loot_res,5542,850,2026-10-03
1577543868,Lieferandomeister,loot_res,5543,850,2026-08-28
1577538233,Rambo12,loot_res,5544,850,2026-10-03
1577533607,kasso95,loot_res,5545,850,2026-09-14
1576400455,Todeus,loot_res,5546,850,2026-08-31
1577546975,arua,loot_res,5547,848,2026-10-02
1576167311,adrirok135,loot_res,5548,846,2026-09-11
1577530253,PriorSirMaster,loot_res,5549,846,2026-10-03
10290502,kaputte lampe,loot_res,5550,841,2026-09-21
1577444878,Old DARK Memory,loot_res,5551,837,2026-10-03
1577548668,haebsi,loot_res,5552,831,2026-10-03
1577538904,CrazyGamer,loot_res,5553,831,2026-08-26
1577397775,Pring,loot_res,5554,825,2026-08-26
1577389844,Onur1907,loot_res,5555,825,2026-09-28
2987629,Grauhelm,loot_res,5556,825,2026-09-21
1577175136,Mountainfarm,loot_res,5557,825,2026-09-25
1577368487,Rockstar39,loot_res,5558,825,2026-10-02
1577354428,Kylian Mbashpe,loot_res,5559,825,2026-08-28
1576049067,Einfach GeiL,loot_res,5560,825,2026-08-26
1577547840,Noxium,loot_res,5561,825,2026-10-03
1577347431,DDsoi,loot_res,5562,825,2026-08-27
1577547373,iMike,loot_res,5563,825,2026-09-30
1577547074,haefl,loot_res,5564,825,2026-09-23
1015576,Fürst Erik,loot_res,5565,825,2026-09-20
1577169022,Kuznov,loot_res,5566,824,2026-09-08
1060260,Chicko97,loot_res,5567,824,2026-08-29
1577485714,ProditorJack,loot_res,5568,823,2026-09-10
1577547153,Lukassomakasso,loot_res,5569,815,2026-09-29
2767750,king luser,loot_res,5570,814,2026-10-02
1577545748,A13V12,loot_res,5571,811,2026-09-22
1577548493,Jaku,loot_res,5572,810,2026-10-02
1576292505,Tamey,loot_res,5573,809,2026-09-14
1577489211,Rhodan1,loot_res,5574,804,2026-09-06
1577343621,RitchyHara,loot_res,5575,803,2026-08-26
1577194494,hamster97,loot_res,5576,802,2026-09-11
1577499935,TradingWithKamalaHarris,loot_res,5577,800,2026-08-26
393893,MasonicMind,loot_res,5578,800,2026-08-27
1577393001,Paladoxa,loot_res,5579,800,2026-09-29
1576890954,Death Note,loot_res,5580,800,2026-08-26
1577084876,Mephlon,loot_res,5581,800,2026-08-29
1577083688,Ezenyy,loot_res,5582,800,2026-09-24
1576475933,Pvt Cat,loot_res,5583,800,2026-08-26
9674526,MyNameIst,loot_res,5584,800,2026-08-26
9673176,Der Barkeeper,loot_res,5585,800,2026-09-17
1576370608,BigBlackLady,loot_res,5586,800,2026-08-27
9469545,pit67,loot_res,5587,800,2026-08-28
1577368454,WarumDeffen?,loot_res,5588,800,2026-09-15
1577164410,Kötty,loot_res,5589,800,2026-09-23
9661946,Miche96,loot_res,5590,800,2026-09-25
1577457335,abc xyz,loot_res,5591,800,2026-09-15
1577456803,LordOfWar,loot_res,5592,800,2026-10-02
1577547628,Gast547628,loot_res,5593,800,2026-09-27
1577547514,MarcoReus97,loot_res,5594,800,2026-09-26
1576840707,DumboKappa,loot_res,5595,800,2026-09-21
9240321,minus2,loot_res,5596,800,2026-09-26
1577538850,Schizo und Phren,loot_res,5597,800,2026-08-26
1577536640,Targin,loot_res,5598,800,2026-10-03
8135958,Leonidas174,loot_res,5599,800,2026-10-03
1577535521,KlausvomMars,loot_res,5600,800,2026-08-26
1577533701,Mau93,loot_res,5601,800,2026-09-16
1576830417,Rapoto,loot_res,5602,800,2026-09-27
8429695,Manfred 73,loot_res,5603,800,2026-08-27
1577329528,Muuske,loot_res,5604,800,2026-09-19
1576925535,Jagenau,loot_res,5605,800,2026-08-29
1577408763,Sarisa7,loot_res,5606,800,2026-08-28
9903130,NoFightNoFight,loot_res,5607,800,2026-08-28
1577498360,OldSchnuffel,loot_res,5608,799,2026-08-26
1577530636,Herman12,loot_res,5609,799,2026-09-29
1577545885,Eledil,loot_res,5610,797,2026-09-14
1577248785,Jundeik,loot_res,5611,795,2026-10-01
1577104754,MemYo,loot_res,5612,795,2026-09-23
120926,schwazer ritter,loot_res,5613,790,2026-08-27
1577097155,Fürst der Finsternis,loot_res,5614,783,2026-09-19
8011950,A.Team,loot_res,5615,779,2026-09-26
606419,Maaarvin,loot_res,5616,778,2026-08-30
1577548429,RandalAndi,loot_res,5617,777,2026-10-02
1577536985,WhiskeyNico,loot_res,5618,777,2026-09-11
9908956,Taifun94,loot_res,5619,777,2026-09-01
1516616,Totendealer,loot_res,5620,776,2026-08-28
1577369951,Kelstman,loot_res,5621,775,2026-09-19
1576049187,dark knight88,loot_res,5622,775,2026-08-28
1576704968,King Siedler,loot_res,5623,775,2026-09-19
10113602,Wild Storm,loot_res,5624,772,2026-09-27
1577512269,High Marschall Helbrecht,loot_res,5625,772,2026-09-30
1577546006,Bryx96,loot_res,5626,771,2026-09-15
1577408825,HarryderPotter,loot_res,5627,769,2026-09-04
1577415818,Timewaste,loot_res,5628,764,2026-10-02
1577438551,König Steffi,loot_res,5629,762,2026-10-03
1577547209,Frankwhite4444,loot_res,5630,758,2026-09-25
2782053,Kampfsau03,loot_res,5631,757,2026-10-03
1577537423,Pukanec,loot_res,5632,757,2026-09-30
1577547824,Xarkxass,loot_res,5633,751,2026-09-28
8393802,PLUESCHIOS,loot_res,5634,750,2026-08-30
1576047340,FatihSultan40,loot_res,5635,750,2026-09-22
1577545926,sponschbob,loot_res,5636,750,2026-09-12
1938959,Mecki96,loot_res,5637,750,2026-08-28
1577435521,Smorthey,loot_res,5638,750,2026-08-27
1577525799,Melvic2014,loot_res,5639,750,2026-09-27
1577320169,Jekkts,loot_res,5640,750,2026-10-03
1577401454,mesimam,loot_res,5641,750,2026-09-25
1577548183,Motom,loot_res,5642,742,2026-10-03
9076801,SpecialAirService,loot_res,5643,737,2026-10-02
9685542,isenhart234,loot_res,5644,735,2026-10-02
1577015446,Katas zur Beruhigung,loot_res,5645,735,2026-09-27
9347235,Mausi202,loot_res,5646,728,2026-09-29
1577545750,benfred,loot_res,5647,728,2026-09-11
1577538422,TomSpace,loot_res,5648,727,2026-08-30
1577412366,MineCrawler,loot_res,5649,726,2026-09-27
656703,pergola,loot_res,5650,725,2026-09-02
1577547152,Gast547152,loot_res,5651,725,2026-09-25
1577531511,estfiebi,loot_res,5652,724,2026-10-01
1577460986,cedi 95,loot_res,5653,720,2026-08-30
1577452034,Gast0997,loot_res,5654,720,2026-10-03
1577213638,Shafflox,loot_res,5655,720,2026-08-27
9068699,liebydeutschland,loot_res,5656,715,2026-09-28
2415593,chemische stadt,loot_res,5657,715,2026-08-26
1577077281,kris99,loot_res,5658,713,2026-08-27
1577339706,Meffef,loot_res,5659,711,2026-09-03
1577506292,Bier-King,loot_res,5660,711,2026-09-13
1577540413,Lord Tom67,loot_res,5661,709,2026-09-13
9523680,stiefelkater,loot_res,5662,708,2026-09-01
1577548728,pcfx,loot_res,5663,705,2026-10-03
1577543376,Keke Topp,loot_res,5664,704,2026-08-26
7958717,Schiefey93,loot_res,5665,702,2026-08-26
1577548569,Fella,loot_res,5666,702,2026-10-02
1577546763,Kwo0029,loot_res,5667,702,2026-09-19
2314068,turbobaerchen,loot_res,5668,702,2026-09-09
1577464711,Loribaft,loot_res,5669,701,2026-09-23
1577464083,smei,loot_res,5670,700,2026-09-20
1577547716,Gast547716,loot_res,5671,700,2026-09-28
1577547872,Lord Torbias98,loot_res,5672,699,2026-09-28
1577466747,Lady Gabriel,loot_res,5673,695,2026-09-16
9371107,David-91,loot_res,5674,693,2026-09-28
1575968781,Mondguggerin,loot_res,5675,692,2026-08-26
1577435509,dicawe,loot_res,5676,690,2026-08-28
1577154496,Wäldianer,loot_res,5677,689,2026-08-28
1576794747,RedNova 01,loot_res,5678,688,2026-09-17
351069,Blabb,loot_res,5679,688,2026-08-28
9561979,patrock 20,loot_res,5680,684,2026-09-14
1577185189,Samsel,loot_res,5681,679,2026-09-21
1577543324,VergammelteEitersuppe,loot_res,5682,679,2026-08-27
1577464994,Herzog Schmidt,loot_res,5683,678,2026-09-11
1577458191,schlong69,loot_res,5684,678,2026-09-15
1577546208,Bingo-Bongo,loot_res,5685,676,2026-09-14
1577495275,Jelena,loot_res,5686,675,2026-10-01
1577544098,The Falco,loot_res,5687,675,2026-09-20
9442904,ilana22,loot_res,5688,675,2026-09-05
1577547637,btxy,loot_res,5689,673,2026-09-27
1577548786,SusiSorgenvoll,loot_res,5690,669,2026-10-03
1577546740,Lumath,loot_res,5691,668,2026-09-19
1577545365,Sikaya,loot_res,5692,666,2026-09-25
2622884,Diesi95,loot_res,5693,664,2026-09-06
1577369415,maurist31,loot_res,5694,662,2026-09-25
1577543149,voby,loot_res,5695,661,2026-09-28
1577527628,Sir Garfield,loot_res,5696,654,2026-08-30
1577548491,xFanTasTiq,loot_res,5697,651,2026-10-02
1577498783,König Popo,loot_res,5698,650,2026-08-28
9666061,rodrigues66,loot_res,5699,650,2026-08-28
860807,Bierschutzverein,loot_res,5700,650,2026-09-10
1577052944,definitely not sony,loot_res,5701,650,2026-08-26
1576748712,Metzgermeißter,loot_res,5702,650,2026-08-28
1577548568,Azcrac,loot_res,5703,650,2026-10-02
1577539650,Maetschii,loot_res,5704,650,2026-08-29
1577237530,gipina,loot_res,5705,650,2026-09-08
1577237518,poxaca,loot_res,5706,650,2026-09-08
1577536172,Itachi Uchiha 41,loot_res,5707,650,2026-09-20
3320432,schokolade1234,loot_res,5708,650,2026-09-22
1577510093,Vergessen,loot_res,5709,650,2026-09-01
1577308886,Sgt.Edamer,loot_res,5710,650,2026-09-29
1577297174,mantarochen1,loot_res,5711,649,2026-10-01
1495707,IMPERATORMP,loot_res,5712,649,2026-08-29
10018971,Sephlux,loot_res,5713,647,2026-10-03
9943602,ek6001,loot_res,5714,646,2026-10-03
1577544059,Calvo,loot_res,5715,645,2026-09-21
1577418122,Lady nina,loot_res,5716,645,2026-09-30
1577039238,OcbRitter,loot_res,5717,643,2026-09-11
10114117,Lady Shiwa,loot_res,5718,642,2026-08-27
1576817379,.79.,loot_res,5719,640,2026-09-24
1576067811,watchdogs,loot_res,5720,637,2026-09-11
1577547725,Brohann,loot_res,5721,637,2026-09-30
2811774,Ölümsüz Kahraman,loot_res,5722,634,2026-10-02
9851322,.DoNN,loot_res,5723,631,2026-08-28
1577546349,wwuurrsstt,loot_res,5724,629,2026-09-17
1576145921,Lord Underworld,loot_res,5725,625,2026-08-28
1577060580,Rimduin,loot_res,5726,624,2026-08-26
1577547534,Jolo21jolo,loot_res,5727,622,2026-09-26
1576706178,xSt0rmx,loot_res,5728,621,2026-09-27
1577499309,Cortana01,loot_res,5729,620,2026-08-27
1577398639,Marvin3299,loot_res,5730,616,2026-09-13
1576723614,lollipop98,loot_res,5731,616,2026-08-28
1577112641,QPXX,loot_res,5732,615,2026-08-27
1577339380,Olofsson,loot_res,5733,613,2026-09-13
1577416345,Fabi3190,loot_res,5734,613,2026-08-26
1577229926,Export1000,loot_res,5735,612,2026-08-31
1577228894,VzDaiivvo,loot_res,5736,612,2026-10-02
1577548185,mctoten,loot_res,5737,611,2026-09-30
1577310106,BloodyBenni,loot_res,5738,611,2026-09-25
984171,alf ölfass,loot_res,5739,609,2026-08-30
2108124,von verl,loot_res,5740,605,2026-09-21
1577498910,KaitoKid,loot_res,5741,604,2026-08-29
1577548706,FBunogrande,loot_res,5742,604,2026-10-03
1576844674,Schnitzel88,loot_res,5743,603,2026-08-29
1577237519,kakek,loot_res,5744,600,2026-09-06
1577535662,Marc246,loot_res,5745,600,2026-08-28
1577131789,ReGeKo,loot_res,5746,595,2026-08-28
1577546856,Nico17,loot_res,5747,594,2026-09-21
1577220753,xploe,loot_res,5748,593,2026-09-26
1577401716,Mini88,loot_res,5749,591,2026-09-07
1577537742,Nachthaken,loot_res,5750,588,2026-08-28
1577304358,Lord angelika,loot_res,5751,587,2026-09-07
2873698,General Fischer,loot_res,5752,585,2026-09-26
1577455855,MasterChief117,loot_res,5753,585,2026-08-30
1577397042,BliBlaBlubberBlasenBernd,loot_res,5754,583,2026-08-28
1577504441,FetterOrk,loot_res,5755,581,2026-09-26
1577046752,Lord Gumbelbert,loot_res,5756,580,2026-08-26
1577354167,Noemad,loot_res,5757,579,2026-10-02
1577546933,schüssi,loot_res,5758,579,2026-10-03
1577546822,PartyMarty69,loot_res,5759,576,2026-09-23
1169680,Hugoland,loot_res,5760,575,2026-08-28
1577406106,Rythime,loot_res,5761,575,2026-09-25
1577384699,JanaBlutmond,loot_res,5762,574,2026-08-26
9859907,Ich mag Katzen,loot_res,5763,574,2026-08-26
1577376739,-Anti-,loot_res,5764,572,2026-09-07
1577530813,Haudi,loot_res,5765,571,2026-09-20
1577531303,gertl,loot_res,5766,569,2026-08-30
1577487117,flo1893,loot_res,5767,568,2026-09-27
1577545377,Sujanis,loot_res,5768,563,2026-09-23
1577544231,HaHoHe,loot_res,5769,563,2026-09-01
1577544294,Chrissy1959,loot_res,5770,561,2026-08-29
1576100744,Dark2Flow,loot_res,5771,556,2026-09-01
1577428502,Carlo2805,loot_res,5772,553,2026-08-28
1576765928,HeroMaster,loot_res,5773,550,2026-10-02
1577545255,hsaric,loot_res,5774,550,2026-09-18
1577483612,Bubu94,loot_res,5775,547,2026-08-27
1577548737,StrikerEurika,loot_res,5776,547,2026-10-03
1577425582,priest,loot_res,5777,547,2026-09-30
1577394578,Blaszko,loot_res,5778,544,2026-09-19
1577546625,100 Pro,loot_res,5779,543,2026-09-20
1577546733,Aisu1991,loot_res,5780,541,2026-09-20
9195798,Messi 11,loot_res,5781,539,2026-09-18
1577544244,Nordmänner,loot_res,5782,539,2026-08-29
1577141028,ManiaXn,loot_res,5783,539,2026-09-19
1577387198,Kundendienst24,loot_res,5784,537,2026-09-10
1577546874,Beffimaus,loot_res,5785,537,2026-09-21
1577533439,koenigharald,loot_res,5786,537,2026-09-26
1577487708,Bursel,loot_res,5787,536,2026-09-05
1576653298,Sir Alex Ferguson XXVI,loot_res,5788,536,2026-09-30
1577355679,Marcel9329,loot_res,5789,535,2026-09-01
1577507089,Tantehasi,loot_res,5790,535,2026-08-26
1577543993,Der Tiger,loot_res,5791,533,2026-09-29
1577501022,Brausebernd,loot_res,5792,529,2026-09-25
1575896777,zoltan74,loot_res,5793,525,2026-09-14
1577546901,Schrotty1986,loot_res,5794,525,2026-09-21
1577536259,kazim,loot_res,5795,525,2026-09-04
1577527446,werbistdu385i,loot_res,5796,525,2026-09-28
1577406139,optimus12,loot_res,5797,525,2026-10-03
1577540707,Firuna,loot_res,5798,524,2026-10-02
1577547046,Timbo108,loot_res,5799,523,2026-09-23
1577196314,Fett Bär,loot_res,5800,518,2026-09-16
1577310666,TheKopana,loot_res,5801,518,2026-08-28
2341461,Vampire1,loot_res,5802,517,2026-09-14
1577527234,Yollarbasi,loot_res,5803,517,2026-09-22
52326,Leopold55,loot_res,5804,516,2026-08-29
1577257223,senebo7612,loot_res,5805,515,2026-09-10
8155607,BüVo,loot_res,5806,515,2026-08-28
1577531062,Destroyer5,loot_res,5807,515,2026-09-13
1576572587,GipfelAmor,loot_res,5808,513,2026-10-03
1577540644,Julia0909,loot_res,5809,512,2026-09-20
1577547034,JUHAAT,loot_res,5810,510,2026-09-23
1577513527,der einsame wolf,loot_res,5811,510,2026-08-30
1577112742,Strikta,loot_res,5812,509,2026-09-05
1577539745,ChristelvonderPost,loot_res,5813,506,2026-09-09
1577092877,Cyedex,loot_res,5814,505,2026-09-20
1339166,Fredix,loot_res,5815,504,2026-09-04
10287436,Baerchen140173,loot_res,5816,503,2026-08-29
1577155422,kkeeyyll,loot_res,5817,503,2026-09-09
1577544739,Gaara88,loot_res,5818,503,2026-09-02
1577548115,GlaD,loot_res,5819,502,2026-09-29
1577499779,joker65,loot_res,5820,500,2026-08-26
1577494592,Lord protasio15,loot_res,5821,500,2026-09-16
10169838,Lord Nace,loot_res,5822,500,2026-09-19
1577450677,AK-Schuetze,loot_res,5823,500,2026-09-15
1577248072,Nauticus,loot_res,5824,500,2026-09-22
1577536954,Aces and Eights,loot_res,5825,500,2026-10-03
1577431335,Beluschi,loot_res,5826,500,2026-08-26
1577524379,Jackal,loot_res,5827,500,2026-08-27
1577506120,Sansivera,loot_res,5828,500,2026-09-14
1577545717,LorenzoVonMatterhorn93,loot_res,5829,499,2026-09-10
1576474941,Sir T,loot_res,5830,498,2026-08-26
1577231281,JogelerG,loot_res,5831,497,2026-09-07
1657908,NOMINE78,loot_res,5832,496,2026-09-12
1577548391,Freeze,loot_res,5833,494,2026-10-01
1577452721,Sizzel21,loot_res,5834,492,2026-09-09
1577545533,MX134,loot_res,5835,491,2026-09-12
1577241783,Lord Reidy,loot_res,5836,491,2026-09-10
8929715,lykorz,loot_res,5837,491,2026-09-03
266380,Jawl96,loot_res,5838,489,2026-08-28
1577521261,Schattenlilie,loot_res,5839,488,2026-09-25
1576876141,jokeer5032,loot_res,5840,487,2026-09-09
1577548555,MoonNox,loot_res,5841,487,2026-10-02
1577547574,kokopxp,loot_res,5842,487,2026-09-29
9669093,Titus Arminius,loot_res,5843,483,2026-08-28
1577530567,Schwaeddy,loot_res,5844,482,2026-08-26
1577300006,Gräfin Tina,loot_res,5845,482,2026-08-31
1577358125,Holex,loot_res,5846,481,2026-09-16
1577341663,guude23,loot_res,5847,481,2026-10-03
1577535477,Tobischock,loot_res,5848,480,2026-09-02
1577157567,Sawyer,loot_res,5849,479,2026-09-17
1577531472,andersin,loot_res,5850,476,2026-09-30
1576387125,-Scofield-,loot_res,5851,475,2026-10-03
1577039227,sepuss,loot_res,5852,475,2026-09-28
3437389,gothicVI,loot_res,5853,475,2026-08-30
7805538,Matzerot29,loot_res,5854,472,2026-08-26
1577239211,Danny,loot_res,5855,471,2026-09-29
1577236526,Pinki72,loot_res,5856,469,2026-10-02
9529703,Aladin von Trödel,loot_res,5857,469,2026-08-29
2991338,Illuminati72,loot_res,5858,468,2026-09-19
1577366680,Galarados,loot_res,5859,467,2026-09-04
1143844,Urbl,loot_res,5860,466,2026-09-30
1577524891,BOSSexe,loot_res,5861,465,2026-08-27
337961,PAULIANER,loot_res,5862,464,2026-08-26
950144,delanorte,loot_res,5863,462,2026-08-26
1577449045,ekko1992,loot_res,5864,462,2026-09-24
1575989858,Fightlord5,loot_res,5865,460,2026-09-21
1577539133,Xayhio,loot_res,5866,460,2026-09-13
1576908596,dekarsten,loot_res,5867,460,2026-08-31
1577405311,Kaleut81,loot_res,5868,457,2026-08-28
1577458427,der.Hippster,loot_res,5869,455,2026-08-27
1577546435,keck,loot_res,5870,454,2026-09-20
1577546212,Der Nachtkönig,loot_res,5871,452,2026-09-14
9566838,SaMMir,loot_res,5872,450,2026-09-01
1577537476,Lord remundo ryan,loot_res,5873,450,2026-09-13
1577547114,jensiboy,loot_res,5874,448,2026-09-24
1577446915,Jojo1,loot_res,5875,448,2026-09-27
1577546387,FLORENZ.64,loot_res,5876,446,2026-09-18
1577546175,Maschilacker76,loot_res,5877,442,2026-09-30
1577116754,Bleckmann,loot_res,5878,442,2026-08-27
1577518452,FSVRICO1998,loot_res,5879,441,2026-09-24
1577526933,mazine,loot_res,5880,440,2026-09-23
1577485164,chris1898,loot_res,5881,439,2026-09-26
1577065516,adikill1998,loot_res,5882,439,2026-10-03
9387269,Caroch,loot_res,5883,437,2026-09-15
1577364230,Kruemelchen2603,loot_res,5884,437,2026-09-25
1577372949,jojoei2000,loot_res,5885,436,2026-09-10
8354082,AndreasI.,loot_res,5886,433,2026-09-17
1577544714,ayuni,loot_res,5887,432,2026-09-01
1577504706,Bl4ckf0r3st,loot_res,5888,431,2026-09-21
1576751743,Monkey D Luffy,loot_res,5889,428,2026-08-26
1577452353,LiaOnAir,loot_res,5890,427,2026-08-27
1577419581,Stromlan,loot_res,5891,427,2026-08-26
1577503108,MaxiKing21,loot_res,5892,427,2026-08-26
922851,$king OF Kings$,loot_res,5893,426,2026-09-13
1577202461,guard-fighter,loot_res,5894,426,2026-08-29
1577496386,TheEconomist,loot_res,5895,425,2026-09-24
1577546870,wolfzahn,loot_res,5896,425,2026-09-21
1577545246,Lady Ramses99,loot_res,5897,425,2026-09-10
1576636270,RobTheTop122,loot_res,5898,425,2026-08-27
7731714,maxi.x7,loot_res,5899,425,2026-08-29
9326844,d.gwünner,loot_res,5900,425,2026-09-26
1577517071,AlMoose,loot_res,5901,425,2026-10-03
1576604413,Sir Hool,loot_res,5902,425,2026-08-26
8168972,harigen09,loot_res,5903,424,2026-08-29
1576851076,Compaac,loot_res,5904,422,2026-08-27
1577247202,Slasher,loot_res,5905,421,2026-08-29
7593337,Siegfriedson,loot_res,5906,419,2026-08-29
1577305256,larafromhell,loot_res,5907,418,2026-09-29
9488902,-Tufak-,loot_res,5908,417,2026-09-18
1577451301,Freezer069,loot_res,5909,416,2026-09-08
1577547828,GerdGrün,loot_res,5910,416,2026-09-28
1577540505,El Fugo,loot_res,5911,415,2026-09-20
1576887552,Nine Two Five,loot_res,5912,414,2026-09-05
1577548080,LeoMn3229,loot_res,5913,411,2026-09-29
1577322248,Pletziii219,loot_res,5914,411,2026-09-29
2069066,AndiDTI,loot_res,5915,409,2026-09-02
7893545,flachter,loot_res,5916,408,2026-10-03
1577498931,HaraldSchönHaar,loot_res,5917,400,2026-09-08
1576593593,Cubeey,loot_res,5918,400,2026-09-23
1577092645,Ritter von Rost,loot_res,5919,400,2026-09-07
1577390223,Pueppi,loot_res,5920,400,2026-09-04
1576990175,Murena,loot_res,5921,400,2026-08-27
1577487626,TigerClown,loot_res,5922,400,2026-09-18
1577486519,Ktemmi,loot_res,5923,400,2026-09-18
8983119,Miss-Persidrall,loot_res,5924,400,2026-08-26
1577382755,Axtkämpfer mit Liebe,loot_res,5925,400,2026-08-26
1576380753,Lord TheGenrok,loot_res,5926,400,2026-08-27
1576980601,TimeEx,loot_res,5927,400,2026-09-19
1576980105,crowdene,loot_res,5928,400,2026-09-13
1576879498,Ratinha,loot_res,5929,400,2026-10-02
8879435,snacke99,loot_res,5930,400,2026-09-26
1577376383,Hollerblüte,loot_res,5931,400,2026-08-26
7576,Roberto Bashio,loot_res,5932,400,2026-09-05
1577372854,Dark Merlin,loot_res,5933,400,2026-08-26
1577067325,Sun God NIKA,loot_res,5934,400,2026-08-28
2467275,potiguar1974,loot_res,5935,400,2026-08-26
9267037,DarkShadow5,loot_res,5936,400,2026-10-03
1577166379,Slay Drahtesel,loot_res,5937,400,2026-09-20
1577464697,König Christian,loot_res,5938,400,2026-08-27
1577462035,Menatris,loot_res,5939,400,2026-08-26
1577058995,KrachBummEntee,loot_res,5940,400,2026-09-09
1575858373,Xoni97,loot_res,5941,400,2026-10-03
1576157178,speedowner,loot_res,5942,400,2026-10-01
1576756316,Koju,loot_res,5943,400,2026-10-02
1577355280,mv11x,loot_res,5944,400,2026-09-14
9953806,daylight17,loot_res,5945,400,2026-08-27
1577453475,FelixxxxTv,loot_res,5946,400,2026-09-26
1576853236,Fisch192,loot_res,5947,400,2026-09-21
10152880,--DarkHydra--,loot_res,5948,400,2026-08-29
1577252400,kruemelm0nster5,loot_res,5949,400,2026-09-21
1577548792,alex0598,loot_res,5950,400,2026-10-03
1577548774,Lady Baumi1,loot_res,5951,400,2026-10-03
1577548763,SchwierigeSache,loot_res,5952,400,2026-10-03
1577548717,Coorsika,loot_res,5953,400,2026-10-03
1577548689,Herry1612,loot_res,5954,400,2026-10-03
1577548518,Skittlez,loot_res,5955,400,2026-10-02
1577548441,josheiy,loot_res,5956,400,2026-10-01
1577548153,PILIP,loot_res,5957,400,2026-09-30
1577548141,Gast548141,loot_res,5958,400,2026-09-30
1577548060,lurch7,loot_res,5959,400,2026-09-29
1577547696,Damaxi,loot_res,5960,400,2026-09-27
3447585,Spike123456789,loot_res,5961,400,2026-09-05
1577547555,gestrandet,loot_res,5962,400,2026-09-27
1577547540,LwUni,loot_res,5963,400,2026-09-26
1577547361,Edineeee,loot_res,5964,400,2026-09-25
1577547351,-Dolores-,loot_res,5965,400,2026-09-28
1577547078,X e r x a s,loot_res,5966,400,2026-09-25
1577547044,DregischerWolf,loot_res,5967,400,2026-09-23
1577546904,Type,loot_res,5968,400,2026-09-21
1577546871,Eddash,loot_res,5969,400,2026-09-20
1576846808,KaiserJohn,loot_res,5970,400,2026-09-24
1577546441,Orange,loot_res,5971,400,2026-09-16
1577546032,WerteDame,loot_res,5972,400,2026-09-13
1577545016,XXghoulXX,loot_res,5973,400,2026-10-02
7944359,dragon1967,loot_res,5974,400,2026-10-03
1577544167,Schoko-Bang,loot_res,5975,400,2026-08-29
1577543601,IR4ng3r,loot_res,5976,400,2026-09-17
1577542167,CosmicScales,loot_res,5977,400,2026-09-27
1577441035,Lord Koust,loot_res,5978,400,2026-09-12
1576740692,Graf Thor,loot_res,5979,400,2026-10-03
1577540235,JanikNoob,loot_res,5980,400,2026-08-28
1577339940,sailux,loot_res,5981,400,2026-10-03
1577339442,SwissEffect,loot_res,5982,400,2026-10-02
8739396,rawiya,loot_res,5983,400,2026-08-26
1577538915,Exe2609,loot_res,5984,400,2026-08-26
1577538778,Dobila,loot_res,5985,400,2026-10-03
9537555,Specki0,loot_res,5986,400,2026-09-01
1577237520,yoganoj,loot_res,5987,400,2026-09-06
1577437252,tom1525,loot_res,5988,400,2026-10-02
1537208,Glubschie2007,loot_res,5989,400,2026-09-18
1577536324,Esbitov,loot_res,5990,400,2026-08-28
1577336001,Otter1990,loot_res,5991,400,2026-08-28
9832333,Jonny Azzlack,loot_res,5992,400,2026-09-26
1577431436,TJEv ZeRo,loot_res,5993,400,2026-09-09
1577531377,Verb,loot_res,5994,400,2026-10-03
9630363,yogi1986,loot_res,5995,400,2026-10-03
1577228787,westzero94,loot_res,5996,400,2026-08-27
1576328662,-sturmdrang75-,loot_res,5997,400,2026-08-26
1577527921,TopCop,loot_res,5998,400,2026-08-27
2827873,Bratenbrutzler,loot_res,5999,400,2026-09-15
1577126611,Eisteefarmer,loot_res,6000,400,2026-10-01
1577425125,Didi2711,loot_res,6001,400,2026-10-03
1576623690,Smurf,loot_res,6002,400,2026-10-03
1577422193,schattenkrieger01,loot_res,6003,400,2026-08-26
1577521383,mudi0163,loot_res,6004,400,2026-09-30
1577221172,MariX-Revolution,loot_res,6005,400,2026-09-24
9419874,QueenMelanie,loot_res,6006,400,2026-08-28
2019651,SarabiDo,loot_res,6007,400,2026-09-21
10118386,NeonPinguin,loot_res,6008,400,2026-08-26
1577016337,Ganjalf420,loot_res,6009,400,2026-09-20
1577416110,Liqdice,loot_res,6010,400,2026-09-28
715401,Blackbird-erp,loot_res,6011,400,2026-08-26
2213853,mbty,loot_res,6012,400,2026-08-27
9713061,Waintganden,loot_res,6013,400,2026-09-07
1576312958,Empire444,loot_res,6014,400,2026-08-28
1577412648,Cenn,loot_res,6015,400,2026-10-01
1577512551,Lady Don Carlo,loot_res,6016,400,2026-08-26
9312476,Fürst Warwick,loot_res,6017,400,2026-09-10
9012353,R4upe Nimmersatt,loot_res,6018,400,2026-09-10
1577412349,Kruemel25,loot_res,6019,400,2026-10-02
11451,birax,loot_res,6020,400,2026-08-26
1577210309,larcosss,loot_res,6021,400,2026-09-30
1577509614,wattendatten,loot_res,6022,400,2026-08-27
1577506386,Ree0,loot_res,6023,400,2026-08-26
1577406365,Meister Kruk,loot_res,6024,400,2026-08-28
1577403088,Veruna,loot_res,6025,400,2026-09-28
1577512122,Wurschtbrot,loot_res,6026,397,2026-08-27
1577328676,1.Norgur,loot_res,6027,395,2026-09-27
1576848291,Black Wolf,loot_res,6028,394,2026-08-27
9552664,Operisto,loot_res,6029,393,2026-10-03
1577150104,Lil Trump,loot_res,6030,393,2026-08-27
1577546790,Rendet,loot_res,6031,393,2026-09-20
1576890801,JessiStressi,loot_res,6032,390,2026-08-28
1577544475,SG-Brink-420,loot_res,6033,390,2026-09-14
1576538982,Russian Grenadier,loot_res,6034,390,2026-09-27
1577439033,MeisterUnfähig,loot_res,6035,389,2026-09-09
1577402996,Sam.,loot_res,6036,387,2026-08-26
1577508011,VinBenzin2,loot_res,6037,386,2026-09-26
1577165638,ActionBattleDeluxe,loot_res,6038,385,2026-09-09
1577439574,talahoni,loot_res,6039,384,2026-09-04
1577433735,TFKingHaRiBo,loot_res,6040,380,2026-09-30
2875899,debaier,loot_res,6041,379,2026-09-17
2740929,wikinger1978,loot_res,6042,378,2026-09-26
1577487765,Awantii09,loot_res,6043,376,2026-08-26
1577457334,Kingköng,loot_res,6044,376,2026-09-11
1577304910,Hatcibumbaci,loot_res,6045,376,2026-09-27
1577298064,Hulahoopreifen,loot_res,6046,375,2026-08-27
1576849499,rasimk,loot_res,6047,375,2026-10-03
1577546548,irgendwasmitpat,loot_res,6048,375,2026-09-17
1577541027,Held79,loot_res,6049,375,2026-08-26
1577546492,Lady MiaSchö,loot_res,6050,372,2026-09-17
1577548384,Anglerbaby,loot_res,6051,371,2026-10-01
1577547831,King of German Empire,loot_res,6052,370,2026-09-28
1577542920,maareike-93,loot_res,6053,369,2026-08-26
1577548438,GudShotz,loot_res,6054,368,2026-10-03
1577504439,Markus1976?,loot_res,6055,364,2026-09-25
1577547664,HoKaiGerman,loot_res,6056,360,2026-09-30
1577011450,Inaunso,loot_res,6057,360,2026-09-13
1577505625,Günni.Kologe69,loot_res,6058,360,2026-09-08
1577544567,Lord Ihomi,loot_res,6059,357,2026-09-15
2114228,Virtual Hunter,loot_res,6060,357,2026-09-15
1577308751,Schmuruck,loot_res,6061,357,2026-09-18
1577429555,Harleyquinn94,loot_res,6062,356,2026-08-28
1577534166,Harry58,loot_res,6063,351,2026-10-03
1577399914,barbarrami,loot_res,6064,350,2026-08-26
1577080702,maikvd,loot_res,6065,349,2026-09-16
1577023202,Lord Sanyok,loot_res,6066,348,2026-09-18
1577548543,Nyx1987,loot_res,6067,347,2026-10-02
1577548270,Almazino,loot_res,6068,346,2026-09-30
710149,gus06,loot_res,6069,346,2026-09-19
1577185724,Reusmeyang,loot_res,6070,344,2026-09-29
7654106,marcel989,loot_res,6071,344,2026-08-30
1577530413,habstef,loot_res,6072,340,2026-10-01
1577548386,Marcy.-,loot_res,6073,339,2026-10-02
1577441810,Innenbert 65,loot_res,6074,339,2026-10-02
1447921,AM-Paulchen,loot_res,6075,336,2026-08-29
1577372688,nope554,loot_res,6076,333,2026-09-06
1576982665,bigdevil,loot_res,6077,332,2026-09-08
1577434092,Dark Shadow20,loot_res,6078,332,2026-08-31
1577085256,Turtok,loot_res,6079,331,2026-09-22
1577540116,souflaki,loot_res,6080,331,2026-09-07
1577537868,Headdii,loot_res,6081,331,2026-10-01
1577536293,Neschim,loot_res,6082,330,2026-09-13
1577491599,Westpoint001,loot_res,6083,328,2026-08-30
1577542740,Kinkibell,loot_res,6084,327,2026-08-27
1577282472,Sonny,loot_res,6085,325,2026-10-01
1577432208,Merte21,loot_res,6086,325,2026-09-02
2965180,Ticabell,loot_res,6087,323,2026-09-01
1577486167,Kiminski,loot_res,6088,322,2026-10-02
1577547449,KaiserTitus,loot_res,6089,321,2026-09-29
1577542812,Arno Dübel,loot_res,6090,321,2026-09-12
2395835,majory,loot_res,6091,320,2026-08-27
7956383,Krieger Gondors,loot_res,6092,319,2026-08-28
1577540782,pearlunder99,loot_res,6093,319,2026-09-27
1577509663,DeffOnly,loot_res,6094,318,2026-08-26
1577409893,Mr.Eckhead,loot_res,6095,316,2026-10-01
1577384952,Fischerdorf,loot_res,6096,315,2026-08-29
1577420319,mulletmaik,loot_res,6097,315,2026-09-18
1577519152,Herr Boss,loot_res,6098,315,2026-09-28
1577503974,brö-1848,loot_res,6099,313,2026-08-30
1576999701,Rhodridge,loot_res,6100,311,2026-10-03
1577547917,Gast547917,loot_res,6101,311,2026-09-28
1577539114,König Blade,loot_res,6102,310,2026-08-27
1664238,PzAufklärer,loot_res,6103,307,2026-09-09
1577547925,Horst72,loot_res,6104,307,2026-09-28
1577546778,Peeky,loot_res,6105,307,2026-09-22
1577119226,Alex3118,loot_res,6106,305,2026-09-12
1577428180,bieze,loot_res,6107,304,2026-08-28
1577507602,Jim Rob,loot_res,6108,301,2026-08-27
1577483473,skillerpro,loot_res,6109,300,2026-08-26
1576342370,fabsken,loot_res,6110,300,2026-09-07
1577536747,Mohnblume,loot_res,6111,300,2026-08-28
1577504362,Tino72,loot_res,6112,300,2026-09-30
1577544388,qestdc,loot_res,6113,299,2026-09-01
1577301355,Meini,loot_res,6114,299,2026-09-20
1577536290,KingBöhm13,loot_res,6115,298,2026-09-12
1576604265,KaTunTV,loot_res,6116,297,2026-08-30
1577546486,Sir Mogli,loot_res,6117,295,2026-09-18
1577237631,dersechsundvierzichste,loot_res,6118,295,2026-08-27
1577360921,Dodge Challenger,loot_res,6119,294,2026-09-21
1577355357,Taktik,loot_res,6120,294,2026-10-03
1577294742,Touchdown,loot_res,6121,292,2026-08-28
1577545927,Gast545927,loot_res,6122,289,2026-09-11
1577323145,Verdammte Axt,loot_res,6123,289,2026-09-09
1577519151,Better Call Kroko,loot_res,6124,289,2026-09-27
1577077942,blubb89,loot_res,6125,287,2026-08-27
1577490262,Elmi,loot_res,6126,286,2026-08-26
8048244,selmana14,loot_res,6127,284,2026-09-07
1577542737,dermörderja,loot_res,6128,284,2026-09-03
1577510088,Mettigel89,loot_res,6129,283,2026-08-27
1577546917,Lady Nini,loot_res,6130,282,2026-09-21
1577015674,DevilFruit,loot_res,6131,282,2026-09-26
9837004,Piet65,loot_res,6132,281,2026-09-19
1576977299,jumbokung,loot_res,6133,280,2026-09-08
1577523707,NoBueno,loot_res,6134,280,2026-10-01
1559855,Stimmloser,loot_res,6135,275,2026-09-20
1577490517,adamka26,loot_res,6136,274,2026-08-29
9380742,PoStI94,loot_res,6137,274,2026-09-22
1577548498,Lord Rinch,loot_res,6138,274,2026-10-01
1576720923,princessinlove,loot_res,6139,274,2026-09-24
1577426245,Darkangel10387,loot_res,6140,273,2026-10-01
1577500152,Ademar II,loot_res,6141,273,2026-09-23
1577273910,Imperator111,loot_res,6142,272,2026-09-08
8113697,Namenslos,loot_res,6143,272,2026-09-21
782862,Halstenbek,loot_res,6144,271,2026-08-27
1577537222,FeedingSocial,loot_res,6145,271,2026-09-26
1577387690,Schockbot,loot_res,6146,270,2026-09-29
1577547160,WilliNapoleon,loot_res,6147,270,2026-09-24
1577429398,Pipikinq,loot_res,6148,270,2026-08-29
1577501403,tetje,loot_res,6149,270,2026-09-24
9862313,the-realm,loot_res,6150,267,2026-08-28
1577543543,Andi123,loot_res,6151,267,2026-08-26
1576007173,Axel1958,loot_res,6152,267,2026-09-07
1577546840,Gast546840,loot_res,6153,266,2026-09-21
1577545723,ndlsSmmr,loot_res,6154,266,2026-09-10
1576987620,sugarDAM,loot_res,6155,265,2026-09-04
1576883670,Dj Woodworm,loot_res,6156,265,2026-08-29
1577548076,choppa,loot_res,6157,264,2026-09-29
1577445686,DR.Holliday,loot_res,6158,264,2026-08-30
1577084043,Strassner,loot_res,6159,263,2026-09-26
1576473122,Lady Athene die Erste,loot_res,6160,263,2026-08-29
1577548594,RudiDog,loot_res,6161,261,2026-10-03
9915885,Pit1898,loot_res,6162,260,2026-09-06
8985583,felli1,loot_res,6163,259,2026-09-16
1577547541,MalevolentCreation,loot_res,6164,258,2026-09-26
1577546338,Gast546338,loot_res,6165,258,2026-09-16
2022962,**feechen**,loot_res,6166,258,2026-09-24
1577545755,susi82,loot_res,6167,257,2026-09-10
685229,Alkapone-,loot_res,6168,256,2026-09-08
967699,Busenschreck,loot_res,6169,256,2026-09-04
1577547874,ZenX,loot_res,6170,256,2026-09-28
8642542,yasin yilmaz,loot_res,6171,256,2026-09-27
1577497623,Genon der Große,loot_res,6172,255,2026-09-30
1576885187,Domi143,loot_res,6173,255,2026-09-28
1576952691,EVIL.Legende,loot_res,6174,254,2026-09-08
1577534196,darkmann96,loot_res,6175,254,2026-09-20
1577548472,NoNm3 der Eroberer,loot_res,6176,253,2026-10-01
1344079,neew,loot_res,6177,253,2026-09-02
1577542532,DenzelCrocker,loot_res,6178,253,2026-08-26
1577000266,Razer1310,loot_res,6179,253,2026-08-28
1576993779,Paprikaner112,loot_res,6180,251,2026-09-06
1577513929,Zade,loot_res,6181,251,2026-08-26
1577299467,Spartakusskuss,loot_res,6182,250,2026-09-18
1577498607,Yakuin,loot_res,6183,250,2026-09-25
1577396375,KingArthur40,loot_res,6184,250,2026-09-06
1296370,Tanitha,loot_res,6185,250,2026-08-28
1577395407,schroed,loot_res,6186,250,2026-09-20
1577193999,mulek,loot_res,6187,250,2026-09-03
1577493132,Joyboy,loot_res,6188,250,2026-09-30
3392858,Engelskrieger 8,loot_res,6189,250,2026-08-26
1577492161,Lord Cruticroc,loot_res,6190,250,2026-10-01
10290721,Gumblix,loot_res,6191,250,2026-09-22
2390715,Razor491,loot_res,6192,250,2026-09-12
1576388748,Sk694,loot_res,6193,250,2026-09-24
1576988659,qwer12,loot_res,6194,250,2026-10-03
1577388097,epiker,loot_res,6195,250,2026-10-02
1577287523,JeanDarc,loot_res,6196,250,2026-09-07
1577486041,teddy0909,loot_res,6197,250,2026-09-25
1577385216,Bruuno,loot_res,6198,250,2026-09-30
1184529,Flatussi,loot_res,6199,250,2026-10-01
10282079,sirbatro72,loot_res,6200,250,2026-08-30
181887,rednexx,loot_res,6201,250,2026-08-29
1577276866,Sonico,loot_res,6202,250,2026-09-28
1577376256,Link94,loot_res,6203,250,2026-09-02
1575975470,kallewirsch12345,loot_res,6204,250,2026-09-21
1576774930,Pr0f1ler,loot_res,6205,250,2026-09-10
1577074700,Galle97,loot_res,6206,250,2026-08-29
1577272401,petz,loot_res,6207,250,2026-09-10
7970409,chrischy66,loot_res,6208,250,2026-09-13
10069751,.JohnWayne,loot_res,6209,250,2026-08-27
1576268002,ShapeYou,loot_res,6210,250,2026-08-30
8167694,Ohrenarzt,loot_res,6211,250,2026-09-17
8567395,IJeffreyI,loot_res,6212,250,2026-09-14
1577067077,ole einar,loot_res,6213,250,2026-09-09
1577464113,FLNALN,loot_res,6214,250,2026-09-13
1576562718,Lord-Z,loot_res,6215,250,2026-09-29
3462330,gandhi007,loot_res,6216,250,2026-09-18
1577361059,pxutzxr,loot_res,6217,250,2026-10-01
1576860405,.Crongo,loot_res,6218,250,2026-09-06
1160190,Tungil Goldhand 2,loot_res,6219,250,2026-09-14
1577460073,Wintileu,loot_res,6220,250,2026-09-19
759436,peter2805,loot_res,6221,250,2026-10-02
9658964,Baron Vladimir Harkonnen,loot_res,6222,250,2026-09-27
1577158435,DerBote31,loot_res,6223,250,2026-09-03
1577457904,Milla48,loot_res,6224,250,2026-08-31
3257711,NAxxxOR,loot_res,6225,250,2026-09-20
1577456211,LadyAshford,loot_res,6226,250,2026-09-17
1577355540,-CRISPY-,loot_res,6227,250,2026-09-15
1577154317,McSwebo,loot_res,6228,250,2026-09-27
1577453349,DresX,loot_res,6229,250,2026-09-25
1577548804,Vinlander,loot_res,6230,250,2026-10-03
1577548787,Gast548787,loot_res,6231,250,2026-10-03
1577548782,Mr.F,loot_res,6232,250,2026-10-03
1577548600,König Lord Baron,loot_res,6233,250,2026-10-02
1577548492,Moka87,loot_res,6234,250,2026-10-01
1577548287,Belvedere777,loot_res,6235,250,2026-09-30
1577548256,Jacky263,loot_res,6236,250,2026-09-30
1577548144,Gast548144,loot_res,6237,250,2026-09-29
1577548079,Leocoss,loot_res,6238,250,2026-09-29
1577548071,ce77dd,loot_res,6239,250,2026-09-29
1577547900,flotus,loot_res,6240,250,2026-10-01
1577547677,Bosnia1215,loot_res,6241,250,2026-09-27
1577547650,SeymorFlux,loot_res,6242,250,2026-09-27
1577547649,ihendich,loot_res,6243,250,2026-09-28
1577547627,Khaman,loot_res,6244,250,2026-09-27
1577547622,yugi355,loot_res,6245,250,2026-09-27
1577547472,marialouisa,loot_res,6246,250,2026-09-27
1577547453,Gottreich,loot_res,6247,250,2026-09-25
1577547444,Felefix201,loot_res,6248,250,2026-09-28
1577547429,Gast547429,loot_res,6249,250,2026-09-25
1577547197,Neoternity,loot_res,6250,250,2026-09-24
1577547194,Simpli,loot_res,6251,250,2026-09-24
1577547133,Antwan,loot_res,6252,250,2026-09-24
1577547112,LadyMilana,loot_res,6253,250,2026-09-24
1577547100,DerZeitlose,loot_res,6254,250,2026-09-23
1577547068,wryyy,loot_res,6255,250,2026-10-01
1577546962,luku11,loot_res,6256,250,2026-09-22
1577546918,Aloxxo,loot_res,6257,250,2026-09-21
1577546876,Isicool11,loot_res,6258,250,2026-09-21
1577546802,Fligi,loot_res,6259,250,2026-09-20
1577546796,christianmackes1988,loot_res,6260,250,2026-09-20
1577546761,quarti,loot_res,6261,250,2026-09-19
1577546723,Funkeer,loot_res,6262,250,2026-09-19
1577546532,Tegdim,loot_res,6263,250,2026-09-19
9446231,xXWaSGeHtXx,loot_res,6264,250,2026-09-02
1577545855,ryoodorfking69,loot_res,6265,250,2026-09-17
1577545704,Warners Brothers*,loot_res,6266,250,2026-09-11
1577545659,SuperGurke2,loot_res,6267,250,2026-09-09
9045605,Mumba007,loot_res,6268,250,2026-08-26
1577545503,Anonymouss,loot_res,6269,250,2026-09-27
1577545481,no2001ah,loot_res,6270,250,2026-09-09
1577545448,Talentfrei,loot_res,6271,250,2026-09-15
1576645163,hold1,loot_res,6272,250,2026-09-23
8645017,einlord,loot_res,6273,250,2026-08-30
1577544976,TK.1,loot_res,6274,250,2026-09-02
1577544473,andreeeq1,loot_res,6275,250,2026-09-24
1577544126,Kachpach,loot_res,6276,250,2026-09-16
1577443826,Bauze82,loot_res,6277,250,2026-09-28
1577543794,BeoWulf2335,loot_res,6278,250,2026-09-11
1577343653,wtflol,loot_res,6279,250,2026-09-27
1577542322,Screpblau,loot_res,6280,250,2026-09-18
1577542273,Lord Vladimir,loot_res,6281,250,2026-08-29
1577042248,könig hanz peter,loot_res,6282,250,2026-09-27
1577541750,Maiston,loot_res,6283,250,2026-09-16
1577241684,DasGameover,loot_res,6284,250,2026-08-30
1577541161,Skully,loot_res,6285,250,2026-09-15
1577540955,OldWelt30,loot_res,6286,250,2026-09-04
1577340944,JGlumanda,loot_res,6287,250,2026-09-25
1577539234,Ritter der Gilde,loot_res,6288,250,2026-09-23
1938428,verlag,loot_res,6289,250,2026-09-26
1577537958,König Lord König,loot_res,6290,250,2026-09-20
1577537620,Derapid,loot_res,6291,250,2026-09-14
1577237537,rokayov,loot_res,6292,250,2026-09-06
1577537340,Flo1990,loot_res,6293,250,2026-09-22
1577536114,joker12007,loot_res,6294,250,2026-09-24
1577535691,LaNc3 BuTt3rS,loot_res,6295,250,2026-09-27
1576234397,traks stils,loot_res,6296,250,2026-09-26
1577533277,SirNetik,loot_res,6297,250,2026-08-28
1577432702,cgravenhorst,loot_res,6298,250,2026-09-10
1577532471,LordWayper,loot_res,6299,250,2026-09-29
1577331930,DeadOfConfusion,loot_res,6300,250,2026-08-31
1577531729,Tom231214,loot_res,6301,250,2026-09-18
1577531228,sven-s,loot_res,6302,250,2026-09-01
1577131139,Gilan01,loot_res,6303,250,2026-09-05
1577529360,Mukk96,loot_res,6304,250,2026-09-26
629214,Asgamba Huh,loot_res,6305,250,2026-08-29
8228010,Aggro Pingu,loot_res,6306,250,2026-09-25
1577027971,JonnyK24,loot_res,6307,250,2026-08-29
1577127233,Kellyrex,loot_res,6308,250,2026-09-22
1577526358,asdasd42,loot_res,6309,250,2026-09-05
1577324789,Myrrdhin Emrys,loot_res,6310,250,2026-09-11
1576823061,Uncreativee,loot_res,6311,250,2026-09-30
2019638,Chnitz,loot_res,6312,250,2026-09-21
319612,juescha13,loot_res,6313,250,2026-09-30
1577519550,Freiherr von Meyringen,loot_res,6314,250,2026-09-21
1576818801,Ivichel,loot_res,6315,250,2026-09-27
1577517087,Schmohl,loot_res,6316,250,2026-09-06
1577516730,provokant?,loot_res,6317,250,2026-08-30
1576716202,benutzer,loot_res,6318,250,2026-09-30
1577315874,meop,loot_res,6319,250,2026-09-20
15705,Liebesengel,loot_res,6320,250,2026-09-25
1577515131,Shouphanya,loot_res,6321,250,2026-09-18
8214432,banane1314,loot_res,6322,250,2026-09-13
1577114174,Smitty Werben,loot_res,6323,250,2026-08-30
1577313798,Womb Spaso,loot_res,6324,250,2026-09-28
1576411268,MrLausH,loot_res,6325,250,2026-10-02
1577510718,Pasqualo17,loot_res,6326,250,2026-09-27
1577409816,Sieder100,loot_res,6327,250,2026-10-03
1577509327,Herzigi,loot_res,6328,250,2026-09-10
1577206379,NoSkillJustBash,loot_res,6329,250,2026-08-31
1576606301,Lady Lady,loot_res,6330,250,2026-09-08
1577505675,Wasseratmung,loot_res,6331,250,2026-09-26
1577504557,Bordenau,loot_res,6332,250,2026-08-30
1576904511,Lord of D,loot_res,6333,250,2026-09-23
1577503568,thelordjohny,loot_res,6334,250,2026-10-03
1577502868,Lausnimmtdeinhaus,loot_res,6335,250,2026-09-30
1577400042,N112,loot_res,6336,250,2026-09-06
7717016,MMonstrum,loot_res,6337,243,2026-09-07
1577546711,MoMoG1907,loot_res,6338,240,2026-09-19
1577246161,KakashiX3,loot_res,6339,231,2026-08-28
1577546318,Gast546318,loot_res,6340,230,2026-10-03
1577493049,juergen b.,loot_res,6341,225,2026-09-30
1577485386,no0psy,loot_res,6342,225,2026-09-17
10181634,Farin der 1,loot_res,6343,225,2026-10-03
1576471065,JhonlaLama,loot_res,6344,225,2026-09-15
1577063774,stubbigainz,loot_res,6345,225,2026-09-24
1577548540,Lady Lord fabi,loot_res,6346,225,2026-10-02
1577548538,plattenoskar,loot_res,6347,225,2026-10-02
1577548217,Julien,loot_res,6348,225,2026-09-30
1577547877,Tadoshi,loot_res,6349,225,2026-09-28
1577547501,CanofBeans,loot_res,6350,225,2026-09-26
1577547164,salamuel,loot_res,6351,225,2026-09-24
1577547057,Pasha,loot_res,6352,225,2026-09-23
1577546899,Brandi69,loot_res,6353,225,2026-09-21
1577546825,lClassicz,loot_res,6354,225,2026-09-20
1577545535,Egotyp,loot_res,6355,225,2026-09-08
1577542905,JoeDanger,loot_res,6356,225,2026-09-21
1577527222,Ebbe,loot_res,6357,225,2026-08-26
1577419433,hellidelli49,loot_res,6358,225,2026-09-21
9112721,Gerix,loot_res,6359,224,2026-09-04
1577512577,K4153R-G,loot_res,6360,207,2026-09-02
1577547731,Echoonice,loot_res,6361,200,2026-09-27
1577376047,Laurania,loot_res,6362,180,2026-08-27
1577547469,smoldge,loot_res,6363,175,2026-09-25
1577313794,Sick Scatbob,loot_res,6364,170,2026-09-24
1032951,ecstom,loot_res,6365,166,2026-08-26
1577423703,hashtag,loot_res,6366,165,2026-08-28
8719883,spartanerII,loot_res,6367,153,2026-09-14
1577391949,Harald1,loot_res,6368,150,2026-08-26
3462792,Friedensnobelpreisträger,loot_res,6369,150,2026-08-26
1577439480,bier3,loot_res,6370,150,2026-08-29
1577537592,BuschFunkTV,loot_res,6371,150,2026-09-18
1577547227,Brian1893,loot_res,6372,140,2026-10-01
1577033300,Umanic,loot_res,6373,137,2026-08-27
1577538135,Fossil,loot_res,6374,120,2026-09-27
2437521,Alexander Wagnder,loot_res,6375,120,2026-10-01
1577487900,Pain.,loot_res,6376,100,2026-10-03
1577068853,MrCosmoOG,loot_res,6377,100,2026-08-28
1577062835,Diego Maradona,loot_res,6378,100,2026-08-27
9443259,Ankh.Morpork,loot_res,6379,100,2026-08-26
1577437369,YPG-001,loot_res,6380,100,2026-09-16
1577334890,luwe03,loot_res,6381,100,2026-09-19
1576919944,Kashargul,loot_res,6382,100,2026-08-28
1577425943,Germane23,loot_res,6383,75,2026-09-02
1577547526,Gast547526,loot_res,6384,55,2026-09-30
1577548107,emchen28,loot_res,6385,40,2026-09-29
406907,7on9,loot_vil,1,67709,2026-10-02
1576096938,JanBam,loot_vil,2,47648,2026-09-26
2363816,wifi,loot_vil,3,33598,2026-09-21
1577374650,happycola,loot_vil,4,33184,2026-09-26
9285938,Jonayay,loot_vil,5,32828,2026-10-01
1577059736,Angst Potter?,loot_vil,6,32737,2026-09-28
1576699803,Gänsehoden,loot_vil,7,32240,2026-10-02
1575995793,ixanthos,loot_vil,8,31825,2026-09-18
1577111906,badxdog,loot_vil,9,31079,2026-09-23
1577542546,Chiller3114,loot_vil,10,31019,2026-09-29
1144521,maduen,loot_vil,11,30558,2026-09-27
1577465086,existenzxd,loot_vil,12,29258,2026-09-13
9888572,Spectre,loot_vil,13,25641,2026-10-01
1577514194,Prince von Bel Air,loot_vil,14,24053,2026-10-03
1577513316,Albanischer Krieger,loot_vil,15,20600,2026-09-30
1577073064,easy,loot_vil,16,20435,2026-09-10
1577464497,0815Name,loot_vil,17,19164,2026-09-30
1577456618,Gerrit7777,loot_vil,18,19044,2026-10-03
8658019,LuckyDudels,loot_vil,19,18862,2026-10-03
8635569,Blazed420AG,loot_vil,20,18322,2026-09-16
8609191,klon-nuzgul,loot_vil,21,17846,2026-09-26
1577489257,Gnuppel,loot_vil,22,15347,2026-09-13
1576984345,FiveFingerDeath,loot_vil,23,14649,2026-09-28
8927127,LKAV Maracuja,loot_vil,24,13804,2026-09-24
1577536449,ohnain,loot_vil,25,13519,2026-10-03
1577545299,Agent47,loot_vil,26,13447,2026-09-29
8979093,colderaser,loot_vil,27,12992,2026-09-20
1577372625,mango19,loot_vil,28,12914,2026-09-29
1577444303,PeterMachtMeter,loot_vil,29,12469,2026-09-28
1577373732,Sammler des Tages,loot_vil,30,12355,2026-10-03
1576401633,wütender Panda,loot_vil,31,12282,2026-10-01
1577422997,Lord Stoney,loot_vil,32,11906,2026-09-25
1577405536,nomic,loot_vil,33,11533,2026-09-07
1577431073,fleur blobby,loot_vil,34,11492,2026-09-28
9116012,UndercoverCrew,loot_vil,35,11320,2026-09-19
1577273211,kaioshin,loot_vil,36,10507,2026-09-30
531673,Lenze,loot_vil,37,10442,2026-09-17
1577279310,NoLimitx3,loot_vil,38,10307,2026-09-21
1576608156,deslow,loot_vil,39,10065,2026-09-26
1577136351,SAYCO D. VORTEX,loot_vil,40,9953,2026-10-02
1577522507,Teddy,loot_vil,41,9701,2026-09-19
1577249935,SweetJenny03,loot_vil,42,9588,2026-09-27
7917499,Schwarz-zu-Blau,loot_vil,43,8987,2026-09-26
1576839110,MrLappen,loot_vil,44,8210,2026-09-14
1576672722,bandit0815,loot_vil,45,8133,2026-09-17
8942925,Amaterzu,loot_vil,46,7570,2026-09-23
1576862060,Supreme69,loot_vil,47,7439,2026-09-25
1576598150,Haudaneben,loot_vil,48,7288,2026-09-18
1577494514,Mataron,loot_vil,49,7283,2026-09-28
1577114057,Hansueli12,loot_vil,50,6877,2026-10-02
1577520010,not.available,loot_vil,51,6863,2026-09-28
8776383,Cheat Code,loot_vil,52,6861,2026-09-27
1577433791,Ragnar.Lothbrok,loot_vil,53,6711,2026-09-26
1577269554,.approved.,loot_vil,54,6624,2026-09-02
1577420362,Electro,loot_vil,55,6480,2026-09-12
1577452447,Dorfkasper,loot_vil,56,6332,2026-10-03
9801163,Allianz,loot_vil,57,6213,2026-09-17
1577542085,Escobar1993,loot_vil,58,6005,2026-10-02
1577405997,mraalee,loot_vil,59,5985,2026-09-22
1577492206,PestoPeta,loot_vil,60,5978,2026-10-03
1577526543,SSJ4,loot_vil,61,5964,2026-10-03
1577465504,Rincewind610,loot_vil,62,5851,2026-09-30
1577171897,EDELSTEMMER,loot_vil,63,5807,2026-10-02
1577430163,El Flexi Hardweg,loot_vil,64,5734,2026-09-21
1577178702,Unbekannter Spieler,loot_vil,65,5691,2026-10-03
1577370056,El-Tiburon,loot_vil,66,5668,2026-09-25
1577374960,Meepo2503,loot_vil,67,5639,2026-09-30
9800838,your darkest nightmare,loot_vil,68,5596,2026-09-10
1577349358,LoLPro,loot_vil,69,5595,2026-10-02
9523129,TehDragoon,loot_vil,70,5591,2026-09-30
1577116597,Bierdimpfe,loot_vil,71,5575,2026-10-01
1577388261,Paxie,loot_vil,72,5525,2026-09-27
258773,Saifra,loot_vil,73,5424,2026-10-01
1576096956,ExXeZ,loot_vil,74,5244,2026-09-07
1577510735,GladiatorXVII,loot_vil,75,5156,2026-10-01
1577522047,cHeLdO,loot_vil,76,5026,2026-09-28
1577490989,Flanschexpress,loot_vil,77,4992,2026-09-29
1577516952,C R I M E,loot_vil,78,4981,2026-10-01
1577500903,fixxii,loot_vil,79,4832,2026-10-01
1577311267,Bmarley,loot_vil,80,4773,2026-09-13
1576696487,SchläferH,loot_vil,81,4771,2026-09-26
1577327643,Destinyjooker,loot_vil,82,4655,2026-09-25
1577512641,Still Mighty,loot_vil,83,4632,2026-09-24
10017115,superneusi,loot_vil,84,4630,2026-09-29
1577546225,NichtGanzDicht,loot_vil,85,4557,2026-09-26
1576686712,SirCrasher,loot_vil,86,4502,2026-10-01
1577545283,Warmer Radierer,loot_vil,87,4472,2026-09-19
1576596143,BarakKOR,loot_vil,88,4434,2026-09-06
1577509315,Twixx,loot_vil,89,4405,2026-09-19
9968798,makasar,loot_vil,90,4396,2026-09-27
1102804,Unicorn Pink Fluffy,loot_vil,91,4377,2026-10-03
9645437,Doomsday Specter 1.0,loot_vil,92,4347,2026-09-28
1577439112,Ueberfordert,loot_vil,93,4169,2026-10-03
1577505624,-.Premium*,loot_vil,94,4155,2026-10-01
978765,Soundcraft Si Impact,loot_vil,95,4138,2026-09-13
1576813435,Vondi,loot_vil,96,4123,2026-09-27
8963712,Silver94,loot_vil,97,4060,2026-09-15
1577534253,Samson.Stone,loot_vil,98,3994,2026-09-17
1577393502,Kerschti,loot_vil,99,3990,2026-09-27
3392114,Romerrius,loot_vil,100,3960,2026-09-29
7961799,REV-Bremerhaven,loot_vil,101,3955,2026-09-08
1576093251,David the Brain,loot_vil,102,3926,2026-09-28
8639312,J--O,loot_vil,103,3878,2026-09-03
1577544675,Bengt26,loot_vil,104,3872,2026-10-02
1576976099,Skorpion85,loot_vil,105,3818,2026-09-19
1576683351,Fendrix,loot_vil,106,3785,2026-10-01
1577397494,myul,loot_vil,107,3639,2026-09-28
1577545602,SercV8,loot_vil,108,3634,2026-10-03
2314840,*luzifer*,loot_vil,109,3588,2026-09-20
1577544203,Sonnyxx,loot_vil,110,3574,2026-09-07
1577232503,Scorpion2k,loot_vil,111,3533,2026-10-03
1257571,Invasion Marc,loot_vil,112,3532,2026-09-28
1577010036,Sasha Grey,loot_vil,113,3503,2026-09-29
1576897890,*Wilde Hilde*,loot_vil,114,3501,2026-10-03
1577543315,Hansdiegans,loot_vil,115,3464,2026-10-03
1577545419,BruderJakob24,loot_vil,116,3392,2026-10-03
1577064445,Nightwolf,loot_vil,117,3387,2026-10-02
1577539431,faabricioo,loot_vil,118,3380,2026-10-03
1576341980,Pitta,loot_vil,119,3375,2026-09-30
1576655476,Tiger187,loot_vil,120,3364,2026-09-30
1577060442,ELTURKO61,loot_vil,121,3358,2026-10-01
10007100,Barthas,loot_vil,122,3308,2026-09-30
1577004920,MagierBlubb,loot_vil,123,3305,2026-09-05
1577545319,MaxEick1001,loot_vil,124,3298,2026-10-03
1575961017,Z1tro Extr3m,loot_vil,125,3224,2026-10-03
1577538281,novoline95,loot_vil,126,3163,2026-10-02
1577537931,RealMatze,loot_vil,127,3129,2026-09-29
8864491,Capul,loot_vil,128,3105,2026-09-28
1577536190,KoooSz,loot_vil,129,3065,2026-10-03
1577512528,Tiddel,loot_vil,130,3008,2026-09-29
8832677,.tHaleF.,loot_vil,131,2964,2026-09-22
1577390509,igNu,loot_vil,132,2961,2026-09-30
1577378847,Ramon123,loot_vil,133,2944,2026-09-22
1577496615,Tayron,loot_vil,134,2900,2026-09-18
1577391941,noveo,loot_vil,135,2898,2026-09-16
1577394820,Schwimmer,loot_vil,136,2860,2026-09-29
1577176262,Mantga,loot_vil,137,2860,2026-09-21
1576979580,Red John.,loot_vil,138,2840,2026-09-01
1577545164,Die Projektleitung,loot_vil,139,2809,2026-09-25
1577533943,KATA-Komben-MANN,loot_vil,140,2798,2026-09-17
1576298928,Lt.Ogad,loot_vil,141,2793,2026-09-22
1576204516,sKiLeRiX,loot_vil,142,2787,2026-10-01
9839014,Saltyy,loot_vil,143,2775,2026-10-01
1576039189,DerEisWolf,loot_vil,144,2765,2026-09-30
1577103914,the exxx,loot_vil,145,2745,2026-09-07
1265792,Esrobaldh,loot_vil,146,2719,2026-09-01
1577423646,ProgOn420,loot_vil,147,2714,2026-09-22
1577319091,Bayernbua,loot_vil,148,2712,2026-09-17
7811077,mayster,loot_vil,149,2667,2026-09-30
1577144624,Phonix11,loot_vil,150,2652,2026-09-07
1577487724,Ueli,loot_vil,151,2651,2026-09-01
1577122126,CriticaLType,loot_vil,152,2636,2026-09-11
9979507,Kailiminogue,loot_vil,153,2632,2026-09-30
9857437,Squirtle,loot_vil,154,2623,2026-08-30
1577537545,token,loot_vil,155,2622,2026-09-05
1577542923,HeinzSword,loot_vil,156,2592,2026-09-19
9846914,Sabretooth,loot_vil,157,2586,2026-09-29
1576479032,steinschlag,loot_vil,158,2566,2026-10-02
1577446326,hase123,loot_vil,159,2530,2026-09-17
1576435917,DörferRecyclingGmbH,loot_vil,160,2527,2026-09-29
8658681,Ernesto 1962,loot_vil,161,2520,2026-09-30
1577516880,Cortex,loot_vil,162,2459,2026-09-04
1577544578,FlyLikePeterPan,loot_vil,163,2453,2026-09-27
1577544971,Jcp1703,loot_vil,164,2441,2026-09-23
1577409283,trazz777,loot_vil,165,2440,2026-09-11
9490221,und alle so yeeow,loot_vil,166,2411,2026-09-15
1577124977,.wav,loot_vil,167,2408,2026-09-02
1577038440,KscFreak94,loot_vil,168,2396,2026-09-04
1576568862,Tru3 History,loot_vil,169,2382,2026-09-01
2692451,Lord Hurricane,loot_vil,170,2363,2026-09-05
1577545582,Der Rollige Rollmops,loot_vil,171,2356,2026-10-01
2217626,Sumono,loot_vil,172,2355,2026-09-06
1577524352,9191,loot_vil,173,2339,2026-09-21
1576105308,-SinCity,loot_vil,174,2300,2026-09-01
9261979,Joergi...,loot_vil,175,2299,2026-09-15
1576973896,Kreativ?,loot_vil,176,2271,2026-10-01
1575965709,Lord Alexis,loot_vil,177,2255,2026-09-29
8013865,timmäh14,loot_vil,178,2234,2026-09-06
1577349938,steelbreaker,loot_vil,179,2225,2026-09-01
1577507008,RaidBoi,loot_vil,180,2221,2026-10-03
9909262,auberer,loot_vil,181,2212,2026-09-17
1577330377,badenatsereloaded,loot_vil,182,2184,2026-09-10
3323662,SilverBig,loot_vil,183,2183,2026-08-31
1576807749,Kann nicht spielen,loot_vil,184,2171,2026-09-27
8963155,mietmann,loot_vil,185,2163,2026-09-29
1102568,mein papa,loot_vil,186,2161,2026-09-18
10094800,.exoticbanane,loot_vil,187,2152,2026-09-05
1577546851,bratgnu,loot_vil,188,2150,2026-09-30
1577545375,Kreuzritter14,loot_vil,189,2143,2026-09-29
1625880,Karl der Kaefer99,loot_vil,190,2109,2026-09-30
1576567337,Deffen ist ein Heiligtum,loot_vil,191,2105,2026-09-01
1577408647,alcnsun,loot_vil,192,2095,2026-09-14
1577501389,FriendlyFire,loot_vil,193,2067,2026-09-27
1577455662,MrOceanWeedMan,loot_vil,194,2049,2026-09-03
7690802,JCVD,loot_vil,195,2047,2026-08-30
8017853,maccamplay,loot_vil,196,2043,2026-10-01
1576794370,Siedler11,loot_vil,197,2040,2026-10-01
1577539207,Papamax,loot_vil,198,2032,2026-09-17
1577349437,schwarzerElch,loot_vil,199,2008,2026-09-26
1576338946,Fear The Beer,loot_vil,200,2005,2026-08-31
1577546661,W1T3H13N,loot_vil,201,1999,2026-10-03
1577178460,MEDITATION,loot_vil,202,1996,2026-09-21
1577414870,escaso,loot_vil,203,1985,2026-09-04
1577516019,Lord Black Lotus,loot_vil,204,1967,2026-09-28
1577187746,dmar1999,loot_vil,205,1953,2026-09-18
1577261773,kingelvis,loot_vil,206,1953,2026-09-03
9062610,odin heals ya,loot_vil,207,1929,2026-09-29
9930015,LadyMaria,loot_vil,208,1921,2026-10-03
1577238150,Julez123,loot_vil,209,1920,2026-09-19
2652136,Sandra34,loot_vil,210,1908,2026-09-24
1576859369,Candyplayz,loot_vil,211,1902,2026-09-02
1576430483,DruffisAmWerk,loot_vil,212,1899,2026-09-06
1577544962,firefighter3003,loot_vil,213,1894,2026-09-29
1577394158,ZanderLange,loot_vil,214,1864,2026-09-17
1577539265,xI3Tricksi,loot_vil,215,1863,2026-09-20
9920231,Fatecrasher,loot_vil,216,1858,2026-09-08
1577428254,Bestrafer,loot_vil,217,1852,2026-09-03
2231408,LaWitch,loot_vil,218,1850,2026-09-29
1576982986,Aiello,loot_vil,219,1849,2026-09-29
1577321823,VoltaJa,loot_vil,220,1836,2026-10-01
1576836244,Axel Nässe,loot_vil,221,1832,2026-09-19
8886769,Alkaline08,loot_vil,222,1817,2026-10-03
1577484886,Proxybasher17,loot_vil,223,1775,2026-09-08
1577498428,Ossi,loot_vil,224,1770,2026-09-18
295281,bay3rnt.ter04,loot_vil,225,1770,2026-09-05
1577153654,verrückte socke,loot_vil,226,1749,2026-09-09
1577170060,YugoBetrugo,loot_vil,227,1748,2026-09-14
1576773470,Gandalfmer2016,loot_vil,228,1740,2026-10-02
1576670683,Adlet Mayer,loot_vil,229,1738,2026-09-14
1576476752,Kotomi,loot_vil,230,1728,2026-10-03
591854,Budendropper,loot_vil,231,1727,2026-08-29
1577538659,Klobrille95,loot_vil,232,1724,2026-10-01
10094903,KingOfPirat Monkey,loot_vil,233,1717,2026-10-02
2322208,larsistdumm,loot_vil,234,1711,2026-10-02
1577536686,Der Mann namens LoL,loot_vil,235,1706,2026-10-03
9588126,chillavilla,loot_vil,236,1694,2026-10-03
1577515376,Kalash92,loot_vil,237,1682,2026-09-24
1576669855,King Pommes,loot_vil,238,1679,2026-09-02
1577507199,Tohuwabohuy,loot_vil,239,1679,2026-09-03
1577360773,Jopal 1950,loot_vil,240,1662,2026-09-26
1576984951,Lady angelique54,loot_vil,241,1643,2026-10-03
1577425434,patolszew,loot_vil,242,1643,2026-09-13
8832113,WolfiiM1,loot_vil,243,1642,2026-09-30
1577127281,Smeyer,loot_vil,244,1637,2026-09-24
1577419521,SplashiX,loot_vil,245,1633,2026-09-29
1577545516,Habibi Blocksberg,loot_vil,246,1632,2026-09-25
1577282858,gustav1101212,loot_vil,247,1629,2026-09-17
1577537359,Rukli,loot_vil,248,1622,2026-09-14
7734781,Miedi,loot_vil,249,1622,2026-10-02
9839137,DEAD EYES,loot_vil,250,1614,2026-09-07
310663,humululu,loot_vil,251,1612,2026-09-18
9869866,.Aufklärer,loot_vil,252,1603,2026-09-16
1577430570,SURASURASURA,loot_vil,253,1600,2026-08-30
8072994,susi.4u,loot_vil,254,1596,2026-09-30
1576130859,Faultierfarm,loot_vil,255,1594,2026-10-03
8740198,haida92,loot_vil,256,1592,2026-09-21
1819870,tod13,loot_vil,257,1586,2026-08-31
1577544702,Sculldragon,loot_vil,258,1579,2026-10-01
1577372786,Lamakai,loot_vil,259,1578,2026-09-11
9719422,DasWurstAuto,loot_vil,260,1569,2026-09-22
3468267,Papermaker,loot_vil,261,1567,2026-09-08
1577544614,VoltJore,loot_vil,262,1561,2026-09-20
9175201,Minionx3,loot_vil,263,1554,2026-09-27
1577425804,GunnaderKleine,loot_vil,264,1543,2026-09-20
1577452508,fokus,loot_vil,265,1533,2026-09-28
1577374526,utzi95,loot_vil,266,1532,2026-10-02
1577537933,Sir Rob,loot_vil,267,1527,2026-08-31
1576934650,-*ExIt*-,loot_vil,268,1511,2026-09-03
1577483302,Lordhaze,loot_vil,269,1510,2026-10-02
1065350,Die Sowältsche,loot_vil,270,1505,2026-10-03
1576890825,BarbossaxX,loot_vil,271,1485,2026-09-04
1576270672,xXCleptoXx,loot_vil,272,1481,2026-09-10
1576569073,Hofknecht,loot_vil,273,1480,2026-08-31
1577337039,TheOption,loot_vil,274,1478,2026-10-01
1577540951,neindochnein,loot_vil,275,1477,2026-09-13
1575943186,basti2411,loot_vil,276,1466,2026-09-05
1577498632,Sori9,loot_vil,277,1462,2026-09-02
1576567340,Sad but True,loot_vil,278,1455,2026-08-31
186056,El Cid 3001,loot_vil,279,1453,2026-09-28
1577265934,Jordend,loot_vil,280,1449,2026-09-27
1577536820,Holoback,loot_vil,281,1448,2026-09-29
1577489058,Master of Disaster,loot_vil,282,1443,2026-09-19
1577401100,SCJa,loot_vil,283,1432,2026-09-17
1576752667,xXLindeXx,loot_vil,284,1417,2026-09-30
1576434748,FAITH,loot_vil,285,1413,2026-09-09
1577527642,Niclas31,loot_vil,286,1405,2026-08-30
9319477,Schindi123,loot_vil,287,1399,2026-09-30
1577300851,Hölle,loot_vil,288,1399,2026-09-18
1577382414,DerZepter,loot_vil,289,1385,2026-10-01
3118288,Morglum,loot_vil,290,1375,2026-10-03
1577516660,Curion,loot_vil,291,1368,2026-09-06
1576997632,Sommerzeit,loot_vil,292,1367,2026-09-16
1577244614,Mysterygaming,loot_vil,293,1364,2026-08-31
2384888,tilgin,loot_vil,294,1361,2026-08-31
8837766,Egozentrisch,loot_vil,295,1358,2026-10-01
9768644,Thor3.0,loot_vil,296,1356,2026-09-15
1577382950,BenBeckmann,loot_vil,297,1350,2026-09-26
1576805224,Sir Orrin Snook,loot_vil,298,1335,2026-10-02
1974764,ajax der III,loot_vil,299,1328,2026-09-22
1577533683,Tons92,loot_vil,300,1326,2026-09-29
1577279914,Der Brächer,loot_vil,301,1323,2026-09-07
1576916341,Der Strolch,loot_vil,302,1321,2026-09-14
1577545645,Charlie Kirk,loot_vil,303,1307,2026-09-22
2607380,herkules 3,loot_vil,304,1294,2026-09-20
2613067,does this look infected?,loot_vil,305,1281,2026-10-01
9359584,KKatzuja,loot_vil,306,1280,2026-09-09
8004100,Whigger,loot_vil,307,1278,2026-10-01
1838107,Botuser,loot_vil,308,1273,2026-09-01
1577295752,KreuzSchwert,loot_vil,309,1271,2026-09-07
9621806,Curbii,loot_vil,310,1265,2026-09-19
836299,super big boss,loot_vil,311,1262,2026-09-19
1577184777,Marc2610,loot_vil,312,1261,2026-09-04
9789555,Propaganda.Panda,loot_vil,313,1257,2026-09-30
1577532848,Angst?,loot_vil,314,1245,2026-09-17
1575952891,GermanRebell93,loot_vil,315,1243,2026-09-15
8290526,isgimlie,loot_vil,316,1241,2026-10-03
1577545063,DoloresUmbridge,loot_vil,317,1241,2026-09-28
1577527523,Medico46,loot_vil,318,1237,2026-08-31
1577540940,ragnaxr,loot_vil,319,1234,2026-09-20
1576101656,Tanke,loot_vil,320,1234,2026-09-11
1577381890,tavvarri,loot_vil,321,1229,2026-08-31
1577498081,JellyMcBeal,loot_vil,322,1227,2026-09-06
1577460921,Ahzumjosh,loot_vil,323,1226,2026-09-22
1576377622,Earl Xande,loot_vil,324,1225,2026-09-04
428497,Keksfahrer,loot_vil,325,1224,2026-09-12
529923,turtscholu,loot_vil,326,1218,2026-09-11
1577498189,xBalla,loot_vil,327,1210,2026-09-29
1576494894,Robowabohu,loot_vil,328,1209,2026-09-02
1577495104,*Cain*,loot_vil,329,1198,2026-09-09
1577273952,Naca,loot_vil,330,1198,2026-09-27
1577545512,Noname327,loot_vil,331,1186,2026-10-01
1577522946,DickerZeh82,loot_vil,332,1186,2026-09-14
9442447,snowdruss,loot_vil,333,1180,2026-09-07
1577537896,Haggetsch,loot_vil,334,1180,2026-09-21
1577530583,No1theRock,loot_vil,335,1176,2026-09-07
971259,totward,loot_vil,336,1172,2026-09-20
1577499142,Lecter,loot_vil,337,1171,2026-09-15
1577529876,monkeydlesnik,loot_vil,338,1171,2026-09-29
677000,H3KTOR,loot_vil,339,1169,2026-08-31
10164353,der recher der 10,loot_vil,340,1168,2026-09-25
3094599,McOwen,loot_vil,341,1163,2026-09-22
1577525256,Twaan,loot_vil,342,1153,2026-09-05
1577511539,FaHaD,loot_vil,343,1153,2026-09-14
1577338402,Rubber Duck,loot_vil,344,1148,2026-09-25
1577496865,Badabuuk,loot_vil,345,1144,2026-09-17
1577542055,BigSlimDog,loot_vil,346,1140,2026-09-28
8161459,Spitzebubbi,loot_vil,347,1133,2026-09-25
1577531158,bluna90,loot_vil,348,1133,2026-09-29
1577346141,Kumpelblase,loot_vil,349,1131,2026-09-03
1577521913,Koska,loot_vil,350,1125,2026-09-24
9968576,ItzReAcH,loot_vil,351,1123,2026-09-11
1577207138,Hydraulikhammer,loot_vil,352,1116,2026-09-06
1577040263,Beer97,loot_vil,353,1114,2026-09-04
1577187211,August.iner,loot_vil,354,1113,2026-09-28
1577543305,TillyVanilly,loot_vil,355,1105,2026-09-28
1577516328,Necroshade,loot_vil,356,1102,2026-08-30
1577507188,???-007,loot_vil,357,1101,2026-09-25
704848,McSteinbrecher,loot_vil,358,1100,2026-09-29
1577544468,Boebchen,loot_vil,359,1091,2026-10-03
1576612841,Michiisback,loot_vil,360,1089,2026-10-01
1577069213,canrafet,loot_vil,361,1087,2026-09-17
1577429914,Powerklaus,loot_vil,362,1087,2026-09-30
1577383865,Y4miii,loot_vil,363,1085,2026-10-03
1577393697,CID13,loot_vil,364,1082,2026-09-28
9556597,Don Pascual,loot_vil,365,1082,2026-10-01
1577498626,Emil2025,loot_vil,366,1080,2026-09-27
1577539136,Trakyali59,loot_vil,367,1080,2026-09-22
1577375163,Steeelfire,loot_vil,368,1076,2026-09-02
1576049073,asimbivastos201,loot_vil,369,1075,2026-09-27
1577399890,Kattaklysmus,loot_vil,370,1070,2026-09-10
1576959764,Hallodri420,loot_vil,371,1065,2026-09-09
1577547522,rampage,loot_vil,372,1064,2026-09-30
1576450370,NoL1fer,loot_vil,373,1061,2026-10-03
9978487,sieben?,loot_vil,374,1060,2026-09-21
1577546557,Lord Loom,loot_vil,375,1059,2026-09-27
8304302,Ritter Alf 1,loot_vil,376,1055,2026-09-18
1639634,Wylaryzel,loot_vil,377,1054,2026-09-25
7704883,Thorongil II,loot_vil,378,1053,2026-09-09
1577535511,Britanniver,loot_vil,379,1052,2026-08-31
8234377,Mehringer75,loot_vil,380,1048,2026-09-03
8621050,sonnengottcup,loot_vil,381,1045,2026-09-11
9120425,Thymalus,loot_vil,382,1042,2026-09-04
1577544239,Ansatsu,loot_vil,383,1035,2026-10-01
1576891056,malte95,loot_vil,384,1029,2026-09-25
1576987613,rogergunner,loot_vil,385,1029,2026-09-03
10071988,Schalke1962,loot_vil,386,1028,2026-09-25
1577325138,Sir.Luke,loot_vil,387,1022,2026-09-04
1577261762,Lord Durango,loot_vil,388,1021,2026-09-17
1576937849,Irahatam,loot_vil,389,1017,2026-09-19
1577545616,okan400,loot_vil,390,1016,2026-10-02
8956688,TheGameNight,loot_vil,391,1012,2026-09-22
1577535670,Karezza,loot_vil,392,1011,2026-09-30
1577281597,Edga31,loot_vil,393,1005,2026-09-27
1577432431,Sourbit,loot_vil,394,1003,2026-09-18
1577415816,Titomiooo,loot_vil,395,999,2026-09-27
1577126109,Le Günni,loot_vil,396,996,2026-09-28
9082103,Pro7.,loot_vil,397,995,2026-10-03
1577394602,baamjeegg,loot_vil,398,989,2026-09-12
1577229327,Wutz,loot_vil,399,980,2026-09-13
1577286027,Robby431,loot_vil,400,979,2026-08-31
1577356305,aziiz mbs,loot_vil,401,978,2026-09-25
8169554,Voosi,loot_vil,402,976,2026-09-27
8463845,Seleucus,loot_vil,403,975,2026-09-20
1577426954,Rette1699,loot_vil,404,971,2026-09-24
1576626963,jonas27,loot_vil,405,970,2026-09-26
1577496036,Manfredini 92,loot_vil,406,967,2026-09-24
2425826,Striker222,loot_vil,407,964,2026-10-01
1577535454,Souvlaki,loot_vil,408,962,2026-09-23
1577538176,niulp,loot_vil,409,955,2026-09-29
1576671825,Music,loot_vil,410,954,2026-10-03
3172459,Rocky09,loot_vil,411,951,2026-09-24
1577350112,Hanni,loot_vil,412,949,2026-10-03
1576552912,Bauwagen,loot_vil,413,948,2026-10-01
8484618,Sir DJ der Große,loot_vil,414,947,2026-09-16
10026843,Hygrom der Hüne,loot_vil,415,939,2026-09-02
1577392316,Deathkill,loot_vil,416,935,2026-09-23
1576588036,RAUPE NIMMERSATT,loot_vil,417,934,2026-09-29
1577544184,FlyingPinkElephant,loot_vil,418,930,2026-09-14
608497,meluana,loot_vil,419,930,2026-09-23
9752057,Punni,loot_vil,420,927,2026-09-18
1576712413,Whitlock96,loot_vil,421,927,2026-10-01
1577103695,NimantFFM,loot_vil,422,923,2026-09-08
1576951073,Ignorance,loot_vil,423,920,2026-09-03
1576886887,r8killer98,loot_vil,424,919,2026-09-17
1577483451,Don Arno,loot_vil,425,908,2026-09-11
1576626206,Keks85,loot_vil,426,908,2026-09-09
9393737,xFameXx,loot_vil,427,907,2026-09-16
1791682,Eto1,loot_vil,428,906,2026-10-02
1577518710,Toni12,loot_vil,429,903,2026-09-26
1577545032,BallDeep,loot_vil,430,901,2026-10-03
1577486065,Lord Dudi,loot_vil,431,900,2026-09-28
1576640373,sgh2002,loot_vil,432,897,2026-10-02
1577070679,Goldrausch,loot_vil,433,896,2026-09-17
1577373047,Stewie,loot_vil,434,890,2026-09-29
1577345825,Caki95,loot_vil,435,890,2026-09-30
8954846,1000Volt,loot_vil,436,889,2026-09-12
1577539555,Tarina,loot_vil,437,888,2026-10-01
1329319,skipistensau,loot_vil,438,887,2026-09-18
8694621,*TruckerJack*,loot_vil,439,885,2026-09-27
1576605277,Cubee,loot_vil,440,885,2026-09-11
1577545430,Machmalauter,loot_vil,441,883,2026-09-18
2843385,back* to Home,loot_vil,442,883,2026-09-02
1577545852,Danji.,loot_vil,443,882,2026-10-02
9808690,Mc Basher,loot_vil,444,880,2026-10-03
1577405280,cLLy,loot_vil,445,880,2026-09-27
1577536415,Impohr,loot_vil,446,878,2026-09-28
1577527930,Lord Gorpheus,loot_vil,447,876,2026-09-13
9876086,almtraum,loot_vil,448,875,2026-09-13
1576752649,FakedPersonality,loot_vil,449,874,2026-09-07
1576654562,DreamTeamS,loot_vil,450,871,2026-09-06
1576716190,SAYCOS ACCOUNTANT,loot_vil,451,870,2026-09-19
1577036766,Solo Hunter,loot_vil,452,866,2026-10-01
1577371244,Satelles,loot_vil,453,863,2026-09-04
1576664222,Orri,loot_vil,454,863,2026-08-29
1577502357,Jessppaa,loot_vil,455,862,2026-09-25
10115869,tayeb,loot_vil,456,860,2026-09-08
1577487732,GönndalfderGraue,loot_vil,457,857,2026-09-09
1577285245,Taxus87,loot_vil,458,855,2026-08-31
1577274016,Henczy13,loot_vil,459,855,2026-09-27
1577327517,Illisto33,loot_vil,460,854,2026-09-26
3392934,Timmy das Schäfchen,loot_vil,461,852,2026-09-28
1577420961,soreal37,loot_vil,462,851,2026-10-02
8363828,lord fussl,loot_vil,463,847,2026-09-13
10120799,Dyannik,loot_vil,464,845,2026-09-15
1576425365,kk195,loot_vil,465,842,2026-09-14
1577238595,McAdil,loot_vil,466,841,2026-10-03
1577360510,reinerpapagei,loot_vil,467,840,2026-09-02
1576773690,BreakingDead,loot_vil,468,834,2026-09-29
1577527676,K1LL3RSCHN1TZ3L,loot_vil,469,832,2026-10-02
1576491732,NameIstPr0gramm,loot_vil,470,829,2026-09-18
1577411036,Königin.Manu,loot_vil,471,828,2026-09-13
1575859303,virus.exe,loot_vil,472,826,2026-10-02
10092563,Reisender,loot_vil,473,825,2026-10-03
1577268653,Maximus Decimus Meridius,loot_vil,474,825,2026-09-15
1577544896,FertBergauf,loot_vil,475,825,2026-10-02
1577269517,levent27,loot_vil,476,820,2026-09-15
3459464,Wangerooge,loot_vil,477,819,2026-09-24
1577335786,Kojle,loot_vil,478,816,2026-08-30
9557512,Schredder1996,loot_vil,479,812,2026-10-03
725995,dj shout,loot_vil,480,810,2026-09-16
10015247,noah 11.4.2001,loot_vil,481,807,2026-09-02
1577545515,Flederwisch,loot_vil,482,803,2026-09-21
1577439119,Lord Erik,loot_vil,483,803,2026-09-11
1576840311,PapaKuschelbär,loot_vil,484,801,2026-08-30
1576952981,Mahle,loot_vil,485,800,2026-09-21
1577533294,Coss1999,loot_vil,486,799,2026-09-04
1577513584,Finesse,loot_vil,487,799,2026-09-14
1577386979,Carsten Hoffmann,loot_vil,488,794,2026-09-17
1577536439,Real hendlhaxnrudi,loot_vil,489,787,2026-09-13
1577507267,-Tiges-,loot_vil,490,786,2026-09-09
2355753,dl3101,loot_vil,491,784,2026-09-25
8039582,Rafael22,loot_vil,492,784,2026-09-17
1577417226,strawa4,loot_vil,493,784,2026-09-12
1577532874,karlmeth,loot_vil,494,782,2026-09-13
1577509677,Blegie,loot_vil,495,781,2026-09-17
663711,Thoschi84,loot_vil,496,779,2026-08-30
1577214430,esy88,loot_vil,497,778,2026-09-07
8447777,Zoeba,loot_vil,498,775,2026-09-12
1577545824,DonRob,loot_vil,499,775,2026-09-28
1577506024,Gurarius,loot_vil,500,774,2026-09-24
1577102106,Ncohsl,loot_vil,501,766,2026-09-22
2948997,Hellsingx3,loot_vil,502,765,2026-09-18
2646418,Frostmonarch44,loot_vil,503,764,2026-09-18
1577153767,flinkman10,loot_vil,504,762,2026-09-16
1577438578,dedmaster56,loot_vil,505,762,2026-09-18
1577301029,Susanoo.,loot_vil,506,760,2026-09-14
1577169492,HummelS1,loot_vil,507,759,2026-09-24
1576620804,JonyQ7,loot_vil,508,759,2026-09-27
10187316,Champacho,loot_vil,509,757,2026-09-10
792488,mertcan75,loot_vil,510,754,2026-09-05
1577377089,Johnny86,loot_vil,511,752,2026-09-20
1577540200,BabaSultanHaci,loot_vil,512,750,2026-09-21
1577441405,McDiven,loot_vil,513,749,2026-09-09
1577323954,DieTommis,loot_vil,514,746,2026-09-30
7883310,Master Raller,loot_vil,515,744,2026-09-05
1577543469,Faebe,loot_vil,516,743,2026-09-22
7969496,HerrClaus,loot_vil,517,739,2026-10-01
1577247043,Lord MK,loot_vil,518,739,2026-09-29
1577536827,Grusskarte,loot_vil,519,739,2026-09-17
1577007420,Bananenwurst123,loot_vil,520,737,2026-08-31
8460835,d-s-d,loot_vil,521,736,2026-10-03
1577538819,thomystuttgart,loot_vil,522,735,2026-09-24
1577495835,Timo1901,loot_vil,523,734,2026-08-31
9394926,Ronald 12,loot_vil,524,733,2026-09-28
1291828,CommanderCain,loot_vil,525,732,2026-09-28
1577044518,El Amigo,loot_vil,526,731,2026-09-07
1577544022,didi17,loot_vil,527,731,2026-09-12
1577489060,Bouns,loot_vil,528,729,2026-09-30
9704671,roter chaot,loot_vil,529,729,2026-09-29
760440,Mevo,loot_vil,530,727,2026-09-01
1576984375,Leonidas2611,loot_vil,531,726,2026-09-24
1577495524,Echorule,loot_vil,532,723,2026-09-25
3266776,Jerremy198,loot_vil,533,723,2026-09-18
1577234964,WarLord--,loot_vil,534,720,2026-08-31
8213975,Loser84,loot_vil,535,714,2026-09-06
1576489492,ChillaDerBabo,loot_vil,536,713,2026-09-15
1577332558,Friese1967,loot_vil,537,713,2026-10-03
1577356042,jimmiwhopper,loot_vil,538,711,2026-09-17
1577428843,DuHeld,loot_vil,539,711,2026-09-24
1577540185,Vilgefortz von Roggeveen,loot_vil,540,708,2026-09-04
1684361,iain.james,loot_vil,541,705,2026-08-30
1577545007,krautfleischfut,loot_vil,542,704,2026-09-18
1577303793,VENOM,loot_vil,543,704,2026-09-26
8172660,Leonidas d.1,loot_vil,544,703,2026-09-26
1577530604,Tygerkrax,loot_vil,545,703,2026-09-01
1106388,lusser,loot_vil,546,702,2026-08-31
1576850414,Pat257,loot_vil,547,701,2026-09-19
1577418462,DoodleBob,loot_vil,548,701,2026-09-27
8953474,homiie xD,loot_vil,549,699,2026-09-03
1576769492,HorstdesJahres,loot_vil,550,698,2026-08-31
1577454074,Aragorn1,loot_vil,551,697,2026-10-03
1577443469,The Wizardone,loot_vil,552,697,2026-09-25
300370,Tom 1,loot_vil,553,697,2026-09-23
1576962665,DerNameIstProgramm,loot_vil,554,695,2026-09-14
1576574201,Mschr92,loot_vil,555,694,2026-09-13
1577547093,Dadalbertina2,loot_vil,556,694,2026-10-03
1577528915,OweoKEK,loot_vil,557,694,2026-09-27
3366443,winkmirzu,loot_vil,558,693,2026-09-07
1725309,9PRF,loot_vil,559,691,2026-09-29
1577539343,Aslan46,loot_vil,560,689,2026-10-03
1577537954,LordDarus,loot_vil,561,689,2026-10-02
9806406,PnCake,loot_vil,562,689,2026-09-17
1577355546,Gasst,loot_vil,563,686,2026-09-03
9808270,El Maze,loot_vil,564,686,2026-09-01
583857,Wolf 007,loot_vil,565,682,2026-09-19
3356538,-MaXiMuZ-,loot_vil,566,682,2026-09-12
1576638753,Reality93,loot_vil,567,682,2026-09-25
1577395527,MrFreeze,loot_vil,568,680,2026-09-25
1577543989,predisionz,loot_vil,569,680,2026-09-19
1577431811,Lexenny,loot_vil,570,680,2026-09-08
964842,streamline,loot_vil,571,679,2026-09-09
1577241033,Burton10,loot_vil,572,679,2026-09-26
142764,Thor49,loot_vil,573,677,2026-10-03
22718,hwei,loot_vil,574,676,2026-09-28
1577397456,Türsteher,loot_vil,575,675,2026-09-09
1577545466,PilotRuediger,loot_vil,576,673,2026-10-01
1577378572,Tizian,loot_vil,577,672,2026-09-24
287971,S4mson,loot_vil,578,670,2026-10-03
9941410,nameo,loot_vil,579,670,2026-09-04
8989395,*queenie*,loot_vil,580,665,2026-10-03
8247369,Golde Roger,loot_vil,581,663,2026-08-31
1576957795,Myco Max,loot_vil,582,661,2026-10-02
10039871,Paulosaso,loot_vil,583,661,2026-08-31
1576926761,-Dark Phoenix*,loot_vil,584,661,2026-09-30
1577545848,-Königsmacher-,loot_vil,585,660,2026-09-17
10187026,König shadowwolf,loot_vil,586,659,2026-09-07
946904,El Jugador Loco,loot_vil,587,658,2026-09-21
1577299842,Blackwing,loot_vil,588,657,2026-09-24
1576448982,Checker.j,loot_vil,589,657,2026-09-12
1577527465,Golatak,loot_vil,590,657,2026-10-03
9218699,-powerkid*,loot_vil,591,656,2026-09-02
1577293039,magnific0,loot_vil,592,655,2026-09-30
8134989,moemmy,loot_vil,593,654,2026-09-02
2288408,ein-locky,loot_vil,594,652,2026-09-14
1577522554,DoubleD,loot_vil,595,652,2026-09-21
1577466244,R0CKST4R,loot_vil,596,651,2026-10-02
1577536249,Unicornschissi,loot_vil,597,651,2026-10-01
1577179248,Legion of Boom,loot_vil,598,648,2026-09-28
1577532642,PontiusPenatus,loot_vil,599,646,2026-09-15
1216362,Kaldi,loot_vil,600,645,2026-09-26
1577538774,Predex,loot_vil,601,641,2026-09-13
1576686689,Stammsan,loot_vil,602,640,2026-10-03
1576776469,König Lord MaxiKing,loot_vil,603,639,2026-09-30
3072380,DarkSlide1994,loot_vil,604,638,2026-09-27
7880842,chaurus,loot_vil,605,637,2026-10-03
1577268024,max4496,loot_vil,606,637,2026-09-21
9275232,MARVINMARTIAN,loot_vil,607,635,2026-09-17
1577524608,Eddy61,loot_vil,608,635,2026-09-27
8819928,Der-Papst 1234,loot_vil,609,635,2026-08-29
9840269,mc477,loot_vil,610,633,2026-09-24
1577545263,8=====D,loot_vil,611,632,2026-10-03
1577460911,Martha Pfahl,loot_vil,612,630,2026-09-19
1369376,Faradir,loot_vil,613,627,2026-08-30
10236499,Alexxx19,loot_vil,614,626,2026-10-01
1576312757,redglavy,loot_vil,615,626,2026-09-17
1577539899,Vulture,loot_vil,616,624,2026-09-15
1577538820,Regina Gloser,loot_vil,617,622,2026-09-24
1577435805,Herzog Eisenherz,loot_vil,618,622,2026-09-27
1577519316,Hoodking,loot_vil,619,617,2026-08-31
1577499631,LordTorsti77,loot_vil,620,616,2026-09-03
1577546721,dedepogo,loot_vil,621,616,2026-10-03
1576425580,Secko3397,loot_vil,622,616,2026-09-28
1577505385,Saladin94,loot_vil,623,615,2026-09-28
1577489354,WhiteWalker,loot_vil,624,614,2026-09-18
787594,stiefel92,loot_vil,625,613,2026-09-25
1577393299,T288,loot_vil,626,612,2026-09-18
1577361961,TheSolutionNot,loot_vil,627,611,2026-10-03
9473037,Dimoret,loot_vil,628,610,2026-08-29
1577130926,mentos,loot_vil,629,610,2026-10-02
1577524921,Inaktiv,loot_vil,630,609,2026-09-27
1577096875,Delgando,loot_vil,631,607,2026-09-06
1577520959,Finschi666,loot_vil,632,607,2026-09-01
1576449100,PikAssSticht,loot_vil,633,605,2026-09-24
1577526754,thekingwolf,loot_vil,634,605,2026-10-02
1577520900,Linus v. Pelt TV,loot_vil,635,604,2026-09-26
1577545862,Bjartss,loot_vil,636,600,2026-09-17
9398196,kantega xc,loot_vil,637,599,2026-09-12
2375326,olliwilli,loot_vil,638,599,2026-09-06
1577178575,F3npost,loot_vil,639,597,2026-09-12
1577546842,rex-551,loot_vil,640,597,2026-10-03
1100582,Kowest,loot_vil,641,597,2026-09-08
1577396088,Kingsgedings,loot_vil,642,593,2026-09-12
1576970765,Der Ringgeneral,loot_vil,643,593,2026-09-20
1577541748,Nordwolf77,loot_vil,644,593,2026-09-08
1577499456,VonHinten,loot_vil,645,592,2026-09-21
1577545217,Zwoogel,loot_vil,646,590,2026-09-28
1577181321,Nolay,loot_vil,647,589,2026-09-07
681019,KingGerman88,loot_vil,648,589,2026-09-23
1577350386,FightingFarmer,loot_vil,649,588,2026-09-13
1577124570,Powder,loot_vil,650,588,2026-09-11
9182638,Mr. SmartGuy,loot_vil,651,587,2026-09-27
1577546127,ChatgptOnCrack,loot_vil,652,587,2026-10-03
1577406964,Der Kran94,loot_vil,653,587,2026-09-13
1577322633,Graf Kuckucksberg,loot_vil,654,586,2026-10-02
7936026,Billardspieler,loot_vil,655,584,2026-10-02
8455208,Yvicus,loot_vil,656,582,2026-10-03
1130518,LS1992,loot_vil,657,582,2026-09-18
1577425938,andi33,loot_vil,658,580,2026-10-03
1577524292,Vhementnine,loot_vil,659,580,2026-09-28
9845211,dakilla1994,loot_vil,660,579,2026-09-22
1577400372,yebnako,loot_vil,661,579,2026-09-04
1577539358,Andi-Pukki-1904,loot_vil,662,578,2026-09-18
1576781253,badgirl666,loot_vil,663,577,2026-10-01
1577378174,Edelsaphir,loot_vil,664,576,2026-09-06
1577546246,Denooo3,loot_vil,665,576,2026-09-19
8931073,alfredo17,loot_vil,666,574,2026-09-26
1577284675,pogi,loot_vil,667,572,2026-09-01
1577544569,DieWaldfee,loot_vil,668,572,2026-10-01
8524758,L.C.Macer,loot_vil,669,572,2026-08-30
1577546617,CyberRevolter,loot_vil,670,571,2026-10-03
1577413883,afk?,loot_vil,671,571,2026-09-11
1577326173,HIFYM,loot_vil,672,570,2026-10-02
1577401309,Thomas die Kattaloktive,loot_vil,673,570,2026-09-12
1576982294,Jamall Plan,loot_vil,674,569,2026-09-04
1577540888,chitukko,loot_vil,675,566,2026-09-07
1576842103,KecReloaded,loot_vil,676,565,2026-09-07
1577504193,Adur86,loot_vil,677,564,2026-09-11
1577546204,Schranktür,loot_vil,678,562,2026-10-03
2969224,soulmaster666,loot_vil,679,560,2026-09-22
1577354511,Thormas,loot_vil,680,560,2026-09-05
1577073353,Alkerus,loot_vil,681,557,2026-09-13
1577181969,Maximus22,loot_vil,682,555,2026-08-31
1577148092,Etstargamer,loot_vil,683,553,2026-09-19
1577527713,Honoritan,loot_vil,684,553,2026-09-27
1577416318,Noe99,loot_vil,685,553,2026-09-11
1577517772,Chrysanthem,loot_vil,686,552,2026-09-09
1577513088,Maurelius,loot_vil,687,552,2026-10-01
10043516,Kratos der Mächtige,loot_vil,688,551,2026-10-02
9098317,00-THOR-00,loot_vil,689,548,2026-10-02
1461885,Lord Balardir,loot_vil,690,548,2026-09-30
1577060944,Alpalmeras,loot_vil,691,548,2026-09-24
7693690,Giganto 1506,loot_vil,692,547,2026-08-29
1577545753,xXxBANDITxXx,loot_vil,693,546,2026-10-01
1577443567,SilverHuepfels,loot_vil,694,546,2026-09-17
3096060,-Focke-,loot_vil,695,545,2026-09-12
8325022,Unicornlasagne,loot_vil,696,545,2026-09-12
515333,FeelingFree,loot_vil,697,545,2026-09-01
2110165,sir franzl,loot_vil,698,544,2026-10-03
1577368361,BoBauer,loot_vil,699,540,2026-09-28
1577546695,MettEagle,loot_vil,700,540,2026-10-03
106967,Terence Hill,loot_vil,701,540,2026-09-15
1577381872,usumon,loot_vil,702,539,2026-09-27
1576900092,xSmoke,loot_vil,703,539,2026-09-02
1577545963,ExTaSy,loot_vil,704,538,2026-10-01
8024461,seilram01,loot_vil,705,537,2026-10-01
1577543403,Chesany,loot_vil,706,535,2026-09-11
1577505719,Nuarop,loot_vil,707,535,2026-09-25
1577289243,DogDog,loot_vil,708,534,2026-09-10
1577001333,sanders711,loot_vil,709,534,2026-09-23
1577358840,Klassenkasper,loot_vil,710,532,2026-08-30
1306780,Klabautermann4444,loot_vil,711,528,2026-09-27
1577399767,Flusskadaver,loot_vil,712,525,2026-08-30
1577147190,IchLerneDeutsch,loot_vil,713,525,2026-09-24
2833750,D0me10,loot_vil,714,525,2026-10-03
1006884,Skyhammer,loot_vil,715,525,2026-09-14
1577123694,Salaran,loot_vil,716,523,2026-10-03
1577484370,SaschaRS,loot_vil,717,522,2026-09-02
1577546143,Sebi.81,loot_vil,718,520,2026-09-28
1743119,derborch,loot_vil,719,520,2026-09-27
1577413711,YAWAY,loot_vil,720,520,2026-09-13
1577537944,Sir Thilotz,loot_vil,721,519,2026-10-02
2100127,SkullFull,loot_vil,722,519,2026-09-15
1577526552,Pug c. D.,loot_vil,723,518,2026-10-03
1576694135,raschii,loot_vil,724,517,2026-09-07
1576686856,Peberes,loot_vil,725,517,2026-10-01
1577185326,ordupower696,loot_vil,726,517,2026-09-28
1577074612,Tevion87,loot_vil,727,517,2026-09-04
1577539900,Jackal1,loot_vil,728,517,2026-09-22
10241010,Mr.Raiden,loot_vil,729,516,2026-09-24
1577420941,Jukkapekka,loot_vil,730,516,2026-10-02
1577536212,Klose21,loot_vil,731,515,2026-09-28
1577521254,Pete Owermann,loot_vil,732,515,2026-09-11
1576779551,LeviSword,loot_vil,733,513,2026-09-13
1577545071,Fordring,loot_vil,734,513,2026-10-02
1577423724,Beldaran64,loot_vil,735,513,2026-10-03
1576268464,Chaos1999,loot_vil,736,510,2026-09-23
1577486818,General Lambo,loot_vil,737,508,2026-10-02
9643314,.Gulaschkanonier.,loot_vil,738,508,2026-08-31
1577348621,Motivas,loot_vil,739,507,2026-09-19
9642632,Micha041,loot_vil,740,507,2026-09-06
1577106833,Nedoh,loot_vil,741,507,2026-09-20
552642,fuzzy1710,loot_vil,742,506,2026-09-20
1594795,Soldat Kreei,loot_vil,743,505,2026-09-15
1577540871,Clemrock,loot_vil,744,505,2026-08-30
1928966,svandy,loot_vil,745,502,2026-09-26
10241344,Teutobald,loot_vil,746,499,2026-09-29
9980885,highpure,loot_vil,747,497,2026-09-17
1576209926,Iwan13,loot_vil,748,496,2026-09-27
2976313,xxxoplanerxxx,loot_vil,749,495,2026-10-03
1577199800,BurningsStyle,loot_vil,750,494,2026-08-30
1576873674,GTSN,loot_vil,751,494,2026-10-03
9353209,deffonly-,loot_vil,752,494,2026-09-04
1577547037,1er1,loot_vil,753,494,2026-10-03
7964298,paolo2310,loot_vil,754,493,2026-09-30
1577246283,Aran,loot_vil,755,492,2026-09-13
1577527103,Aylla,loot_vil,756,492,2026-09-16
1576119142,BRB Apollo,loot_vil,757,492,2026-09-19
1577496178,Nuyken,loot_vil,758,490,2026-09-20
1577288976,baba007,loot_vil,759,489,2026-09-06
1577334751,StöckterJung,loot_vil,760,489,2026-09-12
1576794601,Drazkiev,loot_vil,761,487,2026-09-19
10024612,Edduard Stark,loot_vil,762,487,2026-10-03
1577136480,davevid96,loot_vil,763,486,2026-10-03
940772,Jawion,loot_vil,764,483,2026-09-26
1577449949,Der Spiegel,loot_vil,765,482,2026-09-13
1576659949,STW13,loot_vil,766,481,2026-09-22
2342017,Hanftiger,loot_vil,767,481,2026-09-17
9864953,schlachten,loot_vil,768,480,2026-09-10
1577016743,Lord Symetic,loot_vil,769,480,2026-09-28
1577493796,Justmelix,loot_vil,770,479,2026-09-09
9491819,Luk7506,loot_vil,771,479,2026-09-21
1576756867,hias88,loot_vil,772,479,2026-09-25
1577541782,Kraxler91,loot_vil,773,478,2026-09-21
2626221,Mc Richi,loot_vil,774,478,2026-09-07
1577500021,NafpaktosTheGreat,loot_vil,775,478,2026-09-29
1577397622,DonQuillus,loot_vil,776,477,2026-09-27
1577136190,lebo,loot_vil,777,477,2026-09-29
1577541787,Dunkelhirsch,loot_vil,778,476,2026-09-21
1577032159,Tevares,loot_vil,779,476,2026-10-03
1577508795,Ffmskater,loot_vil,780,475,2026-09-20
1577546883,Mittelaltergangster,loot_vil,781,474,2026-09-29
1577495543,Darkdeniz,loot_vil,782,473,2026-09-01
1576560410,KesselSepp1234,loot_vil,783,473,2026-09-02
1575927180,Lord Fi,loot_vil,784,471,2026-09-28
1577515530,PoNasaran,loot_vil,785,471,2026-08-29
1577490480,RedBurnA,loot_vil,786,469,2026-08-31
9832876,Black Gecko,loot_vil,787,468,2026-10-03
7598683,thecrow09,loot_vil,788,466,2026-10-03
1577444909,Coconut,loot_vil,789,465,2026-09-30
1577504050,Hanswurst2025,loot_vil,790,465,2026-09-05
1577384735,El Don Bilbo,loot_vil,791,464,2026-09-02
1577545933,Pedeldi36,loot_vil,792,464,2026-09-26
1576824164,Tankstar,loot_vil,793,463,2026-10-02
1576848036,SteamerZ,loot_vil,794,461,2026-09-04
1577543181,Dassautoo,loot_vil,795,461,2026-09-02
1575987740,LouiFCH,loot_vil,796,459,2026-09-14
1577274339,GxSturmi,loot_vil,797,459,2026-09-26
1577417601,Lord Juli77,loot_vil,798,459,2026-09-09
1576455968,König raupe,loot_vil,799,458,2026-09-18
1577897,Bedienner,loot_vil,800,457,2026-09-28
1576596873,FcIngolstadt04,loot_vil,801,456,2026-09-22
1577546109,corap1987,loot_vil,802,456,2026-10-03
9941603,Annique,loot_vil,803,455,2026-09-27
1577413927,Mattl Gande,loot_vil,804,455,2026-09-20
7707065,Da Julien,loot_vil,805,453,2026-09-22
1577305909,zuckerhut,loot_vil,806,453,2026-09-19
1577544145,Heinz Loidlbauer,loot_vil,807,452,2026-09-07
1577004926,derstb,loot_vil,808,452,2026-08-31
1577545670,DonOgewe,loot_vil,809,451,2026-09-20
1041015,Loopy,loot_vil,810,449,2026-09-22
1576826421,Carper,loot_vil,811,449,2026-09-02
9422184,Emit187,loot_vil,812,449,2026-10-03
1577545816,MicWan,loot_vil,813,447,2026-09-30
1577368977,Cardiba,loot_vil,814,446,2026-09-16
1576303850,ILvy,loot_vil,815,446,2026-09-06
1576431758,Seaghda,loot_vil,816,445,2026-10-01
1577516685,Vanillas,loot_vil,817,445,2026-09-08
1577405165,manu3114,loot_vil,818,445,2026-09-10
2746540,König Astra,loot_vil,819,443,2026-09-30
1576720012,Surfi,loot_vil,820,443,2026-09-22
9345564,Kaffeefilterfallenlasser,loot_vil,821,440,2026-09-14
1577452308,Braunglasrakete,loot_vil,822,438,2026-08-31
1577533990,Homy42,loot_vil,823,438,2026-09-04
1577048182,valteax,loot_vil,824,437,2026-09-21
1577433790,ole308,loot_vil,825,437,2026-10-02
119382,rambow,loot_vil,826,437,2026-09-10
1577300215,shell87,loot_vil,827,435,2026-10-02
1577546577,exlucker,loot_vil,828,433,2026-09-26
1577545267,Nucle4r,loot_vil,829,432,2026-10-03
1577543745,Jeje92x,loot_vil,830,432,2026-09-30
1577334704,senpaiego,loot_vil,831,432,2026-09-08
1576533606,Konan3,loot_vil,832,432,2026-09-17
1577390985,Plumperquatsch,loot_vil,833,431,2026-09-21
1577014421,RealBigT,loot_vil,834,430,2026-08-31
7742857,djemre1991,loot_vil,835,429,2026-09-16
1577427206,OldSqul,loot_vil,836,429,2026-10-02
8269463,Freckled,loot_vil,837,428,2026-09-25
1577513099,TeeJay76,loot_vil,838,428,2026-10-03
1577277673,Saracee,loot_vil,839,427,2026-09-16
1576055242,Lord Martin 1.,loot_vil,840,423,2026-09-01
1536512,Trikon,loot_vil,841,423,2026-09-23
1577427741,Marco1953,loot_vil,842,423,2026-09-28
2962805,Maximusd,loot_vil,843,422,2026-09-30
1061536,King Yannik,loot_vil,844,421,2026-10-03
1720464,Lady Angelica,loot_vil,845,421,2026-09-27
1503822,Dorfguru,loot_vil,846,421,2026-09-28
190628,MasterIllidan,loot_vil,847,420,2026-08-28
262227,Charlie,loot_vil,848,420,2026-10-01
1577537548,Rattenfänger666,loot_vil,849,420,2026-09-01
1577508796,Fritz-Kola,loot_vil,850,420,2026-10-03
9749238,Dalldorf,loot_vil,851,418,2026-09-20
8971236,Hoerbi1955,loot_vil,852,416,2026-09-08
1576409112,Looki,loot_vil,853,416,2026-09-02
1576632270,Ettenfreak,loot_vil,854,415,2026-10-03
2682450,Shuuhei,loot_vil,855,413,2026-09-10
1577447669,Berglöwe,loot_vil,856,410,2026-09-04
1577455538,Der Terror,loot_vil,857,409,2026-09-06
1577102640,Hooligan777,loot_vil,858,408,2026-09-05
1577546995,dasmuellerlein,loot_vil,859,405,2026-10-01
1577231003,SchoggiPanzer,loot_vil,860,405,2026-08-31
1577511190,IngLuHe,loot_vil,861,405,2026-10-03
1577077787,Kinorushi12,loot_vil,862,403,2026-10-01
64657,Sir Fitz Oblong,loot_vil,863,403,2026-09-26
1577545123,claasically,loot_vil,864,403,2026-09-20
1577237718,Hanspeter91,loot_vil,865,403,2026-09-19
3039070,MattCity,loot_vil,866,402,2026-09-04
1577311879,Loxuri,loot_vil,867,402,2026-10-02
1577504455,SisiB,loot_vil,868,402,2026-09-14
3327844,Jin Woo,loot_vil,869,400,2026-09-05
1577390344,Bronkalonka,loot_vil,870,399,2026-09-01
1577540647,DonObg,loot_vil,871,399,2026-09-20
8502900,AlexanderDerDicke,loot_vil,872,399,2026-09-30
1577484423,meli30,loot_vil,873,398,2026-09-11
1577162139,Prinz Ziegel,loot_vil,874,398,2026-10-03
1577456184,Willenlos,loot_vil,875,398,2026-09-24
10152802,perle0815,loot_vil,876,398,2026-09-20
1577252481,milchschnitte55,loot_vil,877,398,2026-09-14
1577487190,Bosstradamus,loot_vil,878,397,2026-09-03
1577218445,frit,loot_vil,879,396,2026-09-27
9636145,FloCommander,loot_vil,880,395,2026-09-12
10034424,Khazadl,loot_vil,881,395,2026-09-17
383773,Timo der 1.,loot_vil,882,394,2026-09-30
1577356387,Lord Fulltime,loot_vil,883,393,2026-09-15
9695732,*AlxX*,loot_vil,884,392,2026-10-03
9563463,W53-,loot_vil,885,390,2026-09-18
9933325,SchobiX,loot_vil,886,390,2026-10-02
1577536800,TajoZ,loot_vil,887,389,2026-10-02
1577102842,pdots2,loot_vil,888,389,2026-09-03
60462,framichel,loot_vil,889,388,2026-09-25
1576176852,Graf Fürstenberg,loot_vil,890,387,2026-09-22
9971029,Herr der Flocken,loot_vil,891,385,2026-09-08
1576826979,König Shimo,loot_vil,892,384,2026-10-03
1576487399,Marcaner,loot_vil,893,383,2026-09-22
1577537512,Zempu1,loot_vil,894,383,2026-10-03
7721275,shigamini,loot_vil,895,383,2026-09-29
1577546434,Problematique,loot_vil,896,382,2026-09-28
1577440310,Magnetic,loot_vil,897,381,2026-10-02
1576473280,austria01,loot_vil,898,380,2026-09-19
1577405169,Laaaaaaaars,loot_vil,899,380,2026-09-10
1577538943,busy,loot_vil,900,379,2026-10-02
1577537918,Swtlemon,loot_vil,901,379,2026-09-05
1577530371,0190er,loot_vil,902,379,2026-09-24
1577516729,Sveriner,loot_vil,903,379,2026-09-27
1576787615,Ernte Helfer,loot_vil,904,378,2026-09-07
8832891,likous,loot_vil,905,378,2026-09-19
1577516846,König Peace and Love,loot_vil,906,377,2026-09-30
1577493803,Tired Monk,loot_vil,907,375,2026-09-09
9971170,Trojan135,loot_vil,908,375,2026-09-17
1576603248,R4dic01,loot_vil,909,375,2026-09-21
9185120,Ritter 2052,loot_vil,910,373,2026-09-18
1577515846,KAANISTAN,loot_vil,911,373,2026-09-22
1577540090,matze24,loot_vil,912,372,2026-09-19
1576274298,Chnuddelbärli,loot_vil,913,371,2026-10-03
1577543755,Biervernichter,loot_vil,914,371,2026-09-11
1576391853,martinbigus,loot_vil,915,369,2026-10-01
1576347194,Oberstleutnant,loot_vil,916,369,2026-09-20
8812458,U.M.B.R.E.L.L.A,loot_vil,917,369,2026-09-10
1577547426,InsuranceMan,loot_vil,918,368,2026-10-02
7904967,East India Company,loot_vil,919,368,2026-09-28
7966515,earthworm,loot_vil,920,367,2026-10-02
1576439886,Ktownboy,loot_vil,921,367,2026-09-10
10268214,Blumenhüter,loot_vil,922,366,2026-09-16
10059567,.-Bountyhunter-.,loot_vil,923,365,2026-09-23
1577544412,rocco-siffredi-69,loot_vil,924,364,2026-10-03
8096103,MasterofPeace,loot_vil,925,363,2026-09-29
8253419,ToTo0O0oT,loot_vil,926,363,2026-09-10
1577536815,kp1993,loot_vil,927,363,2026-09-16
9888571,kleibi88,loot_vil,928,362,2026-09-27
1577396007,Waldai,loot_vil,929,361,2026-09-27
1577543512,Georgy96x,loot_vil,930,360,2026-09-30
1577545088,Long Dong,loot_vil,931,359,2026-09-28
1577444111,Playaaa2509,loot_vil,932,359,2026-09-05
1576380128,Adler17,loot_vil,933,358,2026-09-06
1577159811,dbecks,loot_vil,934,358,2026-10-02
1577218222,Don 767,loot_vil,935,358,2026-09-21
10075493,Lord Ramgni,loot_vil,936,356,2026-09-08
1577446804,Stammdre,loot_vil,937,356,2026-09-12
9140273,Koksi T,loot_vil,938,355,2026-09-30
1577539363,Happy horse,loot_vil,939,355,2026-09-24
9966,GERD,loot_vil,940,353,2026-09-24
1577285439,lordskinny,loot_vil,941,353,2026-09-29
1577543396,Herrin.Lilith,loot_vil,942,353,2026-09-18
1577526045,RixeBike,loot_vil,943,353,2026-09-08
1577383380,Gewaechs,loot_vil,944,352,2026-09-23
454627,tzZe,loot_vil,945,352,2026-09-10
1576656195,BinNichtDu,loot_vil,946,351,2026-09-04
1576703850,Mischkoh,loot_vil,947,349,2026-09-21
9269369,NicoELreY,loot_vil,948,348,2026-09-14
1577542229,matthisc,loot_vil,949,348,2026-09-04
1577339237,W1ll1,loot_vil,950,348,2026-09-22
1577268661,Shivato,loot_vil,951,347,2026-09-27
9055044,Pokalsieger 1974,loot_vil,952,347,2026-10-02
1576515268,kalio1993,loot_vil,953,347,2026-09-27
1577546149,NightShadow91,loot_vil,954,344,2026-09-27
1577021648,Serco1461,loot_vil,955,343,2026-09-29
1577353891,Der Wüstenfuchs,loot_vil,956,342,2026-09-05
194641,DarkRider 1,loot_vil,957,341,2026-09-20
3085077,Thondor,loot_vil,958,340,2026-09-30
1577544904,FreundlicherNachbar,loot_vil,959,340,2026-09-23
1577538292,wuppitaler,loot_vil,960,339,2026-10-02
2214565,nomellis,loot_vil,961,339,2026-08-30
1576985771,Darkman63,loot_vil,962,338,2026-09-25
8370596,aL3xEy,loot_vil,963,338,2026-08-30
1577546240,Sepp187,loot_vil,964,338,2026-09-30
1577278764,PId1577278764,loot_vil,965,337,2026-09-19
9135298,unknown-dead,loot_vil,966,337,2026-09-14
1577530682,Battham,loot_vil,967,337,2026-09-23
9980097,SimpleDesign,loot_vil,968,336,2026-09-11
1577382288,DishonorOnYou,loot_vil,969,335,2026-09-25
9153025,Mask.,loot_vil,970,335,2026-09-22
1577539294,DasSchweigenDerPenner,loot_vil,971,335,2026-09-27
1577537630,KatapultVerleihOst,loot_vil,972,334,2026-09-03
1577121930,iq100,loot_vil,973,334,2026-09-04
9277021,Little Pietro,loot_vil,974,333,2026-09-17
1577489446,flo2911,loot_vil,975,331,2026-09-21
1577486344,NixPeinliches,loot_vil,976,331,2026-09-27
1577442898,Luder,loot_vil,977,331,2026-08-31
1577262490,Schiri,loot_vil,978,330,2026-09-16
1577416552,DerJanVernichter,loot_vil,979,330,2026-09-04
1743772,Squall58,loot_vil,980,329,2026-10-03
9773638,otto67,loot_vil,981,327,2026-09-22
1854435,xx bjoern xx,loot_vil,982,327,2026-09-29
1577423468,Heros,loot_vil,983,327,2026-08-30
1577512098,Brujita,loot_vil,984,327,2026-09-13
1577398275,pfeffnee,loot_vil,985,326,2026-08-31
1577545863,dummschiss,loot_vil,986,323,2026-09-18
1577545417,MAlix1234,loot_vil,987,323,2026-09-13
1577542357,Gabba.Gandalf,loot_vil,988,323,2026-10-01
1295499,Juwen,loot_vil,989,322,2026-09-05
9875797,Edrock,loot_vil,990,321,2026-09-20
9189327,pompejus magnus,loot_vil,991,320,2026-09-27
1577348705,Intoleranz,loot_vil,992,319,2026-10-03
1577545494,kubilay6347,loot_vil,993,319,2026-09-29
1577535657,nXace,loot_vil,994,318,2026-09-03
1577027732,schulli1,loot_vil,995,318,2026-10-01
1577321274,Weedmaster,loot_vil,996,318,2026-09-25
1576717992,Michaela2002,loot_vil,997,318,2026-08-31
1577278987,Streussel88,loot_vil,998,317,2026-08-31
1577544193,dersAcul,loot_vil,999,317,2026-09-07
1577533438,Der Krabbenpuler,loot_vil,1000,317,2026-09-27
1577428950,MaNA,loot_vil,1001,317,2026-09-29
10260447,xX-TheExecutioner-Xx,loot_vil,1002,316,2026-10-03
1577545604,ci61,loot_vil,1003,316,2026-09-29
1576223442,Wirkstoff? Fehlanzeige,loot_vil,1004,316,2026-09-29
1576822556,pittiplatt,loot_vil,1005,316,2026-10-02
8993660,iremage,loot_vil,1006,315,2026-09-12
1577542011,Erbsensammler,loot_vil,1007,314,2026-08-30
10292087,EsTeR1364,loot_vil,1008,313,2026-08-31
1577344654,Erebird,loot_vil,1009,313,2026-09-27
3382442,Meisterwerk,loot_vil,1010,312,2026-09-16
1577279869,Schattenhofer,loot_vil,1011,311,2026-09-16
1576776027,Bierchen812,loot_vil,1012,311,2026-09-03
1577295965,SepplSoldier,loot_vil,1013,310,2026-09-13
1577416330,Alles Döner,loot_vil,1014,310,2026-09-10
1577496330,Wuupii,loot_vil,1015,308,2026-09-01
1577538051,D34THPURG3,loot_vil,1016,308,2026-09-16
1577545295,Haezo,loot_vil,1017,307,2026-09-19
1577244359,Crychotik,loot_vil,1018,306,2026-09-07
1577107114,Fnutsch,loot_vil,1019,306,2026-09-03
1375412,ulrich-ag,loot_vil,1020,304,2026-09-16
9552667,Skriptlos,loot_vil,1021,304,2026-09-12
106569,Red_Ice_Dragon,loot_vil,1022,302,2026-09-05
1577301110,niggesPP,loot_vil,1023,302,2026-09-23
1577297044,Das Sternchen,loot_vil,1024,301,2026-09-07
1577377152,JmsHard,loot_vil,1025,301,2026-10-03
1577546519,bl4ck0o,loot_vil,1026,301,2026-09-27
1577431695,Febi86,loot_vil,1027,300,2026-10-03
1577182446,mike 96,loot_vil,1028,299,2026-09-05
1577425873,Loom,loot_vil,1029,299,2026-10-03
1576514735,Lord Bertus,loot_vil,1030,299,2026-09-09
1577496416,Timo35,loot_vil,1031,298,2026-09-26
1976241,Fusssballer,loot_vil,1032,298,2026-09-26
1577526811,infinety,loot_vil,1033,298,2026-09-28
1577504855,KleinerKobolt,loot_vil,1034,298,2026-09-05
9099524,Monarchs87,loot_vil,1035,297,2026-09-27
1577460551,Ethold,loot_vil,1036,297,2026-09-18
1577519927,Devel,loot_vil,1037,297,2026-10-02
1577512782,Weedfluencer,loot_vil,1038,297,2026-09-30
9107720,Moja23,loot_vil,1039,297,2026-09-26
1577465246,NachbarsLumpi,loot_vil,1040,296,2026-09-25
1577490916,Vonvoid,loot_vil,1041,295,2026-09-14
1577546215,dibabb,loot_vil,1042,295,2026-09-23
1577538279,Chargleit,loot_vil,1043,295,2026-09-20
10135618,Alcandia,loot_vil,1044,295,2026-09-15
1577504788,Senzea,loot_vil,1045,295,2026-09-15
1577365986,zztop,loot_vil,1046,294,2026-09-29
2962689,DonDingDong,loot_vil,1047,294,2026-09-17
2351874,Raaawrr,loot_vil,1048,294,2026-10-02
1576440292,kuglet,loot_vil,1049,294,2026-09-14
1577542025,morethanafabi,loot_vil,1050,293,2026-09-15
1577523637,Kuebi,loot_vil,1051,293,2026-09-18
9471881,Bloodanabolic,loot_vil,1052,292,2026-09-26
1577462233,Shrike,loot_vil,1053,292,2026-09-18
1577009392,Franz Zeckenbauer,loot_vil,1054,292,2026-09-16
1577486006,InSlumber,loot_vil,1055,290,2026-09-04
1577547624,Expecto Patronum,loot_vil,1056,290,2026-10-03
1577538934,ChrisBozz,loot_vil,1057,289,2026-09-03
9523859,Shisuii,loot_vil,1058,289,2026-09-08
1576183154,Halleiner König,loot_vil,1059,288,2026-09-26
1577279438,Zaros,loot_vil,1060,288,2026-09-30
1577518944,v1tr0x,loot_vil,1061,288,2026-09-27
2460140,Lukso,loot_vil,1062,287,2026-09-22
1576272155,Yavila,loot_vil,1063,286,2026-09-01
1576786657,König Frei.Wild,loot_vil,1064,285,2026-10-01
9864904,Schwergewicht,loot_vil,1065,285,2026-09-18
1577531385,Wuja,loot_vil,1066,285,2026-09-10
1577545692,Prototypone,loot_vil,1067,283,2026-09-21
7730087,cody99,loot_vil,1068,283,2026-08-30
1577392662,Ondiris,loot_vil,1069,282,2026-09-23
1577278803,xBauarbeiter-,loot_vil,1070,282,2026-08-30
7760377,Nymph,loot_vil,1071,282,2026-10-03
3246288,teucek,loot_vil,1072,282,2026-09-12
1577544299,Jilash,loot_vil,1073,282,2026-09-30
1577421767,Codi42,loot_vil,1074,282,2026-09-12
1577506598,kAder1337,loot_vil,1075,281,2026-09-15
1576280685,Whitenose,loot_vil,1076,279,2026-09-19
1577365184,Heey,loot_vil,1077,278,2026-09-10
1577334599,xmorromx,loot_vil,1078,278,2026-08-31
1577533360,dr4che,loot_vil,1079,278,2026-10-02
1577524607,ATSVPatrick1900,loot_vil,1080,278,2026-09-11
1577522822,skibiditoilet,loot_vil,1081,278,2026-09-17
1576915122,Raphael the Hunter,loot_vil,1082,278,2026-09-23
1575969109,XeroXenot,loot_vil,1083,277,2026-09-11
1577464140,The-Joker,loot_vil,1084,277,2026-09-24
1577304863,mioko,loot_vil,1085,277,2026-08-31
1575964447,Westgohte,loot_vil,1086,276,2026-10-03
1577254024,??WhySoSerious??,loot_vil,1087,276,2026-09-10
1577432307,Fahrradfahrer,loot_vil,1088,276,2026-09-24
1577408728,Fabslx12,loot_vil,1089,276,2026-09-02
1577028879,hoch25,loot_vil,1090,275,2026-09-10
1577538047,Damiana,loot_vil,1091,274,2026-09-05
1577243394,Fyror,loot_vil,1092,272,2026-09-23
1577411476,Wisseee,loot_vil,1093,272,2026-09-24
1677602,SirLelalot,loot_vil,1094,271,2026-09-06
1577417347,VanWolfing,loot_vil,1095,271,2026-09-09
1577311439,Striiker,loot_vil,1096,271,2026-08-31
1577278006,Schwarze7,loot_vil,1097,270,2026-09-30
9565258,ForscherM,loot_vil,1098,270,2026-08-30
1576838199,der.fremde,loot_vil,1099,270,2026-08-30
801831,JüGg!,loot_vil,1100,270,2026-09-09
9857324,Lady Torte,loot_vil,1101,269,2026-09-27
1577540836,Zikho,loot_vil,1102,269,2026-09-08
1577539657,Kaiser Edward Newgate,loot_vil,1103,268,2026-09-21
1577538208,FelixXVI,loot_vil,1104,268,2026-09-21
1576130910,FootballStrike,loot_vil,1105,268,2026-09-29
9805903,Medusia,loot_vil,1106,268,2026-09-09
1577139117,Boomray,loot_vil,1107,267,2026-09-17
1577535243,Fiete-96,loot_vil,1108,267,2026-09-22
8090598,miracelmiracel,loot_vil,1109,266,2026-09-20
1577072710,Jan28,loot_vil,1110,266,2026-09-06
1577220696,s4sch4,loot_vil,1111,266,2026-09-02
1576793179,Luckytoast,loot_vil,1112,265,2026-09-19
1576286508,Mumba,loot_vil,1113,265,2026-10-03
1577498240,Autschi,loot_vil,1114,264,2026-10-03
1577391955,Mibub55,loot_vil,1115,264,2026-09-20
8328690,blackblacky79,loot_vil,1116,264,2026-10-02
1577546744,Jonas93w,loot_vil,1117,263,2026-10-03
1577223838,timdette,loot_vil,1118,262,2026-09-22
9108586,schnauzevollnix,loot_vil,1119,261,2026-09-08
8663038,Rondorfer Jung,loot_vil,1120,260,2026-10-01
1576342688,kape0815,loot_vil,1121,260,2026-09-16
1576297320,Kavi Alonso,loot_vil,1122,259,2026-08-31
1577545038,little-sunrise,loot_vil,1123,259,2026-09-23
319909,Der Held schlecht hin,loot_vil,1124,259,2026-09-17
10201640,LethalGhost,loot_vil,1125,259,2026-09-14
1577385537,laska765,loot_vil,1126,258,2026-09-11
1577375956,Abed10,loot_vil,1127,258,2026-09-30
1576658950,Molinari,loot_vil,1128,258,2026-09-01
1576418323,BB 2014,loot_vil,1129,258,2026-10-02
10188951,King James 6,loot_vil,1130,255,2026-09-19
1577204506,TheGreatJonny,loot_vil,1131,254,2026-09-12
1577486598,warrior 95,loot_vil,1132,253,2026-09-19
1577247987,SirStone88,loot_vil,1133,253,2026-09-21
1577431426,EUR-Palette,loot_vil,1134,253,2026-09-04
1577523449,hellonym,loot_vil,1135,253,2026-09-13
9398381,Elefantenfriseur,loot_vil,1136,252,2026-10-03
9988813,Flupjes,loot_vil,1137,252,2026-09-25
1577165451,didi459,loot_vil,1138,252,2026-10-03
9245489,PartyFreak65,loot_vil,1139,252,2026-09-01
1576639267,Strobbie,loot_vil,1140,252,2026-09-01
1577203572,TheyHatin,loot_vil,1141,252,2026-09-11
1577394616,Papst Benni XI,loot_vil,1142,251,2026-10-02
1577461838,DerVarnical,loot_vil,1143,251,2026-10-01
1577345029,Lilli79,loot_vil,1144,251,2026-09-14
1576440628,Fortum,loot_vil,1145,251,2026-10-03
8996017,rittervomseckenpferd,loot_vil,1146,250,2026-09-23
1576620519,ASRTomi,loot_vil,1147,249,2026-09-27
1576384520,Tripplesix,loot_vil,1148,248,2026-08-31
1576962937,Raptor Formagie GmbH,loot_vil,1149,248,2026-09-02
1576933233,Fireslice,loot_vil,1150,247,2026-09-30
1577330010,Rocco,loot_vil,1151,247,2026-09-01
7710295,planton111,loot_vil,1152,247,2026-09-29
1576879058,Dornig,loot_vil,1153,245,2026-09-18
1576955837,xxx Andy,loot_vil,1154,245,2026-09-30
1577035106,Hulk30,loot_vil,1155,245,2026-10-03
1576017717,Cugerner,loot_vil,1156,245,2026-09-08
1577538003,Bauwau,loot_vil,1157,244,2026-08-31
1577504994,mr.hillo,loot_vil,1158,244,2026-09-12
1577204021,xXDesertRaceXx,loot_vil,1159,244,2026-09-03
1577545470,LokiSSL,loot_vil,1160,243,2026-09-13
1576083107,Lord Newcastle,loot_vil,1161,242,2026-09-08
2248983,-manfred,loot_vil,1162,242,2026-09-30
1577542511,Prinzessin Elsa,loot_vil,1163,242,2026-09-29
9953171,john956,loot_vil,1164,240,2026-10-01
1577216148,AdlerIII,loot_vil,1165,240,2026-08-28
1577350738,Guarana,loot_vil,1166,239,2026-09-18
1577536510,Slyth,loot_vil,1167,239,2026-09-12
7837755,Temar,loot_vil,1168,238,2026-09-14
1577388732,Saketh,loot_vil,1169,237,2026-09-22
1577461410,timoo38,loot_vil,1170,235,2026-10-02
1650546,gunnar11,loot_vil,1171,234,2026-09-06
9415938,Maoky,loot_vil,1172,234,2026-08-29
10260675,König Heni,loot_vil,1173,233,2026-09-01
1577163180,Rofa TTN,loot_vil,1174,232,2026-09-21
8239422,Waggland,loot_vil,1175,232,2026-09-18
9501224,GräfinOl,loot_vil,1176,232,2026-09-02
1577076302,ramir,loot_vil,1177,231,2026-10-03
1577457583,Tylarr,loot_vil,1178,231,2026-08-29
1577397211,Dezzys1994,loot_vil,1179,230,2026-09-04
1577283400,BlueBird,loot_vil,1180,230,2026-09-03
1577382054,Turko2021,loot_vil,1181,230,2026-09-26
1577378678,Lord Big T,loot_vil,1182,230,2026-09-01
9762608,Halber1234,loot_vil,1183,230,2026-09-08
8247237,kokojo3,loot_vil,1184,230,2026-09-12
1577113388,bosenbo,loot_vil,1185,230,2026-09-19
1576654981,Lord skippy,loot_vil,1186,229,2026-09-20
1577517238,Johnny sylverhand,loot_vil,1187,229,2026-09-01
1577527187,Bonecracker,loot_vil,1188,228,2026-08-31
8841559,snakeman1236,loot_vil,1189,227,2026-10-03
8135482,Salettimann,loot_vil,1190,227,2026-09-01
1577130115,Spiffy27,loot_vil,1191,227,2026-10-02
1577427791,Kazik1012,loot_vil,1192,227,2026-09-11
1577500212,Kain Morgen,loot_vil,1193,227,2026-09-05
1577246381,surpr1se,loot_vil,1194,226,2026-09-28
1577441849,letsgogamerz,loot_vil,1195,226,2026-10-01
1577537917,fitness-junky,loot_vil,1196,226,2026-09-04
1576805404,Shazar47,loot_vil,1197,226,2026-09-28
1576079866,nohi,loot_vil,1198,225,2026-09-12
1575935262,reipser18,loot_vil,1199,225,2026-09-06
1577489059,OnkelHeile,loot_vil,1200,224,2026-08-30
1577546558,SchorschDieEule,loot_vil,1201,224,2026-09-29
1577546371,DerBärenBube92,loot_vil,1202,224,2026-09-29
1577539906,maga,loot_vil,1203,224,2026-10-02
1577529138,jase,loot_vil,1204,224,2026-09-17
1576760279,spray,loot_vil,1205,223,2026-09-09
1577092404,cab.thomas,loot_vil,1206,222,2026-09-22
1576365732,Lord seidelbier,loot_vil,1207,222,2026-09-22
1577358547,Sp4rky,loot_vil,1208,222,2026-09-29
1577533628,garnison84,loot_vil,1209,222,2026-09-23
1577218615,Joske,loot_vil,1210,222,2026-08-29
1577488359,DeffBasher,loot_vil,1211,221,2026-09-02
1576983908,Lord bigmike,loot_vil,1212,221,2026-09-13
1577443743,champ95,loot_vil,1213,221,2026-09-02
1577132384,gisgis,loot_vil,1214,221,2026-09-11
1577007968,Travyar,loot_vil,1215,221,2026-09-24
1577529656,Dorfmeister126,loot_vil,1216,220,2026-09-09
1576706274,omgkeinname,loot_vil,1217,220,2026-09-06
9953850,d2minik,loot_vil,1218,219,2026-09-29
1577034305,Yosemite Sam,loot_vil,1219,219,2026-09-30
2522339,Sir.Snoopy,loot_vil,1220,219,2026-09-20
1577047091,HardcoreSuchti,loot_vil,1221,218,2026-09-25
9322215,MaxHSV1996,loot_vil,1222,218,2026-09-25
1577522183,Lammii,loot_vil,1223,218,2026-09-02
1577502195,Berlin777,loot_vil,1224,218,2026-09-03
1576617388,Kaiser Julian I,loot_vil,1225,217,2026-10-03
1577509861,Grasshüpfer,loot_vil,1226,217,2026-10-02
1577545193,Chilli-Zucht,loot_vil,1227,216,2026-10-03
1577365881,JanJanJan,loot_vil,1228,215,2026-09-27
1577283611,Simone1994,loot_vil,1229,214,2026-09-08
1577542377,EI-L-IB-O-NI-X,loot_vil,1230,214,2026-09-11
1577427706,Penny Lane,loot_vil,1231,214,2026-09-11
1096027,valentine2,loot_vil,1232,213,2026-09-22
1576395534,Crueel,loot_vil,1233,213,2026-09-29
1577546811,Nazir,loot_vil,1234,213,2026-10-01
1577489962,Reiner Wahnsinn,loot_vil,1235,212,2026-09-27
1577521841,Pierogiboyy1722,loot_vil,1236,212,2026-09-09
1577513715,cascade,loot_vil,1237,212,2026-09-08
3084607,GoldJunge999,loot_vil,1238,211,2026-09-28
1577546287,BerlinKorps,loot_vil,1239,211,2026-09-25
1577353269,Ottl2610,loot_vil,1240,209,2026-09-15
1577532048,pille01,loot_vil,1241,209,2026-09-18
1577515043,ragri,loot_vil,1242,209,2026-10-03
1577390913,HHoodwatch,loot_vil,1243,208,2026-10-02
1577529208,Big Yahu,loot_vil,1244,208,2026-08-29
1577545473,gromeier,loot_vil,1245,207,2026-09-29
1577455870,M0ng0se,loot_vil,1246,206,2026-09-11
1577546410,KnusprigeEnte,loot_vil,1247,206,2026-10-02
1577534340,Davos-29,loot_vil,1248,206,2026-09-26
1576372017,Ace2,loot_vil,1249,204,2026-10-03
1576863190,Unfähig und Faul,loot_vil,1250,204,2026-09-02
1577352248,Blocker,loot_vil,1251,204,2026-10-03
1577544477,molkrux,loot_vil,1252,204,2026-09-13
1577544047,Kaisernero1606,loot_vil,1253,204,2026-09-02
1576540808,DieGEZ,loot_vil,1254,204,2026-09-05
1577511025,c3line,loot_vil,1255,204,2026-09-17
1094420,Korn85,loot_vil,1256,202,2026-09-15
1577364691,ryomo,loot_vil,1257,202,2026-09-15
1577545993,HannesLue,loot_vil,1258,202,2026-09-17
1577538389,superbird,loot_vil,1259,202,2026-09-05
1577128585,Derores,loot_vil,1260,202,2026-09-18
2566530,-ReXor-,loot_vil,1261,201,2026-09-01
1577314621,VeniiVidiiVicii,loot_vil,1262,201,2026-10-01
1577203775,Ysaya,loot_vil,1263,201,2026-08-28
1577502891,Ares,loot_vil,1264,201,2026-08-31
1601449,xesar,loot_vil,1265,201,2026-09-08
9967293,willium46,loot_vil,1266,200,2026-09-05
2876883,charliyi,loot_vil,1267,199,2026-09-20
9448034,odi77,loot_vil,1268,199,2026-09-26
1577547896,Devastator,loot_vil,1269,199,2026-10-03
9837572,CrazyWarlord,loot_vil,1270,199,2026-10-03
8834755,AlextheG,loot_vil,1271,199,2026-09-02
1577410712,asswert,loot_vil,1272,199,2026-09-16
8482049,*Black Eagle*,loot_vil,1273,198,2026-09-17
1356874,Panda66,loot_vil,1274,198,2026-10-02
1577429123,powertante,loot_vil,1275,198,2026-09-26
1577504206,zzzy,loot_vil,1276,198,2026-10-03
1577547529,DaKingI,loot_vil,1277,197,2026-10-03
1577341788,MiniFU,loot_vil,1278,197,2026-09-24
1934876,laolamia,loot_vil,1279,197,2026-09-02
9834413,Kurath,loot_vil,1280,197,2026-09-19
1577546857,Obdycs,loot_vil,1281,196,2026-09-28
1577537973,Sh1lka,loot_vil,1282,196,2026-09-15
8685599,PanterWien,loot_vil,1283,195,2026-10-02
1576080273,Dom347,loot_vil,1284,195,2026-10-03
1577150723,Wanna Play?,loot_vil,1285,195,2026-09-15
1577544610,Arlan,loot_vil,1286,195,2026-09-12
2335309,Audiluft,loot_vil,1287,195,2026-10-01
1577518265,slysermusic,loot_vil,1288,195,2026-09-21
9099325,ulibulli,loot_vil,1289,194,2026-09-14
1577237207,Ben Crusher,loot_vil,1290,194,2026-10-03
1577532654,Tenebri,loot_vil,1291,194,2026-09-14
1576613041,GrubeAxt93,loot_vil,1292,194,2026-09-22
1577545068,JAWOHLL,loot_vil,1293,193,2026-10-03
2727215,MefoHunter,loot_vil,1294,193,2026-09-25
1577238546,19stiffler06,loot_vil,1295,192,2026-09-01
1577491956,KIZBOX,loot_vil,1296,191,2026-09-26
1577458687,NeverAgain,loot_vil,1297,191,2026-09-23
1577530887,Manke55,loot_vil,1298,191,2026-09-17
1576304363,Sorpoor,loot_vil,1299,191,2026-09-22
8246098,Eddy Garuzo,loot_vil,1300,190,2026-09-06
1577543848,Lord Abdul,loot_vil,1301,190,2026-09-14
1577530224,Ceeth,loot_vil,1302,190,2026-09-11
1577510147,Brownej,loot_vil,1303,190,2026-09-21
3392753,Free running,loot_vil,1304,189,2026-10-02
1577538080,DerDolch95,loot_vil,1305,189,2026-09-07
1577432347,Kunibald,loot_vil,1306,189,2026-09-27
1577502218,Der Falk,loot_vil,1307,189,2026-10-02
1577288708,Bahamut,loot_vil,1308,188,2026-08-31
10277944,Buchling,loot_vil,1309,187,2026-09-02
1577351930,Sir Herry,loot_vil,1310,187,2026-10-01
1577512976,cribii,loot_vil,1311,187,2026-09-11
1577395864,Sam Nujoma,loot_vil,1312,186,2026-08-31
8664507,spataner33,loot_vil,1313,186,2026-09-28
1577450593,Eldinn,loot_vil,1314,186,2026-09-18
1577540388,Prinz82,loot_vil,1315,185,2026-09-18
2926315,Gameforum,loot_vil,1316,185,2026-09-02
10208186,Plague Doctor,loot_vil,1317,185,2026-09-08
1577502539,heuler,loot_vil,1318,185,2026-09-27
1577515865,Eddie78,loot_vil,1319,184,2026-09-30
1577503485,Lady JASMIN,loot_vil,1320,184,2026-09-11
8977264,Br0k3nRuLeZ,loot_vil,1321,183,2026-09-11
8883916,SpeckiOnTour,loot_vil,1322,182,2026-09-26
2677727,lucifer08,loot_vil,1323,182,2026-09-09
1577542942,Numinex,loot_vil,1324,182,2026-09-18
1577399262,Lawin1978,loot_vil,1325,181,2026-09-26
253790,OBIS,loot_vil,1326,181,2026-09-27
1577248110,*MD*,loot_vil,1327,181,2026-10-03
2542603,**KingMeffi**,loot_vil,1328,181,2026-10-02
1577539656,ayone,loot_vil,1329,181,2026-09-26
1577543603,CupImCup,loot_vil,1330,180,2026-10-01
1577339297,john.sheridan,loot_vil,1331,180,2026-09-26
1577502102,andi.wandnageln,loot_vil,1332,180,2026-09-29
1577501338,nachtfalke76,loot_vil,1333,180,2026-09-25
1577487956,Tevilein,loot_vil,1334,179,2026-09-10
168411,Kibitz,loot_vil,1335,179,2026-09-08
1577147034,XXLDöner,loot_vil,1336,179,2026-09-17
1577244557,Weisi aus Heidelberg,loot_vil,1337,179,2026-09-26
9983815,treez,loot_vil,1338,178,2026-09-03
1576846722,Lokist2003,loot_vil,1339,178,2026-09-16
1576932602,Grantlbart95,loot_vil,1340,178,2026-09-23
8502039,Mustang123,loot_vil,1341,178,2026-09-23
1577076297,Cali,loot_vil,1342,177,2026-09-25
1577502899,InSAMe,loot_vil,1343,177,2026-08-27
9779516,schwarenegg,loot_vil,1344,176,2026-09-13
8564063,Seebiii,loot_vil,1345,176,2026-09-12
1577249106,Charizard,loot_vil,1346,176,2026-09-29
3130542,Austriapitbull,loot_vil,1347,176,2026-09-20
1577395253,dragonshooter94,loot_vil,1348,175,2026-10-02
10273957,Casperqt,loot_vil,1349,175,2026-08-30
1576664300,Schattenherscher,loot_vil,1350,175,2026-10-01
1577540186,Mpeq,loot_vil,1351,175,2026-09-17
1577336016,axel.schweiss,loot_vil,1352,175,2026-09-30
8017942,worry69,loot_vil,1353,175,2026-09-19
1493164,RINGLER,loot_vil,1354,174,2026-09-08
9992670,crazzo1,loot_vil,1355,174,2026-09-10
2069613,voliimann,loot_vil,1356,174,2026-09-02
1577531524,mc-schwenki93,loot_vil,1357,174,2026-09-18
1303880,Michael65,loot_vil,1358,174,2026-09-09
1576095344,KaiserKarlIX,loot_vil,1359,173,2026-09-07
1575888070,Lord Wespe,loot_vil,1360,173,2026-09-28
1577485194,goodfella93,loot_vil,1361,173,2026-10-03
1577536286,Molzi,loot_vil,1362,173,2026-10-03
1576261740,WeiserMars,loot_vil,1363,172,2026-09-11
1577534684,Jesse Pinkman,loot_vil,1364,172,2026-09-18
8059172,kendo01,loot_vil,1365,171,2026-09-20
1577546637,underc0ver,loot_vil,1366,171,2026-09-28
1577540497,Schlepphoden,loot_vil,1367,171,2026-10-02
885891,CHR!S1988,loot_vil,1368,170,2026-09-04
8255587,BlackMonsters,loot_vil,1369,170,2026-09-23
1577546660,Geomio,loot_vil,1370,170,2026-09-30
1577546274,Schwingo98,loot_vil,1371,170,2026-10-03
1577537166,Raghnarok,loot_vil,1372,170,2026-09-10
8816522,Regad,loot_vil,1373,170,2026-09-05
1577389439,NoPaaaa,loot_vil,1374,169,2026-09-16
1577546211,MicKQuinty,loot_vil,1375,169,2026-09-22
1577292595,Lord Dave,loot_vil,1376,168,2026-09-02
10287096,jackson13,loot_vil,1377,168,2026-09-12
1577313442,talisca97,loot_vil,1378,168,2026-09-21
1576987865,silvershot,loot_vil,1379,167,2026-10-03
1577180515,Lord xADTRx,loot_vil,1380,167,2026-09-17
9956736,Skorpion71,loot_vil,1381,167,2026-10-02
1576015297,WhitePunch,loot_vil,1382,167,2026-09-02
1577400806,Sharaadi,loot_vil,1383,167,2026-10-03
1577393772,Hirnquelle,loot_vil,1384,166,2026-09-11
8593889,Dark-Horse,loot_vil,1385,165,2026-10-03
1576775167,Salus,loot_vil,1386,165,2026-08-31
1576497434,Ella2412,loot_vil,1387,164,2026-09-10
1576679816,Bienenkönig,loot_vil,1388,164,2026-09-26
1577415326,B1rne,loot_vil,1389,162,2026-09-08
1577360296,Ronald Weedley,loot_vil,1390,161,2026-10-02
1577258251,zapanek,loot_vil,1391,161,2026-09-12
2254926,Kerstin-der-wolff,loot_vil,1392,161,2026-09-06
1577311314,kolla,loot_vil,1393,161,2026-09-06
1577066276,eism,loot_vil,1394,160,2026-09-06
1577487787,Flamme,loot_vil,1395,159,2026-09-04
1577524337,DoIVIi,loot_vil,1396,159,2026-09-02
1577546453,KingBuerg,loot_vil,1397,158,2026-09-30
1577545434,Angerkick,loot_vil,1398,158,2026-09-16
9589587,PuzzleDrucker,loot_vil,1399,157,2026-09-01
1576363634,Nijumi,loot_vil,1400,157,2026-09-01
1577546732,ffcbr,loot_vil,1401,157,2026-09-21
1577434601,InDyeGsicht95,loot_vil,1402,157,2026-09-23
1577530607,Iqualin1979,loot_vil,1403,156,2026-09-30
1577502359,itstschanina,loot_vil,1404,156,2026-09-07
1576999585,Pupsi23,loot_vil,1405,155,2026-09-16
1576588394,Bauer-RFL,loot_vil,1406,155,2026-09-28
1577166007,Hansi141,loot_vil,1407,155,2026-09-26
1577335866,Tom Mate,loot_vil,1408,155,2026-10-01
1577528935,kr0uuNz,loot_vil,1409,155,2026-09-11
8516154,HP1987,loot_vil,1410,155,2026-10-02
1577006245,leroyberlin,loot_vil,1411,155,2026-09-08
1576461649,Pat5rick,loot_vil,1412,154,2026-10-02
1577442002,Atrumix,loot_vil,1413,154,2026-09-24
9733550,Omahabeach,loot_vil,1414,154,2026-10-03
1577106499,flady der 1.,loot_vil,1415,154,2026-09-08
1577426137,undnu?,loot_vil,1416,153,2026-09-25
1577290506,Ace.Uchiha,loot_vil,1417,152,2026-09-15
1577181313,michelschroer,loot_vil,1418,152,2026-08-30
1577464500,Lord Lord Lord August,loot_vil,1419,152,2026-10-01
1577544104,sepp1006,loot_vil,1420,152,2026-09-11
1577439023,Raptor1989,loot_vil,1421,152,2026-09-16
1577538895,o82.dimi,loot_vil,1422,152,2026-09-24
1575914969,Lord DAFABI,loot_vil,1423,152,2026-09-24
311848,poti,loot_vil,1424,152,2026-09-11
3405957,Kiri878,loot_vil,1425,152,2026-09-30
1577504686,tran,loot_vil,1426,152,2026-09-10
7690653,Apocalyptimus,loot_vil,1427,151,2026-08-31
1576689785,samm,loot_vil,1428,151,2026-09-12
1479446,Straatus,loot_vil,1429,151,2026-09-30
2950142,Raindl,loot_vil,1430,151,2026-10-02
2049553,Ak7i7ra,loot_vil,1431,151,2026-10-01
1576244879,arijen90,loot_vil,1432,151,2026-09-29
1577141887,redtiger,loot_vil,1433,151,2026-10-02
1577504761,Oberst,loot_vil,1434,151,2026-09-07
803854,Der Rächer 30,loot_vil,1435,151,2026-09-03
1577348017,Arl Eamon,loot_vil,1436,150,2026-10-03
1577533483,Runzelnpeter,loot_vil,1437,150,2026-09-16
1577122903,tansis99,loot_vil,1438,150,2026-08-28
3289691,Warriors 23,loot_vil,1439,149,2026-08-31
1576614653,R3pl4y,loot_vil,1440,149,2026-09-24
10213364,Lord Arthurios,loot_vil,1441,149,2026-09-20
1577468023,raptil777,loot_vil,1442,148,2026-09-02
1458607,TheDy,loot_vil,1443,148,2026-09-05
1577546830,Jägersmann,loot_vil,1444,148,2026-10-03
1577544769,Nicedmg98,loot_vil,1445,148,2026-09-05
9536838,GRiIMME,loot_vil,1446,148,2026-09-26
1577435063,milophil,loot_vil,1447,148,2026-08-29
1577410333,Snuggles75,loot_vil,1448,148,2026-10-01
1577503170,Camonte147,loot_vil,1449,148,2026-09-13
1576102350,Lord Tommygun,loot_vil,1450,148,2026-09-08
3274478,sato75,loot_vil,1451,147,2026-09-13
1577349791,HARM,loot_vil,1452,147,2026-08-29
1577545042,KazZr0,loot_vil,1453,147,2026-10-02
1577544649,TollwütigesEichhörnchen,loot_vil,1454,147,2026-09-25
1576480147,xaxa...,loot_vil,1455,146,2026-10-03
168739,RobQ,loot_vil,1456,146,2026-09-19
8462835,voitl,loot_vil,1457,146,2026-09-25
1577457789,Pr0wa911,loot_vil,1458,146,2026-09-07
1577357407,iFeelX8,loot_vil,1459,146,2026-10-03
1577526585,RedQueen,loot_vil,1460,146,2026-09-09
1577506234,Amara,loot_vil,1461,145,2026-09-17
9786979,Lord Zeus,loot_vil,1462,144,2026-09-10
9864164,SNIPxxxR,loot_vil,1463,144,2026-09-03
1577058788,Danbil,loot_vil,1464,144,2026-10-03
1577546428,MatsHummels96,loot_vil,1465,144,2026-09-21
1577537200,pfoetchen666,loot_vil,1466,144,2026-09-02
1577411614,Drobe,loot_vil,1467,144,2026-09-27
607767,volke25,loot_vil,1468,144,2026-09-22
1577270215,Achi93,loot_vil,1469,143,2026-10-03
1565777,lisent,loot_vil,1470,143,2026-09-01
9843352,ericdravenx,loot_vil,1471,143,2026-09-26
518590,Der wahre gamezocker,loot_vil,1472,143,2026-09-29
1577495544,Närrischer Tuck,loot_vil,1473,142,2026-08-29
1847901,Dragon1312,loot_vil,1474,142,2026-09-30
1577493584,Wotan2806,loot_vil,1475,141,2026-09-08
9492470,YoJonny,loot_vil,1476,141,2026-09-21
9691813,Capu u Keks,loot_vil,1477,141,2026-09-28
7890448,ThePurge187,loot_vil,1478,141,2026-09-19
1577545770,KarlHatnGroSn,loot_vil,1479,141,2026-09-16
1577427281,jady236,loot_vil,1480,141,2026-09-22
9810710,Taimo94,loot_vil,1481,141,2026-09-23
1577509752,antonaustirol,loot_vil,1482,141,2026-09-28
770631,Schrupphuhn,loot_vil,1483,140,2026-09-11
9662289,Krawallbruder,loot_vil,1484,140,2026-09-30
1577545336,trolan1,loot_vil,1485,140,2026-09-08
1575842212,Redbull.power,loot_vil,1486,140,2026-09-09
1576940959,Bege1202,loot_vil,1487,140,2026-09-08
1577000757,bella10,loot_vil,1488,140,2026-09-17
1577545243,kuemmler,loot_vil,1489,139,2026-09-10
1577133696,Soldierofdeath,loot_vil,1490,139,2026-09-24
1577523352,Kerasus28,loot_vil,1491,139,2026-09-02
10118874,sly-boogy,loot_vil,1492,139,2026-09-16
8997736,Kompei13,loot_vil,1493,138,2026-09-28
1577491008,Johnny1990,loot_vil,1494,138,2026-09-03
1577388989,Bruno62,loot_vil,1495,138,2026-09-30
8185409,Dian Keto,loot_vil,1496,138,2026-09-05
1577545646,sebunga,loot_vil,1497,138,2026-09-26
1577545300,Crosos,loot_vil,1498,138,2026-09-22
1577532347,whiltons,loot_vil,1499,138,2026-09-14
1577530945,cocoloco,loot_vil,1500,138,2026-09-04
427376,viktor395591,loot_vil,1501,138,2026-09-07
1577503937,LivienneArc,loot_vil,1502,138,2026-09-24
885738,fuzzi.007,loot_vil,1503,137,2026-09-26
8876749,babysnake,loot_vil,1504,137,2026-09-27
10055367,Lord gagg,loot_vil,1505,137,2026-09-01
1577547173,finw3,loot_vil,1506,137,2026-10-03
1577545715,mcm7,loot_vil,1507,137,2026-09-18
1577544740,Fichter94,loot_vil,1508,137,2026-10-03
1577340545,KasimirVI,loot_vil,1509,137,2026-09-12
1577414412,nicimouse44,loot_vil,1510,137,2026-08-31
1577508929,Starscaller,loot_vil,1511,136,2026-10-03
10006222,kracherx,loot_vil,1512,136,2026-09-05
2302763,richy2,loot_vil,1513,136,2026-09-11
9162755,duffydeff,loot_vil,1514,135,2026-09-09
1576022646,Goreng I.,loot_vil,1515,135,2026-08-29
8804334,Schbabba,loot_vil,1516,135,2026-10-03
1576462448,inFecTeD-Fox,loot_vil,1517,134,2026-10-03
1577546835,DarkReaper00,loot_vil,1518,134,2026-09-28
1577545791,Foma317,loot_vil,1519,134,2026-09-15
1577543212,Ezzendro,loot_vil,1520,134,2026-08-29
142049,theillnes,loot_vil,1521,134,2026-09-12
1577539578,Kriminator,loot_vil,1522,134,2026-09-27
1577521579,König Chrisi,loot_vil,1523,134,2026-09-15
1577274738,Kush420,loot_vil,1524,133,2026-09-28
1577524255,Sackgesicht0,loot_vil,1525,133,2026-09-11
8198259,Tiger1896,loot_vil,1526,132,2026-09-27
1575919279,Schattentöter1,loot_vil,1527,132,2026-10-03
1577546560,Freddie Ferrari,loot_vil,1528,131,2026-09-26
1577246107,KeksxD,loot_vil,1529,131,2026-10-03
7624025,yugioh13,loot_vil,1530,131,2026-09-25
1577077320,Zaniolo,loot_vil,1531,130,2026-08-30
1577371559,DoMu,loot_vil,1532,130,2026-09-28
9970109,man566,loot_vil,1533,130,2026-09-13
7715742,H1N1ko,loot_vil,1534,130,2026-09-03
1577505248,F3rt1gmach3r,loot_vil,1535,130,2026-09-17
1577498200,Golfi37,loot_vil,1536,129,2026-10-01
9185657,dr0genhund,loot_vil,1537,129,2026-10-01
1577065649,Rosthagel,loot_vil,1538,129,2026-09-03
1576561543,evoluti0n,loot_vil,1539,129,2026-09-08
1577545298,konnex,loot_vil,1540,129,2026-09-12
1576707460,Neoninside,loot_vil,1541,129,2026-09-23
1577094661,Marie0504,loot_vil,1542,128,2026-10-01
1668821,pwillrich,loot_vil,1543,128,2026-09-28
1577546153,AOSKing3,loot_vil,1544,128,2026-09-20
1577544301,RemmiHenni,loot_vil,1545,128,2026-09-14
1577324096,Horv11,loot_vil,1546,128,2026-09-03
1577390655,UranusInvasion,loot_vil,1547,127,2026-09-22
8774668,KingDavies19,loot_vil,1548,127,2026-10-03
1577545811,Bayerntiger,loot_vil,1549,127,2026-09-30
1577096307,Konrad der Salier,loot_vil,1550,126,2026-09-01
1577394586,Lopo,loot_vil,1551,126,2026-10-03
1576881256,Das Ende kommt,loot_vil,1552,126,2026-09-27
2349646,Rabenmann20,loot_vil,1553,126,2026-09-25
1577545650,DerSpinner01,loot_vil,1554,126,2026-09-17
9437130,Kirschkönik reloaded,loot_vil,1555,126,2026-09-02
9536436,keniboy89,loot_vil,1556,126,2026-09-11
7726094,Ge3debauer,loot_vil,1557,126,2026-09-26
624770,Bergbaron,loot_vil,1558,126,2026-09-22
1577524402,KleinerTigerPB,loot_vil,1559,126,2026-09-02
1577502282,Ali.Gator,loot_vil,1560,126,2026-09-02
171619,Sancerre,loot_vil,1561,125,2026-09-21
1577160178,*Dauerblau*,loot_vil,1562,125,2026-08-28
1577538849,daniS34,loot_vil,1563,125,2026-09-03
1577519674,SacredUthal,loot_vil,1564,125,2026-09-17
1577212131,Schamane,loot_vil,1565,125,2026-09-28
1577358127,Wardog,loot_vil,1566,124,2026-09-30
155938,fratest,loot_vil,1567,124,2026-09-28
1577045351,ellinger,loot_vil,1568,124,2026-09-04
1577033389,GulEvek,loot_vil,1569,124,2026-09-13
9607649,GrimsborithOrik,loot_vil,1570,124,2026-09-20
1576595230,LuMiNo,loot_vil,1571,123,2026-08-30
1577489820,flo25565,loot_vil,1572,123,2026-09-26
1577386045,kranzerl,loot_vil,1573,123,2026-09-29
1577278242,Tighteeeh,loot_vil,1574,123,2026-09-03
9256749,Thor010,loot_vil,1575,123,2026-09-25
1575934548,König -Nero-,loot_vil,1576,123,2026-10-01
1577533821,H3lium,loot_vil,1577,123,2026-09-02
1577519745,cellybeast,loot_vil,1578,123,2026-09-30
2201913,freddy1972,loot_vil,1579,123,2026-09-18
8797322,elbo1994,loot_vil,1580,122,2026-09-13
1577361431,Blackviper,loot_vil,1581,122,2026-09-29
8449541,Svan I,loot_vil,1582,122,2026-08-31
1577545991,mache1991,loot_vil,1583,122,2026-09-19
9841263,Ultra Schwere Kavallerie,loot_vil,1584,122,2026-09-29
1103024,abbar,loot_vil,1585,122,2026-10-03
1577502503,dick.tator,loot_vil,1586,122,2026-10-03
2815150,susa,loot_vil,1587,121,2026-09-04
8175470,pelo64,loot_vil,1588,120,2026-09-27
1577375085,XOXO,loot_vil,1589,120,2026-10-02
2865875,flying-man,loot_vil,1590,120,2026-08-31
1577546365,Peppo86,loot_vil,1591,120,2026-09-27
1576145743,Luffeshunter,loot_vil,1592,120,2026-10-03
1577329596,Almigurt von Ehrenmann,loot_vil,1593,120,2026-09-18
9883742,luchse,loot_vil,1594,119,2026-09-05
3472244,Grisu-Krümel,loot_vil,1595,119,2026-09-14
10163603,LUMPILORD,loot_vil,1596,119,2026-09-27
1577546346,PowerPaul,loot_vil,1597,119,2026-10-03
1577238536,ShadowHunter88,loot_vil,1598,119,2026-09-26
1577499116,Rosinaregen,loot_vil,1599,118,2026-09-29
1193505,Wumpelos-Knopperos,loot_vil,1600,118,2026-09-20
8245875,wutzegickel,loot_vil,1601,118,2026-09-24
10040927,Herzog-Stiffler,loot_vil,1602,118,2026-09-05
1577529338,Hedotrix,loot_vil,1603,118,2026-09-06
1576827772,Mr.Loomy,loot_vil,1604,118,2026-09-26
8273303,dickkopf99,loot_vil,1605,117,2026-10-02
1577547626,Luffy-san,loot_vil,1606,117,2026-10-02
1577240807,A s p e C t,loot_vil,1607,117,2026-08-31
1577094555,S1TTT,loot_vil,1608,116,2026-09-23
8282453,soana001,loot_vil,1609,116,2026-08-31
9353440,Freakmate,loot_vil,1610,116,2026-09-07
1577547388,xMIMOx,loot_vil,1611,116,2026-10-02
9509555,MI-MI,loot_vil,1612,116,2026-09-11
1577501831,SaintRSB,loot_vil,1613,116,2026-09-16
9888583,Alphax Industries,loot_vil,1614,115,2026-09-28
1576874427,Pineberry,loot_vil,1615,115,2026-08-30
659722,padi1988,loot_vil,1616,115,2026-09-09
1577544419,Sergej Fährlich,loot_vil,1617,115,2026-09-04
2560315,sappilein,loot_vil,1618,114,2026-09-30
1577142359,Liobana,loot_vil,1619,114,2026-10-02
8341356,Kettcar,loot_vil,1620,114,2026-08-30
1577538054,Egoaim,loot_vil,1621,114,2026-08-30
1577282394,hawo,loot_vil,1622,113,2026-09-07
1577273802,Broum,loot_vil,1623,113,2026-09-12
2471620,El Shit,loot_vil,1624,113,2026-09-14
1577546081,ColHansLanda92,loot_vil,1625,113,2026-09-20
1577539796,warwicklichso,loot_vil,1626,113,2026-09-29
1576528969,kleiner schlumpf,loot_vil,1627,113,2026-10-02
10203582,DrMedikament,loot_vil,1628,113,2026-09-24
1577378962,Lord-MSP,loot_vil,1629,112,2026-09-04
875525,langer45,loot_vil,1630,112,2026-09-07
10026606,FAiRNiS,loot_vil,1631,112,2026-10-01
10015177,Arms50,loot_vil,1632,112,2026-09-18
1577501579,Chones,loot_vil,1633,112,2026-09-01
1577490462,LordTigu,loot_vil,1634,111,2026-08-31
1577289708,KloFisch,loot_vil,1635,111,2026-10-02
8860225,scirocco09,loot_vil,1636,111,2026-09-27
1577339038,Beowulff93,loot_vil,1637,111,2026-08-31
1577436271,ProGamer92,loot_vil,1638,111,2026-10-03
1576635644,lovelesssemmel,loot_vil,1639,111,2026-09-23
1577322983,iGetMeOut,loot_vil,1640,111,2026-10-03
1577422827,SirBrandshire,loot_vil,1641,111,2026-08-29
9214215,peper123,loot_vil,1642,111,2026-09-14
1577494293,dionysos,loot_vil,1643,110,2026-09-03
1577483735,Blackuni,loot_vil,1644,110,2026-09-27
1577538983,Jonas25,loot_vil,1645,110,2026-09-03
1577538217,Funnyjoe,loot_vil,1646,110,2026-09-12
1577504124,Hendlmeyer,loot_vil,1647,110,2026-10-01
2793200,Lars der Eisbaer,loot_vil,1648,109,2026-09-30
7980586,chilli 90,loot_vil,1649,109,2026-09-30
1575955688,rupple,loot_vil,1650,109,2026-09-08
2951338,BushidoMuaytTaiFan,loot_vil,1651,109,2026-09-30
1577547687,Dr-Treppe,loot_vil,1652,109,2026-10-01
1577546564,badferl,loot_vil,1653,109,2026-09-21
1577245043,Active,loot_vil,1654,109,2026-09-17
1577542885,Strohmpe,loot_vil,1655,109,2026-10-01
1577329590,Jaca18,loot_vil,1656,109,2026-09-17
1577402028,Marcus Aurelius,loot_vil,1657,109,2026-09-24
1577491951,KeKaCl,loot_vil,1658,108,2026-10-02
1577449052,AlexTheKek,loot_vil,1659,108,2026-09-02
1577538246,Nilssi1996,loot_vil,1660,108,2026-09-04
1577123159,Rocs,loot_vil,1661,108,2026-10-02
1577518407,SoapTastesGood,loot_vil,1662,108,2026-09-11
1576404408,Azzlackyascha,loot_vil,1663,108,2026-09-23
10093609,Trostlos,loot_vil,1664,107,2026-09-20
9367330,POWERblitz100,loot_vil,1665,107,2026-09-07
1577464661,RiseAgainst5032,loot_vil,1666,107,2026-09-16
1577543128,DasWirdLegendär,loot_vil,1667,107,2026-09-21
1577537738,Preilo1893,loot_vil,1668,107,2026-09-08
1577521102,gigantischkostbarertapir,loot_vil,1669,107,2026-10-03
1577503060,pantauli,loot_vil,1670,107,2026-10-02
1576989645,st. Patrick .1,loot_vil,1671,106,2026-09-19
1577485392,Hotti11,loot_vil,1672,106,2026-09-26
9684280,dachsei,loot_vil,1673,106,2026-09-17
1576173553,raukada,loot_vil,1674,106,2026-09-28
9671885,ICH gott DU nichts,loot_vil,1675,106,2026-09-16
1577548222,FroZzenSurfer,loot_vil,1676,106,2026-10-03
1577346133,terrafic,loot_vil,1677,106,2026-09-29
1577545898,RainerWahnsinn,loot_vil,1678,106,2026-09-29
1577544981,Nelouna,loot_vil,1679,106,2026-09-18
8444925,Blechheim,loot_vil,1680,106,2026-09-13
1577443732,Kuddl,loot_vil,1681,106,2026-09-25
1577516726,Mops1,loot_vil,1682,106,2026-10-01
1884528,holzbob und co2,loot_vil,1683,105,2026-10-03
3259870,templer 1118,loot_vil,1684,105,2026-09-04
3454984,bondle,loot_vil,1685,105,2026-09-09
1576652508,marv2206,loot_vil,1686,105,2026-09-13
1577449409,Heer der Unterwelt,loot_vil,1687,105,2026-08-30
1577447783,Mark51,loot_vil,1688,105,2026-09-23
1577444930,koromiri,loot_vil,1689,105,2026-09-10
1577528820,Xiphoss,loot_vil,1690,105,2026-09-04
1577401540,Perplex42,loot_vil,1691,105,2026-09-15
1577493131,FreundlicherRentner,loot_vil,1692,104,2026-08-31
7776593,Lord Eastwick,loot_vil,1693,104,2026-09-20
1577270307,Krämo,loot_vil,1694,104,2026-09-22
548866,Thespiti,loot_vil,1695,104,2026-09-03
1575942295,Donathello,loot_vil,1696,104,2026-09-15
1576828512,auchwiederda,loot_vil,1697,104,2026-09-24
1577493520,mesutbeutlin,loot_vil,1698,103,2026-10-01
8863692,Xenon IV,loot_vil,1699,103,2026-09-18
1577544065,MINIMUS,loot_vil,1700,103,2026-09-03
1577536180,Jazzle57,loot_vil,1701,103,2026-09-30
7621130,Chrisch33,loot_vil,1702,103,2026-09-12
1577514286,imiaki,loot_vil,1703,103,2026-09-19
10213641,Libuda64,loot_vil,1704,103,2026-10-01
1576569505,Franzi 96,loot_vil,1705,102,2026-10-01
1577547610,DieGelbeWand1909,loot_vil,1706,102,2026-10-03
2943946,Armin9,loot_vil,1707,102,2026-09-14
1577542298,lazli61,loot_vil,1708,102,2026-10-03
1577539131,mxmmk,loot_vil,1709,102,2026-09-04
8007706,nowo3,loot_vil,1710,102,2026-10-03
1575869975,gangco,loot_vil,1711,101,2026-09-09
1577458421,HansaKogge,loot_vil,1712,101,2026-09-10
1577547115,WhySoMadBro,loot_vil,1713,101,2026-10-03
1577541232,Timbo1991,loot_vil,1714,101,2026-09-29
1577028321,DragonMaster80,loot_vil,1715,101,2026-09-12
1471481,XxDiegoxX,loot_vil,1716,100,2026-09-24
1576369173,Silver Surver,loot_vil,1717,100,2026-09-08
1577268028,Svantjevit,loot_vil,1718,100,2026-10-03
1576366062,killerbiker,loot_vil,1719,100,2026-09-02
9863875,Dragonslayer2.0,loot_vil,1720,100,2026-09-24
1239642,futbolplaya,loot_vil,1721,100,2026-09-14
1577135119,Gasse,loot_vil,1722,100,2026-10-01
1577229730,Sarajlija,loot_vil,1723,100,2026-09-23
813539,Larslaxx,loot_vil,1724,100,2026-09-03
1577505356,WirKlauenSATAlnagen,loot_vil,1725,100,2026-08-28
1577503511,Bearfoot42,loot_vil,1726,100,2026-08-30
1577494847,kuhnep,loot_vil,1727,99,2026-09-30
1577394053,zuse23,loot_vil,1728,99,2026-09-13
10171558,tgvwerio,loot_vil,1729,99,2026-09-04
1577350456,MCTW,loot_vil,1730,99,2026-09-22
8848121,Light Lion,loot_vil,1731,99,2026-10-02
1577539140,tehlizzard,loot_vil,1732,99,2026-09-26
7906706,Niklas2710,loot_vil,1733,99,2026-09-27
1577104559,FrancoGlarus,loot_vil,1734,99,2026-09-02
7682250,Jaganott,loot_vil,1735,98,2026-08-30
1577071465,Felix1987,loot_vil,1736,98,2026-09-28
1949165,bigstruppie,loot_vil,1737,98,2026-09-22
9640463,Odins - berserker,loot_vil,1738,98,2026-09-21
1577538355,Parkett,loot_vil,1739,98,2026-09-26
1577227865,hixs,loot_vil,1740,98,2026-09-10
1577107541,MaBaker,loot_vil,1741,98,2026-08-28
1577378835,Uther,loot_vil,1742,97,2026-09-30
1577548220,Aoibhin,loot_vil,1743,97,2026-10-03
1577543902,HarterHans27,loot_vil,1744,97,2026-09-08
1577230584,Wory w Sakone,loot_vil,1745,97,2026-08-31
9326402,Ax of Honor,loot_vil,1746,97,2026-09-17
1576804770,Geilomat,loot_vil,1747,97,2026-08-29
1577397857,Metzgerrudi,loot_vil,1748,96,2026-09-07
1577289807,Biermudaviereck,loot_vil,1749,96,2026-08-29
1870481,Fuchs 4,loot_vil,1750,96,2026-09-06
1577544691,1mkr,loot_vil,1751,96,2026-09-22
9637025,Ninkasi,loot_vil,1752,96,2026-09-09
9114927,Lord off Ring,loot_vil,1753,96,2026-09-26
1576591032,UNICRON,loot_vil,1754,95,2026-09-17
1577057044,C I T R U S,loot_vil,1755,95,2026-10-03
9855390,Dontworry,loot_vil,1756,95,2026-10-01
1747473,Master Grisworld,loot_vil,1757,95,2026-09-30
1577545656,none1409,loot_vil,1758,95,2026-09-26
1577545285,Pauloblanko,loot_vil,1759,95,2026-10-01
1576209065,armasi,loot_vil,1760,95,2026-10-03
1577404904,moZ.Art,loot_vil,1761,95,2026-10-02
1577502103,anna.bolika,loot_vil,1762,95,2026-09-28
1575878782,Razz0r77,loot_vil,1763,94,2026-10-01
1577357856,NIKODEMUS,loot_vil,1764,94,2026-10-03
1575945264,PaintinG-OnE,loot_vil,1765,94,2026-09-06
1577544583,Schreysn,loot_vil,1766,94,2026-09-04
1577540982,..Niklauda..,loot_vil,1767,94,2026-10-02
1577405866,martinb4,loot_vil,1768,94,2026-09-12
1577504874,Lord Forrest,loot_vil,1769,94,2026-09-28
1577546080,idiot auf reise,loot_vil,1770,93,2026-09-21
1577520196,PefferSalz,loot_vil,1771,93,2026-09-06
1577396317,VIDARR,loot_vil,1772,92,2026-09-20
1577388116,JonnyTrash65,loot_vil,1773,92,2026-09-14
1577483801,snoopy666,loot_vil,1774,92,2026-09-02
1577182690,xRayQore,loot_vil,1775,92,2026-09-04
1577378576,p00rs0lid,loot_vil,1776,92,2026-09-09
1577450028,Schlumpf78,loot_vil,1777,92,2026-10-01
1577548083,Tanakkah,loot_vil,1778,92,2026-10-03
9443579,N3v3rF0rg0tten,loot_vil,1779,92,2026-09-01
1577537437,Hunter617,loot_vil,1780,92,2026-09-19
1577222215,snazzipani,loot_vil,1781,92,2026-09-28
1577502804,chrissichris,loot_vil,1782,92,2026-10-03
2376637,Zwockel20,loot_vil,1783,91,2026-09-30
10253248,bollitim,loot_vil,1784,91,2026-09-18
1577546976,Siva,loot_vil,1785,91,2026-10-03
1577544646,smwsfrzy,loot_vil,1786,91,2026-10-03
1577543605,-d3d9ex,loot_vil,1787,91,2026-08-29
1577543506,Junior der 2.,loot_vil,1788,91,2026-09-03
1577543316,fuRockstar,loot_vil,1789,91,2026-09-21
1577535357,dondiesel1,loot_vil,1790,91,2026-09-29
1575927745,Lord of the Ganja,loot_vil,1791,91,2026-09-17
1577526925,Blackstone70,loot_vil,1792,91,2026-09-10
1577519304,Harold689,loot_vil,1793,91,2026-10-01
1577513076,walger,loot_vil,1794,91,2026-09-19
1577504878,-sammler-,loot_vil,1795,91,2026-09-16
9101668,Magic Catweazle,loot_vil,1796,91,2026-09-28
1577492185,keylan,loot_vil,1797,90,2026-09-07
1577491153,angelina,loot_vil,1798,90,2026-09-11
1577487205,TimSiersleben,loot_vil,1799,90,2026-08-28
1576171959,Ostpruzze,loot_vil,1800,90,2026-08-31
1577457050,Ch3wbacca1909,loot_vil,1801,90,2026-08-29
1577540522,Wilhelm der Eroberer,loot_vil,1802,90,2026-09-13
2419698,Kendo1,loot_vil,1803,90,2026-09-28
1577416837,Kretok,loot_vil,1804,90,2026-09-02
1577512450,Kampfkeks87,loot_vil,1805,90,2026-08-30
1576699503,xFaustx,loot_vil,1806,89,2026-09-05
1577538046,Partybauch,loot_vil,1807,89,2026-10-02
2128175,Lord Manfa,loot_vil,1808,89,2026-09-28
272291,good punisher,loot_vil,1809,88,2026-08-28
1577466830,Hammerburger,loot_vil,1810,88,2026-10-03
1577464556,kingscrosss,loot_vil,1811,88,2026-09-03
9960037,Boss Xca,loot_vil,1812,88,2026-09-12
9757868,MAXIMUS-02,loot_vil,1813,88,2026-08-30
1577545542,Andratas1967,loot_vil,1814,88,2026-09-30
1577039235,KamelDieb,loot_vil,1815,88,2026-09-22
9713061,Waintganden,loot_vil,1816,88,2026-09-13
1577004394,End-.HIDORI,loot_vil,1817,88,2026-08-29
1577397284,ThanathanMD,loot_vil,1818,87,2026-09-10
3162736,schlotzi,loot_vil,1819,87,2026-09-02
1577543449,ButtenNengel,loot_vil,1820,87,2026-09-12
1577536630,AmoreVero,loot_vil,1821,87,2026-09-29
1577436002,LiPi92,loot_vil,1822,87,2026-09-30
1577531670,Grum,loot_vil,1823,87,2026-09-06
1577528727,General Krassus,loot_vil,1824,87,2026-09-01
1324944,50 Alexander,loot_vil,1825,87,2026-09-25
1577519994,devlous,loot_vil,1826,87,2026-09-20
10118752,clash77,loot_vil,1827,87,2026-08-29
1577501337,gregorbr,loot_vil,1828,87,2026-10-03
1577464811,Ratohym,loot_vil,1829,86,2026-09-04
1576349760,Templer60,loot_vil,1830,86,2026-08-26
1442482,ThanaTos3k,loot_vil,1831,86,2026-08-28
1577341568,EmTee1905,loot_vil,1832,86,2026-09-06
1577441213,kifretil,loot_vil,1833,86,2026-10-03
1577507622,jc-yello,loot_vil,1834,86,2026-09-14
1577500897,hufi20,loot_vil,1835,86,2026-09-29
1577188140,Fafnir,loot_vil,1836,85,2026-08-28
1577283444,derTrollinger,loot_vil,1837,85,2026-09-21
8679106,Guantanamera,loot_vil,1838,85,2026-09-28
1577058013,*Rantanplan,loot_vil,1839,85,2026-09-02
1576645733,kurtohnegurt,loot_vil,1840,85,2026-09-28
1577545264,FadRamboo,loot_vil,1841,85,2026-10-02
1577524585,connelum,loot_vil,1842,85,2026-08-28
8921774,enchantra,loot_vil,1843,85,2026-09-10
1577505736,gatzby,loot_vil,1844,85,2026-09-02
1577302041,giwrgoskts,loot_vil,1845,85,2026-09-26
1577483707,pliro88,loot_vil,1846,84,2026-09-02
366473,McMarek85,loot_vil,1847,84,2026-09-17
1577462648,Idrol,loot_vil,1848,84,2026-09-06
7954330,Ritter ohne Mut,loot_vil,1849,84,2026-08-29
1577545657,manashan6347,loot_vil,1850,84,2026-10-01
1577444380,sberber,loot_vil,1851,84,2026-09-04
2541410,Quasel,loot_vil,1852,84,2026-10-01
1577420867,Dadiz,loot_vil,1853,84,2026-10-01
1576662455,colege,loot_vil,1854,83,2026-10-03
1576356553,Doktor,loot_vil,1855,83,2026-09-03
1518944,Atlam,loot_vil,1856,83,2026-09-24
3411934,Mickey69,loot_vil,1857,83,2026-09-28
9088940,yakusa75,loot_vil,1858,82,2026-09-24
9387446,königlennard1,loot_vil,1859,82,2026-09-29
2684434,tgru1,loot_vil,1860,82,2026-09-05
1577546978,gogo69,loot_vil,1861,82,2026-09-27
1577546955,M3trixx,loot_vil,1862,82,2026-10-01
1577545697,Z3R0X,loot_vil,1863,82,2026-09-22
1577540500,Faros,loot_vil,1864,82,2026-10-03
8816541,HausaufgabenGemacht?,loot_vil,1865,82,2026-08-28
2246298,Lady Sarah 2002,loot_vil,1866,81,2026-09-03
1109602,totodami,loot_vil,1867,81,2026-09-12
1577495418,Saralina,loot_vil,1868,80,2026-10-03
986329,NoArch,loot_vil,1869,80,2026-09-24
1577284366,v E x,loot_vil,1870,80,2026-10-03
1576778129,hajüschi57,loot_vil,1871,80,2026-09-06
1576155415,sascha zillenbiller,loot_vil,1872,80,2026-09-21
1577354066,SexyHexi,loot_vil,1873,80,2026-10-03
8751337,-Horrorfreak-,loot_vil,1874,80,2026-09-25
1577545807,NisaKimosabe,loot_vil,1875,80,2026-09-14
1577537140,Ingo-im-Twingo,loot_vil,1876,80,2026-09-20
1577129123,harur 555,loot_vil,1877,80,2026-08-31
1577522967,Niki90,loot_vil,1878,80,2026-09-07
10192925,Dahra,loot_vil,1879,79,2026-08-27
1577392630,Graf Scheißer,loot_vil,1880,79,2026-08-29
1576378335,BasherTime,loot_vil,1881,79,2026-09-08
1577364944,Corvus,loot_vil,1882,79,2026-09-09
3252877,Mike1893,loot_vil,1883,79,2026-09-29
1577548532,Republik,loot_vil,1884,79,2026-10-03
1577547508,Stonecity,loot_vil,1885,79,2026-10-03
1577545062,Coookiezzz,loot_vil,1886,79,2026-09-09
1577543898,aky16,loot_vil,1887,79,2026-09-05
1577538698,Lord Fetzy,loot_vil,1888,79,2026-08-30
1577526879,Tawdry,loot_vil,1889,79,2026-09-10
1577412013,Phil Losoph,loot_vil,1890,79,2026-08-30
1577195098,RSPSOG,loot_vil,1891,78,2026-09-03
1577190559,william95,loot_vil,1892,78,2026-08-29
1576067811,watchdogs,loot_vil,1893,78,2026-09-14
1577539015,Lootmilla,loot_vil,1894,78,2026-09-09
1577532404,seppo.stian,loot_vil,1895,78,2026-09-08
1576420299,SiRiUsTm,loot_vil,1896,78,2026-09-17
8120170,Lord Diggnsagg,loot_vil,1897,78,2026-09-27
614761,d ugt,loot_vil,1898,78,2026-08-29
8005194,Spliffstar85,loot_vil,1899,78,2026-09-28
1577202434,Matthew144,loot_vil,1900,78,2026-08-30
1577300179,DEFCON 1,loot_vil,1901,78,2026-10-03
1577493814,lilxan,loot_vil,1902,77,2026-10-01
1093771,Thyros,loot_vil,1903,77,2026-09-05
477421,skareb,loot_vil,1904,77,2026-09-02
133852,Broncho,loot_vil,1905,77,2026-09-11
1577533226,p0rn0wiLLi,loot_vil,1906,77,2026-09-14
9219282,Mariechen Jolie,loot_vil,1907,77,2026-09-11
1577406690,Drifter69,loot_vil,1908,77,2026-10-03
1577299867,See You In Valhalla,loot_vil,1909,76,2026-09-20
1577294676,Kühlschrank,loot_vil,1910,76,2026-09-02
1577393712,A007,loot_vil,1911,76,2026-08-30
1577383778,Schnecken.Haus,loot_vil,1912,76,2026-09-29
1577545668,Laengersen,loot_vil,1913,76,2026-09-20
1577328631,holzi1996,loot_vil,1914,76,2026-10-02
8111844,joggi24,loot_vil,1915,76,2026-09-07
9911246,Kortaar,loot_vil,1916,76,2026-10-03
8308415,Lord Michael der Grosse,loot_vil,1917,76,2026-09-14
1576304811,Nuyke132,loot_vil,1918,76,2026-09-03
1577395217,GolfVI,loot_vil,1919,75,2026-09-30
1577483702,Feuerdolch,loot_vil,1920,75,2026-09-27
1354094,hevi,loot_vil,1921,75,2026-09-04
1577544058,xZerz,loot_vil,1922,75,2026-09-05
1577542930,SünnetciOg,loot_vil,1923,75,2026-10-03
1577537188,FriedrichMerz,loot_vil,1924,75,2026-08-28
9432494,Brauner 79,loot_vil,1925,75,2026-09-28
1577232385,TobiGie,loot_vil,1926,75,2026-09-12
299371,pwnd,loot_vil,1927,74,2026-09-30
1576997658,Schlingelchen,loot_vil,1928,74,2026-08-29
1577283427,JediMindTrick94,loot_vil,1929,74,2026-09-11
8677916,king-of-nothing,loot_vil,1930,74,2026-08-31
9374692,Caesar 42,loot_vil,1931,74,2026-10-03
1576057874,BrianherodesJunior,loot_vil,1932,74,2026-09-18
8547967,money rulez,loot_vil,1933,74,2026-09-01
1577546862,KaffeeInDerTeetasse,loot_vil,1934,74,2026-09-28
1577545972,Flo.,loot_vil,1935,74,2026-09-25
1577545442,Lord ZaZa,loot_vil,1936,74,2026-10-03
1577544432,usgZombie,loot_vil,1937,74,2026-10-01
1577537938,Lord Walki,loot_vil,1938,74,2026-09-03
1577026463,dreiUndeinWenig,loot_vil,1939,74,2026-09-27
9023586,Flamin,loot_vil,1940,74,2026-09-07
8499874,Mad Maxi,loot_vil,1941,73,2026-09-24
1577396699,Donpromillo1987,loot_vil,1942,73,2026-08-30
9794087,mrtobiar,loot_vil,1943,73,2026-09-18
1577491792,AndyReinke,loot_vil,1944,73,2026-08-29
1577547957,Zuckerzusatz,loot_vil,1945,73,2026-10-02
2444984,Bauernsepp,loot_vil,1946,73,2026-09-13
9743622,Z3rst03r3r,loot_vil,1947,73,2026-09-25
8924265,David Ross,loot_vil,1948,73,2026-09-30
2177751,Graf Blacula,loot_vil,1949,72,2026-08-31
1577545626,HD-Carinthia,loot_vil,1950,72,2026-10-03
9644708,Niborr11,loot_vil,1951,72,2026-10-03
1577544629,Schnitzeljagd,loot_vil,1952,72,2026-09-09
9533770,aimmarkx3,loot_vil,1953,72,2026-09-08
1577533012,Bonsai,loot_vil,1954,72,2026-10-02
1576025187,Toofi,loot_vil,1955,72,2026-09-19
8790349,.King-Dani.,loot_vil,1956,71,2026-09-15
10189407,Reibekuchen,loot_vil,1957,71,2026-09-14
1577486504,Slawa,loot_vil,1958,71,2026-10-03
1577382134,alexderbiker,loot_vil,1959,71,2026-09-13
550694,toni2805,loot_vil,1960,71,2026-09-13
1577546169,PrinzKarnval,loot_vil,1961,71,2026-09-23
1577544852,TheGraaf,loot_vil,1962,71,2026-09-20
1577543678,SiggiSiggolovSiggoson,loot_vil,1963,71,2026-10-03
1577543096,Grischä,loot_vil,1964,71,2026-09-25
1577531957,Darnamur125,loot_vil,1965,71,2026-10-01
1577526593,Qidi92,loot_vil,1966,71,2026-09-18
10114864,schapowal,loot_vil,1967,71,2026-09-10
1577511084,Lord Lichtbringer,loot_vil,1968,71,2026-09-23
1577009556,Bengser,loot_vil,1969,71,2026-09-04
1577388885,Necton1,loot_vil,1970,70,2026-10-03
1577385533,kamade,loot_vil,1971,70,2026-09-09
2178609,Schmackos,loot_vil,1972,70,2026-09-07
9973716,chriscross1987,loot_vil,1973,70,2026-10-03
1576873095,ph97,loot_vil,1974,70,2026-09-09
1577358124,Finny,loot_vil,1975,70,2026-08-28
1577457619,Acee,loot_vil,1976,70,2026-09-26
1577148956,Namless,loot_vil,1977,70,2026-09-01
1577542395,KönigLöwenherz,loot_vil,1978,70,2026-09-20
1577537029,MrDNobody98,loot_vil,1979,70,2026-09-07
1577336182,zorro,loot_vil,1980,70,2026-09-30
1577531622,celly2015,loot_vil,1981,70,2026-10-02
1577528780,TheWashstone,loot_vil,1982,70,2026-10-03
1576122141,Swapmeet,loot_vil,1983,70,2026-09-26
1577514864,Würfelhusten,loot_vil,1984,70,2026-09-15
1577401927,Manolito2,loot_vil,1985,70,2026-09-13
1576563053,Atek,loot_vil,1986,69,2026-09-01
1577153617,Cronos,loot_vil,1987,69,2026-10-01
1575936953,Der-alte-Sack,loot_vil,1988,69,2026-10-02
1577528385,Getepik,loot_vil,1989,69,2026-09-01
1577522385,Dr Schulle,loot_vil,1990,69,2026-09-10
2220214,Japo1,loot_vil,1991,69,2026-09-15
3019681,Sennerin,loot_vil,1992,69,2026-09-20
1577419227,Raphi66,loot_vil,1993,69,2026-08-26
1577518171,MarekDerErste,loot_vil,1994,69,2026-09-29
1577515197,haditschau,loot_vil,1995,69,2026-09-09
1576577871,xInfamous,loot_vil,1996,68,2026-09-25
2671317,Kle-92,loot_vil,1997,68,2026-09-29
1576658413,KaffeeJunky,loot_vil,1998,68,2026-10-03
1577546384,Schattenlord27,loot_vil,1999,68,2026-10-03
2741812,Dragon Burg,loot_vil,2000,68,2026-09-04
1577332496,Kishi,loot_vil,2001,68,2026-08-30
1577303143,robsen3011,loot_vil,2002,68,2026-09-04
1577295106,trickpat,loot_vil,2003,67,2026-09-24
1577183141,Zeus1972,loot_vil,2004,67,2026-09-19
1577169755,SeenViper,loot_vil,2005,67,2026-09-07
1576266099,Marthel12,loot_vil,2006,67,2026-09-09
1576761492,janwe01,loot_vil,2007,67,2026-09-07
1577544212,GreyLord,loot_vil,2008,67,2026-09-24
1577543435,goldfisch98,loot_vil,2009,67,2026-08-30
1577538591,MikeMagic,loot_vil,2010,67,2026-09-28
1577035038,KobeerBryant,loot_vil,2011,67,2026-09-09
2130884,thokem,loot_vil,2012,67,2026-09-05
1577522044,Big Stein,loot_vil,2013,67,2026-08-29
8416945,saik06,loot_vil,2014,67,2026-09-08
1577384184,kooluu,loot_vil,2015,66,2026-09-08
1576982506,BeFloKi,loot_vil,2016,66,2026-09-06
8468592,FANKY III,loot_vil,2017,66,2026-10-03
1577459379,Lord Lexxer,loot_vil,2018,66,2026-09-30
556673,Cyberdominik,loot_vil,2019,66,2026-08-30
1577547069,Donvindon,loot_vil,2020,66,2026-10-02
1577533647,DonaldTrump,loot_vil,2021,66,2026-08-28
1125583,Mickylein,loot_vil,2022,66,2026-09-20
1577505545,Fliesenhütte,loot_vil,2023,66,2026-09-20
8088379,joschi2000,loot_vil,2024,65,2026-09-28
1577187912,Yoshi85,loot_vil,2025,65,2026-09-01
1577486805,Ailton32,loot_vil,2026,65,2026-08-28
1577486614,Metty79,loot_vil,2027,65,2026-08-29
1575986581,wheinachtsmann 2,loot_vil,2028,65,2026-09-02
1576669167,GIB8,loot_vil,2029,65,2026-10-03
1575961225,Lord nex213,loot_vil,2030,65,2026-09-16
9157999,DunkleHand,loot_vil,2031,65,2026-09-27
1577547012,Gast547012,loot_vil,2032,65,2026-09-26
1577546496,Kitaronia,loot_vil,2033,65,2026-09-20
1577537583,Ragnock,loot_vil,2034,65,2026-09-12
333547,K.G.S,loot_vil,2035,65,2026-09-11
520283,prinzwilli,loot_vil,2036,65,2026-09-15
1577207636,Falke92,loot_vil,2037,65,2026-09-01
1497019,Sharkmore,loot_vil,2038,64,2026-09-02
3074049,Alexa555,loot_vil,2039,64,2026-09-30
1576655807,JibrilBestWaifu,loot_vil,2040,64,2026-09-06
1576647692,major-chang,loot_vil,2041,64,2026-09-19
1577546104,MR A1mAssist,loot_vil,2042,64,2026-09-30
1577544464,Zaryod,loot_vil,2043,64,2026-09-05
8743494,Lotterjan,loot_vil,2044,64,2026-09-08
1577540630,LucyPyre,loot_vil,2045,64,2026-09-13
8726402,Cheguevarra,loot_vil,2046,64,2026-09-27
1577523776,Lord Whity59,loot_vil,2047,64,2026-10-03
1576717468,reykra,loot_vil,2048,64,2026-08-28
2513210,Red208,loot_vil,2049,64,2026-09-22
1577510412,giannnnii,loot_vil,2050,64,2026-09-02
1577405087,Jokkel,loot_vil,2051,64,2026-09-17
902658,jeannedarc49,loot_vil,2052,64,2026-09-26
8071280,xXHorst OliverXx,loot_vil,2053,63,2026-09-07
1577452009,MrWeed,loot_vil,2054,63,2026-08-30
1577545413,ReePplay,loot_vil,2055,63,2026-09-20
1577545190,LeonsDaw,loot_vil,2056,63,2026-09-20
1577543025,Kigomo23,loot_vil,2057,63,2026-10-01
1577542544,Leonidas2,loot_vil,2058,63,2026-09-01
1577539033,elosso92,loot_vil,2059,63,2026-08-30
1576807316,Cpt.MorganLatte,loot_vil,2060,63,2026-08-27
1576898454,pente phrenes,loot_vil,2061,62,2026-08-27
1576990588,xiUnikat,loot_vil,2062,62,2026-09-01
1989819,Endless21,loot_vil,2063,62,2026-09-07
1577483845,Senju Wakasa,loot_vil,2064,62,2026-09-25
1577380706,Rami481,loot_vil,2065,62,2026-09-17
9076037,Zappenduster64,loot_vil,2066,62,2026-10-02
1167086,green-girl,loot_vil,2067,62,2026-09-01
863854,Hagenug,loot_vil,2068,62,2026-10-02
1576855663,Alibaba Steunzelmann,loot_vil,2069,62,2026-09-02
1576247077,Ivan13,loot_vil,2070,62,2026-09-25
1576645834,3FingerMoe,loot_vil,2071,62,2026-09-22
2240021,pipin68,loot_vil,2072,62,2026-09-23
1577530473,Krachbummente,loot_vil,2073,62,2026-09-15
1577127354,Pullover,loot_vil,2074,62,2026-09-06
1576624664,Grönländer,loot_vil,2075,62,2026-09-14
1577505797,LordFrosch,loot_vil,2076,62,2026-09-18
1577301232,regenmantel,loot_vil,2077,62,2026-08-30
1577499723,Bossbert,loot_vil,2078,61,2026-09-28
1577485497,goodmorning,loot_vil,2079,61,2026-10-03
1577084206,INKOGNITO,loot_vil,2080,61,2026-09-17
8883289,alexaar,loot_vil,2081,61,2026-10-03
1576068536,SiraJohn,loot_vil,2082,61,2026-09-20
1577455681,AdelTawil,loot_vil,2083,61,2026-09-10
1577151127,Lollxy,loot_vil,2084,61,2026-09-12
1577544975,Alies55,loot_vil,2085,61,2026-09-12
1577543374,Agent1OO,loot_vil,2086,61,2026-08-28
1576143090,WhiteHorse,loot_vil,2087,61,2026-09-16
1576937737,sachse72,loot_vil,2088,61,2026-10-03
1577537362,Hansmann959,loot_vil,2089,61,2026-09-25
1576835232,VareMeGaming,loot_vil,2090,61,2026-09-01
8324097,Rocker Max,loot_vil,2091,61,2026-08-31
1577387087,Kobrie,loot_vil,2092,60,2026-09-17
2185695,Buddel,loot_vil,2093,60,2026-09-28
1577075090,Fendtinator,loot_vil,2094,60,2026-09-11
1577367258,Ladoga,loot_vil,2095,60,2026-10-03
8562343,rocktroll,loot_vil,2096,60,2026-09-27
10047033,odinsherr,loot_vil,2097,60,2026-08-29
1577546060,Kelsier,loot_vil,2098,60,2026-09-22
1577544882,hohmsen,loot_vil,2099,60,2026-09-13
1577139820,SGBene,loot_vil,2100,60,2026-09-29
1577539719,MacPlayer,loot_vil,2101,60,2026-09-11
1577537981,LastManStanding,loot_vil,2102,60,2026-09-01
1576732605,sue-la,loot_vil,2103,60,2026-09-18
8831957,manny0,loot_vil,2104,60,2026-08-30
1577529215,Nocharlie,loot_vil,2105,60,2026-09-01
1577425872,iMAX Fischii,loot_vil,2106,60,2026-09-17
1576920235,König Noah,loot_vil,2107,60,2026-09-21
7976002,nicklas2009,loot_vil,2108,59,2026-09-02
1577455741,quezzchen,loot_vil,2109,59,2026-10-02
1577546134,Zirra385,loot_vil,2110,59,2026-09-26
1577545992,Ruby007,loot_vil,2111,59,2026-09-15
1244552,allymante,loot_vil,2112,59,2026-09-21
1577535367,johnpolisch,loot_vil,2113,59,2026-09-23
1577332569,KingGenetik,loot_vil,2114,59,2026-09-29
1577425893,MTru,loot_vil,2115,59,2026-08-28
1577524889,maeasy,loot_vil,2116,59,2026-09-15
1577422981,The Marshall,loot_vil,2117,59,2026-09-10
9521725,k1nqk0rq,loot_vil,2118,59,2026-09-15
211951,eurofighter89,loot_vil,2119,59,2026-08-28
111003,the dark kasa,loot_vil,2120,59,2026-09-26
1576907480,goldengel,loot_vil,2121,59,2026-09-03
8707259,silly27,loot_vil,2122,59,2026-09-30
2206898,Enterprise 2,loot_vil,2123,59,2026-09-20
1577284885,Horst-MG,loot_vil,2124,58,2026-09-17
1577380259,Narugrul,loot_vil,2125,58,2026-09-11
1577172863,Knoblauchbrot,loot_vil,2126,58,2026-09-17
72835,kasperkarl,loot_vil,2127,58,2026-09-16
1576462603,AngelofDoom,loot_vil,2128,58,2026-08-27
549261,usherle,loot_vil,2129,58,2026-09-13
1577545374,Riegla00,loot_vil,2130,58,2026-09-07
1577537248,Nigel91,loot_vil,2131,58,2026-09-02
1577530653,King Esek,loot_vil,2132,58,2026-09-10
1577327700,KaldyIndustrie,loot_vil,2133,58,2026-09-04
2022683,Tim20051,loot_vil,2134,58,2026-09-24
2722276,Jöel,loot_vil,2135,58,2026-10-02
7805918,MoehreOlli,loot_vil,2136,58,2026-09-04
1576990782,falke9911,loot_vil,2137,57,2026-10-02
1577387524,asstograss,loot_vil,2138,57,2026-09-01
1577484815,Tueddie,loot_vil,2139,57,2026-09-23
1577449974,Auryn45,loot_vil,2140,57,2026-09-26
1577547395,Seriousgamma,loot_vil,2141,57,2026-10-01
1577546545,Preiniggg,loot_vil,2142,57,2026-09-19
1577545122,Sir Baumstamm,loot_vil,2143,57,2026-09-12
3143715,EchtkPvL,loot_vil,2144,57,2026-08-31
1577542411,Felix17,loot_vil,2145,57,2026-09-28
1577524173,Klosii,loot_vil,2146,57,2026-10-03
1577485766,crazy4ever,loot_vil,2147,56,2026-09-07
1576985337,TheTitan,loot_vil,2148,56,2026-09-13
1577362260,Lentso,loot_vil,2149,56,2026-08-30
1153440,FRAH,loot_vil,2150,56,2026-09-05
1577545759,Kingarthur 45,loot_vil,2151,56,2026-10-02
1577541060,RoteArmeeMaus,loot_vil,2152,56,2026-09-19
1577538120,tfpflorian,loot_vil,2153,56,2026-09-18
1577531745,Miss Monchichi,loot_vil,2154,56,2026-10-01
1577519502,Nenieds,loot_vil,2155,56,2026-09-05
1577501675,König Bonobo,loot_vil,2156,56,2026-09-16
1577386883,paussei,loot_vil,2157,55,2026-08-31
9486136,-Alpha-Wolf-,loot_vil,2158,55,2026-08-31
1577183423,unique,loot_vil,2159,55,2026-09-21
9569646,dieter2808,loot_vil,2160,55,2026-09-12
1575953070,Emanuel Lasker,loot_vil,2161,55,2026-09-26
1577545291,Lemmon1604,loot_vil,2162,55,2026-09-15
1577540329,Annixi,loot_vil,2163,55,2026-08-31
1577533585,hjelster,loot_vil,2164,55,2026-10-01
9932155,LBJ4MVP,loot_vil,2165,55,2026-09-28
1577520206,Stamm,loot_vil,2166,55,2026-09-16
1577112204,LordKempf,loot_vil,2167,55,2026-09-16
1577311432,Ap19942012,loot_vil,2168,55,2026-08-31
1577406443,lafofi,loot_vil,2169,55,2026-09-02
2901348,AnDup,loot_vil,2170,55,2026-09-29
794331,roddickma,loot_vil,2171,54,2026-08-28
1576892184,Flashbeam,loot_vil,2172,54,2026-09-12
1576089655,Thorkel,loot_vil,2173,54,2026-09-24
1956243,nistor,loot_vil,2174,54,2026-09-03
1577547039,DominikDuHuan,loot_vil,2175,54,2026-10-03
1577547003,Ostarrichi,loot_vil,2176,54,2026-09-29
1577546848,Gast546848,loot_vil,2177,54,2026-10-01
1577546846,lordeagnar,loot_vil,2178,54,2026-09-29
1577545168,Setgreen,loot_vil,2179,54,2026-10-03
1577445069,Moritz0509,loot_vil,2180,54,2026-09-04
2642692,Amydala32,loot_vil,2181,54,2026-10-03
341231,flockie,loot_vil,2182,54,2026-09-22
1577532841,Bader 95,loot_vil,2183,54,2026-09-12
1577532730,Elamaus,loot_vil,2184,54,2026-09-23
1577524298,cadille,loot_vil,2185,54,2026-09-25
1577419383,Pettheripper73,loot_vil,2186,54,2026-09-11
1577517180,jayjay955,loot_vil,2187,54,2026-09-10
1576914570,blueorange,loot_vil,2188,54,2026-10-01
8209720,Todland,loot_vil,2189,54,2026-09-15
10105414,Atlantean,loot_vil,2190,54,2026-09-12
1577404165,dietz2,loot_vil,2191,54,2026-09-07
1577384617,Anxiety Overdose,loot_vil,2192,53,2026-08-27
1576476421,Iron Hero,loot_vil,2193,53,2026-09-30
1577165089,Skurima,loot_vil,2194,53,2026-09-17
2656458,Der Rächer der H.,loot_vil,2195,53,2026-09-04
1577546640,Fleur05,loot_vil,2196,53,2026-09-28
1577542912,Lord Hartmann,loot_vil,2197,53,2026-10-01
1577539581,Eren Jäger,loot_vil,2198,53,2026-09-21
9031418,JubaTBS,loot_vil,2199,53,2026-09-12
2815069,Ares01,loot_vil,2200,53,2026-08-30
1577510325,K. O. Nig,loot_vil,2201,53,2026-08-29
1577305275,Bluebull,loot_vil,2202,53,2026-09-15
2904998,Winney Puuh1,loot_vil,2203,53,2026-09-09
9899518,Hiotori,loot_vil,2204,52,2026-09-03
9592232,Moaddl****,loot_vil,2205,52,2026-10-01
1576491315,Hjalfar,loot_vil,2206,52,2026-09-15
1576886455,Headshot80y,loot_vil,2207,52,2026-08-30
2883671,S6Avant,loot_vil,2208,52,2026-10-01
1577380860,phil2305,loot_vil,2209,52,2026-10-01
1180286,bigking1,loot_vil,2210,52,2026-09-02
8051260,boschtler,loot_vil,2211,52,2026-09-15
1577546620,ma-ba,loot_vil,2212,52,2026-10-02
1577545499,Schechi,loot_vil,2213,52,2026-09-15
1577543959,mafo172,loot_vil,2214,52,2026-08-31
1575940519,Oger1991,loot_vil,2215,52,2026-09-21
8033485,gerwolfen,loot_vil,2216,52,2026-08-30
9827597,kaoli,loot_vil,2217,52,2026-10-03
9420921,xXxBomber96xXX,loot_vil,2218,52,2026-09-19
9613917,fireCannon,loot_vil,2219,52,2026-08-30
1577513511,EvilActivity,loot_vil,2220,52,2026-09-04
9209495,xderthomas1x,loot_vil,2221,52,2026-09-04
1577206838,werner 61,loot_vil,2222,52,2026-09-16
1577400745,Marth65,loot_vil,2223,52,2026-09-08
1577499999,marmadropula,loot_vil,2224,51,2026-09-17
10291874,wanield,loot_vil,2225,51,2026-09-27
9170540,Mausebär69,loot_vil,2226,51,2026-09-03
1577547070,arlac,loot_vil,2227,51,2026-10-03
1577545853,Johnboyy,loot_vil,2228,51,2026-09-30
1576138691,DieGallier,loot_vil,2229,51,2026-09-02
1576937611,noxzz,loot_vil,2230,51,2026-08-29
1577535034,Hansi0203,loot_vil,2231,51,2026-09-06
1577420114,Shyngz,loot_vil,2232,51,2026-10-03
1577490243,sikama,loot_vil,2233,50,2026-09-10
1576680602,Lord weedstar420,loot_vil,2234,50,2026-08-30
1577278426,xGREENMOONx,loot_vil,2235,50,2026-10-03
1577370216,tayfoxi,loot_vil,2236,50,2026-09-25
9868021,unioner78,loot_vil,2237,50,2026-08-29
1755579,sebi994,loot_vil,2238,50,2026-09-30
1577545102,Gast545102,loot_vil,2239,50,2026-09-10
1577544518,Ritter Jamal,loot_vil,2240,50,2026-09-18
1577543688,basim,loot_vil,2241,50,2026-08-30
1643095,burni47,loot_vil,2242,50,2026-08-31
1577539907,MorrisPhil,loot_vil,2243,50,2026-09-07
1576733612,Morrighan,loot_vil,2244,50,2026-09-06
1577512980,Intervontinder,loot_vil,2245,50,2026-09-24
1577010115,erikthechamp2,loot_vil,2246,50,2026-09-02
1577508314,NASCHA RUSCHA,loot_vil,2247,50,2026-10-03
1577497717,BlueTempler,loot_vil,2248,49,2026-08-31
1576396215,Poel,loot_vil,2249,49,2026-10-01
1577494283,andi gandi,loot_vil,2250,49,2026-08-27
9589519,Assassin1904,loot_vil,2251,49,2026-09-02
1577289174,AngelofChaos92,loot_vil,2252,49,2026-09-28
1577387679,gismo2019,loot_vil,2253,49,2026-10-03
1577487129,Kynaru,loot_vil,2254,49,2026-08-28
9585439,Warhead92,loot_vil,2255,49,2026-09-14
1382731,Nicola111,loot_vil,2256,49,2026-09-10
8678939,Miggatron,loot_vil,2257,49,2026-09-13
2870253,Fritz Benedict,loot_vil,2258,49,2026-09-26
1577458844,Pr0Misa,loot_vil,2259,49,2026-09-06
1577250846,Gumble1983,loot_vil,2260,49,2026-09-22
3449925,Hexe Lilly,loot_vil,2261,49,2026-09-30
1577547118,Jon Der Misanthrop,loot_vil,2262,49,2026-09-29
1577547067,Kremil,loot_vil,2263,49,2026-09-28
1577546356,laptiira,loot_vil,2264,49,2026-09-26
1577545134,hansih91,loot_vil,2265,49,2026-09-15
10240356,jut300,loot_vil,2266,49,2026-09-02
1577537844,bvb-bomber96,loot_vil,2267,49,2026-08-29
1577536604,Peet1887,loot_vil,2268,49,2026-09-11
1577533940,Derya2208,loot_vil,2269,49,2026-09-13
131441,Lübby,loot_vil,2270,49,2026-10-03
1577530556,Zeuni,loot_vil,2271,49,2026-09-14
1577528593,Bube53,loot_vil,2272,49,2026-09-30
1577124090,BornToBash,loot_vil,2273,49,2026-09-07
1576823565,DVD91,loot_vil,2274,49,2026-09-26
8815904,rrr68,loot_vil,2275,49,2026-09-11
8814768,Arcadion,loot_vil,2276,49,2026-08-31
809354,Hennessy,loot_vil,2277,49,2026-09-08
1577498623,the-Ultra-King,loot_vil,2278,48,2026-09-04
1577489545,Sebraskus,loot_vil,2279,48,2026-09-07
1576889009,Mr. Mojo,loot_vil,2280,48,2026-09-15
1577546512,MoveMove,loot_vil,2281,48,2026-10-01
1577538108,Bigos,loot_vil,2282,48,2026-09-18
1576031502,Lord Hagen v. Tronje,loot_vil,2283,48,2026-09-01
8230207,Conan43,loot_vil,2284,48,2026-09-19
9830022,Lord bayerndödel,loot_vil,2285,48,2026-09-01
1577527449,N1kl45,loot_vil,2286,48,2026-09-04
8015217,DreamTerror3112,loot_vil,2287,48,2026-09-25
9514208,Kohut,loot_vil,2288,48,2026-09-21
8006337,stri-72,loot_vil,2289,48,2026-09-24
1577005782,H4dz0R,loot_vil,2290,48,2026-09-03
9700469,ThoraldRagnarsson,loot_vil,2291,48,2026-09-15
1577499191,gabagool,loot_vil,2292,47,2026-08-27
1577296703,Technoheini,loot_vil,2293,47,2026-08-31
1577489259,funstadt,loot_vil,2294,47,2026-09-03
9683680,flake45,loot_vil,2295,47,2026-09-09
1577053574,Cryzoa,loot_vil,2296,47,2026-08-30
1577547629,Firefufu,loot_vil,2297,47,2026-10-02
1577546700,Draks,loot_vil,2298,47,2026-09-26
1577544274,Keule60,loot_vil,2299,47,2026-10-02
1577436996,Abels49,loot_vil,2300,47,2026-08-31
733755,Donn promillo,loot_vil,2301,47,2026-09-16
8430997,kingkodde,loot_vil,2302,47,2026-09-13
1576725981,Lord Klaus Gröschl,loot_vil,2303,47,2026-09-19
1577523746,theGodofWar,loot_vil,2304,47,2026-09-19
1577518132,Lord-WK,loot_vil,2305,47,2026-09-16
1577516923,Stabilrunner,loot_vil,2306,47,2026-09-11
1916922,yv77,loot_vil,2307,47,2026-09-02
1016918,.RetroVirus,loot_vil,2308,47,2026-09-02
1577408106,VitaZz97,loot_vil,2309,47,2026-08-29
7784288,Koreison,loot_vil,2310,46,2026-10-02
1577381110,Konz,loot_vil,2311,46,2026-08-29
1576858619,Noo-Noo,loot_vil,2312,46,2026-08-29
1577355633,Bierhefe,loot_vil,2313,46,2026-09-12
1577546799,Syrtanos,loot_vil,2314,46,2026-09-25
1577545529,Bierbaron0815,loot_vil,2315,46,2026-09-14
1577545030,Sebel,loot_vil,2316,46,2026-09-17
10041214,Ritter-Fips,loot_vil,2317,46,2026-09-13
239493,colonist,loot_vil,2318,46,2026-09-01
1577539206,Audra,loot_vil,2319,46,2026-10-03
2524878,hagtysja,loot_vil,2320,46,2026-09-06
7921348,Chapman65,loot_vil,2321,46,2026-09-26
1520704,Andy2905,loot_vil,2322,46,2026-08-29
1577516528,Slippery,loot_vil,2323,46,2026-09-07
1576712705,MausRainbowcookie,loot_vil,2324,46,2026-08-27
1577406096,Ol Mac Huffington,loot_vil,2325,46,2026-08-27
9704970,Lucifer,loot_vil,2326,46,2026-09-26
1577371457,Starfaze,loot_vil,2327,45,2026-08-31
8968526,bollan,loot_vil,2328,45,2026-09-02
1577262710,militantetante,loot_vil,2329,45,2026-09-22
7958107,Luck1104,loot_vil,2330,45,2026-09-26
1577039227,sepuss,loot_vil,2331,45,2026-09-28
8836591,Valkyren,loot_vil,2332,45,2026-09-13
1577533787,Che fastidio,loot_vil,2333,45,2026-08-31
1577427188,duselber,loot_vil,2334,45,2026-09-04
1577423955,LuCo,loot_vil,2335,45,2026-09-22
313901,Malekith,loot_vil,2336,45,2026-09-27
1577412941,Hornet0997,loot_vil,2337,45,2026-10-01
1577512067,Flocke05,loot_vil,2338,45,2026-09-01
1577310424,Olixer,loot_vil,2339,45,2026-09-19
9307854,Ubbser11,loot_vil,2340,45,2026-08-29
1577305996,Woody93,loot_vil,2341,45,2026-10-02
9292921,Wanderers,loot_vil,2342,44,2026-09-06
1576691820,Itz ALL Ogre now,loot_vil,2343,44,2026-09-25
1091740,BlackWitch83,loot_vil,2344,44,2026-09-06
1576291593,Lord Jason King,loot_vil,2345,44,2026-09-05
1577355782,Loris1904,loot_vil,2346,44,2026-09-02
1577353159,Caasseerraa,loot_vil,2347,44,2026-09-18
3148113,bloodyface,loot_vil,2348,44,2026-08-29
1577548106,ErkaNalles,loot_vil,2349,44,2026-10-03
1577546022,RobertHabeck,loot_vil,2350,44,2026-09-16
1577544875,Akilas,loot_vil,2351,44,2026-09-28
1577538116,wiederhier0815,loot_vil,2352,44,2026-09-07
1577433923,Okais95,loot_vil,2353,44,2026-09-09
1630041,@Platoon@,loot_vil,2354,44,2026-10-02
1577329855,Player93,loot_vil,2355,44,2026-10-03
1575928808,Salvatrucha7,loot_vil,2356,44,2026-09-08
2128250,Michael73,loot_vil,2357,44,2026-10-03
1577421479,Ritter-Kunibert,loot_vil,2358,44,2026-09-14
8012511,Basilisk55,loot_vil,2359,44,2026-09-22
1577512267,bobbytrottel,loot_vil,2360,44,2026-08-31
1577102104,TeddyBaer,loot_vil,2361,44,2026-09-12
1577494463,DISC0VERY,loot_vil,2362,43,2026-09-17
1577489572,Ruffy996,loot_vil,2363,43,2026-09-06
1576889530,Cysx,loot_vil,2364,43,2026-09-20
1577389144,Mahlzeit,loot_vil,2365,43,2026-10-03
1577373312,S4nguis,loot_vil,2366,43,2026-08-28
1577463629,Elof1892,loot_vil,2367,43,2026-09-05
1260565,RoyalTiger,loot_vil,2368,43,2026-10-03
1577252455,JohnHB,loot_vil,2369,43,2026-09-22
2033355,Malleeeee,loot_vil,2370,43,2026-09-27
2629821,titchen,loot_vil,2371,43,2026-09-01
1577523924,Stonerock,loot_vil,2372,43,2026-09-20
1577521780,Ruffy,loot_vil,2373,43,2026-09-27
1577210741,Lord Tristan,loot_vil,2374,43,2026-09-03
1577502521,kampflurch,loot_vil,2375,43,2026-10-02
1577499517,Bobi0815,loot_vil,2376,42,2026-09-09
1577098185,Sakura,loot_vil,2377,42,2026-09-17
1577197630,Damnus,loot_vil,2378,42,2026-09-21
1577495320,jorge1234,loot_vil,2379,42,2026-09-24
1577491520,Scherzer7,loot_vil,2380,42,2026-09-09
8884643,Tierasyl,loot_vil,2381,42,2026-09-16
2884541,Lord Aries,loot_vil,2382,42,2026-08-30
1577180990,merino,loot_vil,2383,42,2026-08-29
2880548,Der welten Zerstörer,loot_vil,2384,42,2026-08-30
8071173,SaZzzu,loot_vil,2385,42,2026-09-15
8251401,Caprylic,loot_vil,2386,42,2026-08-31
1577546656,Klingenwolf,loot_vil,2387,42,2026-09-29
1577545528,evam,loot_vil,2388,42,2026-09-26
1577544703,GrünePest,loot_vil,2389,42,2026-09-04
1577538693,Winus,loot_vil,2390,42,2026-10-01
1577338605,Sellinger Gr,loot_vil,2391,42,2026-09-27
1576936872,König Elvis Presley,loot_vil,2392,42,2026-09-27
9832339,Cowly,loot_vil,2393,42,2026-10-03
1577531075,RatkoM,loot_vil,2394,42,2026-10-01
1576921594,killapinguin,loot_vil,2395,42,2026-09-16
1577417264,Bad Bash,loot_vil,2396,42,2026-09-25
9293195,Crasy-Monkey,loot_vil,2397,41,2026-10-03
1577492544,MariaMjay,loot_vil,2398,41,2026-09-10
1576783714,Lord Mac Georg,loot_vil,2399,41,2026-08-30
1577280535,MangoTraube3,loot_vil,2400,41,2026-10-03
9280036,Alfredux,loot_vil,2401,41,2026-08-31
1577372555,Klasmai,loot_vil,2402,41,2026-09-24
8962998,SHIFTA,loot_vil,2403,41,2026-08-31
2261699,thomas1994x,loot_vil,2404,41,2026-09-01
1577360185,grantelbart,loot_vil,2405,41,2026-08-29
1576459432,ShirKhan,loot_vil,2406,41,2026-09-08
10059408,Nuss1980,loot_vil,2407,41,2026-08-31
1576255757,Biest1,loot_vil,2408,41,2026-09-19
1576554122,Bomber3991,loot_vil,2409,41,2026-09-28
8551393,Sir Tobi von Gelderland,loot_vil,2410,41,2026-09-21
1577547871,Bigmann93,loot_vil,2411,41,2026-10-03
1577546890,Lord-Maik,loot_vil,2412,41,2026-09-28
1577544581,Schöneiche88,loot_vil,2413,41,2026-10-01
1577544414,hagiboy1,loot_vil,2414,41,2026-09-30
1577143315,nikschel,loot_vil,2415,41,2026-09-15
1577140988,Mauro7,loot_vil,2416,41,2026-09-25
1625740,Wie ich,loot_vil,2417,41,2026-09-02
1577419434,pistole90,loot_vil,2418,41,2026-09-21
1576402134,Hasenburg,loot_vil,2419,41,2026-10-02
1577498396,GarpSan,loot_vil,2420,40,2026-09-03
9196619,Flolex mit Rolex,loot_vil,2421,40,2026-09-05
1577192256,lukas1999,loot_vil,2422,40,2026-09-06
1577386410,Bratuwurst,loot_vil,2423,40,2026-09-01
1577384906,nopsess,loot_vil,2424,40,2026-09-01
1476550,Linde 100,loot_vil,2425,40,2026-09-01
8771557,OGVMKA,loot_vil,2426,40,2026-10-01
2568739,Stef der Killer,loot_vil,2427,40,2026-09-11
1577461280,iv3s72,loot_vil,2428,40,2026-09-07
1577249881,zeimmen,loot_vil,2429,40,2026-10-02
1577249320,MrMPire,loot_vil,2430,40,2026-09-13
1577548205,Zentrum des Wahnsinns,loot_vil,2431,40,2026-10-03
1577546920,Prayer90,loot_vil,2432,40,2026-09-30
1577542518,Hausi97,loot_vil,2433,40,2026-09-02
1576932853,KronenEx,loot_vil,2434,40,2026-09-14
3031607,Seuche75,loot_vil,2435,40,2026-09-11
1577429630,rfrahry,loot_vil,2436,40,2026-09-27
1577526110,xMetroid,loot_vil,2437,40,2026-09-29
1577324633,Mike55,loot_vil,2438,40,2026-09-15
1577524206,Mtzsch,loot_vil,2439,40,2026-10-02
1577523060,JörgHaider,loot_vil,2440,40,2026-09-03
1577322471,BashYou,loot_vil,2441,40,2026-09-27
1576520758,Don Jonsen,loot_vil,2442,40,2026-10-03
1577417455,alpur,loot_vil,2443,40,2026-09-18
1577115400,Superquerulant,loot_vil,2444,40,2026-09-22
1577106077,der Falke,loot_vil,2445,40,2026-09-11
1577503111,Michael 111,loot_vil,2446,40,2026-09-10
1576897201,xDaReDeViLx,loot_vil,2447,39,2026-10-03
1577396001,Gast396001,loot_vil,2448,39,2026-08-29
992163,Bunnito,loot_vil,2449,39,2026-09-08
1577291074,Graf Totti,loot_vil,2450,39,2026-09-08
1575880550,Stylisher,loot_vil,2451,39,2026-09-18
1577072244,Südwest,loot_vil,2452,39,2026-08-30
1577158244,ScHiTzZo,loot_vil,2453,39,2026-08-31
1577455589,Devil81,loot_vil,2454,39,2026-09-09
1577547387,Timotheus92,loot_vil,2455,39,2026-10-02
1577547018,Rostimann,loot_vil,2456,39,2026-09-30
1577346793,First-King,loot_vil,2457,39,2026-09-23
1577546164,GX-Land,loot_vil,2458,39,2026-09-20
1577545857,B.Bones,loot_vil,2459,39,2026-09-29
1577545347,Andy0815,loot_vil,2460,39,2026-09-17
1577544682,Pebeth,loot_vil,2461,39,2026-09-13
1577544586,stenka,loot_vil,2462,39,2026-09-09
1577543900,4KY4ZI,loot_vil,2463,39,2026-09-09
1577542227,Don Lennart,loot_vil,2464,39,2026-09-16
1577541145,Der Insi,loot_vil,2465,39,2026-08-31
1577017123,Kleine Hexe123,loot_vil,2466,39,2026-09-03
1577511040,Gaibu,loot_vil,2467,39,2026-09-18
1807708,Erik Odinson,loot_vil,2468,39,2026-08-29
1577498497,Nixda0292,loot_vil,2469,38,2026-09-08
198161,abudi,loot_vil,2470,38,2026-09-18
1577396726,zigge,loot_vil,2471,38,2026-09-27
1577495555,oh aha moin,loot_vil,2472,38,2026-08-31
1577395538,ralle84,loot_vil,2473,38,2026-09-10
1492908,Indianola,loot_vil,2474,38,2026-09-30
1792869,McCooLLL,loot_vil,2475,38,2026-08-31
1577185564,are you scar7d?,loot_vil,2476,38,2026-08-30
1576079416,Handel und Gretel,loot_vil,2477,38,2026-09-04
564586,msk06,loot_vil,2478,38,2026-08-29
1576856673,Esox96,loot_vil,2479,38,2026-09-05
1576752430,Erdbeerkopf,loot_vil,2480,38,2026-09-14
9647496,Phaith,loot_vil,2481,38,2026-09-24
1577546622,Cronexas,loot_vil,2482,38,2026-09-22
1577546238,Jonas012,loot_vil,2483,38,2026-09-29
1577546209,heini52,loot_vil,2484,38,2026-10-01
1577545920,killerplautze174,loot_vil,2485,38,2026-09-23
1577445649,BennoZ,loot_vil,2486,38,2026-09-13
1577545462,Dalben,loot_vil,2487,38,2026-09-17
1577544695,Ookev,loot_vil,2488,38,2026-09-07
1577544163,Axtfresse,loot_vil,2489,38,2026-09-23
1577544021,Armayy,loot_vil,2490,38,2026-09-03
1577143631,brygg,loot_vil,2491,38,2026-09-23
1577543289,defence04,loot_vil,2492,38,2026-09-21
1577241742,Matrix-king,loot_vil,2493,38,2026-08-29
1577540998,Verengath,loot_vil,2494,38,2026-09-21
1577538471,LordLuga,loot_vil,2495,38,2026-09-21
1577537062,miste1452,loot_vil,2496,38,2026-09-19
1576935310,Patromenti,loot_vil,2497,38,2026-09-24
1577431840,Kruse,loot_vil,2498,38,2026-09-25
1577318150,Dadahan,loot_vil,2499,38,2026-08-30
1577517307,TheSituation46,loot_vil,2500,38,2026-08-27
1577517228,TheFlow,loot_vil,2501,38,2026-10-01
1576310930,eastwarmaster,loot_vil,2502,38,2026-10-03
1577397035,Liptonlemon,loot_vil,2503,37,2026-10-01
1577394079,Massa,loot_vil,2504,37,2026-10-02
689302,saxmut1066,loot_vil,2505,37,2026-09-15
1577487537,KönigOhneReich,loot_vil,2506,37,2026-09-25
1576982550,fürstinsusi,loot_vil,2507,37,2026-08-30
1576082374,piefke22,loot_vil,2508,37,2026-09-10
1576777856,shaaadix,loot_vil,2509,37,2026-09-30
1577065153,GmaesProu,loot_vil,2510,37,2026-09-03
1577461836,fightclub76,loot_vil,2511,37,2026-09-24
1161362,Bauernkicker,loot_vil,2512,37,2026-09-13
1555549,killday,loot_vil,2513,37,2026-08-28
9852355,uuli,loot_vil,2514,37,2026-09-09
1577149615,Lord Ernir,loot_vil,2515,37,2026-09-12
1577348462,Polletti96,loot_vil,2516,37,2026-09-30
1577546020,Julian0208,loot_vil,2517,37,2026-09-22
1577545013,Valdoin,loot_vil,2518,37,2026-09-08
1577544821,mixxer34,loot_vil,2519,37,2026-09-06
1576644130,MM70,loot_vil,2520,37,2026-09-03
1577443995,Nucius,loot_vil,2521,37,2026-09-15
1577543520,Undo,loot_vil,2522,37,2026-09-05
1576343120,RonaldMcDonald,loot_vil,2523,37,2026-09-30
8632187,Kriewel,loot_vil,2524,37,2026-09-09
1577129652,der toni,loot_vil,2525,37,2026-09-05
1577528572,James2nd,loot_vil,2526,37,2026-09-08
1577424025,RaPo,loot_vil,2527,37,2026-08-31
8819338,kursch,loot_vil,2528,37,2026-09-23
1577518156,Paladin1990,loot_vil,2529,37,2026-09-22
1577016108,skull crasher,loot_vil,2530,37,2026-08-31
1577099251,cronos67,loot_vil,2531,36,2026-09-12
1577492688,Stinkstiefel,loot_vil,2532,36,2026-09-30
1577491766,KaVauEn,loot_vil,2533,36,2026-09-18
1577181462,Bonzentrip,loot_vil,2534,36,2026-09-28
7668055,EZhome,loot_vil,2535,36,2026-09-20
1577267275,Fenox,loot_vil,2536,36,2026-09-07
1865942,stonedflo,loot_vil,2537,36,2026-09-05
1577246297,yfloriaN,loot_vil,2538,36,2026-09-02
1577545614,PSKinggood,loot_vil,2539,36,2026-09-12
1577545170,Magelux,loot_vil,2540,36,2026-09-13
1577544618,Pasiix,loot_vil,2541,36,2026-09-11
1577442999,Mofaklaus,loot_vil,2542,36,2026-09-22
7940389,i wie,loot_vil,2543,36,2026-09-23
1577537163,Bambusbonze,loot_vil,2544,36,2026-09-01
9934088,shad3r,loot_vil,2545,36,2026-09-25
1577533913,Holyhole,loot_vil,2546,36,2026-08-29
1577526460,Markus168,loot_vil,2547,36,2026-09-08
1577523497,Bandit 666,loot_vil,2548,36,2026-09-21
1577521257,WhiteSparrow,loot_vil,2549,36,2026-09-10
1577313616,ski123,loot_vil,2550,36,2026-09-03
1577511588,Sir Roy,loot_vil,2551,36,2026-09-02
1577210194,Wirr,loot_vil,2552,36,2026-09-25
1577303147,Skriimler,loot_vil,2553,36,2026-09-17
1577395960,simmel,loot_vil,2554,35,2026-10-03
1577487574,Bradlay von Xanten,loot_vil,2555,35,2026-09-07
10085518,Lord Äppelwoi,loot_vil,2556,35,2026-08-31
1577085351,Hoschy,loot_vil,2557,35,2026-09-07
9785230,Lord Eleasar,loot_vil,2558,35,2026-09-30
3478371,könig Björn,loot_vil,2559,35,2026-09-05
1577467869,Warplayer101p,loot_vil,2560,35,2026-09-16
1577365295,Lord of the Rings,loot_vil,2561,35,2026-09-16
8760631,Annameh,loot_vil,2562,35,2026-09-21
1576559031,patsturm1,loot_vil,2563,35,2026-09-20
1557369,Candamir der Wikinger,loot_vil,2564,35,2026-09-01
1577354984,EinGuterName,loot_vil,2565,35,2026-08-28
1577049933,drakudirk,loot_vil,2566,35,2026-09-19
1577448877,Kimi,loot_vil,2567,35,2026-09-27
1576248246,gama8,loot_vil,2568,35,2026-09-01
1577547231,OpTiCxZ,loot_vil,2569,35,2026-10-01
7647170,konni1990,loot_vil,2570,35,2026-08-31
9947088,SKRK,loot_vil,2571,35,2026-09-20
1577547055,Failsen,loot_vil,2572,35,2026-09-27
1576946684,Sn0x,loot_vil,2573,35,2026-09-19
1577545323,Stämmephibs,loot_vil,2574,35,2026-09-15
1577544897,TeppichHaendler,loot_vil,2575,35,2026-09-06
8743574,ole86,loot_vil,2576,35,2026-10-02
1577542080,LordColt,loot_vil,2577,35,2026-09-06
1577340113,Herzog-Andi,loot_vil,2578,35,2026-09-05
2636022,myron12310,loot_vil,2579,35,2026-09-05
1234644,alex3128,loot_vil,2580,35,2026-09-30
1577533205,WamboDu,loot_vil,2581,35,2026-09-19
1576730854,Einzylinder,loot_vil,2582,35,2026-09-15
1577523119,eXceL04,loot_vil,2583,35,2026-08-28
9621123,Assassin1601,loot_vil,2584,35,2026-08-30
1211,amigote,loot_vil,2585,35,2026-09-09
1410479,Hundertzwölf,loot_vil,2586,35,2026-08-29
1577394570,MaxKing7,loot_vil,2587,34,2026-09-04
1577194022,exohq,loot_vil,2588,34,2026-10-01
1577393136,Almanovic,loot_vil,2589,34,2026-09-06
8288900,MikeDragon,loot_vil,2590,34,2026-09-01
8277166,Held der Nordfront,loot_vil,2591,34,2026-09-12
8658286,Aspen,loot_vil,2592,34,2026-09-27
10057023,bauherralex,loot_vil,2593,34,2026-09-03
1577248476,Chefmoss,loot_vil,2594,34,2026-10-02
1577548127,Richy Rich,loot_vil,2595,34,2026-10-03
9147907,WartsABerKILLTdich,loot_vil,2596,34,2026-09-30
1577546452,fbttner,loot_vil,2597,34,2026-09-22
1577542843,Lord Moni,loot_vil,2598,34,2026-10-02
3240324,Luckylos3r,loot_vil,2599,34,2026-09-24
1577137838,Konan der Barbar,loot_vil,2600,34,2026-09-12
1577133059,Dorf Rum,loot_vil,2601,34,2026-09-01
1577432960,Feggei,loot_vil,2602,34,2026-09-06
1577526179,Jettex,loot_vil,2603,34,2026-09-04
9926069,Son of Anarchy,loot_vil,2604,34,2026-09-29
1576005182,N1ne 1tachi Uchiha,loot_vil,2605,34,2026-08-29
1577500366,xApathetic,loot_vil,2606,34,2026-09-03
1577290403,Jobst von Mähren,loot_vil,2607,33,2026-09-08
1575885880,hoddewumba,loot_vil,2608,33,2026-09-04
1577269088,-Teach?,loot_vil,2609,33,2026-09-08
1577061292,king113,loot_vil,2610,33,2026-08-29
1577548495,gony-gamer,loot_vil,2611,33,2026-10-03
1577547144,MauriceKox,loot_vil,2612,33,2026-09-25
1577545085,AlphaCentauri,loot_vil,2613,33,2026-09-11
1577543602,maxxrichaard,loot_vil,2614,33,2026-09-03
1577543216,Vandair,loot_vil,2615,33,2026-09-01
1576242125,MurphyMcLoud,loot_vil,2616,33,2026-09-15
1577239282,KayOby,loot_vil,2617,33,2026-08-30
2538184,der-einsame-wolf,loot_vil,2618,33,2026-08-30
1577536213,Niklas0102,loot_vil,2619,33,2026-09-22
1577432481,Ego444,loot_vil,2620,33,2026-09-29
1576630293,Tryader,loot_vil,2621,33,2026-09-06
1577527530,Ezyr,loot_vil,2622,33,2026-08-31
9323669,fmp1968,loot_vil,2623,33,2026-09-25
1577521738,Hillerinhooo,loot_vil,2624,33,2026-09-02
1577509876,antoniaaustirol,loot_vil,2625,33,2026-10-03
1576708872,xWirro,loot_vil,2626,33,2026-09-01
1576489397,Kamalinee,loot_vil,2627,32,2026-09-03
1577485180,mc.car,loot_vil,2628,32,2026-10-01
1577076731,Merowinger,loot_vil,2629,32,2026-09-08
866632,Haaans,loot_vil,2630,32,2026-09-12
1577361925,Deinsdorfer,loot_vil,2631,32,2026-09-24
1577361154,GordonShumway,loot_vil,2632,32,2026-09-20
1577456515,L0nd0n,loot_vil,2633,32,2026-09-12
9752551,ArturGollom,loot_vil,2634,32,2026-08-31
1577547609,Needy,loot_vil,2635,32,2026-10-03
1576846661,Reboldius,loot_vil,2636,32,2026-10-03
1577246482,möta,loot_vil,2637,32,2026-09-17
1577546229,Fenisha,loot_vil,2638,32,2026-09-24
1577546207,Jägermeister90,loot_vil,2639,32,2026-09-17
1577546186,keule016,loot_vil,2640,32,2026-09-22
1577546048,NoPerFecT,loot_vil,2641,32,2026-09-18
1577544178,Dragan47,loot_vil,2642,32,2026-08-31
543535,mantu,loot_vil,2643,32,2026-09-27
1577542308,Hero 0815,loot_vil,2644,32,2026-08-28
9840953,shakattack,loot_vil,2645,32,2026-09-24
10140478,TRE KRONOR,loot_vil,2646,32,2026-09-13
1576739311,Laurel,loot_vil,2647,32,2026-09-19
2038810,Stellonyus,loot_vil,2648,32,2026-09-03
1577438080,random4u,loot_vil,2649,32,2026-09-13
1577537986,scarpex,loot_vil,2650,32,2026-09-30
1576436571,xxAuronxx,loot_vil,2651,32,2026-09-27
8135599,Adler23,loot_vil,2652,32,2026-08-29
1577532050,Powerfloh,loot_vil,2653,32,2026-09-25
1577231729,amateur,loot_vil,2654,32,2026-09-30
1577525383,Herrje.161,loot_vil,2655,32,2026-10-02
1577525039,SirFarmalot,loot_vil,2656,32,2026-09-26
4824573,S. Jeffrey,loot_vil,2657,32,2026-09-06
1577520518,Serdar0996,loot_vil,2658,32,2026-09-16
1716929,schwarzer kauz,loot_vil,2659,32,2026-08-31
1577403666,vitaspa,loot_vil,2660,32,2026-09-19
7897717,Königder Könige,loot_vil,2661,31,2026-09-08
1576793181,BordSteinLegende,loot_vil,2662,31,2026-10-03
1591268,dragodriss,loot_vil,2663,31,2026-09-14
1577490626,elby,loot_vil,2664,31,2026-09-25
1577386669,AudioApe,loot_vil,2665,31,2026-09-29
1576179409,zbnjr3b6,loot_vil,2666,31,2026-09-14
1576575051,Babbelaar,loot_vil,2667,31,2026-09-04
1577372317,Wulthor,loot_vil,2668,31,2026-09-15
10070392,Haimenchen,loot_vil,2669,31,2026-09-01
1576369777,gunga,loot_vil,2670,31,2026-09-05
1577369720,Da bin ich,loot_vil,2671,31,2026-10-03
1577465548,Furnoctis,loot_vil,2672,31,2026-09-01
455448,Unit 01,loot_vil,2673,31,2026-09-13
1577547856,flevii,loot_vil,2674,31,2026-09-29
1577546897,BaByThunDer,loot_vil,2675,31,2026-09-30
1577546766,Biertrinker385,loot_vil,2676,31,2026-10-03
1577546757,ycozy,loot_vil,2677,31,2026-09-25
1577245974,JoJaDa0815,loot_vil,2678,31,2026-10-01
1577545587,Ragnaras,loot_vil,2679,31,2026-09-09
1577545224,mull92,loot_vil,2680,31,2026-09-09
1577544197,Kinglele2,loot_vil,2681,31,2026-09-01
1577543420,Plankt0n,loot_vil,2682,31,2026-09-04
1577442311,gemenqueen,loot_vil,2683,31,2026-09-04
8740839,Do Ping,loot_vil,2684,31,2026-08-27
1577539175,KingKiff,loot_vil,2685,31,2026-10-01
3237093,Defence 232,loot_vil,2686,31,2026-08-31
1577535532,Gehirngrütze,loot_vil,2687,31,2026-09-24
3234977,Pepi Ritter,loot_vil,2688,31,2026-09-30
1577332555,GinWodka,loot_vil,2689,31,2026-09-15
1577432169,Kurt123,loot_vil,2690,31,2026-09-09
1577526619,DerOssi,loot_vil,2691,31,2026-10-01
1577513100,Khaos123,loot_vil,2692,31,2026-08-26
1577112613,Batterie,loot_vil,2693,31,2026-09-11
208949,WhitePanther,loot_vil,2694,31,2026-10-03
10007049,Cryptkeeper5174,loot_vil,2695,31,2026-09-29
1576905025,Michaell,loot_vil,2696,31,2026-08-28
3303973,daniel2144,loot_vil,2697,31,2026-10-03
1577399520,Wawa,loot_vil,2698,30,2026-09-14
1577399238,semtex,loot_vil,2699,30,2026-09-27
1577097076,chaosdevil,loot_vil,2700,30,2026-09-13
3091369,Bubi68,loot_vil,2701,30,2026-09-29
1577483655,bluefroc,loot_vil,2702,30,2026-08-30
798,Krissy,loot_vil,2703,30,2026-09-08
8676321,viagrow,loot_vil,2704,30,2026-08-27
1472477,knack123,loot_vil,2705,30,2026-09-09
1577164343,PriesterManfred,loot_vil,2706,30,2026-08-30
9853713,LordMick,loot_vil,2707,30,2026-10-01
1576149438,Black Butterfly,loot_vil,2708,30,2026-09-01
1577547882,Percula,loot_vil,2709,30,2026-09-29
1577447702,yenny,loot_vil,2710,30,2026-09-24
1577547674,crisikrieger14,loot_vil,2711,30,2026-10-02
1577546257,ehp1511,loot_vil,2712,30,2026-09-22
1577546016,hammer0100,loot_vil,2713,30,2026-09-19
1577545846,Primordus33,loot_vil,2714,30,2026-09-18
1577545740,pozega95,loot_vil,2715,30,2026-10-01
1577544517,Tharak,loot_vil,2716,30,2026-09-01
10043304,Feuerf@lter,loot_vil,2717,30,2026-09-01
1577542040,MEDUZAFACE,loot_vil,2718,30,2026-08-30
1577234701,Sir Gregor Clegane,loot_vil,2719,30,2026-08-31
1577034377,F3myS,loot_vil,2720,30,2026-09-21
3029779,markus.civ,loot_vil,2721,30,2026-08-31
1577428989,bcafce,loot_vil,2722,30,2026-09-18
1577428918,Earl of Pampers,loot_vil,2723,30,2026-09-13
1577527032,Misguided,loot_vil,2724,30,2026-09-16
1577523932,Swen1900,loot_vil,2725,30,2026-09-30
1577423741,LordUbba,loot_vil,2726,30,2026-09-01
1577021205,klommar882,loot_vil,2727,30,2026-10-02
1577419657,Celtic1899,loot_vil,2728,30,2026-09-16
1577510683,sammy the king,loot_vil,2729,30,2026-09-03
10007877,wuze,loot_vil,2730,30,2026-09-19
1577489908,DingoMania,loot_vil,2731,29,2026-09-28
1576789347,Silent Company,loot_vil,2732,29,2026-09-17
8088387,Pyro-Jan95,loot_vil,2733,29,2026-09-20
1577376576,Dark Storm,loot_vil,2734,29,2026-09-01
1577076020,GrafFi59,loot_vil,2735,29,2026-10-03
7875995,Heinert,loot_vil,2736,29,2026-10-01
1577168847,EISBABY,loot_vil,2737,29,2026-09-26
1577365105,bauenbauenbauen,loot_vil,2738,29,2026-08-30
1577259085,chaottt,loot_vil,2739,29,2026-10-03
1576056461,Lady ma the g,loot_vil,2740,29,2026-10-02
1576648097,LordMorgon,loot_vil,2741,29,2026-09-26
1577347044,Gimoa,loot_vil,2742,29,2026-09-09
1577546064,Crypto,loot_vil,2743,29,2026-09-16
1577545703,Stiefelfücker,loot_vil,2744,29,2026-09-30
1577545405,iCry,loot_vil,2745,29,2026-09-09
1577545341,xxx15,loot_vil,2746,29,2026-09-10
1577538687,Lord kollege,loot_vil,2747,29,2026-09-16
1577437061,Söör,loot_vil,2748,29,2026-09-15
1577536606,Amigoo,loot_vil,2749,29,2026-09-04
9532782,Jupiter2512,loot_vil,2750,29,2026-09-19
1577423933,KayCT,loot_vil,2751,29,2026-09-18
1577219394,Netox,loot_vil,2752,29,2026-09-13
1577518818,Dirk3533,loot_vil,2753,29,2026-09-03
1577113456,King-Cold93,loot_vil,2754,29,2026-10-02
1577312291,Moritzo,loot_vil,2755,29,2026-09-02
710130,Devil57,loot_vil,2756,29,2026-08-31
1577209268,SirPatrickI,loot_vil,2757,29,2026-09-09
1577399535,Saagi86,loot_vil,2758,28,2026-09-03
1577299183,Der neue king,loot_vil,2759,28,2026-09-20
1577297512,Acolyte,loot_vil,2760,28,2026-09-29
1577391292,Puhlboi,loot_vil,2761,28,2026-09-15
1577283178,Texter,loot_vil,2762,28,2026-09-08
1577380788,mn.xne,loot_vil,2763,28,2026-09-18
369646,Daddeldu,loot_vil,2764,28,2026-09-24
8269450,rutin,loot_vil,2765,28,2026-09-21
2566327,Jani444,loot_vil,2766,28,2026-09-19
1577363148,ichnixwissen,loot_vil,2767,28,2026-09-18
1577061017,wuestenfuchs93,loot_vil,2768,28,2026-09-09
1577257828,El Guerrero Oscuro,loot_vil,2769,28,2026-08-27
1576457095,vize23,loot_vil,2770,28,2026-09-07
1577056538,LordMico,loot_vil,2771,28,2026-09-05
8355696,Asick,loot_vil,2772,28,2026-09-26
1577355492,Scorp89,loot_vil,2773,28,2026-10-03
10251603,lowzz,loot_vil,2774,28,2026-09-09
1577547631,Aschefeld,loot_vil,2775,28,2026-09-28
1577546489,Bada,loot_vil,2776,28,2026-09-22
1577546140,KHRY,loot_vil,2777,28,2026-09-22
9443789,Die Glatze 01,loot_vil,2778,28,2026-09-29
1577542910,ZZ77,loot_vil,2779,28,2026-09-10
1577441983,P.v.sturm,loot_vil,2780,28,2026-10-01
1577541048,MarvImperor72,loot_vil,2781,28,2026-08-31
1577440626,centurio,loot_vil,2782,28,2026-09-05
1577537413,x3rikx,loot_vil,2783,28,2026-09-29
1576634644,SDSZocker95,loot_vil,2784,28,2026-09-09
1577331647,Yaichi,loot_vil,2785,28,2026-10-02
9827990,denjo0815,loot_vil,2786,28,2026-09-04
1575925080,kokosnußmilk,loot_vil,2787,28,2026-09-10
624214,Atariandi,loot_vil,2788,28,2026-09-21
1577221422,Luxler123,loot_vil,2789,28,2026-09-17
1577503274,Slayer90,loot_vil,2790,28,2026-09-10
1577495490,T1n0,loot_vil,2791,27,2026-09-13
9892468,King Conan,loot_vil,2792,27,2026-09-26
8692265,bonbonhersteller,loot_vil,2793,27,2026-09-27
9590681,jodave1,loot_vil,2794,27,2026-08-28
2989803,power miners,loot_vil,2795,27,2026-09-06
1577181107,kunibert,loot_vil,2796,27,2026-10-03
1670892,llarissa,loot_vil,2797,27,2026-09-21
1577370649,Marty56,loot_vil,2798,27,2026-09-29
1577467930,Leon.2810,loot_vil,2799,27,2026-08-30
1575867488,byhugoboss,loot_vil,2800,27,2026-08-30
1577066533,Tungdil,loot_vil,2801,27,2026-09-05
1162413,aufschwung,loot_vil,2802,27,2026-09-13
8160707,Chris 133,loot_vil,2803,27,2026-09-01
2959267,brodnic,loot_vil,2804,27,2026-10-02
1577455378,grubbel,loot_vil,2805,27,2026-09-15
1577454083,Katzler91,loot_vil,2806,27,2026-09-07
1576951932,maxking,loot_vil,2807,27,2026-09-18
1577149287,Bulow,loot_vil,2808,27,2026-08-27
1577548377,Binzema,loot_vil,2809,27,2026-10-02
1577548238,sco10,loot_vil,2810,27,2026-10-03
1577546779,Panschi,loot_vil,2811,27,2026-09-30
1577546411,koor,loot_vil,2812,27,2026-09-24
1577545830,ummattaka,loot_vil,2813,27,2026-09-12
1577544942,fabi987733,loot_vil,2814,27,2026-09-11
1577544577,Xendogor,loot_vil,2815,27,2026-09-25
1577544186,Morf,loot_vil,2816,27,2026-10-02
8141336,hajuwo,loot_vil,2817,27,2026-08-31
1577541140,XxQulpaxX,loot_vil,2818,27,2026-09-01
1577538085,Degadow,loot_vil,2819,27,2026-10-03
1577538056,Niskat,loot_vil,2820,27,2026-10-02
1333459,Mallawie,loot_vil,2821,27,2026-09-09
1577230624,thekillfoxXx93,loot_vil,2822,27,2026-10-01
1576928876,Grummel7,loot_vil,2823,27,2026-08-30
1577528760,Paddi,loot_vil,2824,27,2026-09-13
1577526817,Helfari,loot_vil,2825,27,2026-10-01
1577423469,FB11,loot_vil,2826,27,2026-08-28
1577111834,Lone Star,loot_vil,2827,27,2026-08-28
1577509515,Jens,loot_vil,2828,27,2026-09-20
1577409450,Fighter4Real,loot_vil,2829,27,2026-09-30
9909432,kraeuterr,loot_vil,2830,27,2026-08-28
1577501125,karlkarl,loot_vil,2831,27,2026-09-15
1577300585,Citi,loot_vil,2832,27,2026-09-18
1577296076,FL4K,loot_vil,2833,26,2026-10-01
1577294150,Saikone,loot_vil,2834,26,2026-09-26
10293616,Skidbladnir,loot_vil,2835,26,2026-08-30
1577187836,wochta,loot_vil,2836,26,2026-09-05
583367,koolkat,loot_vil,2837,26,2026-10-01
7780921,till500k,loot_vil,2838,26,2026-09-15
1479250,King Maximus1,loot_vil,2839,26,2026-09-11
1577075489,VENTRON,loot_vil,2840,26,2026-09-01
1577273674,PfeifiAUT,loot_vil,2841,26,2026-09-16
1577463993,Flatterwisch,loot_vil,2842,26,2026-09-30
10261171,Kisshu Papaiordanis,loot_vil,2843,26,2026-09-05
1576355925,Hesse2008,loot_vil,2844,26,2026-09-06
9952730,Seelendieb,loot_vil,2845,26,2026-09-06
1577450094,ertuerk1991,loot_vil,2846,26,2026-08-27
1577548292,davidb89,loot_vil,2847,26,2026-10-03
1577548203,Terk,loot_vil,2848,26,2026-10-03
1577547953,GrafZuckerbrause,loot_vil,2849,26,2026-10-03
1577545879,räuber hotzenplotz123,loot_vil,2850,26,2026-09-12
1577545700,Skizzer,loot_vil,2851,26,2026-10-01
1577542355,denni555,loot_vil,2852,26,2026-09-20
1577540171,SirHomer,loot_vil,2853,26,2026-09-12
1577538212,LordItachi92,loot_vil,2854,26,2026-09-09
1577537092,Riri,loot_vil,2855,26,2026-09-17
1577535647,Ulbranium,loot_vil,2856,26,2026-09-21
3434913,Mettwurst001,loot_vil,2857,26,2026-09-04
1577533697,BiasBiae,loot_vil,2858,26,2026-08-28
1577429032,Drainbooster,loot_vil,2859,26,2026-09-16
1577206901,Edku,loot_vil,2860,26,2026-09-25
1577305014,Malapopo,loot_vil,2861,26,2026-09-28
9997018,Shain,loot_vil,2862,25,2026-09-30
496108,hoepa,loot_vil,2863,25,2026-08-27
9588977,Baba1990,loot_vil,2864,25,2026-09-18
1575861527,blackhans,loot_vil,2865,25,2026-10-03
9060726,Jetzki1986,loot_vil,2866,25,2026-09-21
1576860460,Marblehead,loot_vil,2867,25,2026-09-07
1577454348,Hoppel128,loot_vil,2868,25,2026-09-24
1577453770,Babyphone,loot_vil,2869,25,2026-09-02
1577249221,vovela2393,loot_vil,2870,25,2026-10-03
1577248591,Gentleman 2026,loot_vil,2871,25,2026-08-31
1577547956,RomanofW,loot_vil,2872,25,2026-10-03
1577247164,Karyu61,loot_vil,2873,25,2026-10-01
1577547021,Snake2503,loot_vil,2874,25,2026-09-23
1577547011,PottyTV,loot_vil,2875,25,2026-09-23
1577546764,tufi,loot_vil,2876,25,2026-09-27
1577546300,Gast546300,loot_vil,2877,25,2026-09-30
1577546122,wurzelzwerg,loot_vil,2878,25,2026-09-14
1577545316,BigTower,loot_vil,2879,25,2026-09-10
1577545252,Phil98,loot_vil,2880,25,2026-09-11
1577045238,schnecke12345,loot_vil,2881,25,2026-10-02
1577544524,6Tim6,loot_vil,2882,25,2026-10-03
1577542913,Inspektor,loot_vil,2883,25,2026-08-30
1577342313,Weedstar510,loot_vil,2884,25,2026-09-18
9541583,basher2013,loot_vil,2885,25,2026-09-01
1577433664,Selot,loot_vil,2886,25,2026-09-17
1577427511,Toothfairy,loot_vil,2887,25,2026-10-02
1577125198,neffe,loot_vil,2888,25,2026-10-03
1577423178,Sonny Black,loot_vil,2889,25,2026-08-28
9819326,MutIw0w,loot_vil,2890,25,2026-08-28
1113238,schnapsnasenhai,loot_vil,2891,25,2026-09-04
2412701,Pippiar,loot_vil,2892,25,2026-08-29
1577403679,Lordnorth28,loot_vil,2893,25,2026-09-06
8894996,1Troll,loot_vil,2894,24,2026-09-14
9994020,Kampfzwerg 2013,loot_vil,2895,24,2026-09-04
1577388102,bibidibabu,loot_vil,2896,24,2026-08-27
1577187252,Gideon,loot_vil,2897,24,2026-09-13
2981138,Manulord,loot_vil,2898,24,2026-09-16
1577381129,Ghost1609,loot_vil,2899,24,2026-10-02
1577181077,RomanBalboaGk,loot_vil,2900,24,2026-09-02
1780546,Faehnleinmeister,loot_vil,2901,24,2026-09-11
1577379857,Lady Guggi99,loot_vil,2902,24,2026-09-03
577655,flofighter88,loot_vil,2903,24,2026-08-30
9476676,Ritter Cied,loot_vil,2904,24,2026-09-24
1576476295,Grawp,loot_vil,2905,24,2026-09-01
1577175861,Hanibal Hackmetzler,loot_vil,2906,24,2026-09-17
1577174132,Vorschlaghammer1887,loot_vil,2907,24,2026-08-30
1577366286,gertner,loot_vil,2908,24,2026-09-04
1577464954,CallMeASpaceman,loot_vil,2909,24,2026-09-05
1577257072,gsaelzbaer,loot_vil,2910,24,2026-09-02
2755831,Gunter der Burgunder,loot_vil,2911,24,2026-09-02
1577050492,xDave98,loot_vil,2912,24,2026-09-25
1577349443,Fürsttlicher,loot_vil,2913,24,2026-08-28
1577348205,Anthraxx93,loot_vil,2914,24,2026-08-30
1577547682,Grünspan,loot_vil,2915,24,2026-09-30
1577547665,Deathrot65,loot_vil,2916,24,2026-10-01
1577547079,MCHammerAUT,loot_vil,2917,24,2026-09-25
1577546964,ipcaa,loot_vil,2918,24,2026-10-03
1577546493,gendlman,loot_vil,2919,24,2026-09-23
1577546302,Freacsx,loot_vil,2920,24,2026-09-16
1577546035,Robsen90,loot_vil,2921,24,2026-09-19
1577545890,jhb98,loot_vil,2922,24,2026-10-03
1577545469,Zechlamist,loot_vil,2923,24,2026-10-01
10144667,Lady Shirshu,loot_vil,2924,24,2026-09-19
1577544619,Chris09,loot_vil,2925,24,2026-09-27
1577543555,Chrisb95,loot_vil,2926,24,2026-09-06
1577543326,0nkel-Bob,loot_vil,2927,24,2026-09-01
1577543304,rambobibu,loot_vil,2928,24,2026-08-31
1577542697,BaSoL,loot_vil,2929,24,2026-09-12
9741357,Judas der gerechte,loot_vil,2930,24,2026-09-17
1577440830,Romsiline,loot_vil,2931,24,2026-09-12
1577340462,Master Cronix,loot_vil,2932,24,2026-09-28
1576240098,Lord Jordy,loot_vil,2933,24,2026-09-26
9839693,Chrom13,loot_vil,2934,24,2026-09-08
1577339675,Flo43,loot_vil,2935,24,2026-10-02
1577137816,odin1977,loot_vil,2936,24,2026-09-15
1577537338,ThiloAnno1984,loot_vil,2937,24,2026-08-27
1577335875,Peter Silie,loot_vil,2938,24,2026-10-03
1577334646,House Targaryen,loot_vil,2939,24,2026-09-09
9125957,sasharex,loot_vil,2940,24,2026-08-30
1577525756,Elektrischer,loot_vil,2941,24,2026-09-13
1577325071,ToastHawaiii,loot_vil,2942,24,2026-09-04
1577423672,Lord M.,loot_vil,2943,24,2026-09-13
2822683,xZaiZunx,loot_vil,2944,24,2026-08-28
1577222045,Janusch79,loot_vil,2945,24,2026-09-17
1577420369,Th3Wa4,loot_vil,2946,24,2026-09-24
1577512319,Costa Calma,loot_vil,2947,24,2026-09-08
1576804824,dermoai,loot_vil,2948,24,2026-08-27
1577103522,Flexxiitt,loot_vil,2949,24,2026-08-28
9800954,lucky173,loot_vil,2950,24,2026-09-21
1576495289,CEVO,loot_vil,2951,23,2026-10-02
984470,knorzer,loot_vil,2952,23,2026-09-02
8482437,mein stamm57,loot_vil,2953,23,2026-08-26
8881769,Buschkaempfer,loot_vil,2954,23,2026-10-03
1577381468,Murtaler,loot_vil,2955,23,2026-10-01
9681086,Tamiel,loot_vil,2956,23,2026-10-03
8077640,Quade Foelke,loot_vil,2957,23,2026-10-03
1576870277,Robbin-Hood,loot_vil,2958,23,2026-09-22
8070008,friend66,loot_vil,2959,23,2026-09-25
1577368785,potsdam467,loot_vil,2960,23,2026-09-13
1577466235,GeneralMark,loot_vil,2961,23,2026-09-22
1575964748,wuppi58,loot_vil,2962,23,2026-10-02
3264210,piccolina,loot_vil,2963,23,2026-09-28
1577362302,Aschi-99,loot_vil,2964,23,2026-10-03
1577458642,Täääz,loot_vil,2965,23,2026-09-14
1577258479,dilady,loot_vil,2966,23,2026-09-21
1577452989,Chrysippos,loot_vil,2967,23,2026-08-28
549882,GEORG*1,loot_vil,2968,23,2026-09-03
2148643,Der Ruhige60,loot_vil,2969,23,2026-09-06
1577547964,PateGx,loot_vil,2970,23,2026-10-02
1577547188,eichnest,loot_vil,2971,23,2026-09-27
1577546376,g4mbl3,loot_vil,2972,23,2026-09-23
1577545024,IceMFJones,loot_vil,2973,23,2026-09-23
1577544903,SirCarryPotter,loot_vil,2974,23,2026-09-21
1577544791,Wala,loot_vil,2975,23,2026-09-04
1577544505,Mupffel,loot_vil,2976,23,2026-09-29
1577544342,Slapit89,loot_vil,2977,23,2026-09-19
1577544007,Lord NachtSchatten,loot_vil,2978,23,2026-08-28
1577543514,xSkillz0rx,loot_vil,2979,23,2026-09-01
1577533964,Hitox3,loot_vil,2980,23,2026-09-08
1577529424,Aiphaton Inaste,loot_vil,2981,23,2026-09-25
1577526919,Steve-0,loot_vil,2982,23,2026-09-23
1577126356,Arexis,loot_vil,2983,23,2026-09-25
1577224371,Vlad der Pfähler,loot_vil,2984,23,2026-09-13
1576221717,Windelpupser86,loot_vil,2985,23,2026-09-17
1577517304,c.soda,loot_vil,2986,23,2026-10-02
1015155,bjrn202000,loot_vil,2987,23,2026-08-27
1577514471,Jensemann,loot_vil,2988,23,2026-08-30
1577014194,schneiderb,loot_vil,2989,23,2026-10-03
10113203,Saklus,loot_vil,2990,23,2026-09-09
2513190,Groschatau,loot_vil,2991,23,2026-09-18
1577511135,Wai-Ki-Ki,loot_vil,2992,23,2026-08-26
1211055,Cataleya1,loot_vil,2993,23,2026-09-02
1577109722,4g1v3m3,loot_vil,2994,23,2026-09-30
2504443,FerryVienna,loot_vil,2995,23,2026-10-01
1577499206,Frank74,loot_vil,2996,22,2026-10-03
1577196840,Eisenhart13,loot_vil,2997,22,2026-09-07
1577494755,Crysic,loot_vil,2998,22,2026-09-29
1577492516,Rauta,loot_vil,2999,22,2026-08-27
1576891488,Sato1110,loot_vil,3000,22,2026-09-27
8791390,König MasterBen,loot_vil,3001,22,2026-09-02
1577491264,El Patron 85,loot_vil,3002,22,2026-09-22
1576389212,könig bum bum,loot_vil,3003,22,2026-09-22
1577486821,Micoud10,loot_vil,3004,22,2026-09-01
1577280603,Kingtönni,loot_vil,3005,22,2026-09-29
2279625,Herbergsmutter,loot_vil,3006,22,2026-09-05
3077939,Augilfo,loot_vil,3007,22,2026-09-06
1577367405,Kreta,loot_vil,3008,22,2026-08-30
1577462629,llnobodyll,loot_vil,3009,22,2026-09-17
1577360664,Schroffi,loot_vil,3010,22,2026-09-05
858526,schuschei,loot_vil,3011,22,2026-09-28
1577455087,Toto1968,loot_vil,3012,22,2026-09-23
8754093,01Gondor01,loot_vil,3013,22,2026-09-05
1577350677,mastermajo,loot_vil,3014,22,2026-09-03
1577350075,juvali,loot_vil,3015,22,2026-10-03
9849095,FlyingKilla,loot_vil,3016,22,2026-10-03
1577547939,PrometheusX,loot_vil,3017,22,2026-10-02
1577547128,Kielsen,loot_vil,3018,22,2026-09-29
1577546455,Tschule92,loot_vil,3019,22,2026-09-17
2946413,Kirito sao,loot_vil,3020,22,2026-09-01
1577446402,davee4,loot_vil,3021,22,2026-09-21
1577546202,Fr3akyG4amer,loot_vil,3022,22,2026-09-17
1577546045,Gast546045,loot_vil,3023,22,2026-10-02
1577545504,Mooperman,loot_vil,3024,22,2026-09-19
1577545253,Deranz,loot_vil,3025,22,2026-09-06
1577544713,G3n3TiXx,loot_vil,3026,22,2026-09-16
1577543582,Are you sure,loot_vil,3027,22,2026-09-02
7639221,The Phantom 007,loot_vil,3028,22,2026-08-30
633349,louisX,loot_vil,3029,22,2026-09-28
1577429621,Nordseerocker,loot_vil,3030,22,2026-09-20
9926210,Grisubux,loot_vil,3031,22,2026-09-30
1577514769,Rose.M,loot_vil,3032,22,2026-10-02
7714224,brueckenbulle,loot_vil,3033,22,2026-09-28
9813370,Anonym,loot_vil,3034,22,2026-08-29
1577307044,Carnalito,loot_vil,3035,22,2026-08-31
1577399650,BarbarenBozz,loot_vil,3036,21,2026-10-01
1577194015,horn1x,loot_vil,3037,21,2026-09-01
7993086,Ritter Darkmore,loot_vil,3038,21,2026-09-04
2992563,CoMunichCation,loot_vil,3039,21,2026-09-28
1576888698,MaryLou274,loot_vil,3040,21,2026-09-01
1576284555,TeraL,loot_vil,3041,21,2026-08-29
1577382446,Raffael13,loot_vil,3042,21,2026-09-15
1576280846,Leevu,loot_vil,3043,21,2026-09-14
1576769131,-Frauenversteher-,loot_vil,3044,21,2026-09-04
1577463042,Phoenixmusiq,loot_vil,3045,21,2026-09-08
1577262209,S0ull3ss,loot_vil,3046,21,2026-08-31
1577360295,Ragnar95X,loot_vil,3047,21,2026-09-20
1649481,spasmo,loot_vil,3048,21,2026-09-24
1349444,Kaiserin Yvette,loot_vil,3049,21,2026-10-03
1577547016,Fabutasia,loot_vil,3050,21,2026-09-26
1577546973,DaschDaHood,loot_vil,3051,21,2026-10-01
1577546709,sabbo95,loot_vil,3052,21,2026-09-29
1577546413,Blondie2009,loot_vil,3053,21,2026-09-17
1577546391,Rio9x19,loot_vil,3054,21,2026-09-25
1577546348,DonGelatto,loot_vil,3055,21,2026-09-17
1577546344,captkek,loot_vil,3056,21,2026-09-16
1577545995,Steger10,loot_vil,3057,21,2026-09-15
1577545794,Fu-Fu,loot_vil,3058,21,2026-09-17
1577545728,assasin1995,loot_vil,3059,21,2026-09-11
1577545652,killatrex,loot_vil,3060,21,2026-09-11
1577545598,Gast545598,loot_vil,3061,21,2026-09-28
1577545502,PapaJoe,loot_vil,3062,21,2026-09-16
1577545431,DIsteldingens,loot_vil,3063,21,2026-09-20
1577545388,speedy 87,loot_vil,3064,21,2026-09-23
1577545181,Chiic,loot_vil,3065,21,2026-09-09
1577544926,Happy Stone New Village,loot_vil,3066,21,2026-09-04
1577344209,freak370,loot_vil,3067,21,2026-09-10
1577541007,xBluEx,loot_vil,3068,21,2026-09-11
1577538742,Diabel,loot_vil,3069,21,2026-08-28
1577537984,Celli1887,loot_vil,3070,21,2026-09-08
1577537007,Eggbert88,loot_vil,3071,21,2026-09-30
1577536791,Jakob4109,loot_vil,3072,21,2026-09-07
1577535752,laznicev,loot_vil,3073,21,2026-08-27
1577532601,Nigrum,loot_vil,3074,21,2026-09-12
1577331107,MasterJxD,loot_vil,3075,21,2026-09-17
1577529983,Amasta,loot_vil,3076,21,2026-08-28
1577127010,preston1337,loot_vil,3077,21,2026-09-27
1577423472,Stevil000,loot_vil,3078,21,2026-09-02
9318609,Cellenseres,loot_vil,3079,21,2026-08-26
112157,RiddleAura,loot_vil,3080,21,2026-09-07
1577510882,Youkof,loot_vil,3081,21,2026-09-28
1577397959,Baba Julio,loot_vil,3082,20,2026-08-27
1577097230,Loggarizm,loot_vil,3083,20,2026-09-01
1577296431,Slavischer Berserker,loot_vil,3084,20,2026-09-19
1577294759,barbarbartosz,loot_vil,3085,20,2026-09-23
1577492916,Steffi,loot_vil,3086,20,2026-09-21
1577289483,zardor,loot_vil,3087,20,2026-09-26
2089421,Burgi26,loot_vil,3088,20,2026-09-09
1577081964,jonny5lebt,loot_vil,3089,20,2026-09-13
278715,Alfred Biolek,loot_vil,3090,20,2026-10-02
2074808,C4m3lfreak,loot_vil,3091,20,2026-09-20
1577372384,wallerhu,loot_vil,3092,20,2026-10-03
1576869848,Muff1n,loot_vil,3093,20,2026-09-04
9669578,Vogi98,loot_vil,3094,20,2026-10-02
369544,king pani,loot_vil,3095,20,2026-10-03
1577463556,Ceebee,loot_vil,3096,20,2026-08-26
1459068,Egeran,loot_vil,3097,20,2026-09-29
9256607,xxnightstarxx,loot_vil,3098,20,2026-10-01
1576956198,Marion1,loot_vil,3099,20,2026-08-27
9455847,Joe Kocker,loot_vil,3100,20,2026-09-01
1577548503,Sackbauer,loot_vil,3101,20,2026-10-02
1577547607,Erdmann69,loot_vil,3102,20,2026-10-01
1577547576,Svenenzo77,loot_vil,3103,20,2026-09-28
1577547141,Poe-Tato,loot_vil,3104,20,2026-09-28
1577547035,Krack,loot_vil,3105,20,2026-09-24
1577546485,Arash88,loot_vil,3106,20,2026-09-18
1577546233,AangButtertAzula,loot_vil,3107,20,2026-10-02
1577545647,Chrissn,loot_vil,3108,20,2026-09-26
1577545530,flamingfury,loot_vil,3109,20,2026-10-01
1577545476,teke5454,loot_vil,3110,20,2026-09-13
1577544694,Perish,loot_vil,3111,20,2026-09-15
1577542113,Benjue96,loot_vil,3112,20,2026-09-21
1577541053,emrenullsieben,loot_vil,3113,20,2026-08-28
8039657,nso1,loot_vil,3114,20,2026-08-29
3438089,Barbar23,loot_vil,3115,20,2026-09-27
1577537075,Magentateaser,loot_vil,3116,20,2026-09-09
1577537009,Gordini,loot_vil,3117,20,2026-09-25
1577536980,Zinneb,loot_vil,3118,20,2026-10-02
1577536599,Sattilit,loot_vil,3119,20,2026-09-13
1577435653,Athavar,loot_vil,3120,20,2026-08-28
1577433579,Daaei,loot_vil,3121,20,2026-08-29
1577532751,Lord Striker,loot_vil,3122,20,2026-08-29
8631615,nobbi1,loot_vil,3123,20,2026-09-28
1577531428,B1As,loot_vil,3124,20,2026-09-10
1577529928,Gebetsknueppel,loot_vil,3125,20,2026-09-12
1577128393,dossantos1896,loot_vil,3126,20,2026-09-13
1427530,Elsabele,loot_vil,3127,20,2026-09-02
10027337,Zorkonnon,loot_vil,3128,20,2026-09-12
1577527233,Al Sahir,loot_vil,3129,20,2026-10-03
1577526972,XTw1X,loot_vil,3130,20,2026-08-28
1577526089,Freakxx,loot_vil,3131,20,2026-09-06
824029,MoreDreadofother,loot_vil,3132,20,2026-09-09
9821670,lordrocky1,loot_vil,3133,20,2026-09-11
1577421603,Cosma84,loot_vil,3134,20,2026-09-04
1577521028,dsdk,loot_vil,3135,20,2026-10-03
1576018908,luca joe,loot_vil,3136,20,2026-09-12
2817313,Sir von Hoffenheim,loot_vil,3137,20,2026-09-05
1576416278,mystery castle,loot_vil,3138,20,2026-09-29
1577314278,Jaggo01,loot_vil,3139,20,2026-08-27
1577514267,rash39,loot_vil,3140,20,2026-08-31
1577513667,Trisaster,loot_vil,3141,20,2026-09-06
9213640,Commander Freak,loot_vil,3142,20,2026-09-12
2813519,screamhert,loot_vil,3143,20,2026-09-08
1709152,Klohner,loot_vil,3144,20,2026-09-06
1576605399,TheP0empel21,loot_vil,3145,20,2026-08-28
1577501604,Bastiidstein85,loot_vil,3146,20,2026-09-28
1577500249,König Dr.med.Wurst,loot_vil,3147,20,2026-09-06
1498194,Perle4711,loot_vil,3148,19,2026-09-28
1576095183,xRazor1209,loot_vil,3149,19,2026-09-02
994247,Boyer1,loot_vil,3150,19,2026-09-30
1577389902,mylo1505,loot_vil,3151,19,2026-09-27
1577486495,Kata17,loot_vil,3152,19,2026-09-27
7882883,schlartzi,loot_vil,3153,19,2026-08-27
1577082881,finsterbär,loot_vil,3154,19,2026-09-16
981963,Vampyrchen,loot_vil,3155,19,2026-10-02
1577380217,The Machine,loot_vil,3156,19,2026-08-30
9979838,II Babu II,loot_vil,3157,19,2026-10-02
1577169689,Kandes,loot_vil,3158,19,2026-08-29
1576969417,Lord merlin,loot_vil,3159,19,2026-09-29
368877,karatekid1,loot_vil,3160,19,2026-09-25
7667875,Tellstown,loot_vil,3161,19,2026-08-28
1577464970,Redbulljunkie,loot_vil,3162,19,2026-09-08
3459704,KKrauti,loot_vil,3163,19,2026-09-03
10257779,Markus78,loot_vil,3164,19,2026-09-08
3056942,schlumpf 19,loot_vil,3165,19,2026-08-29
1577455151,Mdansci,loot_vil,3166,19,2026-08-28
1576154840,gangsta9,loot_vil,3167,19,2026-10-02
1577451587,Pat885,loot_vil,3168,19,2026-10-01
1577548548,Jamie2K,loot_vil,3169,19,2026-10-03
1577548091,L0RD N00B,loot_vil,3170,19,2026-09-29
1577547923,JohnnyO,loot_vil,3171,19,2026-10-03
1577547054,Bruch67,loot_vil,3172,19,2026-09-29
1577546903,Lerenor Zorro,loot_vil,3173,19,2026-09-23
1577546873,Motschu,loot_vil,3174,19,2026-09-22
1577546530,Karuso,loot_vil,3175,19,2026-09-30
1577346388,Predetor666,loot_vil,3176,19,2026-08-28
1577546187,TommyFrbg,loot_vil,3177,19,2026-09-18
1577546172,Mimiihrzz,loot_vil,3178,19,2026-09-30
1577545780,Hinprinz,loot_vil,3179,19,2026-09-15
1577545540,Y-Mace-Y,loot_vil,3180,19,2026-09-28
1577545475,Cell-90,loot_vil,3181,19,2026-09-30
1577545382,König Peregrin Tuk,loot_vil,3182,19,2026-09-10
3144164,kampfzahn,loot_vil,3183,19,2026-09-03
1577543164,OldCartman,loot_vil,3184,19,2026-09-03
1577542451,19Lion88,loot_vil,3185,19,2026-09-27
1577538138,miwu,loot_vil,3186,19,2026-09-09
1577537070,TitanT,loot_vil,3187,19,2026-08-30
1577334821,D1reW0lf,loot_vil,3188,19,2026-09-30
1577433762,billy92,loot_vil,3189,19,2026-09-08
1575932674,spaudi,loot_vil,3190,19,2026-09-26
1576832033,das Camel,loot_vil,3191,19,2026-09-01
1577330585,OLVus,loot_vil,3192,19,2026-09-10
1577528517,BaumFäller,loot_vil,3193,19,2026-08-31
1577528475,günnnnter,loot_vil,3194,19,2026-09-24
1577526808,Lordultra69,loot_vil,3195,19,2026-10-03
8124846,FCNFCNFCN,loot_vil,3196,19,2026-10-02
3020287,ORMEN,loot_vil,3197,19,2026-08-28
1577520021,Struppelline,loot_vil,3198,19,2026-09-23
1576815445,TurnUp420,loot_vil,3199,19,2026-08-30
1576812784,Tomi1,loot_vil,3200,19,2026-09-15
1577411514,dorftown97,loot_vil,3201,19,2026-09-18
8708540,fuchs04,loot_vil,3202,19,2026-08-27
8008019,lb98,loot_vil,3203,19,2026-09-23
1577303279,Micha58,loot_vil,3204,19,2026-09-18
1577498766,paustl,loot_vil,3205,18,2026-09-23
1576596699,powerboy001,loot_vil,3206,18,2026-09-08
1577494519,Ejlow,loot_vil,3207,18,2026-08-30
1577488591,B3rs3rc3r,loot_vil,3208,18,2026-09-22
1086282,m-k-zwonix,loot_vil,3209,18,2026-09-01
1577485882,GermansPro,loot_vil,3210,18,2026-09-03
3385146,dasglug,loot_vil,3211,18,2026-09-11
1577384932,reddich,loot_vil,3212,18,2026-08-28
1577281138,Biscit,loot_vil,3213,18,2026-08-31
1576875679,Bandit78,loot_vil,3214,18,2026-10-03
1577464586,Leoana,loot_vil,3215,18,2026-09-20
1577451992,BadGirl,loot_vil,3216,18,2026-09-11
1577548593,SirKnolte,loot_vil,3217,18,2026-10-03
1577547655,MaJoMaster,loot_vil,3218,18,2026-09-29
1577546824,LegendofGrubing,loot_vil,3219,18,2026-10-03
1577546559,Mik93,loot_vil,3220,18,2026-09-25
1577546461,Lord Fenris,loot_vil,3221,18,2026-09-18
1577546380,Laspo,loot_vil,3222,18,2026-09-20
1577546110,Bifteky,loot_vil,3223,18,2026-10-01
1577545681,DerBleistift,loot_vil,3224,18,2026-09-13
1577245253,sevensculls,loot_vil,3225,18,2026-09-10
9944239,chrisl666,loot_vil,3226,18,2026-09-24
1577543742,Boob,loot_vil,3227,18,2026-09-01
1577542075,Königscobra,loot_vil,3228,18,2026-09-20
1577441645,Goblex Elda,loot_vil,3229,18,2026-09-15
1039613,der bessere imperator,loot_vil,3230,18,2026-09-17
1577539475,Lord Drachenzorn,loot_vil,3231,18,2026-09-03
1577438034,Lewal,loot_vil,3232,18,2026-10-03
1576937673,Octagon 05,loot_vil,3233,18,2026-08-28
1577537130,Karl von Habsburg,loot_vil,3234,18,2026-09-01
1577537102,klappstuhl28,loot_vil,3235,18,2026-09-23
1577436774,Blizzrd721,loot_vil,3236,18,2026-09-21
1576336082,Schnotty,loot_vil,3237,18,2026-08-27
1577533564,dominic0074,loot_vil,3238,18,2026-09-15
532597,Betharon,loot_vil,3239,18,2026-08-31
1577429449,*srm*,loot_vil,3240,18,2026-09-15
1577426317,Blacktigher,loot_vil,3241,18,2026-09-13
1577323855,Brutalanda,loot_vil,3242,18,2026-09-07
2919699,jan 08,loot_vil,3243,18,2026-09-09
1577517703,Wanhedaa,loot_vil,3244,18,2026-08-29
1577317522,Derfla,loot_vil,3245,18,2026-10-03
1577514457,Zweinbecker,loot_vil,3246,18,2026-09-26
9713579,dimmu borgir,loot_vil,3247,18,2026-10-03
1577312411,Ohnmächtiger Esel2,loot_vil,3248,18,2026-09-03
1577111565,Megatron,loot_vil,3249,18,2026-08-26
1577410246,FerresNo1,loot_vil,3250,18,2026-09-13
1577208663,deathhimself,loot_vil,3251,18,2026-09-29
1577506998,domcop,loot_vil,3252,18,2026-08-31
1577206729,zorro-44-,loot_vil,3253,18,2026-09-28
8405997,KleinerRoterDrache,loot_vil,3254,18,2026-09-11
1577002817,NeBuNu,loot_vil,3255,18,2026-09-19
3201313,hachi23,loot_vil,3256,18,2026-10-03
1577497031,Tunis 1540,loot_vil,3257,17,2026-09-24
1496613,*13*er Kriger,loot_vil,3258,17,2026-09-13
7595575,be.le,loot_vil,3259,17,2026-10-03
1577394358,John gustavor,loot_vil,3260,17,2026-09-13
1577494090,holzi4,loot_vil,3261,17,2026-09-15
9190818,Black-DragonKnight,loot_vil,3262,17,2026-09-19
1577486942,Lordstich,loot_vil,3263,17,2026-10-03
2086313,King Stingray,loot_vil,3264,17,2026-08-29
1576684815,Tyrion L,loot_vil,3265,17,2026-09-05
1577181324,Vinda Loo,loot_vil,3266,17,2026-10-01
1577380363,WildDogs,loot_vil,3267,17,2026-08-26
1873810,Flogensi,loot_vil,3268,17,2026-09-24
1577270441,Ooleg,loot_vil,3269,17,2026-10-03
1577269612,XxGermanexX,loot_vil,3270,17,2026-09-17
8460947,unkrautexx,loot_vil,3271,17,2026-09-23
1576256779,Sandokan3,loot_vil,3272,17,2026-09-12
1576856634,büchele-der-33,loot_vil,3273,17,2026-09-29
8554566,Pippin30.,loot_vil,3274,17,2026-09-03
9550292,feldi68,loot_vil,3275,17,2026-09-24
1577548047,MikeALux,loot_vil,3276,17,2026-09-29
1577547596,Masafaka,loot_vil,3277,17,2026-09-29
1577547546,Dave 009,loot_vil,3278,17,2026-10-03
1577546970,Crusader88,loot_vil,3279,17,2026-09-24
1577546074,Gast546074,loot_vil,3280,17,2026-09-21
1577545776,Lixxer,loot_vil,3281,17,2026-09-11
1577545225,Lord LucaTobias2025,loot_vil,3282,17,2026-09-10
1577545169,Marebu80,loot_vil,3283,17,2026-09-09
1577444742,Eisenfaust42,loot_vil,3284,17,2026-09-13
1577544539,Lord von Luc,loot_vil,3285,17,2026-09-02
1577544452,Admirals,loot_vil,3286,17,2026-09-13
1577544439,Gast544439,loot_vil,3287,17,2026-09-17
1577544326,crreeator,loot_vil,3288,17,2026-08-30
1577543875,Crezcendo,loot_vil,3289,17,2026-08-27
1577543395,Jesterhead,loot_vil,3290,17,2026-09-22
1577542714,Chaos,loot_vil,3291,17,2026-09-21
1577341225,Lustknappe22,loot_vil,3292,17,2026-09-17
1577540992,Triumvirat,loot_vil,3293,17,2026-08-28
1577540734,MiBo6173,loot_vil,3294,17,2026-08-26
1577539200,GUYSTER,loot_vil,3295,17,2026-08-30
1577437710,LordCarlos,loot_vil,3296,17,2026-09-26
1577536967,Nils0203,loot_vil,3297,17,2026-08-31
1577536833,Gaga73,loot_vil,3298,17,2026-09-23
1577536641,x3Luck,loot_vil,3299,17,2026-09-04
1635585,ahura,loot_vil,3300,17,2026-09-29
235580,Death Side,loot_vil,3301,17,2026-09-22
1577432136,Ivan94,loot_vil,3302,17,2026-09-15
10228790,Melkor10,loot_vil,3303,17,2026-08-26
1577526556,grmä,loot_vil,3304,17,2026-09-11
1576421275,Danielb93,loot_vil,3305,17,2026-08-29
1577519862,EyeOfPhoenix,loot_vil,3306,17,2026-09-19
1577518034,Wahnfried 1.,loot_vil,3307,17,2026-08-30
1577416613,ValurGretarsson,loot_vil,3308,17,2026-09-30
1577415771,StayHigh,loot_vil,3309,17,2026-08-31
1577514792,MASSIVamADELN,loot_vil,3310,17,2026-08-26
1577012705,Teia,loot_vil,3311,17,2026-09-17
1577310167,Madness82,loot_vil,3312,17,2026-09-01
9809725,Mark170996,loot_vil,3313,17,2026-08-29
1577009019,Ivko90,loot_vil,3314,17,2026-09-30
1577507906,Max08,loot_vil,3315,17,2026-09-10
1576907335,hokahe,loot_vil,3316,17,2026-09-03
1577504282,Der Kleine Wutzler,loot_vil,3317,17,2026-09-15
1577404239,matthi,loot_vil,3318,17,2026-10-01
1576398737,Agent 003,loot_vil,3319,16,2026-09-28
1577498163,Leuthnant,loot_vil,3320,16,2026-10-03
1576397793,Darthrida,loot_vil,3321,16,2026-10-02
1577396604,Pflegefall88,loot_vil,3322,16,2026-09-29
1577496405,Sr.Lili,loot_vil,3323,16,2026-08-26
1576495736,LaMarie,loot_vil,3324,16,2026-10-03
1577493832,Superlöwe,loot_vil,3325,16,2026-09-01
1577393647,iamingemar,loot_vil,3326,16,2026-09-23
1577489217,Turtok420,loot_vil,3327,16,2026-09-09
1577489023,Die KI Futterer,loot_vil,3328,16,2026-10-01
1576988649,Sterni-94,loot_vil,3329,16,2026-09-13
1587999,lucky0211,loot_vil,3330,16,2026-09-30
1576486955,Gentian,loot_vil,3331,16,2026-09-27
1381625,silvu93,loot_vil,3332,16,2026-09-20
1577181310,Bullwerk,loot_vil,3333,16,2026-09-01
1577381035,Andre1981,loot_vil,3334,16,2026-09-11
1577278560,ironwill,loot_vil,3335,16,2026-09-09
9076589,Nissius,loot_vil,3336,16,2026-10-03
1575873486,tom172,loot_vil,3337,16,2026-09-13
1576970888,A-lex 992,loot_vil,3338,16,2026-08-30
9168384,heter12,loot_vil,3339,16,2026-10-03
2567982,Fino1963,loot_vil,3340,16,2026-08-30
1577466496,Pryna,loot_vil,3341,16,2026-09-06
1576365354,Lady Maralla,loot_vil,3342,16,2026-10-01
1564941,leuchtkaefer,loot_vil,3343,16,2026-08-29
7764645,Lionheart II,loot_vil,3344,16,2026-09-01
1576963983,Thor00,loot_vil,3345,16,2026-08-27
2663633,Usbekistan,loot_vil,3346,16,2026-08-28
1577052639,Emre.VI,loot_vil,3347,16,2026-09-27
1576651382,hase61,loot_vil,3348,16,2026-09-27
351069,Blabb,loot_vil,3349,16,2026-10-03
8548996,Handel00,loot_vil,3350,16,2026-09-30
1577548604,Lord Overdue,loot_vil,3351,16,2026-10-03
1576547936,xPlatonx,loot_vil,3352,16,2026-08-29
1577547861,LordLaLa,loot_vil,3353,16,2026-10-02
1577547154,timsi 666,loot_vil,3354,16,2026-09-26
1577546692,reeckzz,loot_vil,3355,16,2026-09-30
1577546303,Shadowxfx,loot_vil,3356,16,2026-09-17
1577546078,papa92,loot_vil,3357,16,2026-10-02
1577545849,Flocki,loot_vil,3358,16,2026-09-14
1577445606,fariol,loot_vil,3359,16,2026-10-03
1577445470,defml,loot_vil,3360,16,2026-10-02
1577545394,jacky3469,loot_vil,3361,16,2026-10-02
1577545327,Lord Kavallerie,loot_vil,3362,16,2026-09-06
9645171,Cherok der Ältere,loot_vil,3363,16,2026-09-02
1577545098,Dieselorth95,loot_vil,3364,16,2026-09-10
1577544883,Vigilante,loot_vil,3365,16,2026-09-27
1577544243,Gast544243,loot_vil,3366,16,2026-08-30
1577544056,Grantig,loot_vil,3367,16,2026-09-14
1577544003,Nase von Sackenstein,loot_vil,3368,16,2026-09-10
1577543971,HairyOtter1313,loot_vil,3369,16,2026-09-21
1577542700,WelchenDenn,loot_vil,3370,16,2026-09-06
1577542699,Franz Eberhofer,loot_vil,3371,16,2026-09-01
1577541738,Seb91,loot_vil,3372,16,2026-09-01
941519,bibi100,loot_vil,3373,16,2026-09-01
1577540709,Connat2,loot_vil,3374,16,2026-09-30
3038553,DON1980,loot_vil,3375,16,2026-08-31
1577438100,havocCc,loot_vil,3376,16,2026-09-14
3037125,DomiLP,loot_vil,3377,16,2026-09-22
1577536165,Sir-Lancelot,loot_vil,3378,16,2026-08-29
1576534956,mad man maddi,loot_vil,3379,16,2026-09-13
8934337,alidee,loot_vil,3380,16,2026-10-03
1577431790,Robinsko,loot_vil,3381,16,2026-08-28
1577330677,Sigma Guitar,loot_vil,3382,16,2026-09-23
129687,~TheRock~,loot_vil,3383,16,2026-09-04
1577527803,Poul1,loot_vil,3384,16,2026-10-01
7627091,Wynnypuuu,loot_vil,3385,16,2026-09-14
1577423281,EisBär,loot_vil,3386,16,2026-09-20
1577422843,Lord Adler93,loot_vil,3387,16,2026-09-20
1577522623,NoEscape,loot_vil,3388,16,2026-10-01
1577422221,OptimusBlack69,loot_vil,3389,16,2026-09-22
1577120751,yerushalem,loot_vil,3390,16,2026-08-27
1577519959,YoungYeti,loot_vil,3391,16,2026-09-14
8116656,starwars71,loot_vil,3392,16,2026-09-28
1576508063,blbkiller,loot_vil,3393,16,2026-09-01
1577405688,Galnok,loot_vil,3394,16,2026-09-18
1577405481,Spriteside,loot_vil,3395,16,2026-08-28
1577404540,Waldgeist,loot_vil,3396,16,2026-09-13
9503234,karllder,loot_vil,3397,16,2026-08-30
1577502140,Rallye,loot_vil,3398,16,2026-09-05
1577399941,Fettarme H-Milch,loot_vil,3399,15,2026-08-26
1577398042,philrein,loot_vil,3400,15,2026-09-21
1577395391,Suhwän,loot_vil,3401,15,2026-09-22
984171,alf ölfass,loot_vil,3402,15,2026-08-30
1577483824,Senjin,loot_vil,3403,15,2026-09-20
1577281588,Ringelow,loot_vil,3404,15,2026-09-25
1080223,alte wolf,loot_vil,3405,15,2026-09-20
2679276,ANHALTINER1,loot_vil,3406,15,2026-09-16
1577077797,evocza,loot_vil,3407,15,2026-08-28
1577377280,Perfectblizz,loot_vil,3408,15,2026-09-06
8068318,System of a Down 2,loot_vil,3409,15,2026-09-21
1577368250,kami163,loot_vil,3410,15,2026-10-01
1577066459,bigdaddy19670,loot_vil,3411,15,2026-08-26
1577355281,BudLight,loot_vil,3412,15,2026-09-02
1577454874,KingKoi,loot_vil,3413,15,2026-09-14
1577450953,DB-racing1992,loot_vil,3414,15,2026-09-09
1577548520,Koffer,loot_vil,3415,15,2026-10-03
1577548461,alexxx999,loot_vil,3416,15,2026-10-03
1577548084,Wolfgyone,loot_vil,3417,15,2026-10-03
1577548048,Koarl14,loot_vil,3418,15,2026-09-29
1577547935,muheika,loot_vil,3419,15,2026-10-02
1577547676,Mosli,loot_vil,3420,15,2026-10-01
1577547597,Kankrea,loot_vil,3421,15,2026-09-28
1577547566,Unschuldiger Mensch,loot_vil,3422,15,2026-09-28
1577547191,Gruaba,loot_vil,3423,15,2026-09-26
1577547097,JoLu9315,loot_vil,3424,15,2026-09-30
1577546867,Peji,loot_vil,3425,15,2026-09-27
1577546650,O2intox,loot_vil,3426,15,2026-09-27
1577546399,Gast546399,loot_vil,3427,15,2026-09-18
1577545726,zodi,loot_vil,3428,15,2026-09-17
1577545663,Der Diexer,loot_vil,3429,15,2026-09-10
1577545510,Sallixyz,loot_vil,3430,15,2026-09-25
3344554,Dappedier,loot_vil,3431,15,2026-10-03
2543115,Comander Marill,loot_vil,3432,15,2026-09-28
1577441507,Alexpopalex,loot_vil,3433,15,2026-10-01
1577541334,Basti1,loot_vil,3434,15,2026-09-26
1577541241,Sir lancerot,loot_vil,3435,15,2026-10-02
8740368,Eiserner Gustav,loot_vil,3436,15,2026-09-23
1577539353,Astrotim,loot_vil,3437,15,2026-08-27
1577539321,Lucas999,loot_vil,3438,15,2026-09-13
1577539301,NilsSchmieder97,loot_vil,3439,15,2026-09-23
1577539095,Polizeiruf112,loot_vil,3440,15,2026-10-02
1577436364,Tomson55,loot_vil,3441,15,2026-08-26
1577535592,patrick93,loot_vil,3442,15,2026-09-30
1577433674,Jiggxxen,loot_vil,3443,15,2026-09-09
1577230531,Psycho-420,loot_vil,3444,15,2026-09-15
229943,eisbear,loot_vil,3445,15,2026-10-02
1577527848,TechnoX,loot_vil,3446,15,2026-09-24
9825814,daron2001,loot_vil,3447,15,2026-09-13
1576525456,uhu stic 09,loot_vil,3448,15,2026-09-11
1577424821,-JpR-,loot_vil,3449,15,2026-09-11
322147,HobNixx,loot_vil,3450,15,2026-09-12
1020788,Gromper,loot_vil,3451,15,2026-09-10
1576520314,llllllllll,loot_vil,3452,15,2026-08-29
8519064,Cottan,loot_vil,3453,15,2026-08-27
409237,Der Phönix ist da,loot_vil,3454,15,2026-09-14
1577100880,soeldner,loot_vil,3455,15,2026-08-29
1577000617,DusT2g,loot_vil,3456,15,2026-08-26
1577500430,Funkywomen,loot_vil,3457,15,2026-10-01
1577499715,Christof 1812,loot_vil,3458,14,2026-09-03
1577497425,Manne07,loot_vil,3459,14,2026-09-10
1577496166,Suellke,loot_vil,3460,14,2026-09-02
10095098,nilshs,loot_vil,3461,14,2026-09-02
1577494975,Kawarider287,loot_vil,3462,14,2026-09-15
1577493738,Livil,loot_vil,3463,14,2026-09-01
1689796,Gandalf Silberbart,loot_vil,3464,14,2026-09-02
286292,derAlte,loot_vil,3465,14,2026-09-25
1577484515,gerkan,loot_vil,3466,14,2026-10-02
1576279686,Unaufhaltbar,loot_vil,3467,14,2026-09-08
8676363,Endonia,loot_vil,3468,14,2026-09-24
3274619,Mimose11,loot_vil,3469,14,2026-09-20
1576174082,pepe1989,loot_vil,3470,14,2026-10-02
8668581,G-Data 99,loot_vil,3471,14,2026-09-29
1576767174,Tribun48,loot_vil,3472,14,2026-08-29
1577466282,Sisi,loot_vil,3473,14,2026-08-26
1577462257,BigusDickus,loot_vil,3474,14,2026-09-01
1260323,Linessa,loot_vil,3475,14,2026-09-24
9860046,stricher25,loot_vil,3476,14,2026-08-29
9159245,mif1,loot_vil,3477,14,2026-09-06
1577354659,fuxl,loot_vil,3478,14,2026-09-24
1576953908,Schreckensmeister,loot_vil,3479,14,2026-09-18
1577051456,sandpfurz,loot_vil,3480,14,2026-08-29
1577449590,Obstlord,loot_vil,3481,14,2026-09-17
1577449424,weedbeat97,loot_vil,3482,14,2026-09-29
1577548545,Peppzx,loot_vil,3483,14,2026-10-03
1577548179,michu9316,loot_vil,3484,14,2026-10-01
1577548112,derstaemme,loot_vil,3485,14,2026-10-02
1577547963,Zyronex,loot_vil,3486,14,2026-09-29
1577547911,BogenmeisterAdi,loot_vil,3487,14,2026-10-02
1577547641,nochimmerking,loot_vil,3488,14,2026-09-29
1577547189,Walti54,loot_vil,3489,14,2026-09-27
1577547180,MeineFraese,loot_vil,3490,14,2026-09-29
1577547170,Knoller,loot_vil,3491,14,2026-09-28
1577547138,Lord Mike999,loot_vil,3492,14,2026-09-24
1577546863,Festgefestigt,loot_vil,3493,14,2026-09-28
1577546615,Schrotti3000,loot_vil,3494,14,2026-09-20
1577546600,Lord sirolrac,loot_vil,3495,14,2026-09-20
1577346099,MarsGorilla,loot_vil,3496,14,2026-09-02
1577546063,Charles XII,loot_vil,3497,14,2026-09-17
1577546054,Lalin,loot_vil,3498,14,2026-09-16
446010,***Border***,loot_vil,3499,14,2026-09-18
1577545946,LordSchulle,loot_vil,3500,14,2026-09-18
1577445881,stormer1337,loot_vil,3501,14,2026-09-30
1577545725,KornHolio,loot_vil,3502,14,2026-09-14
1577545618,AxellexA,loot_vil,3503,14,2026-09-09
1577545531,Kanain,loot_vil,3504,14,2026-09-16
1577545157,NicNac1330,loot_vil,3505,14,2026-09-18
1577544993,SleepyNinja,loot_vil,3506,14,2026-09-11
1577544857,DonFaboss76,loot_vil,3507,14,2026-09-02
1577544638,ronvex,loot_vil,3508,14,2026-09-03
1577544570,Stickypradz,loot_vil,3509,14,2026-09-03
1577544415,Dönerbudendiemo,loot_vil,3510,14,2026-08-31
1577544182,Argyle71,loot_vil,3511,14,2026-09-01
1577544008,irgendetwas,loot_vil,3512,14,2026-08-30
1577543750,BruderBraun,loot_vil,3513,14,2026-08-27
1577542012,nerox,loot_vil,3514,14,2026-09-14
1577440777,ErEk,loot_vil,3515,14,2026-09-17
840147,Black Willy,loot_vil,3516,14,2026-09-04
1577539128,Lisa19,loot_vil,3517,14,2026-09-17
1577538939,Wandschrank29,loot_vil,3518,14,2026-08-26
1577538282,stalkerTBQ,loot_vil,3519,14,2026-08-28
1577537666,-*o.O*-,loot_vil,3520,14,2026-09-27
1577536871,Tatum28,loot_vil,3521,14,2026-08-26
1577434061,Conan,loot_vil,3522,14,2026-09-28
1577533730,xEnvy,loot_vil,3523,14,2026-09-06
1932859,Mitron von Mandor,loot_vil,3524,14,2026-09-30
1577531685,WooDy211,loot_vil,3525,14,2026-08-27
1577129674,DerMüdeJoe,loot_vil,3526,14,2026-09-11
1577428817,TheJDGame,loot_vil,3527,14,2026-08-31
1577528519,DerWächter,loot_vil,3528,14,2026-08-27
1728057,Playa Bouys Vernichter,loot_vil,3529,14,2026-08-30
1577525996,Moniara de Elyra,loot_vil,3530,14,2026-08-30
1577525032,drosselbart 2,loot_vil,3531,14,2026-09-09
1577421925,Dragonlord,loot_vil,3532,14,2026-09-16
919250,Jamiez,loot_vil,3533,14,2026-09-21
9818744,Megaxantix,loot_vil,3534,14,2026-09-18
8816641,Combin,loot_vil,3535,14,2026-09-13
1577216559,JAVVV,loot_vil,3536,14,2026-08-28
1577516454,Sefe97,loot_vil,3537,14,2026-08-26
1577416226,ThorTyrion,loot_vil,3538,14,2026-09-17
1577515743,Aristoteles,loot_vil,3539,14,2026-08-27
8512794,Iconfighter,loot_vil,3540,14,2026-09-15
1577312768,Gesindel,loot_vil,3541,14,2026-09-01
1577512072,t3rrorclown,loot_vil,3542,14,2026-08-27
1577011153,*Altair the Assassine*,loot_vil,3543,14,2026-08-26
8508105,World Ablaze,loot_vil,3544,14,2026-08-27
1577402646,Quader666,loot_vil,3545,14,2026-09-21
1577302524,UrdnotGrunt,loot_vil,3546,14,2026-09-25
8301038,Nom Anor,loot_vil,3547,14,2026-08-29
1577200172,Fuchs1996,loot_vil,3548,14,2026-09-12
8797401,Ekatarina,loot_vil,3549,13,2026-08-27
1577494376,Bremer81,loot_vil,3550,13,2026-09-08
287884,Barnes,loot_vil,3551,13,2026-09-04
1577385998,Dani2011,loot_vil,3552,13,2026-09-12
1577484847,Felix Hannover,loot_vil,3553,13,2026-09-26
1577075050,KönigSNODEFF,loot_vil,3554,13,2026-08-29
3474131,Bountyqueen,loot_vil,3555,13,2026-08-30
9073284,Tsubasa95,loot_vil,3556,13,2026-08-28
9673019,thoscho66,loot_vil,3557,13,2026-10-01
1576272935,sir minci,loot_vil,3558,13,2026-10-02
1577368517,AW1911NC,loot_vil,3559,13,2026-08-31
1577364287,Papercutxx,loot_vil,3560,13,2026-09-08
1577360792,Sazyel,loot_vil,3561,13,2026-10-03
10260178,Donnerhuf01,loot_vil,3562,13,2026-08-27
9559034,loddar2012,loot_vil,3563,13,2026-09-01
7758047,Canim123,loot_vil,3564,13,2026-10-02
1577456833,cpukiller,loot_vil,3565,13,2026-09-23
1577155209,der blinde,loot_vil,3566,13,2026-09-13
1577054379,Whatzzzz,loot_vil,3567,13,2026-08-29
9752314,Lennacker,loot_vil,3568,13,2026-09-16
1577151636,NunNunArbeit,loot_vil,3569,13,2026-09-23
1577547668,OdinsWillle,loot_vil,3570,13,2026-10-03
947376,bigboy01,loot_vil,3571,13,2026-09-05
1577547065,spLA-Fried,loot_vil,3572,13,2026-09-27
1577547033,animaTe,loot_vil,3573,13,2026-09-25
1577546953,Wassermelone991,loot_vil,3574,13,2026-10-03
1577546944,obermada,loot_vil,3575,13,2026-10-02
1577546937,Bald,loot_vil,3576,13,2026-09-30
1577546910,verschachtelt,loot_vil,3577,13,2026-09-27
1577546636,FranzFerdi,loot_vil,3578,13,2026-09-21
1577546431,Pure98,loot_vil,3579,13,2026-09-21
1577546398,Falcro,loot_vil,3580,13,2026-09-18
1577546264,TheAJ,loot_vil,3581,13,2026-09-19
46212,Ragewear,loot_vil,3582,13,2026-08-30
1577545923,Polskafighter85,loot_vil,3583,13,2026-09-12
1577545895,rikuxa1234,loot_vil,3584,13,2026-09-15
1577545872,BI96,loot_vil,3585,13,2026-09-12
1577545633,Willbert,loot_vil,3586,13,2026-09-09
1577545230,Gast545230,loot_vil,3587,13,2026-09-11
1577445047,reiks,loot_vil,3588,13,2026-08-29
1577544093,Paladin Markus,loot_vil,3589,13,2026-09-01
1577543597,Lord Noobish,loot_vil,3590,13,2026-08-30
1577542643,CaptainSnorkles,loot_vil,3591,13,2026-09-22
1577542642,CaptainGringo,loot_vil,3592,13,2026-09-23
1577542139,vinitoc,loot_vil,3593,13,2026-08-27
1577541183,zox0815,loot_vil,3594,13,2026-09-29
540087,Alexej23,loot_vil,3595,13,2026-08-31
1577539056,Angla,loot_vil,3596,13,2026-09-25
9338798,RitterHelki,loot_vil,3597,13,2026-08-27
10138043,Der Frosthauch des Todes,loot_vil,3598,13,2026-09-01
1537497,kardinal6,loot_vil,3599,13,2026-08-30
1577537363,Aerys II,loot_vil,3600,13,2026-09-19
1577535053,Mangoschmilch,loot_vil,3601,13,2026-08-31
1577234466,emarcel14,loot_vil,3602,13,2026-09-03
1577531668,Michimaus,loot_vil,3603,13,2026-09-22
1577431534,Greenbull,loot_vil,3604,13,2026-08-27
1577530897,tom57,loot_vil,3605,13,2026-09-13
1577528485,Flungus,loot_vil,3606,13,2026-09-17
1577527518,KäptnDecoy,loot_vil,3607,13,2026-08-28
1027253,jusumi,loot_vil,3608,13,2026-09-08
1577527085,Rexiceman,loot_vil,3609,13,2026-09-28
1577226944,Saiboy,loot_vil,3610,13,2026-09-17
9124434,Eisi-is-back,loot_vil,3611,13,2026-09-15
1577022940,HCFreak94,loot_vil,3612,13,2026-08-28
1577516367,Pitus,loot_vil,3613,13,2026-10-02
9008110,Shiroianer,loot_vil,3614,13,2026-08-26
8307895,Mansyk,loot_vil,3615,13,2026-08-31
1577504116,artOFwar,loot_vil,3616,13,2026-08-28
1576704073,Domdom94,loot_vil,3617,13,2026-09-04
1577303951,Korkenknaller,loot_vil,3618,13,2026-09-30
1577303441,Emma,loot_vil,3619,13,2026-09-02
1576998227,Lord Conakli,loot_vil,3620,12,2026-08-31
2898146,Püppili,loot_vil,3621,12,2026-09-18
998056,shiva 10,loot_vil,3622,12,2026-09-24
1577296537,RTW7441,loot_vil,3623,12,2026-10-03
8294810,banjo99,loot_vil,3624,12,2026-10-02
1577494371,Lord KarlI,loot_vil,3625,12,2026-09-26
1577492491,Lord hexor,loot_vil,3626,12,2026-09-13
9178,Eric,loot_vil,3627,12,2026-08-29
8890908,derTom67,loot_vil,3628,12,2026-09-25
1577390723,dart-sniper,loot_vil,3629,12,2026-09-27
1577385009,Guenter1970,loot_vil,3630,12,2026-09-09
1577384783,saletti,loot_vil,3631,12,2026-10-03
1576983540,FrankenPranken,loot_vil,3632,12,2026-09-08
9182416,DJ Networks,loot_vil,3633,12,2026-09-02
1577382331,Essy,loot_vil,3634,12,2026-10-02
1577381150,Bong.go 265,loot_vil,3635,12,2026-10-01
1577377300,**Straycat**,loot_vil,3636,12,2026-10-03
1577276908,Mogol,loot_vil,3637,12,2026-09-25
1577171625,Mirage2000,loot_vil,3638,12,2026-09-14
7970769,Phosby,loot_vil,3639,12,2026-08-27
1577067968,Niiesii,loot_vil,3640,12,2026-09-02
9566127,Sniipii,loot_vil,3641,12,2026-09-19
1577464084,GurkeMelone,loot_vil,3642,12,2026-09-27
1577364053,Than-cred,loot_vil,3643,12,2026-09-12
1577262713,Alex Jost,loot_vil,3644,12,2026-08-30
1576962042,ZANDER 1,loot_vil,3645,12,2026-09-29
1577359906,bujes95,loot_vil,3646,12,2026-09-26
1577356265,Succo,loot_vil,3647,12,2026-10-01
7755816,ZeCeKahn,loot_vil,3648,12,2026-09-24
55121,MGDriver,loot_vil,3649,12,2026-09-09
1577453226,Schino,loot_vil,3650,12,2026-08-27
1577252028,Wechsel22,loot_vil,3651,12,2026-08-26
1577351899,kugelblitz02,loot_vil,3652,12,2026-09-13
1577449904,Jostun,loot_vil,3653,12,2026-09-14
8149229,andiiih,loot_vil,3654,12,2026-09-03
1577548444,Lord King Arthur,loot_vil,3655,12,2026-10-03
3248439,Hero-Queen,loot_vil,3656,12,2026-08-29
1577548416,Lord Deviation51,loot_vil,3657,12,2026-10-01
1577548245,Dr-Lampignon,loot_vil,3658,12,2026-10-01
1577548194,Euratis,loot_vil,3659,12,2026-10-02
1577547978,KoWaLLe,loot_vil,3660,12,2026-09-29
1577547955,MousseVI,loot_vil,3661,12,2026-09-29
1577547460,Sir Llo,loot_vil,3662,12,2026-09-27
1577547177,xiandroserechte,loot_vil,3663,12,2026-09-30
1577547009,Markus260790,loot_vil,3664,12,2026-10-02
1577546999,SirSyrex,loot_vil,3665,12,2026-09-24
1577546998,monkeys,loot_vil,3666,12,2026-09-27
1577546828,Tacon26,loot_vil,3667,12,2026-10-01
1577546705,Z KALAZIA,loot_vil,3668,12,2026-09-19
1577546503,Gast546503,loot_vil,3669,12,2026-09-18
8946319,amorina1986,loot_vil,3670,12,2026-09-23
1577546247,Pblack180,loot_vil,3671,12,2026-09-17
1577546086,DörferRecycling e.K.,loot_vil,3672,12,2026-09-20
1577546052,acki1965,loot_vil,3673,12,2026-09-17
1577445942,Waterman,loot_vil,3674,12,2026-09-02
1577545941,foichtgebet,loot_vil,3675,12,2026-09-15
1577545416,Lemuhrensohn,loot_vil,3676,12,2026-09-20
1577445236,Schnurzelhuber,loot_vil,3677,12,2026-08-29
1577545049,Timo Dino,loot_vil,3678,12,2026-09-16
1577544901,spoflo,loot_vil,3679,12,2026-09-02
1577544388,qestdc,loot_vil,3680,12,2026-09-01
1577544041,Tana777,loot_vil,3681,12,2026-09-20
1577543086,LekkerBierje,loot_vil,3682,12,2026-08-27
1577541153,flo23,loot_vil,3683,12,2026-08-26
1577540860,Niklas3101,loot_vil,3684,12,2026-09-10
1577540109,Sabsi17,loot_vil,3685,12,2026-09-30
1577539932,Sophakuchen,loot_vil,3686,12,2026-09-22
1577538973,sawmaster74,loot_vil,3687,12,2026-09-26
1577538501,Stexu,loot_vil,3688,12,2026-09-15
1577538377,alter Ketzer,loot_vil,3689,12,2026-10-03
1577437395,Holzgravur1,loot_vil,3690,12,2026-08-27
1577536965,Pegasus,loot_vil,3691,12,2026-08-27
8036780,01037023,loot_vil,3692,12,2026-08-30
1577535747,Schlaubi,loot_vil,3693,12,2026-08-27
1577535042,Lord Karpfenangler,loot_vil,3694,12,2026-08-31
1577332399,DvornyHorny,loot_vil,3695,12,2026-09-14
8531744,Angus von Geldar,loot_vil,3696,12,2026-09-21
1577430890,Jörn-Oliver,loot_vil,3697,12,2026-09-24
729308,grobi92,loot_vil,3698,12,2026-09-20
1577527866,BlauWeiß1892,loot_vil,3699,12,2026-09-12
1577523657,RR12,loot_vil,3700,12,2026-09-14
120926,schwazer ritter,loot_vil,3701,12,2026-08-27
2018081,Wolfshirn,loot_vil,3702,12,2026-09-04
1576615120,Thor-hammer,loot_vil,3703,12,2026-10-03
2114935,BodomTrier,loot_vil,3704,12,2026-08-29
1577413752,Timpetu12,loot_vil,3705,12,2026-09-25
1577312449,Komutan Fatih,loot_vil,3706,12,2026-08-29
1577512230,NK2623,loot_vil,3707,12,2026-09-08
9712134,GrafvonT.,loot_vil,3708,12,2026-09-12
8110776,Xului,loot_vil,3709,12,2026-09-08
1577209492,Amadeus2019,loot_vil,3710,12,2026-09-26
9908956,Taifun94,loot_vil,3711,12,2026-09-01
7808206,MoehreFranky,loot_vil,3712,12,2026-08-27
1576705402,Haethras.,loot_vil,3713,12,2026-08-26
9804675,Mondwölfin,loot_vil,3714,12,2026-09-06
1577100878,johnny21,loot_vil,3715,12,2026-08-28
1577297173,The Dark Knight 74,loot_vil,3716,11,2026-09-05
1577097155,Fürst der Finsternis,loot_vil,3717,11,2026-09-19
10295997,xpast,loot_vil,3718,11,2026-09-07
1492377,Desert Fox,loot_vil,3719,11,2026-09-04
1577490625,Franz Walter,loot_vil,3720,11,2026-08-29
1577389913,Pitbull2701,loot_vil,3721,11,2026-10-03
7688782,Andreas der Hunne,loot_vil,3722,11,2026-08-31
1577186992,knico266,loot_vil,3723,11,2026-08-26
1577285994,Helmo,loot_vil,3724,11,2026-09-01
9385114,Dazimir,loot_vil,3725,11,2026-09-08
9478306,AfgBoyS,loot_vil,3726,11,2026-09-03
976704,arims08,loot_vil,3727,11,2026-09-27
1577075479,HugoBB,loot_vil,3728,11,2026-09-06
1577175064,Neues Textdokument,loot_vil,3729,11,2026-08-27
973186,die Sauerländerin,loot_vil,3730,11,2026-09-19
1577372685,GeddoKid90,loot_vil,3731,11,2026-09-30
1577371986,thomas98,loot_vil,3732,11,2026-09-11
1577270693,spiderentchen,loot_vil,3733,11,2026-08-27
1469461,Grimmiger Wolf,loot_vil,3734,11,2026-10-01
1577362739,ImmerIch,loot_vil,3735,11,2026-08-30
2862059,schweini?31,loot_vil,3736,11,2026-08-27
10253824,hogelo,loot_vil,3737,11,2026-08-26
10053790,plutoos,loot_vil,3738,11,2026-09-06
1577352902,Sokra,loot_vil,3739,11,2026-09-10
1577451917,mrtuerkenbart,loot_vil,3740,11,2026-08-29
51578,CrashTestDummy,loot_vil,3741,11,2026-09-15
1577248732,Thor25,loot_vil,3742,11,2026-09-19
1577548588,TheOtterBird,loot_vil,3743,11,2026-10-03
1577548578,haze1337,loot_vil,3744,11,2026-10-03
1577548509,Snoxxi,loot_vil,3745,11,2026-10-03
1577548411,NWT51,loot_vil,3746,11,2026-10-03
1577548261,Tobse,loot_vil,3747,11,2026-10-01
1577547881,Nenad1988,loot_vil,3748,11,2026-10-01
1577547793,naggusdergroße,loot_vil,3749,11,2026-10-03
1577547712,Rawi,loot_vil,3750,11,2026-09-29
1577547557,hakunamatata,loot_vil,3751,11,2026-09-30
1577547473,m0ses3,loot_vil,3752,11,2026-09-28
9347110,Conquesor,loot_vil,3753,11,2026-08-26
1577546958,Leozilla,loot_vil,3754,11,2026-09-23
1577546927,Lord13,loot_vil,3755,11,2026-09-22
1577546850,LordPasimir,loot_vil,3756,11,2026-09-25
1577546800,Gast546800,loot_vil,3757,11,2026-10-02
1577546578,Gast546578,loot_vil,3758,11,2026-09-21
1577546517,Stonefox,loot_vil,3759,11,2026-09-17
1577546463,goassler,loot_vil,3760,11,2026-09-17
1577546355,Garasek,loot_vil,3761,11,2026-09-16
1577546030,Golem5000,loot_vil,3762,11,2026-09-25
1577545517,Renemar,loot_vil,3763,11,2026-10-02
1577545334,Kukuk80,loot_vil,3764,11,2026-09-07
1577545202,wm29210,loot_vil,3765,11,2026-09-12
1576245162,Alex007,loot_vil,3766,11,2026-10-02
1576344740,drache 07,loot_vil,3767,11,2026-09-26
1577544471,Lord Marv,loot_vil,3768,11,2026-09-06
1577542789,Sabforce,loot_vil,3769,11,2026-09-03
1577542758,CaptainKlaus,loot_vil,3770,11,2026-09-24
1577542461,Dominik4712,loot_vil,3771,11,2026-09-09
3440784,ema54,loot_vil,3772,11,2026-09-15
1577540531,Mojgan,loot_vil,3773,11,2026-10-03
1577540417,Blutig,loot_vil,3774,11,2026-08-28
1577540023,Der Herscher,loot_vil,3775,11,2026-08-28
1577339706,Meffef,loot_vil,3776,11,2026-09-06
1577438253,Venner97,loot_vil,3777,11,2026-08-28
1577537700,sarahrauch90,loot_vil,3778,11,2026-09-04
1577537189,ischias,loot_vil,3779,11,2026-10-03
10036900,matuten,loot_vil,3780,11,2026-08-30
1577334392,Dücklord,loot_vil,3781,11,2026-09-26
1577534004,citrusextrakt,loot_vil,3782,11,2026-10-03
1577332997,Marcix33,loot_vil,3783,11,2026-08-27
1577530418,piti,loot_vil,3784,11,2026-09-29
3029085,Gregori 98,loot_vil,3785,11,2026-10-03
1577128718,KingHouston,loot_vil,3786,11,2026-09-01
1577528437,SirAlaric,loot_vil,3787,11,2026-09-04
1577527129,Patentling,loot_vil,3788,11,2026-09-11
3126992,-Kasde-,loot_vil,3789,11,2026-09-27
1577126254,PlayBoyTommy,loot_vil,3790,11,2026-09-10
1577525826,technikhighknee,loot_vil,3791,11,2026-09-12
1577525755,Useless,loot_vil,3792,11,2026-09-17
1577325320,Odin1996,loot_vil,3793,11,2026-08-27
724844,Hans Wagenrad,loot_vil,3794,11,2026-09-18
1577324641,Lord BO-1966,loot_vil,3795,11,2026-09-29
1576924325,rakatashi,loot_vil,3796,11,2026-10-03
1577023771,CiderPitcher,loot_vil,3797,11,2026-09-19
1577021422,Zork,loot_vil,3798,11,2026-10-02
1577520794,ProRam,loot_vil,3799,11,2026-08-26
1577220260,Elrado44,loot_vil,3800,11,2026-10-03
1577419671,Bizzarre,loot_vil,3801,11,2026-10-02
1576819504,NutzPunsch,loot_vil,3802,11,2026-09-04
1577518653,Ugamuga,loot_vil,3803,11,2026-09-19
1577514592,ExodusFlo,loot_vil,3804,11,2026-09-05
1577411615,Riedl.88,loot_vil,3805,11,2026-09-17
1577510898,MC Hammer,loot_vil,3806,11,2026-09-20
307622,aragon14,loot_vil,3807,11,2026-09-18
1577304768,Alex1970,loot_vil,3808,11,2026-09-30
1577504687,Durham,loot_vil,3809,11,2026-08-29
9904651,Gambeler,loot_vil,3810,11,2026-08-27
1577502733,Malta123,loot_vil,3811,11,2026-09-06
1577502504,Panzerschmied,loot_vil,3812,11,2026-09-22
1576902492,LeiderGeil,loot_vil,3813,11,2026-09-12
1577301959,OffWhite.,loot_vil,3814,11,2026-08-27
8099881,Trivium0706,loot_vil,3815,10,2026-09-28
1499500,Skyair,loot_vil,3816,10,2026-08-26
1577399082,Luckyluck94,loot_vil,3817,10,2026-09-11
1577398512,Lucifer mortuus diabulus,loot_vil,3818,10,2026-09-25
9996621,Lady mati,loot_vil,3819,10,2026-09-30
96551,Lord Bergi,loot_vil,3820,10,2026-08-27
1577496119,Donaparte,loot_vil,3821,10,2026-08-30
1577396035,kingkelvin,loot_vil,3822,10,2026-09-13
495404,lover1,loot_vil,3823,10,2026-09-05
9594338,andi97912,loot_vil,3824,10,2026-09-16
1577393692,Elala,loot_vil,3825,10,2026-09-22
1577392875,ArexBex,loot_vil,3826,10,2026-09-04
1577491747,Serberus1985,loot_vil,3827,10,2026-09-04
1577390338,B878,loot_vil,3828,10,2026-09-10
9389833,Gringen,loot_vil,3829,10,2026-09-23
1577489775,Xarntos,loot_vil,3830,10,2026-10-01
10088655,Fiipsii,loot_vil,3831,10,2026-08-30
1576887284,Goldfuxx,loot_vil,3832,10,2026-10-02
1577286231,Hunter23,loot_vil,3833,10,2026-08-30
1577185700,newman2,loot_vil,3834,10,2026-10-02
1577282851,toniazemi 19,loot_vil,3835,10,2026-09-23
1577381408,Lord Peter,loot_vil,3836,10,2026-10-03
2779332,Lüttringhauser,loot_vil,3837,10,2026-08-30
1577373907,M.Th.,loot_vil,3838,10,2026-10-01
1873287,Erdnuckel97,loot_vil,3839,10,2026-09-27
1576270609,Zyph,loot_vil,3840,10,2026-08-31
1577370212,Adel29,loot_vil,3841,10,2026-08-26
8469495,3puma3,loot_vil,3842,10,2026-08-27
1577368146,Lord KeineAhnungwas,loot_vil,3843,10,2026-08-29
1577266463,LukHel,loot_vil,3844,10,2026-09-09
9165288,Graf von Schleswig,loot_vil,3845,10,2026-08-30
363748,Kokusho Abendstern,loot_vil,3846,10,2026-10-02
8961276,Lord Sepo,loot_vil,3847,10,2026-08-30
1576959781,Armadildo,loot_vil,3848,10,2026-09-05
259525,der zocker,loot_vil,3849,10,2026-09-20
558807,Max1!,loot_vil,3850,10,2026-10-03
9358729,azecubalig,loot_vil,3851,10,2026-09-25
257510,DrHooxon,loot_vil,3852,10,2026-08-26
1577454410,Dolchgeber,loot_vil,3853,10,2026-09-29
1577454293,Buktu,loot_vil,3854,10,2026-08-30
2353459,Neptun92,loot_vil,3855,10,2026-10-03
251919,notpolizei1993,loot_vil,3856,10,2026-08-30
1577451673,Der Bert,loot_vil,3857,10,2026-09-13
1577548684,DabiAlaba,loot_vil,3858,10,2026-10-03
1577548122,SnipzZ,loot_vil,3859,10,2026-10-01
1577547762,Lunaria,loot_vil,3860,10,2026-09-28
1577547552,maui123,loot_vil,3861,10,2026-09-28
1577547411,Sir.Logan,loot_vil,3862,10,2026-10-02
1577547236,pogopapst,loot_vil,3863,10,2026-09-26
1577547110,Myztery,loot_vil,3864,10,2026-09-28
1577546776,PointtheSock,loot_vil,3865,10,2026-09-24
1577546625,100 Pro,loot_vil,3866,10,2026-09-19
7646509,Nyynyya,loot_vil,3867,10,2026-09-29
1577546495,Nickk1987,loot_vil,3868,10,2026-09-21
9946437,besen14,loot_vil,3869,10,2026-10-01
1577446349,schnuffihund,loot_vil,3870,10,2026-09-16
1577546061,Larius,loot_vil,3871,10,2026-09-21
1577545764,Miraak95,loot_vil,3872,10,2026-09-23
1577545644,Heldman,loot_vil,3873,10,2026-09-23
1577545537,Jennngineer,loot_vil,3874,10,2026-09-09
1577545482,Brocki83,loot_vil,3875,10,2026-09-29
1577545310,Patschi16,loot_vil,3876,10,2026-09-16
1577545306,milkboiiiii,loot_vil,3877,10,2026-09-09
1577545293,TCChang,loot_vil,3878,10,2026-09-10
1577545261,Gast545261,loot_vil,3879,10,2026-10-01
1577545204,W1ederhazelaeuft,loot_vil,3880,10,2026-09-27
1577545144,Conline,loot_vil,3881,10,2026-09-30
1577545031,Scryx,loot_vil,3882,10,2026-09-07
1577544793,Kleineraffe,loot_vil,3883,10,2026-09-05
1577544748,Milla,loot_vil,3884,10,2026-09-02
1577544706,Calissie,loot_vil,3885,10,2026-09-01
1577544256,Gast544256,loot_vil,3886,10,2026-08-30
1577544242,SchwarzeLegion,loot_vil,3887,10,2026-08-31
1577543738,skydancer0082,loot_vil,3888,10,2026-08-27
1577543122,Rancho,loot_vil,3889,10,2026-08-27
1577542967,DenoGreen,loot_vil,3890,10,2026-08-29
1577542956,Goldik,loot_vil,3891,10,2026-08-27
1576942861,Gremlinseye,loot_vil,3892,10,2026-08-26
1577542431,Schweisser,loot_vil,3893,10,2026-09-05
1577542409,Lord Fischer92,loot_vil,3894,10,2026-08-26
1577542183,mike1560,loot_vil,3895,10,2026-09-19
10241668,BlackOperator,loot_vil,3896,10,2026-09-09
1577441559,merlinrohl,loot_vil,3897,10,2026-09-23
1577541439,ViperFalkonzZ,loot_vil,3898,10,2026-09-24
1577539445,Trickster1364,loot_vil,3899,10,2026-09-26
1577539370,VINCO,loot_vil,3900,10,2026-10-03
1577539318,maxit123,loot_vil,3901,10,2026-09-17
1577539137,bubinator,loot_vil,3902,10,2026-09-01
1577538974,G33nius,loot_vil,3903,10,2026-09-03
9238397,mrsandro2,loot_vil,3904,10,2026-09-15
9237991,nevs25,loot_vil,3905,10,2026-08-27
1577537364,suche stamm?,loot_vil,3906,10,2026-08-27
1577537158,Kuppi0815,loot_vil,3907,10,2026-09-05
1577536343,nelly64,loot_vil,3908,10,2026-09-06
1577535553,Silver,loot_vil,3909,10,2026-08-26
1577535518,Negan,loot_vil,3910,10,2026-08-28
1577332056,Nate96,loot_vil,3911,10,2026-09-02
1577432049,demenztor,loot_vil,3912,10,2026-09-17
1577530718,Syokz,loot_vil,3913,10,2026-08-28
1575929722,Tombinator,loot_vil,3914,10,2026-08-31
2229269,Diorgle,loot_vil,3915,10,2026-10-02
1577527628,Sir Garfield,loot_vil,3916,10,2026-09-10
1577526756,Sein mädchen,loot_vil,3917,10,2026-09-27
2326023,Ata Udal,loot_vil,3918,10,2026-09-04
1577325883,Andreas1307,loot_vil,3919,10,2026-09-02
2425525,Razor04,loot_vil,3920,10,2026-09-25
724234,Neguri,loot_vil,3921,10,2026-09-12
1577421662,Tanex,loot_vil,3922,10,2026-10-03
1577321564,xPress,loot_vil,3923,10,2026-08-27
1577421318,Soap HD,loot_vil,3924,10,2026-10-03
1577420494,GrafikFehl3r,loot_vil,3925,10,2026-09-19
1577520032,hunter1505,loot_vil,3926,10,2026-09-27
819560,dragon35,loot_vil,3927,10,2026-09-24
1577518440,Hagorin,loot_vil,3928,10,2026-08-26
1577517385,dennisk95,loot_vil,3929,10,2026-09-27
1577317100,RobertoDerLurchige,loot_vil,3930,10,2026-10-03
8217072,Lo Gxbox,loot_vil,3931,10,2026-08-26
1576916261,Fischchen15,loot_vil,3932,10,2026-09-28
1577515522,mausezaus,loot_vil,3933,10,2026-09-10
1577115198,Baxxter,loot_vil,3934,10,2026-08-26
9914747,RainerPinkler,loot_vil,3935,10,2026-08-27
1577314235,Chalex97,loot_vil,3936,10,2026-08-28
1214022,balla bing 1,loot_vil,3937,10,2026-08-26
8313953,Seargent1,loot_vil,3938,10,2026-09-06
1577511675,Der Metzler,loot_vil,3939,10,2026-08-28
9811082,King LORD IRON,loot_vil,3940,10,2026-09-01
1577510755,StSt,loot_vil,3941,10,2026-09-29
1575909831,gotyou,loot_vil,3942,10,2026-08-26
1576709651,gnik,loot_vil,3943,10,2026-08-26
2709178,Die grauen Adler,loot_vil,3944,10,2026-08-27
1577307219,Liostro,loot_vil,3945,10,2026-08-30
705747,Don-Killa,loot_vil,3946,10,2026-09-14
1304688,marivi,loot_vil,3947,10,2026-08-26
1577504542,Jopo6020,loot_vil,3948,10,2026-09-02
1577404355,Saftbanane,loot_vil,3949,10,2026-09-06
1576303975,SLliiD,loot_vil,3950,10,2026-09-09
8002715,piepe3008,loot_vil,3951,10,2026-09-29
8699223,peelo,loot_vil,3952,9,2026-08-27
8397652,Vinditgader,loot_vil,3953,9,2026-10-02
1577395759,Jo Chen,loot_vil,3954,9,2026-09-27
1577495674,Kris321,loot_vil,3955,9,2026-10-02
2995090,Wagegg,loot_vil,3956,9,2026-09-01
1577394742,Black Viper,loot_vil,3957,9,2026-08-27
1577293750,AbsturzKind,loot_vil,3958,9,2026-09-16
8993459,miss sofie,loot_vil,3959,9,2026-08-30
8592674,Memelländer,loot_vil,3960,9,2026-09-17
1577392073,Sioux,loot_vil,3961,9,2026-09-11
1577090861,LegendKiller,loot_vil,3962,9,2026-10-02
1577389464,fidodido7,loot_vil,3963,9,2026-09-28
1577388276,Kr4mi.,loot_vil,3964,9,2026-08-26
1577387105,ganescha,loot_vil,3965,9,2026-10-03
8186966,VergesseneSeele,loot_vil,3966,9,2026-08-30
1577486078,bosch,loot_vil,3967,9,2026-10-02
1577484420,kingsanny287,loot_vil,3968,9,2026-09-09
1577383837,Lord Halbrand,loot_vil,3969,9,2026-09-09
1577182459,DarkDenis86,loot_vil,3970,9,2026-09-18
1577380978,Malachor,loot_vil,3971,9,2026-09-20
1577380294,ZoraWater,loot_vil,3972,9,2026-09-04
8579140,wolles welt,loot_vil,3973,9,2026-09-13
1577378566,Lobster1984,loot_vil,3974,9,2026-08-27
9376314,Enrico Pallazzo,loot_vil,3975,9,2026-08-26
10273179,LadyMiriam,loot_vil,3976,9,2026-09-30
1577372218,chris220691,loot_vil,3977,9,2026-08-29
10269061,Lady Streitaxt,loot_vil,3978,9,2026-08-30
8967775,Geralt von Riva,loot_vil,3979,9,2026-08-28
9066175,rjb000,loot_vil,3980,9,2026-08-26
1576065532,KINI der Pate,loot_vil,3981,9,2026-09-03
1577164549,salz1,loot_vil,3982,9,2026-09-04
1576863915,lubenko1,loot_vil,3983,9,2026-09-02
1577459879,renner93,loot_vil,3984,9,2026-09-27
1577156277,GrabMyPocket,loot_vil,3985,9,2026-10-03
8155607,BüVo,loot_vil,3986,9,2026-08-28
1577354091,weezy,loot_vil,3987,9,2026-09-22
1576553789,Gulasch.de,loot_vil,3988,9,2026-09-20
9452098,Spike2009,loot_vil,3989,9,2026-09-16
2851966,winniwilly,loot_vil,3990,9,2026-10-03
1577350985,Nauped69,loot_vil,3991,9,2026-09-26
1577348943,mövi9,loot_vil,3992,9,2026-08-26
1577548477,BennyS,loot_vil,3993,9,2026-10-03
948372,Pitkhan,loot_vil,3994,9,2026-10-01
1577548364,Dein Dorf,loot_vil,3995,9,2026-10-02
1577348216,DistruKter,loot_vil,3996,9,2026-09-03
1577548207,LeonRoxXx,loot_vil,3997,9,2026-10-01
1577348043,adiga,loot_vil,3998,9,2026-10-02
1577547735,Maccardi,loot_vil,3999,9,2026-10-03
1577547734,JuliusKellnus,loot_vil,4000,9,2026-10-03
1577547708,bösermau,loot_vil,4001,9,2026-09-28
1577547685,Dr-Lampe,loot_vil,4002,9,2026-09-27
1577547646,Shiruza,loot_vil,4003,9,2026-09-30
8247637,bocki62,loot_vil,4004,9,2026-08-27
1577547564,Ambam94,loot_vil,4005,9,2026-09-26
1577547445,Dr.redwood,loot_vil,4006,9,2026-09-27
1577547362,tcount,loot_vil,4007,9,2026-09-28
1577547010,FabRiro,loot_vil,4008,9,2026-09-25
1577547006,sele,loot_vil,4009,9,2026-09-23
1577546923,Biancax99,loot_vil,4010,9,2026-09-21
1577546849,Diablo200,loot_vil,4011,9,2026-09-30
1577546838,Mr. Buung,loot_vil,4012,9,2026-09-26
1577546442,666Todesengel666,loot_vil,4013,9,2026-09-20
1577046434,Aufstand,loot_vil,4014,9,2026-08-31
9646360,Anderl7212,loot_vil,4015,9,2026-08-26
1577546144,Gio21,loot_vil,4016,9,2026-09-15
1577546119,E10Zirden,loot_vil,4017,9,2026-09-14
1577546023,maci,loot_vil,4018,9,2026-09-14
1577545433,Vernichter3000,loot_vil,4019,9,2026-09-17
1577545245,GlatzoBratzo,loot_vil,4020,9,2026-09-15
1577544978,kolli,loot_vil,4021,9,2026-09-09
1576542732,KnappeLarsi1,loot_vil,4022,9,2026-09-24
1577541344,vurux,loot_vil,4023,9,2026-08-30
1577440973,Elfen,loot_vil,4024,9,2026-09-10
1577540089,Androxon,loot_vil,4025,9,2026-08-31
1577139269,Downpipes,loot_vil,4026,9,2026-09-15
1577539178,edobhf96,loot_vil,4027,9,2026-09-18
1577539047,Deno1103,loot_vil,4028,9,2026-09-18
1577538823,Saustall,loot_vil,4029,9,2026-09-05
1577538663,baresechszwei,loot_vil,4030,9,2026-09-11
1576338327,Mr.Smiht,loot_vil,4031,9,2026-09-29
1577538132,sirhenri,loot_vil,4032,9,2026-10-02
1577537964,Johann,loot_vil,4033,9,2026-08-30
1577437045,NK79,loot_vil,4034,9,2026-09-10
3436998,Brunhold,loot_vil,4035,9,2026-09-09
1577536985,WhiskeyNico,loot_vil,4036,9,2026-09-11
1577536607,Jakobbbb,loot_vil,4037,9,2026-10-03
1577536005,Acetheone,loot_vil,4038,9,2026-09-10
1576535784,JonSP423,loot_vil,4039,9,2026-09-27
1577335313,Abber88,loot_vil,4040,9,2026-09-14
9634636,Idefix2301,loot_vil,4041,9,2026-10-01
1577534580,Don Jörgo,loot_vil,4042,9,2026-10-03
834384,Partizan Thomas,loot_vil,4043,9,2026-08-26
1577333558,frido99,loot_vil,4044,9,2026-09-20
1577532620,gruenemacht,loot_vil,4045,9,2026-08-26
1577531717,Lord Dranreb,loot_vil,4046,9,2026-09-13
1577531621,Knoobs92,loot_vil,4047,9,2026-09-18
1576328934,Fellow13,loot_vil,4048,9,2026-08-27
7927886,ZZZZ4444,loot_vil,4049,9,2026-08-30
326912,Lord Odin,loot_vil,4050,9,2026-09-13
9026799,Luzifer1985,loot_vil,4051,9,2026-09-17
1577123936,WoCShadow,loot_vil,4052,9,2026-08-27
1577421183,Itachi-Sasuke,loot_vil,4053,9,2026-09-09
1576821058,Lord030,loot_vil,4054,9,2026-09-23
1577520569,Buffalojoe,loot_vil,4055,9,2026-09-10
1577420294,DerMissionar,loot_vil,4056,9,2026-08-28
1577319930,Fragezeichen,loot_vil,4057,9,2026-10-03
618448,Bad Boys 77,loot_vil,4058,9,2026-08-29
1577318291,Ludwig I,loot_vil,4059,9,2026-09-10
1577117696,GetLucky,loot_vil,4060,9,2026-09-08
2617477,Saraclia,loot_vil,4061,9,2026-09-17
3016955,Suea,loot_vil,4062,9,2026-09-04
1576416823,Zamparus,loot_vil,4063,9,2026-10-03
1577515991,baro44,loot_vil,4064,9,2026-09-05
1577515929,Teddybär,loot_vil,4065,9,2026-09-27
213937,Hunar,loot_vil,4066,9,2026-09-01
1576513180,Catgirl,loot_vil,4067,9,2026-08-26
1577512873,darkphoenix212,loot_vil,4068,9,2026-09-17
8512556,dagrunge,loot_vil,4069,9,2026-09-06
7611787,Lady Sparrow,loot_vil,4070,9,2026-08-30
1577411054,marin123,loot_vil,4071,9,2026-08-29
910346,The blue Hero,loot_vil,4072,9,2026-09-03
1576909729,Wiener Ramme,loot_vil,4073,9,2026-09-06
1577408612,Ralph1983,loot_vil,4074,9,2026-08-26
9908099,derf1161,loot_vil,4075,9,2026-09-02
2807607,Andy467,loot_vil,4076,9,2026-09-04
1576407582,lapxpresss,loot_vil,4077,9,2026-09-14
9804716,Frazer26398,loot_vil,4078,9,2026-09-20
2704677,Zockerfreak5895,loot_vil,4079,9,2026-09-22
1577504314,Dave 19,loot_vil,4080,9,2026-09-25
2804029,spielnix,loot_vil,4081,9,2026-08-29
1902642,King-Kenan,loot_vil,4082,9,2026-09-06
1577402162,Grandlhuaba,loot_vil,4083,9,2026-09-04
10002120,LoSiento,loot_vil,4084,9,2026-10-01
9200871,d3s3rter,loot_vil,4085,9,2026-10-02
1577498360,OldSchnuffel,loot_vil,4086,8,2026-08-26
1577397846,SirBronson,loot_vil,4087,8,2026-08-31
9195798,Messi 11,loot_vil,4088,8,2026-09-18
3092259,GFRK,loot_vil,4089,8,2026-09-22
1577390946,Tepp1509,loot_vil,4090,8,2026-09-03
1577390012,Pupaken,loot_vil,4091,8,2026-08-26
1577489865,Hated,loot_vil,4092,8,2026-09-06
1576189616,Lord Revilo,loot_vil,4093,8,2026-10-01
1576789237,f4milY.-Bu?in3??,loot_vil,4094,8,2026-08-26
1577487842,Macelch1608,loot_vil,4095,8,2026-08-27
8987073,-ProReene-,loot_vil,4096,8,2026-09-27
10186923,danyok,loot_vil,4097,8,2026-09-17
1577385525,Queeni,loot_vil,4098,8,2026-08-26
1577084464,InsaneKid6,loot_vil,4099,8,2026-09-10
1577284151,MrPaperboy,loot_vil,4100,8,2026-08-30
1577182090,Germania,loot_vil,4101,8,2026-08-31
1576181114,-Nostra Culpa-,loot_vil,4102,8,2026-10-01
1577180701,Kleiner dicker König,loot_vil,4103,8,2026-08-31
8280090,hart112,loot_vil,4104,8,2026-09-14
1577279628,OTTOTTO,loot_vil,4105,8,2026-09-21
1577076417,MatzeOD,loot_vil,4106,8,2026-09-28
9474313,VOSSI der Große,loot_vil,4107,8,2026-08-26
1576273504,FCB-Hanse,loot_vil,4108,8,2026-09-11
1577370754,Pilzkopfseeadler,loot_vil,4109,8,2026-08-27
1577170716,Perser-Krieger,loot_vil,4110,8,2026-08-27
1577265577,Michael Paulsberg,loot_vil,4111,8,2026-09-16
1576365478,chris190,loot_vil,4112,8,2026-08-28
1576763259,Rannug68,loot_vil,4113,8,2026-09-23
2661895,amorin,loot_vil,4114,8,2026-09-23
9260660,omepo,loot_vil,4115,8,2026-09-21
1576660308,Bob der BowMeister,loot_vil,4116,8,2026-10-02
1577259051,Gus Griswald,loot_vil,4117,8,2026-08-26
9858041,Udin 1,loot_vil,4118,8,2026-08-27
1577155175,Karl94,loot_vil,4119,8,2026-08-30
1576454928,Lord Frowin,loot_vil,4120,8,2026-09-07
8254079,Sennid,loot_vil,4121,8,2026-08-26
1577453775,Lenzii,loot_vil,4122,8,2026-09-23
3453488,gueggi,loot_vil,4123,8,2026-10-01
1577453052,420Jay,loot_vil,4124,8,2026-09-18
1577050969,quazar95,loot_vil,4125,8,2026-08-26
1575950833,Duergy,loot_vil,4126,8,2026-08-26
950524,Lucicia,loot_vil,4127,8,2026-08-30
1577450134,xXBacktoBlackXX,loot_vil,4128,8,2026-09-06
1577548707,Yucatano,loot_vil,4129,8,2026-10-03
1577548591,Monkey.D.Ruffy,loot_vil,4130,8,2026-10-03
1577548524,HeroicGem,loot_vil,4131,8,2026-10-02
1576248074,JimBimJimBim,loot_vil,4132,8,2026-09-10
1577548053,Joing,loot_vil,4133,8,2026-10-02
1577547997,Gast547997,loot_vil,4134,8,2026-09-29
1577547984,DrLorki,loot_vil,4135,8,2026-09-30
1577547728,chupa,loot_vil,4136,8,2026-10-03
1577447499,punchkilla,loot_vil,4137,8,2026-09-26
1577547185,futlapperl,loot_vil,4138,8,2026-09-25
1577546856,Nico17,loot_vil,4139,8,2026-09-21
1577546787,Templ3r,loot_vil,4140,8,2026-09-20
1577546758,Zuqqe,loot_vil,4141,8,2026-09-19
1577546696,Gast546696,loot_vil,4142,8,2026-09-19
1577546475,LumaxO,loot_vil,4143,8,2026-09-17
1577546368,Tario94,loot_vil,4144,8,2026-09-28
1577546341,Pablo361,loot_vil,4145,8,2026-09-18
1577546294,ellafella,loot_vil,4146,8,2026-09-29
1577545894,wockhardt,loot_vil,4147,8,2026-09-11
1577545576,Andree1109,loot_vil,4148,8,2026-09-09
1577545447,PrinzU,loot_vil,4149,8,2026-09-10
1577545180,Zacka1909,loot_vil,4150,8,2026-09-23
1577545101,diddy4315,loot_vil,4151,8,2026-09-08
1577544970,Gemüsehändler Gerald,loot_vil,4152,8,2026-09-03
1577544935,SSB2104,loot_vil,4153,8,2026-09-03
1577544735,Thrust,loot_vil,4154,8,2026-09-03
8344598,Lord Trigger,loot_vil,4155,8,2026-09-13
3344458,Lord Mantrax,loot_vil,4156,8,2026-08-26
10044196,crasher4,loot_vil,4157,8,2026-09-18
1577543941,Lingen2023,loot_vil,4158,8,2026-09-13
1577543775,Küchenchef al dente,loot_vil,4159,8,2026-08-27
1577443463,BigMacBannDenWeg,loot_vil,4160,8,2026-10-02
1577542932,TobbyTobsen37,loot_vil,4161,8,2026-09-11
1577442344,DieStämme,loot_vil,4162,8,2026-08-31
1577542206,Joey,loot_vil,4163,8,2026-08-30
1577441677,MrPickles,loot_vil,4164,8,2026-08-31
1577541652,Ecli,loot_vil,4165,8,2026-08-26
2341461,Vampire1,loot_vil,4166,8,2026-08-30
1577541291,Kesselinio,loot_vil,4167,8,2026-09-05
1577540528,Der WixXeR,loot_vil,4168,8,2026-09-01
3440179,alexx1238,loot_vil,4169,8,2026-08-26
1577540167,benjamin1994,loot_vil,4170,8,2026-09-28
1577139881,Elron McBong,loot_vil,4171,8,2026-09-18
1577539713,AntonXXVII,loot_vil,4172,8,2026-09-17
1577539433,Mimo66,loot_vil,4173,8,2026-09-24
1577539345,Schneegott,loot_vil,4174,8,2026-08-31
1576539242,raphael1602,loot_vil,4175,8,2026-09-21
1577538721,OF Piet,loot_vil,4176,8,2026-10-01
1577438623,Golf6Edition35,loot_vil,4177,8,2026-09-21
1577538083,jrensch1933,loot_vil,4178,8,2026-08-26
1337938,diphinila,loot_vil,4179,8,2026-08-29
1577537210,frido911,loot_vil,4180,8,2026-09-01
1577337112,Mady,loot_vil,4181,8,2026-09-12
1577535940,Queeny,loot_vil,4182,8,2026-08-28
1577535530,Neopauli123,loot_vil,4183,8,2026-08-27
1577535118,Schimmi,loot_vil,4184,8,2026-09-27
1577334976,Acidrain23,loot_vil,4185,8,2026-08-29
1577533911,GNeutsch,loot_vil,4186,8,2026-09-15
1577532638,Zockeropa,loot_vil,4187,8,2026-09-12
1577432426,Itzstedt,loot_vil,4188,8,2026-09-15
1577532138,König blackhawk,loot_vil,4189,8,2026-09-05
1577530748,werderschaf,loot_vil,4190,8,2026-08-26
1577529153,Golfjaeger,loot_vil,4191,8,2026-10-02
1577527690,Axetari,loot_vil,4192,8,2026-08-26
2927517,Diemacht1,loot_vil,4193,8,2026-09-03
9327306,killer659,loot_vil,4194,8,2026-10-03
9626601,King-Gondor,loot_vil,4195,8,2026-09-13
1577425681,Mylord Frank,loot_vil,4196,8,2026-09-22
2124349,fudel**,loot_vil,4197,8,2026-08-26
1577522643,boxer2007,loot_vil,4198,8,2026-09-11
1576322378,flupilan,loot_vil,4199,8,2026-09-20
321726,Beizer,loot_vil,4200,8,2026-08-29
1576521664,Kyoni,loot_vil,4201,8,2026-09-04
1577321158,Lord Major1982Tom,loot_vil,4202,8,2026-09-29
1576821123,Glanza v,loot_vil,4203,8,2026-08-29
1577521021,Olaf,loot_vil,4204,8,2026-08-26
1577520977,INT3LD3AD,loot_vil,4205,8,2026-08-29
1577320762,Deutz,loot_vil,4206,8,2026-09-11
1577519108,Lehrzeichen,loot_vil,4207,8,2026-09-18
8316552,lu10ul,loot_vil,4208,8,2026-08-27
1577515767,Lord Jule,loot_vil,4209,8,2026-08-27
1577515681,Mundharmonika,loot_vil,4210,8,2026-08-26
1577015446,Katas zur Beruhigung,loot_vil,4211,8,2026-09-27
8515428,ZZacharias,loot_vil,4212,8,2026-09-26
1577312481,DeathMatch,loot_vil,4213,8,2026-10-03
7712374,jepus,loot_vil,4214,8,2026-09-22
1576712239,Schattenloch,loot_vil,4215,8,2026-10-02
1577411433,Repuk,loot_vil,4216,8,2026-08-29
1577510430,Wolkigwild,loot_vil,4217,8,2026-09-05
10320,Bigmama,loot_vil,4218,8,2026-08-30
1577209345,Flo111,loot_vil,4219,8,2026-08-28
1577008602,be115,loot_vil,4220,8,2026-08-30
1577507036,Steven1909,loot_vil,4221,8,2026-08-31
1576006509,thomas6,loot_vil,4222,8,2026-08-26
1577206281,Petra 03,loot_vil,4223,8,2026-10-03
1577105211,jana48,loot_vil,4224,8,2026-09-02
8404713,usk4,loot_vil,4225,8,2026-09-04
1577503774,Bachelor,loot_vil,4226,8,2026-09-16
1577102232,MrSchicko,loot_vil,4227,8,2026-09-08
1577501621,ulmer.a,loot_vil,4228,8,2026-08-26
1577200081,Odini1972,loot_vil,4229,8,2026-09-27
1576899498,Königin Sanny,loot_vil,4230,7,2026-08-26
2797585,caesar1990,loot_vil,4231,7,2026-09-04
397337,Hirsch-Bock,loot_vil,4232,7,2026-09-03
1577396380,Adichamp,loot_vil,4233,7,2026-09-03
1576595891,Der Alte vom Berg,loot_vil,4234,7,2026-09-02
1576095712,Bombenkönig..,loot_vil,4235,7,2026-09-19
1577495684,Torphi,loot_vil,4236,7,2026-08-29
1577494030,Abeba,loot_vil,4237,7,2026-09-17
1577493640,legenda1996,loot_vil,4238,7,2026-08-26
8092758,Entspannend,loot_vil,4239,7,2026-08-27
9792638,captainschokoflaces,loot_vil,4240,7,2026-10-01
8792368,Maximo 10,loot_vil,4241,7,2026-09-18
92165,Sir-AS,loot_vil,4242,7,2026-09-26
1577491574,Nicky,loot_vil,4243,7,2026-09-12
1577391096,Th.9210,loot_vil,4244,7,2026-09-20
1576190061,MrVolli,loot_vil,4245,7,2026-08-27
1577486104,HeinrichIV,loot_vil,4246,7,2026-09-24
1577086049,xero,loot_vil,4247,7,2026-08-26
1577285545,Phil-Kl10,loot_vil,4248,7,2026-08-28
3085501,WuestenFuchss,loot_vil,4249,7,2026-09-04
1285199,legion.o,loot_vil,4250,7,2026-09-12
8084861,Y nnik 2468,loot_vil,4251,7,2026-09-10
1577383862,justine 60,loot_vil,4252,7,2026-09-30
1577082707,Arco-18,loot_vil,4253,7,2026-09-22
1577382586,vNeroo,loot_vil,4254,7,2026-09-29
2981106,LiiKeAFreaaK,loot_vil,4255,7,2026-08-27
1577076729,papaholger,loot_vil,4256,7,2026-08-26
1577076156,nikki,loot_vil,4257,7,2026-09-21
275014,Rhana,loot_vil,4258,7,2026-08-27
1576174848,pasca19,loot_vil,4259,7,2026-08-27
1576873620,Lord Stutentreiber,loot_vil,4260,7,2026-08-31
9473617,Ratze89,loot_vil,4261,7,2026-09-28
1576873073,lukithebest,loot_vil,4262,7,2026-10-01
1577372870,MATUS013,loot_vil,4263,7,2026-09-29
2572253,13dome13,loot_vil,4264,7,2026-08-29
1576370608,BigBlackLady,loot_vil,4265,7,2026-09-03
9467012,Simon von Dassel,loot_vil,4266,7,2026-09-22
1576566802,Orlando1,loot_vil,4267,7,2026-08-27
3465287,drache micha,loot_vil,4268,7,2026-09-17
1577264227,stephander456789,loot_vil,4269,7,2026-09-29
1576764192,SgtDuck,loot_vil,4270,7,2026-09-06
1576962923,Djbasic92,loot_vil,4271,7,2026-09-07
1577460735,peter57,loot_vil,4272,7,2026-09-26
1577357520,MoreSpeck,loot_vil,4273,7,2026-09-23
7756628,Arthur der neunte,loot_vil,4274,7,2026-09-11
1577056535,Gotti1904,loot_vil,4275,7,2026-08-29
1577354645,Bigfood,loot_vil,4276,7,2026-08-28
1577252933,vwpgle,loot_vil,4277,7,2026-10-03
852853,Lord of Megadesaster,loot_vil,4278,7,2026-09-13
8951815,j-bet,loot_vil,4279,7,2026-08-30
1577349164,priiinz003,loot_vil,4280,7,2026-09-27
1577348991,Hundefluch,loot_vil,4281,7,2026-09-08
1577348851,Kaiser Franz,loot_vil,4282,7,2026-09-26
1577548300,sirMichaelRitter,loot_vil,4283,7,2026-10-01
1577548289,vitja94,loot_vil,4284,7,2026-10-03
1577548188,Gast548188,loot_vil,4285,7,2026-10-03
1577547949,Phlips,loot_vil,4286,7,2026-09-29
1577547854,Sigiberto,loot_vil,4287,7,2026-09-30
1577547638,Snusmu,loot_vil,4288,7,2026-09-29
1576347628,mollidk,loot_vil,4289,7,2026-09-09
1577547582,FHCharly,loot_vil,4290,7,2026-09-26
1577547452,GO Beyond,loot_vil,4291,7,2026-09-25
1577547234,Gast547234,loot_vil,4292,7,2026-09-26
1577547116,lexo,loot_vil,4293,7,2026-09-27
1577547023,azadyilmaz03,loot_vil,4294,7,2026-09-30
1577247011,Yamila,loot_vil,4295,7,2026-09-13
1577546996,DeHorny89,loot_vil,4296,7,2026-09-26
1577546941,Lukas194,loot_vil,4297,7,2026-09-28
1577546875,ScarlettViola,loot_vil,4298,7,2026-10-01
1577546823,hoibschoch,loot_vil,4299,7,2026-09-22
1577546760,Gast546760,loot_vil,4300,7,2026-09-27
1577546718,JuliusCäsar,loot_vil,4301,7,2026-09-29
1577546614,Gast546614,loot_vil,4302,7,2026-09-19
1577546568,farmer2020,loot_vil,4303,7,2026-10-03
1577546566,ThunderStormxX,loot_vil,4304,7,2026-09-22
1577546528,LittleJacki,loot_vil,4305,7,2026-09-19
1577546467,FreeFlo,loot_vil,4306,7,2026-10-03
1577546244,Lord Zeenos,loot_vil,4307,7,2026-09-15
1577546198,liamthelegend,loot_vil,4308,7,2026-09-17
1577546089,Alexmagbier,loot_vil,4309,7,2026-09-26
1577546053,Gast546053,loot_vil,4310,7,2026-09-15
1577146031,fries,loot_vil,4311,7,2026-10-02
1577545956,strauss,loot_vil,4312,7,2026-09-16
1577545884,Heidewitzka6,loot_vil,4313,7,2026-09-18
1577545782,ebudroy,loot_vil,4314,7,2026-09-10
1577545758,lstrobl,loot_vil,4315,7,2026-09-16
1577545718,Knight of Cydonia,loot_vil,4316,7,2026-09-29
1577545679,TKilla,loot_vil,4317,7,2026-09-10
1577545613,cocomonoco,loot_vil,4318,7,2026-09-18
1577545438,Gehacktes,loot_vil,4319,7,2026-09-10
1577545428,DariusQuack,loot_vil,4320,7,2026-09-11
1576145339,xt600,loot_vil,4321,7,2026-09-01
1577545279,KönigOniChan,loot_vil,4322,7,2026-09-23
1577545103,Dreamcast40,loot_vil,4323,7,2026-09-05
1577545023,Gast545023,loot_vil,4324,7,2026-09-04
1045021,Marvin@,loot_vil,4325,7,2026-09-27
1577544898,AdrSch,loot_vil,4326,7,2026-09-21
1577544893,Basti-ftw,loot_vil,4327,7,2026-09-24
1577544295,FabiWin,loot_vil,4328,7,2026-09-09
1577544288,OhneNamen,loot_vil,4329,7,2026-08-31
1577544263,Freerun26,loot_vil,4330,7,2026-09-03
1577544231,HaHoHe,loot_vil,4331,7,2026-08-31
1577544221,Königin Nasusa,loot_vil,4332,7,2026-09-17
1577544054,Potsdamer,loot_vil,4333,7,2026-09-16
1577543960,Kimeas,loot_vil,4334,7,2026-09-28
1577243518,Miraculis der Sanfte,loot_vil,4335,7,2026-08-29
1577543376,Keke Topp,loot_vil,4336,7,2026-08-27
1577543324,VergammelteEitersuppe,loot_vil,4337,7,2026-08-27
1577543139,Phie,loot_vil,4338,7,2026-08-31
1577542655,GeneralKeinPlan,loot_vil,4339,7,2026-09-14
1577442577,Crowned3000,loot_vil,4340,7,2026-08-26
1577542088,Shina,loot_vil,4341,7,2026-09-25
1577541694,Eshkedra,loot_vil,4342,7,2026-09-05
1577541192,Elli Fand,loot_vil,4343,7,2026-09-13
8340700,schotter1966,loot_vil,4344,7,2026-08-26
1577540502,ElKumay,loot_vil,4345,7,2026-10-03
340131,Drees,loot_vil,4346,7,2026-08-28
1577539720,mbsmoke903,loot_vil,4347,7,2026-08-27
1577439286,pierre71,loot_vil,4348,7,2026-08-30
1577539212,Rostkarre,loot_vil,4349,7,2026-09-30
1577338889,bfiebfuwkf,loot_vil,4350,7,2026-09-14
1577238719,Lordking2,loot_vil,4351,7,2026-09-14
1577538273,Xnas,loot_vil,4352,7,2026-08-26
1577537940,Violence92,loot_vil,4353,7,2026-08-26
1577337451,Brikx,loot_vil,4354,7,2026-08-28
1577537171,Judge,loot_vil,4355,7,2026-09-26
1036882,doc1982,loot_vil,4356,7,2026-08-29
1577536363,deadloss,loot_vil,4357,7,2026-09-02
2436252,ppbomber,loot_vil,4358,7,2026-09-24
1577435544,Lady Hansi,loot_vil,4359,7,2026-09-30
10235247,Robinakis,loot_vil,4360,7,2026-09-19
1577534705,Adolf029,loot_vil,4361,7,2026-08-26
1577433896,AntonioMontana,loot_vil,4362,7,2026-09-25
1577532722,Vivi Orunitia,loot_vil,4363,7,2026-09-07
1577532639,Fuchs435,loot_vil,4364,7,2026-08-28
1577532584,alex2010,loot_vil,4365,7,2026-08-28
8932566,oloc-acoc,loot_vil,4366,7,2026-09-06
1577232098,zlyhalphn,loot_vil,4367,7,2026-08-26
1577531986,PP-EXCLUSIVE,loot_vil,4368,7,2026-08-26
9531649,Terror Spongi,loot_vil,4369,7,2026-09-27
1577531511,estfiebi,loot_vil,4370,7,2026-10-01
1577530783,Kryolith,loot_vil,4371,7,2026-08-27
1577430508,-WhySoSeriouS?-,loot_vil,4372,7,2026-08-30
8828794,PüttBull,loot_vil,4373,7,2026-09-03
9228611,germania77,loot_vil,4374,7,2026-08-26
2527984,*Thorshammer*,loot_vil,4375,7,2026-09-25
1577427469,Wodkaenergy,loot_vil,4376,7,2026-08-27
1577526904,alexvakar83,loot_vil,4377,7,2026-09-23
1576426865,CRonaldo7,loot_vil,4378,7,2026-08-31
1577426624,Kleibo98,loot_vil,4379,7,2026-08-31
626553,Maxy 01,loot_vil,4380,7,2026-08-28
1577026411,Palurin,loot_vil,4381,7,2026-10-01
1577525997,Mans1,loot_vil,4382,7,2026-08-29
1577325121,Grimiore,loot_vil,4383,7,2026-08-29
1577425011,gawel,loot_vil,4384,7,2026-09-20
1577321559,ZehnIncsLogout,loot_vil,4385,7,2026-08-29
521016,katerle70,loot_vil,4386,7,2026-08-27
1577518015,Schattenkönigin,loot_vil,4387,7,2026-08-26
1577417053,Andy096,loot_vil,4388,7,2026-10-02
1577516697,terzel12,loot_vil,4389,7,2026-08-28
1577316142,Harrnetz,loot_vil,4390,7,2026-09-23
1577516104,Mischa777,loot_vil,4391,7,2026-09-06
8515756,Seuchenmord,loot_vil,4392,7,2026-09-12
1577115602,Telenass,loot_vil,4393,7,2026-09-24
1577315562,B33rBoii,loot_vil,4394,7,2026-09-29
1576115557,artoss,loot_vil,4395,7,2026-09-17
1577515518,General Capri,loot_vil,4396,7,2026-08-28
9515129,Shania VI.,loot_vil,4397,7,2026-08-27
8412736,dilma,loot_vil,4398,7,2026-09-03
9712101,tactic-commando,loot_vil,4399,7,2026-08-26
1577511589,xBigJigg,loot_vil,4400,7,2026-08-26
9210701,De Kölsche Jung,loot_vil,4401,7,2026-09-29
1576910554,Bultimpakt,loot_vil,4402,7,2026-09-15
1577310212,DerKiller,loot_vil,4403,7,2026-08-31
1577310106,BloodyBenni,loot_vil,4404,7,2026-09-14
7608140,magie92,loot_vil,4405,7,2026-08-28
1577308049,Thomas,loot_vil,4406,7,2026-10-02
1577508011,VinBenzin2,loot_vil,4407,7,2026-09-26
8207383,Opa54,loot_vil,4408,7,2026-09-20
10006855,TubenSalz,loot_vil,4409,7,2026-10-03
1576205507,alteDame,loot_vil,4410,7,2026-08-31
1577505432,wolfman,loot_vil,4411,7,2026-09-18
1577305289,mb942,loot_vil,4412,7,2026-09-23
1577504644,plsHurry,loot_vil,4413,7,2026-09-27
1577503857,Killerhnx,loot_vil,4414,7,2026-09-07
1577303587,lange89,loot_vil,4415,7,2026-10-03
1577403163,MegaWolle,loot_vil,4416,7,2026-08-28
1577502983,abseits,loot_vil,4417,7,2026-08-29
802330,St.Jo,loot_vil,4418,7,2026-10-02
1577401945,Solddier01,loot_vil,4419,7,2026-09-22
1576500390,Extremoo,loot_vil,4420,7,2026-10-03
1577099059,Dafrashrokil,loot_vil,4421,6,2026-09-04
1577398639,Marvin3299,loot_vil,4422,6,2026-09-13
1577098495,Wladimir123,loot_vil,4423,6,2026-08-26
1577498335,Lacky,loot_vil,4424,6,2026-09-23
1577497028,Kata Enthusiast,loot_vil,4425,6,2026-08-26
9197016,Blincki99,loot_vil,4426,6,2026-10-03
1577496988,Simon21,loot_vil,4427,6,2026-08-28
1577496597,erich553,loot_vil,4428,6,2026-09-30
996347,Feuertänzer9999,loot_vil,4429,6,2026-08-26
1577395673,vike,loot_vil,4430,6,2026-09-08
9094864,ratte100,loot_vil,4431,6,2026-10-03
1577394501,Jeggen,loot_vil,4432,6,2026-09-20
1577494020,Lotte19,loot_vil,4433,6,2026-08-31
193940,Siedlerfan,loot_vil,4434,6,2026-09-25
8593822,Der bvb Boss,loot_vil,4435,6,2026-08-27
1575993768,Hexemaus,loot_vil,4436,6,2026-09-13
1577093508,Buckwild,loot_vil,4437,6,2026-09-12
1577492985,boecksiflo,loot_vil,4438,6,2026-09-16
3091488,redbull303,loot_vil,4439,6,2026-08-28
9091456,kevken98,loot_vil,4440,6,2026-08-26
1577091000,Little Sis,loot_vil,4441,6,2026-09-23
1576890801,JessiStressi,loot_vil,4442,6,2026-08-28
1576789578,bighecht,loot_vil,4443,6,2026-08-28
9488902,-Tufak-,loot_vil,4444,6,2026-09-03
1577487965,Lord Purzel,loot_vil,4445,6,2026-09-07
10287436,Baerchen140173,loot_vil,4446,6,2026-08-29
1577287233,Ready4KitZ?,loot_vil,4447,6,2026-08-30
1575886951,-Headyiy-,loot_vil,4448,6,2026-10-03
1577386233,Frantic8th,loot_vil,4449,6,2026-08-26
1577486028,mxddy,loot_vil,4450,6,2026-09-22
1576082892,Drogonos,loot_vil,4451,6,2026-09-07
881130,zuhomer,loot_vil,4452,6,2026-10-02
1576380099,.Sky,loot_vil,4453,6,2026-08-26
1577380067,Romanov,loot_vil,4454,6,2026-10-03
1576979892,Cold As 1ce,loot_vil,4455,6,2026-08-28
879345,DerFriedvolle,loot_vil,4456,6,2026-08-26
1576577085,Dark Flower,loot_vil,4457,6,2026-09-02
1576855,Anbu95,loot_vil,4458,6,2026-09-01
1577176669,CRINITUS,loot_vil,4459,6,2026-09-01
1577074133,Teckplayer,loot_vil,4460,6,2026-09-28
1577372949,jojoei2000,loot_vil,4461,6,2026-09-10
1577172541,Alan of Helmsby,loot_vil,4462,6,2026-09-27
1577171451,-SoulReaver-,loot_vil,4463,6,2026-09-02
1671427,King Kerberos,loot_vil,4464,6,2026-09-07
1577071224,Coca,loot_vil,4465,6,2026-08-31
9270972,Falcon192,loot_vil,4466,6,2026-09-09
7869989,1415,loot_vil,4467,6,2026-08-27
1577368417,Rosi2015,loot_vil,4468,6,2026-08-29
268365,Buddy01,loot_vil,4469,6,2026-10-03
8968357,Hockii,loot_vil,4470,6,2026-08-26
1577168148,depp007,loot_vil,4471,6,2026-08-30
1577267909,schoden,loot_vil,4472,6,2026-09-29
9967370,didi020276,loot_vil,4473,6,2026-10-02
1577366612,Hanniball,loot_vil,4474,6,2026-09-04
1577366328,Phantom,loot_vil,4475,6,2026-09-17
2266248,DuRindvieh,loot_vil,4476,6,2026-08-26
1576266169,Cliffhanger7,loot_vil,4477,6,2026-10-02
1577266133,Sagistrar,loot_vil,4478,6,2026-08-31
1765590,liebesbotin,loot_vil,4479,6,2026-08-27
1576664847,Seung-woo,loot_vil,4480,6,2026-09-24
1577364467,daniel93,loot_vil,4481,6,2026-08-30
1576664209,mobelwobel,loot_vil,4482,6,2026-09-05
1577464188,Badius,loot_vil,4483,6,2026-08-31
1577263330,Fairy Tale,loot_vil,4484,6,2026-08-29
1561562,Pati 96,loot_vil,4485,6,2026-09-03
8260921,Graf Herzer,loot_vil,4486,6,2026-10-01
9559905,Krokuspokus,loot_vil,4487,6,2026-08-27
1259273,portobello,loot_vil,4488,6,2026-08-27
957722,wolle40,loot_vil,4489,6,2026-09-05
8156505,Lola05,loot_vil,4490,6,2026-08-31
2255761,fatboy16,loot_vil,4491,6,2026-09-12
1577454847,Auctoros,loot_vil,4492,6,2026-09-27
1576954552,Instant Karma,loot_vil,4493,6,2026-08-28
1577354167,Noemad,loot_vil,4494,6,2026-10-03
1576453687,ERSTER,loot_vil,4495,6,2026-09-29
1576453418,MaPii,loot_vil,4496,6,2026-09-03
1577453031,TiMo-95,loot_vil,4497,6,2026-09-10
1577452973,Jogy,loot_vil,4498,6,2026-09-22
1576452595,Lizzy66,loot_vil,4499,6,2026-08-26
2051862,dä caro,loot_vil,4500,6,2026-08-26
8850243,Thomax56,loot_vil,4501,6,2026-08-26
7949590,Diabetiker,loot_vil,4502,6,2026-09-21
3449459,Trochaeus,loot_vil,4503,6,2026-09-04
1577248785,Jundeik,loot_vil,4504,6,2026-09-26
1577548603,Zamia,loot_vil,4505,6,2026-10-03
1577548463,Smaaaash,loot_vil,4506,6,2026-10-02
1577548447,Drac1993,loot_vil,4507,6,2026-10-03
1577548316,Dax32333,loot_vil,4508,6,2026-10-02
1577548227,GreygarII,loot_vil,4509,6,2026-10-02
1577548075,KalleHasch,loot_vil,4510,6,2026-09-29
1576948030,Tobias131994,loot_vil,4511,6,2026-09-25
1577547924,zepp,loot_vil,4512,6,2026-09-29
1577547919,Gast547919,loot_vil,4513,6,2026-09-30
1577547824,Xarkxass,loot_vil,4514,6,2026-09-28
1577547651,flolanzi,loot_vil,4515,6,2026-10-02
1577547612,Nathi92,loot_vil,4516,6,2026-09-27
1577547536,Gast547536,loot_vil,4517,6,2026-09-28
1577547447,RandaleRalf,loot_vil,4518,6,2026-10-02
1577547389,Sunni010,loot_vil,4519,6,2026-09-25
1577347354,Chemisi,loot_vil,4520,6,2026-09-16
1577546991,Sir Jon Lee,loot_vil,4521,6,2026-09-22
1577246929,Kevin77,loot_vil,4522,6,2026-10-01
1577546810,King Rob Roy,loot_vil,4523,6,2026-09-27
1577546598,Gast546598,loot_vil,4524,6,2026-09-18
4652,ThEErAsEr,loot_vil,4525,6,2026-09-17
1577546498,König Drachentöter,loot_vil,4526,6,2026-10-03
1577546438,JustF,loot_vil,4527,6,2026-09-18
1577146210,Giebele,loot_vil,4528,6,2026-08-30
1577546182,Eyjay95,loot_vil,4529,6,2026-09-15
1577546155,Peniskopf89,loot_vil,4530,6,2026-09-15
1577546150,LordJeremy,loot_vil,4531,6,2026-09-14
1577546139,ZHFPablo,loot_vil,4532,6,2026-09-28
1577546025,DonRobi,loot_vil,4533,6,2026-10-02
1577545786,Calvino Blanco,loot_vil,4534,6,2026-09-22
1577545775,Schrottsammler,loot_vil,4535,6,2026-09-11
1577545744,Nsambe,loot_vil,4536,6,2026-09-10
1577545624,QuickRick,loot_vil,4537,6,2026-09-25
1577545593,santiago.matamoros,loot_vil,4538,6,2026-09-10
1577545427,Tiandilo,loot_vil,4539,6,2026-09-07
1577545384,Chalmo2000,loot_vil,4540,6,2026-09-12
1577545368,Funkypredator,loot_vil,4541,6,2026-09-06
1577545296,Don cem,loot_vil,4542,6,2026-09-09
1577545146,Jogu,loot_vil,4543,6,2026-09-10
1577544848,Kelle75,loot_vil,4544,6,2026-09-06
1577544739,Gaara88,loot_vil,4545,6,2026-09-02
1577544602,Lipp1337,loot_vil,4546,6,2026-09-01
1577544592,Giru271,loot_vil,4547,6,2026-08-31
1577544469,Marellart,loot_vil,4548,6,2026-09-05
844458,Larb,loot_vil,4549,6,2026-09-21
1577444440,Viki3000,loot_vil,4550,6,2026-09-29
1577544424,Agnesium,loot_vil,4551,6,2026-08-30
1577444181,OlliOri,loot_vil,4552,6,2026-10-02
1577544166,Dr. BOB,loot_vil,4553,6,2026-08-29
1577544146,Elbenkrieger13,loot_vil,4554,6,2026-09-03
1577544025,Spoonlord,loot_vil,4555,6,2026-09-01
1577443178,OnkelMaci,loot_vil,4556,6,2026-09-26
1577543015,beatnick,loot_vil,4557,6,2026-09-01
1577542987,Flox,loot_vil,4558,6,2026-09-13
1577540926,SonniiVerse,loot_vil,4559,6,2026-08-27
1577539642,Meistermartsn70,loot_vil,4560,6,2026-08-30
1577539229,Syker Atar,loot_vil,4561,6,2026-09-22
1577538935,Anton,loot_vil,4562,6,2026-08-29
1577538902,Speedy1972,loot_vil,4563,6,2026-08-26
1577538601,Zudotakikato,loot_vil,4564,6,2026-08-30
1576838151,Xatorion,loot_vil,4565,6,2026-10-03
337961,PAULIANER,loot_vil,4566,6,2026-08-26
9937671,hqelle,loot_vil,4567,6,2026-09-30
9037321,IceT007,loot_vil,4568,6,2026-10-03
1577537283,Rapoto Abinberc,loot_vil,4569,6,2026-09-11
1577537205,Xemnas81,loot_vil,4570,6,2026-09-14
1577537147,R2k3,loot_vil,4571,6,2026-09-22
1577437086,Pineapple52,loot_vil,4572,6,2026-09-26
1577536799,RindenRambo,loot_vil,4573,6,2026-09-12
3036529,-Hardcore,loot_vil,4574,6,2026-10-01
1577535739,ViCe,loot_vil,4575,6,2026-10-03
1577435509,dicawe,loot_vil,4576,6,2026-08-28
1577435316,Leberdurst,loot_vil,4577,6,2026-08-29
1577335205,Hanni123.,loot_vil,4578,6,2026-09-25
1577534941,Wario26,loot_vil,4579,6,2026-09-10
3034750,gandalf der 01,loot_vil,4580,6,2026-09-14
1577134720,knispel,loot_vil,4581,6,2026-08-27
1577434512,Patron247,loot_vil,4582,6,2026-09-24
1134183,Chryssys,loot_vil,4583,6,2026-08-29
1577533689,Lukas2000,loot_vil,4584,6,2026-09-15
1577232018,ereew29,loot_vil,4585,6,2026-08-29
1577331836,thommyderrichtigböse,loot_vil,4586,6,2026-09-22
8131481,boto22,loot_vil,4587,6,2026-09-26
1577529906,toban,loot_vil,4588,6,2026-09-16
1577129795,Lord Fabian,loot_vil,4589,6,2026-08-26
8429695,Manfred 73,loot_vil,4590,6,2026-09-08
1577529046,UAPRedwolf,loot_vil,4591,6,2026-10-03
1577328636,Hasi1991,loot_vil,4592,6,2026-09-20
1577128080,Odenwald,loot_vil,4593,6,2026-09-16
1577527248,ByTeXBL,loot_vil,4594,6,2026-10-02
2327236,TRBashing,loot_vil,4595,6,2026-08-26
1577127089,Karl Heinz,loot_vil,4596,6,2026-08-26
1576627034,Fitz-Gervais,loot_vil,4597,6,2026-09-11
1577325284,KlimmO,loot_vil,4598,6,2026-09-02
1577425042,costa81,loot_vil,4599,6,2026-08-26
1577224945,Andormus,loot_vil,4600,6,2026-09-26
2924886,huey65,loot_vil,4601,6,2026-09-15
7624103,Nervix,loot_vil,4602,6,2026-08-26
8423897,Rhune,loot_vil,4603,6,2026-09-01
1576423733,Brotha Lynch Hung,loot_vil,4604,6,2026-08-28
3023691,AVALON2009,loot_vil,4605,6,2026-09-25
1576623132,TheChaosCaptain,loot_vil,4606,6,2026-09-01
1576422542,Rheingeist23,loot_vil,4607,6,2026-10-03
1577522156,schreegi,loot_vil,4608,6,2026-09-11
1577521549,Krake,loot_vil,4609,6,2026-09-01
1575921027,TRI METRA,loot_vil,4610,6,2026-09-02
1577220971,taktika66,loot_vil,4611,6,2026-09-07
1019948,ohura,loot_vil,4612,6,2026-09-10
19594,Anthelios,loot_vil,4613,6,2026-10-03
8819359,Die Drachen Ritter,loot_vil,4614,6,2026-08-27
1577119317,MüllersBüro,loot_vil,4615,6,2026-08-30
1577517871,clubbaer,loot_vil,4616,6,2026-09-17
3317083,Metalolli,loot_vil,4617,6,2026-08-29
1577417050,tlli2811,loot_vil,4618,6,2026-08-27
7717016,MMonstrum,loot_vil,4619,6,2026-09-08
3116062,torkiller,loot_vil,4620,6,2026-09-09
1576915765,Midrael,loot_vil,4621,6,2026-08-26
8415543,Antze,loot_vil,4622,6,2026-10-03
1577314992,Ruhrpott77,loot_vil,4623,6,2026-09-18
1575914865,CrazyTyp,loot_vil,4624,6,2026-09-14
1577413189,Radimm,loot_vil,4625,6,2026-09-27
1577011450,Inaunso,loot_vil,4626,6,2026-09-08
1576510839,404 Solid,loot_vil,4627,6,2026-08-27
1577410748,spreeathen,loot_vil,4628,6,2026-09-29
9710676,BigL1,loot_vil,4629,6,2026-09-15
1577510093,Vergessen,loot_vil,4630,6,2026-09-05
8009331,maxoma,loot_vil,4631,6,2026-09-05
7909153,Crime2,loot_vil,4632,6,2026-08-27
1577508994,David3333,loot_vil,4633,6,2026-09-28
1576708775,hänsel 75,loot_vil,4634,6,2026-09-19
1576908661,xRango,loot_vil,4635,6,2026-08-27
1407936,O.oCatweazelo.O,loot_vil,4636,6,2026-09-12
607872,tommyhu,loot_vil,4637,6,2026-08-30
1577507089,Tantehasi,loot_vil,4638,6,2026-08-26
1406771,Powergirl 4ever,loot_vil,4639,6,2026-08-29
2606474,Folwark Illugison,loot_vil,4640,6,2026-09-08
7806131,parker10,loot_vil,4641,6,2026-08-30
1577505853,lCasperl,loot_vil,4642,6,2026-09-26
1577505690,MissSunshine,loot_vil,4643,6,2026-09-02
1577505686,King Lord 90,loot_vil,4644,6,2026-08-30
1577304910,Hatcibumbaci,loot_vil,4645,6,2026-09-27
9104871,Sitting Wulf,loot_vil,4646,6,2026-10-02
1577304538,Balloo,loot_vil,4647,6,2026-09-22
903724,Sid43,loot_vil,4648,6,2026-09-24
1577403327,Darthsister12,loot_vil,4649,6,2026-08-27
1576602048,Qacax,loot_vil,4650,6,2026-09-02
1577400609,Bluestriker82m,loot_vil,4651,6,2026-09-04
1576400455,Todeus,loot_vil,4652,6,2026-09-09
1577300006,Gräfin Tina,loot_vil,4653,6,2026-08-31
1577499786,Gabsi0109,loot_vil,4654,5,2026-09-24
1576099489,melli87,loot_vil,4655,5,2026-09-24
1577499020,Elytis,loot_vil,4656,5,2026-08-26
1297454,dlanesH,loot_vil,4657,5,2026-08-28
1577396992,BoomBoomPow,loot_vil,4658,5,2026-08-31
1577296839,Drake22,loot_vil,4659,5,2026-09-17
1596362,15siggi,loot_vil,4660,5,2026-08-27
1577495327,Jigga,loot_vil,4661,5,2026-08-27
1577395265,Mansieur,loot_vil,4662,5,2026-09-30
1577194828,Mauki38,loot_vil,4663,5,2026-09-18
1576794747,RedNova 01,loot_vil,4664,5,2026-09-03
1577494197,HammiDerZerstörer,loot_vil,4665,5,2026-08-27
1577193376,Sigurd 528,loot_vil,4666,5,2026-09-14
9793141,hirss,loot_vil,4667,5,2026-09-05
9092674,charly 65,loot_vil,4668,5,2026-08-28
1577392603,Wellwein,loot_vil,4669,5,2026-09-13
1577192290,Bastator,loot_vil,4670,5,2026-10-01
10090482,Engelchen und Teufelchen,loot_vil,4671,5,2026-09-16
1577290291,Cupi,loot_vil,4672,5,2026-09-19
1577389731,EduardoHamburg,loot_vil,4673,5,2026-09-26
1577189027,OberDuff,loot_vil,4674,5,2026-08-26
1577487253,Pössl,loot_vil,4675,5,2026-09-23
1186708,spenco92,loot_vil,4676,5,2026-09-15
1576986707,Hayat0,loot_vil,4677,5,2026-08-28
9186675,Peganx,loot_vil,4678,5,2026-10-01
1577486566,Fürst V,loot_vil,4679,5,2026-10-02
1576086539,WaZon,loot_vil,4680,5,2026-08-26
1577286165,Erwin Machulke,loot_vil,4681,5,2026-10-03
1577486056,ES90,loot_vil,4682,5,2026-10-01
7785993,keutschi,loot_vil,4683,5,2026-08-29
1577485992,gusti1705,loot_vil,4684,5,2026-09-23
9685542,isenhart234,loot_vil,4685,5,2026-10-03
1577283453,Weltensieg.,loot_vil,4686,5,2026-10-03
1577483019,MotorMachtBoom,loot_vil,4687,5,2026-09-26
881657,Der Hanseat,loot_vil,4688,5,2026-09-16
1576281097,König imad,loot_vil,4689,5,2026-08-29
1577380776,KarstadtDetektiv161,loot_vil,4690,5,2026-08-31
3079876,Ultrafurz,loot_vil,4691,5,2026-08-28
7879631,gjk1,loot_vil,4692,5,2026-09-05
1577279613,Bilderstürmer,loot_vil,4693,5,2026-10-02
1577076991,Fleischi Hansen,loot_vil,4694,5,2026-09-17
1577175835,basde96,loot_vil,4695,5,2026-09-18
174728,M@dm@x,loot_vil,4696,5,2026-09-03
9374247,tik99,loot_vil,4697,5,2026-08-26
1576973176,Sanasar,loot_vil,4698,5,2026-09-03
1372342,alsi der schmächtige,loot_vil,4699,5,2026-09-26
8871990,Dragon Castle Heart,loot_vil,4700,5,2026-08-26
1576571758,Kohlensäure,loot_vil,4701,5,2026-09-03
8871014,krokus2,loot_vil,4702,5,2026-10-03
9970396,erna1967,loot_vil,4703,5,2026-09-04
1576369762,Fliehende Stürme,loot_vil,4704,5,2026-09-10
9068699,liebydeutschland,loot_vil,4705,5,2026-09-29
767514,Suse1979,loot_vil,4706,5,2026-08-27
1577466354,EnotheonE,loot_vil,4707,5,2026-09-23
1577465695,engarde3008,loot_vil,4708,5,2026-08-26
7664851,Ameliae,loot_vil,4709,5,2026-08-27
1576464486,Warriors 1,loot_vil,4710,5,2026-08-26
1577364343,hassanovic,loot_vil,4711,5,2026-08-27
1577064270,robert47,loot_vil,4712,5,2026-08-31
1577463933,HoherStaufer,loot_vil,4713,5,2026-08-27
1563352,Medi1807,loot_vil,4714,5,2026-08-26
1576361844,Daemon666,loot_vil,4715,5,2026-09-29
1577360471,Hannibal848,loot_vil,4716,5,2026-08-29
1577460385,Toran,loot_vil,4717,5,2026-09-04
7860348,Vollmond62,loot_vil,4718,5,2026-08-31
1577460041,Ch4rge,loot_vil,4719,5,2026-08-27
1958261,Dragon53,loot_vil,4720,5,2026-09-02
1457530,Jörg-Hans,loot_vil,4721,5,2026-09-22
1576957331,Puppaia*,loot_vil,4722,5,2026-08-27
1577457261,Erzherzog X,loot_vil,4723,5,2026-09-30
1577456093,tomfire,loot_vil,4724,5,2026-09-17
1577453476,Sachsen Otto,loot_vil,4725,5,2026-08-26
10253420,Tider,loot_vil,4726,5,2026-09-01
1576451822,profcharlieeppes,loot_vil,4727,5,2026-10-03
1577349725,K4mpfk3ks,loot_vil,4728,5,2026-08-27
1577449383,Ronny Berger,loot_vil,4729,5,2026-09-28
1576848785,Zebastian,loot_vil,4730,5,2026-09-14
1577548706,FBunogrande,loot_vil,4731,5,2026-10-03
1577348691,Rarosport1,loot_vil,4732,5,2026-09-22
1577548589,Gezby69,loot_vil,4733,5,2026-10-03
1577548491,xFanTasTiq,loot_vil,4734,5,2026-10-03
2048415,Superinter,loot_vil,4735,5,2026-09-02
1577448294,xTakka,loot_vil,4736,5,2026-08-26
1577548070,StayHome,loot_vil,4737,5,2026-09-29
1577548067,Huenson,loot_vil,4738,5,2026-09-30
1577547982,CasaBosque,loot_vil,4739,5,2026-09-30
1447921,AM-Paulchen,loot_vil,4740,5,2026-08-31
1577547916,Gast547916,loot_vil,4741,5,2026-09-29
1577547887,Mosi,loot_vil,4742,5,2026-09-28
1577547727,Luca1893,loot_vil,4743,5,2026-09-28
1577547662,Crayn,loot_vil,4744,5,2026-09-29
1577547519,König SneaX,loot_vil,4745,5,2026-09-26
1577547518,Grinchhill2203,loot_vil,4746,5,2026-09-27
1577547478,FoxDied666,loot_vil,4747,5,2026-09-27
1577547451,Baron von BuzZ,loot_vil,4748,5,2026-09-27
1577547422,Gast547422,loot_vil,4749,5,2026-09-25
1577547368,Jussel,loot_vil,4750,5,2026-09-26
9347235,Mausi202,loot_vil,4751,5,2026-09-22
1577547183,golftdii,loot_vil,4752,5,2026-09-29
1577547181,Slazer,loot_vil,4753,5,2026-09-27
1577547161,Feyre235,loot_vil,4754,5,2026-09-28
1577547087,DavdiL,loot_vil,4755,5,2026-09-25
1577547046,Timbo108,loot_vil,4756,5,2026-09-23
1577547017,chrusher,loot_vil,4757,5,2026-09-30
1577546992,eXotic91,loot_vil,4758,5,2026-09-23
1577546916,Luka1500,loot_vil,4759,5,2026-09-21
1577546906,Devada,loot_vil,4760,5,2026-09-21
1577546887,DasTelefon,loot_vil,4761,5,2026-09-22
1577546814,Ochsenkopf,loot_vil,4762,5,2026-09-20
1577046752,Lord Gumbelbert,loot_vil,4763,5,2026-09-01
1577546711,MoMoG1907,loot_vil,4764,5,2026-09-19
1577546459,Celcina,loot_vil,4765,5,2026-09-20
1577546405,GeoBear,loot_vil,4766,5,2026-09-18
1577546318,Gast546318,loot_vil,4767,5,2026-10-03
1577546316,Olli77,loot_vil,4768,5,2026-09-20
1577546314,Rembo,loot_vil,4769,5,2026-09-16
1575946207,A11rounder,loot_vil,4770,5,2026-09-19
1577546195,JanekF96,loot_vil,4771,5,2026-09-15
1577546175,Maschilacker76,loot_vil,4772,5,2026-09-30
1577545957,Michi 15,loot_vil,4773,5,2026-09-15
1577545876,Arbeitszeitbetrügerin,loot_vil,4774,5,2026-09-13
1577545748,A13V12,loot_vil,4775,5,2026-09-22
1577545674,holzeisen,loot_vil,4776,5,2026-09-18
1577545665,Gooner,loot_vil,4777,5,2026-09-10
1577545372,Roelt31,loot_vil,4778,5,2026-09-10
1577545330,Cucabeludo,loot_vil,4779,5,2026-09-07
1577545281,Anphi,loot_vil,4780,5,2026-09-13
3245276,Piratentot,loot_vil,4781,5,2026-09-14
10245120,muxximan,loot_vil,4782,5,2026-10-02
3345087,keiler-105,loot_vil,4783,5,2026-09-23
1577544899,UnknownUser,loot_vil,4784,5,2026-09-04
1577444878,Old DARK Memory,loot_vil,4785,5,2026-10-03
1577544876,Baqmbi78,loot_vil,4786,5,2026-09-03
1576844728,Gobiva,loot_vil,4787,5,2026-08-26
1577544488,Yatozuto,loot_vil,4788,5,2026-09-05
1577544336,Jojo02,loot_vil,4789,5,2026-09-15
1577544234,Ragnar96,loot_vil,4790,5,2026-08-31
1577544192,NicDie97,loot_vil,4791,5,2026-09-01
1577544107,Ragnazull,loot_vil,4792,5,2026-09-19
1577543557,Sigma Lion King,loot_vil,4793,5,2026-08-26
1577143346,Lutz74,loot_vil,4794,5,2026-10-03
1577543283,bennyrg2820,loot_vil,4795,5,2026-09-11
1577543240,Mikey68,loot_vil,4796,5,2026-09-04
1577542928,Pfandgott,loot_vil,4797,5,2026-09-15
1577542808,M00npieHN,loot_vil,4798,5,2026-09-10
1577542222,papaya00,loot_vil,4799,5,2026-09-02
1577442138,SirEdel,loot_vil,4800,5,2026-09-04
1577241891,JennyMaus,loot_vil,4801,5,2026-09-10
1577541408,Lord Bremen,loot_vil,4802,5,2026-09-25
1577541042,Lord-Raiden,loot_vil,4803,5,2026-08-31
1577540512,Wanderer,loot_vil,4804,5,2026-08-26
1940255,pionier18,loot_vil,4805,5,2026-09-12
1577539499,FrEaKw87,loot_vil,4806,5,2026-08-30
1577539364,Basher gesucht?,loot_vil,4807,5,2026-09-15
1339166,Fredix,loot_vil,4808,5,2026-09-04
1576938782,König Günther1,loot_vil,4809,5,2026-09-26
1577538768,Blondi01,loot_vil,4810,5,2026-08-30
1576738170,Arminius Germanicus,loot_vil,4811,5,2026-08-31
1038126,Greggg,loot_vil,4812,5,2026-10-03
1577538049,CarloDS,loot_vil,4813,5,2026-08-27
1577437957,bombino,loot_vil,4814,5,2026-09-25
8737828,Kleinstadtmann,loot_vil,4815,5,2026-08-26
1577537728,Knolli-10,loot_vil,4816,5,2026-08-29
1537208,Glubschie2007,loot_vil,4817,5,2026-09-18
8037199,Lord Trumkin der Treue,loot_vil,4818,5,2026-08-29
1577536772,Ultralativus,loot_vil,4819,5,2026-09-13
8536543,bickelsberg,loot_vil,4820,5,2026-09-02
3036004,Ronny X,loot_vil,4821,5,2026-08-29
2135938,1234 willi,loot_vil,4822,5,2026-09-22
1577435521,Smorthey,loot_vil,4823,5,2026-08-27
1577335428,Basti K,loot_vil,4824,5,2026-09-20
1577534881,Kai Haarwachs,loot_vil,4825,5,2026-08-27
1577534346,Tr00per,loot_vil,4826,5,2026-08-26
1577133602,Lembo420,loot_vil,4827,5,2026-09-04
1577532962,majorjulian,loot_vil,4828,5,2026-09-23
1577232846,Dusted95,loot_vil,4829,5,2026-09-04
1577432806,Aerys,loot_vil,4830,5,2026-08-28
1577532753,King Dav,loot_vil,4831,5,2026-08-29
8231565,Telegrafix,loot_vil,4832,5,2026-09-10
10031338,Old School Inc.,loot_vil,4833,5,2026-09-13
1577330910,NamelessKing,loot_vil,4834,5,2026-09-13
1230673,KinkyTime,loot_vil,4835,5,2026-08-26
1577529901,Die Tafelrunde,loot_vil,4836,5,2026-08-29
1576929715,Supersippel,loot_vil,4837,5,2026-08-30
1577429700,WiderstandOhm,loot_vil,4838,5,2026-08-26
1577529088,slystallone25,loot_vil,4839,5,2026-09-03
1577428905,twix,loot_vil,4840,5,2026-09-22
1576827798,KevinRota,loot_vil,4841,5,2026-08-27
1577526330,Kphlar,loot_vil,4842,5,2026-08-26
2225843,torsten2409,loot_vil,4843,5,2026-09-25
1577425637,tim97,loot_vil,4844,5,2026-09-29
1577525612,Tributar,loot_vil,4845,5,2026-10-01
1577325274,Karpfen Dynastie,loot_vil,4846,5,2026-09-13
1577424267,Knipser1987,loot_vil,4847,5,2026-08-31
1577423536,Uni Vers,loot_vil,4848,5,2026-09-14
8023121,albert kempter,loot_vil,4849,5,2026-09-23
1577522076,Eulenspiegel,loot_vil,4850,5,2026-09-18
1577421465,Ritterkreuz,loot_vil,4851,5,2026-09-06
1577221194,Feldschlafsack,loot_vil,4852,5,2026-08-30
1577520993,Goout1414,loot_vil,4853,5,2026-09-20
1577520898,lui1990,loot_vil,4854,5,2026-09-02
3320503,Hikura,loot_vil,4855,5,2026-09-20
1620439,ixlok,loot_vil,4856,5,2026-09-23
2219529,Herly,loot_vil,4857,5,2026-09-13
1577319381,Black-Joker,loot_vil,4858,5,2026-09-19
1576619279,KingTaoX,loot_vil,4859,5,2026-09-17
1577518930,Broast,loot_vil,4860,5,2026-10-02
1576418916,cowboy08,loot_vil,4861,5,2026-09-12
1577518188,Sporek,loot_vil,4862,5,2026-09-10
1577518051,Freudentanz,loot_vil,4863,5,2026-09-09
316840,FireBurn,loot_vil,4864,5,2026-09-01
3016698,Der Templer01,loot_vil,4865,5,2026-09-29
1516616,Totendealer,loot_vil,4866,5,2026-08-28
2216242,sparti andreas,loot_vil,4867,5,2026-09-08
1576016218,Lord Schwarzbrot,loot_vil,4868,5,2026-09-03
1576115430,zelda69,loot_vil,4869,5,2026-10-02
1577414967,Hartung von Schaffenburg,loot_vil,4870,5,2026-08-27
1577513377,Fistiii,loot_vil,4871,5,2026-09-22
10213323,navi1,loot_vil,4872,5,2026-09-13
1577512716,Manichfalt,loot_vil,4873,5,2026-09-04
1577412668,Domi885,loot_vil,4874,5,2026-09-03
1577512269,High Marschall Helbrecht,loot_vil,4875,5,2026-09-23
1577512062,Aleksandar,loot_vil,4876,5,2026-09-03
1577411684,Lord Tizi,loot_vil,4877,5,2026-09-08
1577510436,Shoxx0420,loot_vil,4878,5,2026-08-29
1577509322,Melia,loot_vil,4879,5,2026-09-12
1577409166,Maximus1985,loot_vil,4880,5,2026-08-27
1577408960,Mafiaboss,loot_vil,4881,5,2026-09-15
1577108311,Tante1,loot_vil,4882,5,2026-09-22
1577408275,chrisire1,loot_vil,4883,5,2026-09-13
1577408223,Dragomir1985,loot_vil,4884,5,2026-09-30
9908188,lord pünktchen,loot_vil,4885,5,2026-09-12
1576407464,EatSleepRaveRepeat,loot_vil,4886,5,2026-08-30
1577406365,Meister Kruk,loot_vil,4887,5,2026-08-28
1577406000,marcosandro,loot_vil,4888,5,2026-08-26
2205323,-Illuminati-,loot_vil,4889,5,2026-10-03
1577404687,LucaDaaa,loot_vil,4890,5,2026-10-02
8404340,wolleinvs,loot_vil,4891,5,2026-08-29
1577504207,Daniel13,loot_vil,4892,5,2026-10-03
10104019,roenser1985,loot_vil,4893,5,2026-09-17
1577502812,Brunhilde-Löwenherz,loot_vil,4894,5,2026-08-26
1577001885,Basti23,loot_vil,4895,5,2026-09-26
1577100814,DragonSinMeliodas,loot_vil,4896,5,2026-08-26
1577200461,Poseidon666,loot_vil,4897,5,2026-08-26
1577400447,mAEx,loot_vil,4898,5,2026-09-15
1577500400,Maurice77,loot_vil,4899,5,2026-08-27
1577400354,Lord Lambda,loot_vil,4900,5,2026-08-26
400157,wobroy,loot_vil,4901,5,2026-09-26
1577500093,MH9plus,loot_vil,4902,5,2026-09-14
1577499447,wuffi22,loot_vil,4903,4,2026-09-23
9099199,revenger53,loot_vil,4904,4,2026-08-26
1576598461,KI-GG,loot_vil,4905,4,2026-08-31
1577398431,zivi,loot_vil,4906,4,2026-09-08
1576598175,hary1,loot_vil,4907,4,2026-08-29
98114,jerry77,loot_vil,4908,4,2026-09-15
1577498080,PennyIce,loot_vil,4909,4,2026-09-28
1577297990,robold,loot_vil,4910,4,2026-08-26
9797735,adamus,loot_vil,4911,4,2026-09-29
1577397042,BliBlaBlubberBlasenBernd,loot_vil,4912,4,2026-08-28
7996265,pokkenwilli,loot_vil,4913,4,2026-09-27
96264,Vatti,loot_vil,4914,4,2026-08-30
1576896170,Tickitacker,loot_vil,4915,4,2026-09-11
1577195951,Supersonic569,loot_vil,4916,4,2026-08-26
9195438,Prof.Fessor,loot_vil,4917,4,2026-08-28
1577494837,Runja2025,loot_vil,4918,4,2026-09-29
1576794600,JayJayOkocha,loot_vil,4919,4,2026-09-30
10093818,Ralle1919,loot_vil,4920,4,2026-09-22
1993524,Lidelkuhn,loot_vil,4921,4,2026-10-02
1576992707,Lautern0815,loot_vil,4922,4,2026-08-29
1577292673,xHunterx,loot_vil,4923,4,2026-09-21
1577292656,Batman 6630,loot_vil,4924,4,2026-08-27
1577292559,kuaro,loot_vil,4925,4,2026-09-19
1576591949,ErliFuckingWashington,loot_vil,4926,4,2026-09-02
1577391787,Siiror,loot_vil,4927,4,2026-08-26
7791572,RagnaRockstar,loot_vil,4928,4,2026-10-01
1577291549,TuttleIsHere,loot_vil,4929,4,2026-08-26
1577091431,Stevebe78,loot_vil,4930,4,2026-09-26
2890598,Teddybaer1253,loot_vil,4931,4,2026-09-24
1577489774,winmar,loot_vil,4932,4,2026-09-28
1577389151,NewSebo,loot_vil,4933,4,2026-08-27
1577488094,König masterchief117,loot_vil,4934,4,2026-09-22
687990,dilo123,loot_vil,4935,4,2026-08-27
1577487708,Bursel,loot_vil,4936,4,2026-09-05
2387304,schoersi,loot_vil,4937,4,2026-09-21
1577387198,Kundendienst24,loot_vil,4938,4,2026-09-10
9486777,sterni 44,loot_vil,4939,4,2026-08-26
2786643,Iceman78,loot_vil,4940,4,2026-08-28
1577486226,Madunicum,loot_vil,4941,4,2026-08-26
1577485876,Paul,loot_vil,4942,4,2026-09-07
1577484164,Dynamigan05,loot_vil,4943,4,2026-09-08
1577083688,Ezenyy,loot_vil,4944,4,2026-09-24
3182831,Torti22222,loot_vil,4945,4,2026-10-02
10282079,sirbatro72,loot_vil,4946,4,2026-08-31
2782053,Kampfsau03,loot_vil,4947,4,2026-10-03
9781088,spata1989,loot_vil,4948,4,2026-08-31
1577381008,Nord47,loot_vil,4949,4,2026-09-13
580170,Mr König,loot_vil,4950,4,2026-08-26
8780048,-Noctis-,loot_vil,4951,4,2026-08-26
7979971,nonamePDG,loot_vil,4952,4,2026-09-12
1577378014,Tonkrug,loot_vil,4953,4,2026-08-26
1577378007,Bajacka,loot_vil,4954,4,2026-10-03
1577377577,patschow,loot_vil,4955,4,2026-08-27
8077558,hosch355,loot_vil,4956,4,2026-09-25
9076801,SpecialAirService,loot_vil,4957,4,2026-10-02
1576875619,NinjaElephant,loot_vil,4958,4,2026-09-26
1577375350,caracola,loot_vil,4959,4,2026-08-28
1577275161,Chholzer,loot_vil,4960,4,2026-10-03
1577273228,ElGrande,loot_vil,4961,4,2026-09-12
1576372885,Batman88,loot_vil,4962,4,2026-10-03
1577372251,50Flow,loot_vil,4963,4,2026-08-26
1577171906,IchWillKekse,loot_vil,4964,4,2026-10-03
9871136,magnum16,loot_vil,4965,4,2026-08-29
870268,gem1,loot_vil,4966,4,2026-08-29
8669149,Giulia09,loot_vil,4967,4,2026-10-03
1576268917,Psychotherapeut,loot_vil,4968,4,2026-08-30
9868105,Einsamer Krieger,loot_vil,4969,4,2026-09-27
1575967762,Lord Wilder Watz,loot_vil,4970,4,2026-08-26
2767750,king luser,loot_vil,4971,4,2026-10-02
1577067077,ole einar,loot_vil,4972,4,2026-09-13
266380,Jawl96,loot_vil,4973,4,2026-08-28
1577466267,Matti18,loot_vil,4974,4,2026-09-20
1577465477,georg1,loot_vil,4975,4,2026-08-28
1576865370,haveanicedave,loot_vil,4976,4,2026-08-28
1576965330,schaumbad,loot_vil,4977,4,2026-09-30
63348,Konv,loot_vil,4978,4,2026-09-24
1577062261,.Kekshandel,loot_vil,4979,4,2026-09-07
9561979,patrock 20,loot_vil,4980,4,2026-09-14
1577361493,Zahnmeister,loot_vil,4981,4,2026-09-03
1576261366,Tadazone,loot_vil,4982,4,2026-09-28
7961306,AURORA*NOX,loot_vil,4983,4,2026-08-28
1577361034,badboy,loot_vil,4984,4,2026-08-27
2160809,Wulfmann,loot_vil,4985,4,2026-08-26
860807,Bierschutzverein,loot_vil,4986,4,2026-10-03
1576960376,Flockyy,loot_vil,4987,4,2026-08-26
2560242,DaSilva1978,loot_vil,4988,4,2026-09-23
1576959656,HHS Hugo,loot_vil,4989,4,2026-09-07
1577359039,Zoritas,loot_vil,4990,4,2026-10-01
1577458834,IlIlIlIlI,loot_vil,4991,4,2026-08-26
1577458427,der.Hippster,loot_vil,4992,4,2026-08-27
1577458190,Döner macht schöner,loot_vil,4993,4,2026-09-12
1577457424,corentin,loot_vil,4994,4,2026-08-31
1577256965,MeGaMimBa,loot_vil,4995,4,2026-09-24
1577355767,markuswla1193,loot_vil,4996,4,2026-09-29
1577455373,Davus der Älteste,loot_vil,4997,4,2026-10-01
1575854527,mex112,loot_vil,4998,4,2026-08-30
8453826,wegei,loot_vil,4999,4,2026-09-08
1575953711,Falkenhain1,loot_vil,5000,4,2026-10-03
1576152929,HiddenTask2,loot_vil,5001,4,2026-08-27
1577052872,mario99123,loot_vil,5002,4,2026-10-03
1152614,alexb19961996,loot_vil,5003,4,2026-09-13
8952348,sibbzen,loot_vil,5004,4,2026-09-04
1577452034,Gast0997,loot_vil,5005,4,2026-10-03
1577451898,McHenry,loot_vil,5006,4,2026-08-27
2951522,doubble9999,loot_vil,5007,4,2026-09-07
1577451491,King louis,loot_vil,5008,4,2026-09-29
1576851170,seerose1,loot_vil,5009,4,2026-09-11
1576851076,Compaac,loot_vil,5010,4,2026-08-30
1650986,Ninik94,loot_vil,5011,4,2026-08-26
9950685,Krantix,loot_vil,5012,4,2026-08-28
1577450677,AK-Schuetze,loot_vil,5013,4,2026-09-16
1577450671,fl8rian,loot_vil,5014,4,2026-08-30
2050145,zecke33,loot_vil,5015,4,2026-09-12
1577150104,Lil Trump,loot_vil,5016,4,2026-08-27
1577249771,Frank Reich,loot_vil,5017,4,2026-08-26
1577449588,karl4,loot_vil,5018,4,2026-09-04
3049448,Rammsess,loot_vil,5019,4,2026-10-03
3348969,Fc energie,loot_vil,5020,4,2026-08-26
1577548742,Nuramon82,loot_vil,5021,4,2026-10-03
1577548688,LindschGrinch,loot_vil,5022,4,2026-10-03
1577548671,Gast548671,loot_vil,5023,4,2026-10-03
1577548645,Einkommenstourist,loot_vil,5024,4,2026-10-03
1577548606,byT3emo,loot_vil,5025,4,2026-10-03
1577548554,Kayn127,loot_vil,5026,4,2026-10-03
1577548543,Nyx1987,loot_vil,5027,4,2026-10-02
1577548507,PapstPaule,loot_vil,5028,4,2026-10-02
1577548429,RandalAndi,loot_vil,5029,4,2026-10-01
1577548396,Gast548396,loot_vil,5030,4,2026-10-03
1577548391,Freeze,loot_vil,5031,4,2026-10-01
1577548373,Flotschn,loot_vil,5032,4,2026-10-01
1577548314,König Knospe,loot_vil,5033,4,2026-10-01
1576848291,Black Wolf,loot_vil,5034,4,2026-08-28
1577548240,AtzenLord8,loot_vil,5035,4,2026-09-30
1577548183,Motom,loot_vil,5036,4,2026-10-03
1577548115,GlaD,loot_vil,5037,4,2026-09-30
1577548054,Sigibertl,loot_vil,5038,4,2026-09-29
1577548049,König.Philipp,loot_vil,5039,4,2026-09-29
1576947739,Seedraking,loot_vil,5040,4,2026-09-28
1577547614,thunder1111,loot_vil,5041,4,2026-09-28
1577547539,FurterFrank,loot_vil,5042,4,2026-09-26
1577547470,Grinis,loot_vil,5043,4,2026-09-26
1576047340,FatihSultan40,loot_vil,5044,4,2026-09-22
1577547337,evoq,loot_vil,5045,4,2026-09-28
1577547178,Skinless,loot_vil,5046,4,2026-09-26
1577547123,FAAL01,loot_vil,5047,4,2026-09-26
1577547111,fritzi54,loot_vil,5048,4,2026-09-27
1577547091,Underground 1000,loot_vil,5049,4,2026-09-28
1577547071,M.R.SOLARIS,loot_vil,5050,4,2026-09-27
1577547062,InkubuzZ,loot_vil,5051,4,2026-09-23
1577547031,Gast547031,loot_vil,5052,4,2026-09-25
1577546969,anzeigenhauptmeister,loot_vil,5053,4,2026-09-25
1577546961,DieAnna,loot_vil,5054,4,2026-09-22
1577546874,Beffimaus,loot_vil,5055,4,2026-09-29
1577546826,Soloyrius,loot_vil,5056,4,2026-09-24
1577546782,Sarok,loot_vil,5057,4,2026-09-23
1577546763,Kwo0029,loot_vil,5058,4,2026-09-19
1577546582,Westfale75,loot_vil,5059,4,2026-09-22
9446231,xXWaSGeHtXx,loot_vil,5060,4,2026-09-22
1577546185,sarahfranziska,loot_vil,5061,4,2026-10-03
1577546142,Lord Jacke,loot_vil,5062,4,2026-09-15
1577546056,Gamschied,loot_vil,5063,4,2026-09-13
1577345940,Hendl,loot_vil,5064,4,2026-09-13
1577545936,Werner030,loot_vil,5065,4,2026-09-15
1577545926,sponschbob,loot_vil,5066,4,2026-09-12
1577545922,6ix7even,loot_vil,5067,4,2026-09-12
1577545882,Schkotie,loot_vil,5068,4,2026-09-14
1577545865,Xcrafter,loot_vil,5069,4,2026-09-11
1577545767,DerrBerti,loot_vil,5070,4,2026-09-10
1577545737,robton,loot_vil,5071,4,2026-09-10
9845680,Sarungal1,loot_vil,5072,4,2026-09-29
7945509,turbo1tom,loot_vil,5073,4,2026-08-26
1577545486,Arni112,loot_vil,5074,4,2026-09-08
8745455,Meliandra,loot_vil,5075,4,2026-08-29
1577545345,Wopfi,loot_vil,5076,4,2026-09-10
1577545226,Gothmor,loot_vil,5077,4,2026-09-05
1577545118,Gast545118,loot_vil,5078,4,2026-09-16
1577244712,Peter1704,loot_vil,5079,4,2026-09-15
1577544508,Donna13,loot_vil,5080,4,2026-10-02
1577544489,MrBiggles,loot_vil,5081,4,2026-09-19
1577544474,Ichflexdeinex,loot_vil,5082,4,2026-09-19
1576944265,taubelol,loot_vil,5083,4,2026-09-16
9444183,hexerwelt,loot_vil,5084,4,2026-09-11
1577544124,nerd91,loot_vil,5085,4,2026-09-18
1577544098,The Falco,loot_vil,5086,4,2026-09-23
1577543940,Lord Lechtal,loot_vil,5087,4,2026-09-14
8243220,coffeemann,loot_vil,5088,4,2026-09-19
1577542879,PlayDiver,loot_vil,5089,4,2026-09-18
1577542737,dermörderja,loot_vil,5090,4,2026-09-04
8142713,WensiHasi,loot_vil,5091,4,2026-09-11
1577542273,Lord Vladimir,loot_vil,5092,4,2026-08-31
1577542205,Der Trockner,loot_vil,5093,4,2026-09-16
1577241783,Lord Reidy,loot_vil,5094,4,2026-09-13
2241644,ulanbator,loot_vil,5095,4,2026-09-19
1577541251,LePanzerknacker,loot_vil,5096,4,2026-09-10
1640849,METZGER GUIDO,loot_vil,5097,4,2026-09-13
1577540782,pearlunder99,loot_vil,5098,4,2026-09-27
1577240501,DarkGlow,loot_vil,5099,4,2026-09-01
1577540374,Dadaone79,loot_vil,5100,4,2026-09-18
9240321,minus2,loot_vil,5101,4,2026-09-26
1577540018,BozkurtunGözü,loot_vil,5102,4,2026-08-26
1577539896,Aquilos,loot_vil,5103,4,2026-09-23
1577539745,ChristelvonderPost,loot_vil,5104,4,2026-09-09
1577539650,Maetschii,loot_vil,5105,4,2026-08-30
1577539589,Mihailo der Große,loot_vil,5106,4,2026-09-17
1577439574,talahoni,loot_vil,5107,4,2026-09-27
1577538817,gerrad69,loot_vil,5108,4,2026-08-27
1577538635,kohle96,loot_vil,5109,4,2026-08-30
1577338499,das Böse,loot_vil,5110,4,2026-10-02
1577538418,BraVion,loot_vil,5111,4,2026-09-15
1577538237,BerndBrot der Wahre,loot_vil,5112,4,2026-08-26
1577538215,Ch1llrm,loot_vil,5113,4,2026-09-10
1577538033,UlliUlrichson,loot_vil,5114,4,2026-08-26
1577537647,itsDave,loot_vil,5115,4,2026-09-30
1577537613,SwissRagnar,loot_vil,5116,4,2026-08-27
1577337399,unmoralisches Angebot,loot_vil,5117,4,2026-09-22
1577536699,regjep18,loot_vil,5118,4,2026-08-26
1577536214,Lady Peppy,loot_vil,5119,4,2026-08-27
1577136114,Scopexkiller,loot_vil,5120,4,2026-10-03
1577534972,Badix,loot_vil,5121,4,2026-09-24
1576133947,Florian Würzt,loot_vil,5122,4,2026-09-19
1577533337,Makinos,loot_vil,5123,4,2026-08-26
1577033300,Umanic,loot_vil,5124,4,2026-08-27
1032951,ecstom,loot_vil,5125,4,2026-08-26
632653,Sepp von Drazdany,loot_vil,5126,4,2026-09-21
1577531910,schogo,loot_vil,5127,4,2026-09-06
1577131789,ReGeKo,loot_vil,5128,4,2026-08-28
1577031512,BaBu,loot_vil,5129,4,2026-08-27
1577231016,LasWeb,loot_vil,5130,4,2026-10-02
1577530918,Mikesos,loot_vil,5131,4,2026-09-03
830397,eddy the king,loot_vil,5132,4,2026-09-01
1577530253,PriorSirMaster,loot_vil,5133,4,2026-10-03
9930226,König marcopolo,loot_vil,5134,4,2026-08-26
1577530014,Akay,loot_vil,5135,4,2026-08-26
1577429555,Harleyquinn94,loot_vil,5136,4,2026-08-28
1577229463,charlie64,loot_vil,5137,4,2026-09-15
1577529434,Priscilla,loot_vil,5138,4,2026-08-26
1577329285,MISS MARPLE77,loot_vil,5139,4,2026-09-23
1577529143,Double Shadow,loot_vil,5140,4,2026-08-26
1577529017,Vnv Nation,loot_vil,5141,4,2026-09-10
1576028960,Gundelchen,loot_vil,5142,4,2026-08-27
1577428860,arminja,loot_vil,5143,4,2026-08-29
1577528170,Nikiza,loot_vil,5144,4,2026-10-03
1577027971,JonnyK24,loot_vil,5145,4,2026-09-03
2227947,SengokuSan,loot_vil,5146,4,2026-09-15
2827873,Bratenbrutzler,loot_vil,5147,4,2026-09-15
1577327609,Mactzer,loot_vil,5148,4,2026-08-28
1576526597,LiveD,loot_vil,5149,4,2026-08-26
1577225875,Hacey,loot_vil,5150,4,2026-10-03
1577525389,Dalekovich,loot_vil,5151,4,2026-09-11
10024985,LordAtesh,loot_vil,5152,4,2026-09-03
9423740,little smily,loot_vil,5153,4,2026-09-15
1576723614,lollipop98,loot_vil,5154,4,2026-08-28
1577521919,Klabusterbär,loot_vil,5155,4,2026-09-18
1577521809,Traumjäger,loot_vil,5156,4,2026-09-07
1577521041,Krabbe103,loot_vil,5157,4,2026-09-30
1577520866,Paul Vernica,loot_vil,5158,4,2026-08-26
1577220753,xploe,loot_vil,5159,4,2026-09-26
1577520661,Gandalf94,loot_vil,5160,4,2026-09-09
1577420319,mulletmaik,loot_vil,5161,4,2026-09-18
1577520138,Hestia96,loot_vil,5162,4,2026-09-11
1577419538,Bumai,loot_vil,5163,4,2026-09-26
1577319184,NeedCash,loot_vil,5164,4,2026-08-28
419042,fsb1,loot_vil,5165,4,2026-09-17
1577318823,Tristan100,loot_vil,5166,4,2026-09-27
2217868,Dragon1318,loot_vil,5167,4,2026-09-06
1577517648,Soldat89,loot_vil,5168,4,2026-08-28
1577317640,basix12,loot_vil,5169,4,2026-09-21
1577516824,Donpeppone,loot_vil,5170,4,2026-09-08
1577516548,Käpten Chris,loot_vil,5171,4,2026-09-07
1577515677,Lord Nils,loot_vil,5172,4,2026-08-26
1577415056,Icelina,loot_vil,5173,4,2026-09-04
1576814808,Bunny Yuu,loot_vil,5174,4,2026-10-01
1577514758,Madze,loot_vil,5175,4,2026-09-23
1577414406,CocaChef,loot_vil,5176,4,2026-09-15
1577514259,CDBE,loot_vil,5177,4,2026-09-07
1577314218,Uninstall Now,loot_vil,5178,4,2026-08-27
1577514178,egon,loot_vil,5179,4,2026-08-26
10114117,Lady Shiwa,loot_vil,5180,4,2026-09-02
1577513628,Der Rote Baron 2,loot_vil,5181,4,2026-08-26
1577513615,Basti9254,loot_vil,5182,4,2026-10-01
10113602,Wild Storm,loot_vil,5183,4,2026-09-01
1577413414,Sir Shiggy,loot_vil,5184,4,2026-08-28
9813194,lord of spartakus,loot_vil,5185,4,2026-09-26
1577412366,MineCrawler,loot_vil,5186,4,2026-09-27
312204,Stiesel,loot_vil,5187,4,2026-09-10
1577411812,Gast411812,loot_vil,5188,4,2026-08-27
1577510582,Lasereule,loot_vil,5189,4,2026-08-26
1577210309,larcosss,loot_vil,5190,4,2026-09-30
1577510042,Küken,loot_vil,5191,4,2026-09-06
1577409893,Mr.Eckhead,loot_vil,5192,4,2026-10-01
409814,Skybuggy,loot_vil,5193,4,2026-10-02
1577009468,littlenaomi,loot_vil,5194,4,2026-10-01
1577209323,Sabo 1972,loot_vil,5195,4,2026-09-29
1577408671,zombie1000,loot_vil,5196,4,2026-09-29
1108559,pc....,loot_vil,5197,4,2026-08-26
1577108159,.007,loot_vil,5198,4,2026-08-26
1577407497,Meister2000,loot_vil,5199,4,2026-09-10
606419,Maaarvin,loot_vil,5200,4,2026-09-18
1576706178,xSt0rmx,loot_vil,5201,4,2026-09-27
1577506104,Bimo,loot_vil,5202,4,2026-08-26
1577405999,rint96,loot_vil,5203,4,2026-09-18
1577505478,Harvey Scripter,loot_vil,5204,4,2026-09-29
2605217,STARWARS007,loot_vil,5205,4,2026-09-27
1577405052,Reccor,loot_vil,5206,4,2026-08-26
1577504441,FetterOrk,loot_vil,5207,4,2026-09-26
104322,Taps0815,loot_vil,5208,4,2026-09-12
1576604265,KaTunTV,loot_vil,5209,4,2026-08-30
8504229,Nr.121096,loot_vil,5210,4,2026-08-30
1577504130,Espio,loot_vil,5211,4,2026-08-29
1576603662,grepkin,loot_vil,5212,4,2026-08-30
1577203287,BellBell,loot_vil,5213,4,2026-09-16
2603009,Gnadi67,loot_vil,5214,4,2026-08-28
8902725,Shark99,loot_vil,5215,4,2026-10-02
7902649,RUAL-Tex GmbH,loot_vil,5216,4,2026-10-01
1577302234,Nox3,loot_vil,5217,4,2026-09-29
1576302219,RE4LY?,loot_vil,5218,4,2026-09-13
1577502075,Tommy1906,loot_vil,5219,4,2026-09-29
9401829,timay112,loot_vil,5220,4,2026-10-03
1577500973,Pascalqogooty,loot_vil,5221,4,2026-09-23
3100947,Michel der Grausame,loot_vil,5222,4,2026-09-19
8700872,Albera,loot_vil,5223,4,2026-09-12
1577400771,Snowranger,loot_vil,5224,4,2026-08-26
1577400689,Xeita,loot_vil,5225,4,2026-09-12
1577499950,Bach,loot_vil,5226,3,2026-08-29
1577399813,jasko505,loot_vil,5227,3,2026-09-05
1577299714,Valfadir22,loot_vil,5228,3,2026-08-27
1577299467,Spartakusskuss,loot_vil,5229,3,2026-09-26
1577399058,Rorschach86,loot_vil,5230,3,2026-08-26
9698641,Sep Man,loot_vil,5231,3,2026-09-25
7698082,tommitom,loot_vil,5232,3,2026-10-02
1577497623,Genon der Große,loot_vil,5233,3,2026-10-01
1897528,biri13,loot_vil,5234,3,2026-09-15
1577397320,derStrucki,loot_vil,5235,3,2026-10-03
1577297174,mantarochen1,loot_vil,5236,3,2026-10-01
1575896777,zoltan74,loot_vil,5237,3,2026-08-27
1577396614,Tod83,loot_vil,5238,3,2026-08-26
196499,Holzhackerjunki,loot_vil,5239,3,2026-10-03
1577395813,ibinsdamike,loot_vil,5240,3,2026-09-16
1577194710,Ryo95,loot_vil,5241,3,2026-09-27
1577394640,MasterWet,loot_vil,5242,3,2026-09-19
1577394578,Blaszko,loot_vil,5243,3,2026-09-19
1577194494,hamster97,loot_vil,5244,3,2026-09-11
1577394298,MSVStar,loot_vil,5245,3,2026-09-01
1577393001,Paladoxa,loot_vil,5246,3,2026-09-28
1576292505,Tamey,loot_vil,5247,3,2026-09-14
1576992254,legrend,loot_vil,5248,3,2026-08-30
1577391951,Rente Mit 30,loot_vil,5249,3,2026-09-26
1577391757,lila86,loot_vil,5250,3,2026-08-26
2991338,Illuminati72,loot_vil,5251,3,2026-09-18
8391066,Aphrodite66,loot_vil,5252,3,2026-09-28
1577290952,CHHO2,loot_vil,5253,3,2026-09-18
2590130,der anfaenger,loot_vil,5254,3,2026-09-24
1577489970,Salzstange,loot_vil,5255,3,2026-09-07
1577489957,Klappinski,loot_vil,5256,3,2026-09-29
1577489211,Rhodan1,loot_vil,5257,3,2026-09-06
1577188672,Der Haie,loot_vil,5258,3,2026-08-29
2887937,King Lothar 3,loot_vil,5259,3,2026-08-28
9487771,auto240,loot_vil,5260,3,2026-09-26
287459,Evangelina,loot_vil,5261,3,2026-09-21
1577487117,flo1893,loot_vil,5262,3,2026-09-27
1577486890,sung jin woo,loot_vil,5263,3,2026-08-27
1576786471,Prince187,loot_vil,5264,3,2026-09-15
1577486167,Kiminski,loot_vil,5265,3,2026-10-02
1577485386,no0psy,loot_vil,5266,3,2026-09-22
1577085256,Turtok,loot_vil,5267,3,2026-09-19
1785224,looch,loot_vil,5268,3,2026-09-20
1576985105,Ikkaku,loot_vil,5269,3,2026-09-11
9084786,der buddy,loot_vil,5270,3,2026-09-14
884339,McSid,loot_vil,5271,3,2026-09-01
1684295,MWKiller80,loot_vil,5272,3,2026-08-26
1577483612,Bubu94,loot_vil,5273,3,2026-08-27
1577182467,Tiger9000,loot_vil,5274,3,2026-08-29
1575980004,kdg1992,loot_vil,5275,3,2026-10-03
3179289,IronSteel,loot_vil,5276,3,2026-08-26
1577077854,Schnurrr,loot_vil,5277,3,2026-09-13
1577077281,kris99,loot_vil,5278,3,2026-08-27
1577376739,-Anti-,loot_vil,5279,3,2026-09-06
1577376086,mmiw,loot_vil,5280,3,2026-09-20
1576475933,Pvt Cat,loot_vil,5281,3,2026-08-26
8475251,hasenkrieger98,loot_vil,5282,3,2026-08-29
1576474941,Sir T,loot_vil,5283,3,2026-08-26
1577273910,Imperator111,loot_vil,5284,3,2026-09-08
1577073824,MonaLisa,loot_vil,5285,3,2026-10-03
1577372978,inwa,loot_vil,5286,3,2026-09-14
1577372688,nope554,loot_vil,5287,3,2026-09-06
1577071691,Rollo,loot_vil,5288,3,2026-09-21
1577371129,Black Fire Star,loot_vil,5289,3,2026-09-23
1769818,masterlukas1,loot_vil,5290,3,2026-09-19
7869583,michi9595,loot_vil,5291,3,2026-09-30
9469545,pit67,loot_vil,5292,3,2026-09-08
9768961,Wok27,loot_vil,5293,3,2026-09-12
1575968781,Mondguggerin,loot_vil,5294,3,2026-08-26
1577468154,Makroxix,loot_vil,5295,3,2026-10-03
1576167311,adrirok135,loot_vil,5296,3,2026-09-11
1576667094,baba.1,loot_vil,5297,3,2026-09-18
8666725,McDudel,loot_vil,5298,3,2026-08-26
1575866300,König Laotse,loot_vil,5299,3,2026-09-22
1577365391,Peanut Butta,loot_vil,5300,3,2026-09-28
2965180,Ticabell,loot_vil,5301,3,2026-09-01
1577264815,BitaceS,loot_vil,5302,3,2026-08-26
1577464697,König Christian,loot_vil,5303,3,2026-09-24
1577462035,Menatris,loot_vil,5304,3,2026-08-30
10061197,DruPat2013,loot_vil,5305,3,2026-09-19
3060911,Morgana Le Fay,loot_vil,5306,3,2026-10-01
360538,Dirty Harry 3,loot_vil,5307,3,2026-09-23
60416,Skally,loot_vil,5308,3,2026-09-01
1060260,Chicko97,loot_vil,5309,3,2026-08-29
7958717,Schiefey93,loot_vil,5310,3,2026-08-26
9057335,Prezident,loot_vil,5311,3,2026-09-27
1577457334,Kingköng,loot_vil,5312,3,2026-09-12
1577257223,senebo7612,loot_vil,5313,3,2026-09-10
2156727,nilswal,loot_vil,5314,3,2026-09-24
7956383,Krieger Gondors,loot_vil,5315,3,2026-08-28
8455753,Fee.,loot_vil,5316,3,2026-08-26
1577355679,Marcel9329,loot_vil,5317,3,2026-09-01
154754,Re´u,loot_vil,5318,3,2026-08-26
1577154496,Wäldianer,loot_vil,5319,3,2026-08-28
1577353473,icetea,loot_vil,5320,3,2026-08-27
9652862,Sinf4er,loot_vil,5321,3,2026-09-26
1577452721,Sizzel21,loot_vil,5322,3,2026-09-09
9652694,Laston,loot_vil,5323,3,2026-08-26
1577452549,Waloka,loot_vil,5324,3,2026-09-28
1577251651,Brandhaus,loot_vil,5325,3,2026-08-26
1575851444,Vento1993,loot_vil,5326,3,2026-09-14
1577351433,Anarion,loot_vil,5327,3,2026-09-12
1577451301,Freezer069,loot_vil,5328,3,2026-09-08
1577250973,Goldi9ers,loot_vil,5329,3,2026-09-28
9149215,MaGunTiA,loot_vil,5330,3,2026-09-16
1576049067,Einfach GeiL,loot_vil,5331,3,2026-08-26
1577449045,ekko1992,loot_vil,5332,3,2026-09-25
1577448937,SteveSauda,loot_vil,5333,3,2026-09-30
1577548795,Manuel1998,loot_vil,5334,3,2026-10-03
1577548737,StrikerEurika,loot_vil,5335,3,2026-10-03
1577548728,pcfx,loot_vil,5336,3,2026-10-03
1577548710,Lordshane92,loot_vil,5337,3,2026-10-03
1577548668,haebsi,loot_vil,5338,3,2026-10-03
1577548560,velo,loot_vil,5339,3,2026-10-03
1577548523,Lyconn,loot_vil,5340,3,2026-10-02
1577548519,Becarius,loot_vil,5341,3,2026-10-02
1577548443,Hansii,loot_vil,5342,3,2026-10-02
1577548430,AdriennAdrienn,loot_vil,5343,3,2026-10-02
1577548384,Anglerbaby,loot_vil,5344,3,2026-10-01
1577548304,König strelok91,loot_vil,5345,3,2026-10-02
1577548056,Gast548056,loot_vil,5346,3,2026-10-03
1577548007,NoxZenkor,loot_vil,5347,3,2026-09-29
1577547917,Gast547917,loot_vil,5348,3,2026-09-28
1577547746,AroczZ,loot_vil,5349,3,2026-09-28
1577547725,Brohann,loot_vil,5350,3,2026-09-30
1577547681,Ohrly,loot_vil,5351,3,2026-09-28
1577547574,kokopxp,loot_vil,5352,3,2026-09-26
1577547571,König Juli der Erste,loot_vil,5353,3,2026-09-30
1577547514,MarcoReus97,loot_vil,5354,3,2026-09-26
1577547507,Bronson,loot_vil,5355,3,2026-09-30
1577547209,Frankwhite4444,loot_vil,5356,3,2026-09-25
1577547122,K3rn3r,loot_vil,5357,3,2026-09-26
1577547074,haefl,loot_vil,5358,3,2026-09-23
1577547058,Simbo123,loot_vil,5359,3,2026-09-23
1577547036,Fixokles,loot_vil,5360,3,2026-09-23
1577547013,Michel31,loot_vil,5361,3,2026-09-23
1577546987,HideonBush44,loot_vil,5362,3,2026-09-25
1577546952,eingerostet88,loot_vil,5363,3,2026-09-23
1577546881,PENDEJO,loot_vil,5364,3,2026-09-21
1577546778,Peeky,loot_vil,5365,3,2026-09-22
1577546769,Gast546769,loot_vil,5366,3,2026-09-27
1577546746,Xagarano,loot_vil,5367,3,2026-09-20
1577546741,JakoSVK,loot_vil,5368,3,2026-09-19
1577546740,Lumath,loot_vil,5369,3,2026-09-19
1577546736,Lyramea,loot_vil,5370,3,2026-09-19
1577546733,Aisu1991,loot_vil,5371,3,2026-09-19
1577546674,Stony420,loot_vil,5372,3,2026-09-30
1577546663,Gast546663,loot_vil,5373,3,2026-09-21
1577346524,Uwe-Volker,loot_vil,5374,3,2026-09-18
1577546492,Lady MiaSchö,loot_vil,5375,3,2026-09-17
1577546484,michupichu,loot_vil,5376,3,2026-09-17
1577546425,Zherteff,loot_vil,5377,3,2026-09-17
1577446342,Onkelz124,loot_vil,5378,3,2026-09-08
1577546338,Gast546338,loot_vil,5379,3,2026-09-16
1577046315,Frag.Nag,loot_vil,5380,3,2026-08-27
1577546201,Hans13,loot_vil,5381,3,2026-09-14
1577546174,Enesik,loot_vil,5382,3,2026-09-14
1577246161,KakashiX3,loot_vil,5383,3,2026-08-28
1577546114,Borstis Bar,loot_vil,5384,3,2026-09-15
1577546037,henzz88,loot_vil,5385,3,2026-09-16
1577545999,Cpt.AB,loot_vil,5386,3,2026-09-14
1577545981,Müllmann8,loot_vil,5387,3,2026-09-14
1577545927,Gast545927,loot_vil,5388,3,2026-09-11
1577545750,benfred,loot_vil,5389,3,2026-09-10
1577545721,Kalteeen,loot_vil,5390,3,2026-09-10
1577545610,renwas93,loot_vil,5391,3,2026-09-09
1577545534,sam96,loot_vil,5392,3,2026-09-08
9245483,Yanka,loot_vil,5393,3,2026-08-30
1577545465,Khalisi,loot_vil,5394,3,2026-09-24
1577545195,Sayaka,loot_vil,5395,3,2026-09-04
1577545108,Naturfreund-1986,loot_vil,5396,3,2026-09-16
8645017,einlord,loot_vil,5397,3,2026-09-22
9945005,Der Gamer 300,loot_vil,5398,3,2026-10-01
1577545005,Rayzil,loot_vil,5399,3,2026-09-04
1577544909,Mr Greyhound,loot_vil,5400,3,2026-09-18
1576644829,Hexer01,loot_vil,5401,3,2026-08-27
1577344758,xsodomx,loot_vil,5402,3,2026-10-03
1577544714,ayuni,loot_vil,5403,3,2026-09-02
1577444692,arbeitsloser-0815,loot_vil,5404,3,2026-08-26
1577544576,Frikadelle,loot_vil,5405,3,2026-09-29
1577544545,xArathon,loot_vil,5406,3,2026-09-02
1577544409,Danielhha,loot_vil,5407,3,2026-08-30
1577544340,Red Bull 25,loot_vil,5408,3,2026-09-18
1577544265,ZACKIG,loot_vil,5409,3,2026-09-01
1577544244,Nordmänner,loot_vil,5410,3,2026-08-29
1577543993,Der Tiger,loot_vil,5411,3,2026-09-29
1577343621,RitchyHara,loot_vil,5412,3,2026-08-26
1577543394,DeinVerderben,loot_vil,5413,3,2026-08-31
1577443108,gamepaddy,loot_vil,5414,3,2026-09-24
1577542852,Skuzy,loot_vil,5415,3,2026-08-29
1577542820,Alpha97070,loot_vil,5416,3,2026-09-03
1577542265,Ninsbär,loot_vil,5417,3,2026-08-27
2342210,Dämonenkönig,loot_vil,5418,3,2026-09-05
1577542135,Nking97,loot_vil,5419,3,2026-09-05
3441985,Hobbit der Grosse,loot_vil,5420,3,2026-09-25
1577141028,ManiaXn,loot_vil,5421,3,2026-09-19
2740929,wikinger1978,loot_vil,5422,3,2026-09-26
1577540707,Firuna,loot_vil,5423,3,2026-09-29
1640677,Hermanvaan,loot_vil,5424,3,2026-08-26
1577540644,Julia0909,loot_vil,5425,3,2026-09-20
1577540159,Wurzel1986,loot_vil,5426,3,2026-09-14
1577339960,Hofnarr111,loot_vil,5427,3,2026-08-26
1577339380,Olofsson,loot_vil,5428,3,2026-09-12
1577539088,LooukY,loot_vil,5429,3,2026-09-09
1577539034,xalphox,loot_vil,5430,3,2026-08-30
1577538904,CrazyGamer,loot_vil,5431,3,2026-08-26
1577438551,König Steffi,loot_vil,5432,3,2026-09-16
1577538233,Rambo12,loot_vil,5433,3,2026-10-03
1577537868,Headdii,loot_vil,5434,3,2026-08-28
1577537742,Nachthaken,loot_vil,5435,3,2026-08-28
1577537681,Jütti,loot_vil,5436,3,2026-08-26
1637531,klaudesi,loot_vil,5437,3,2026-10-03
1577537476,Lord remundo ryan,loot_vil,5438,3,2026-09-10
1577537056,lalashrmn,loot_vil,5439,3,2026-09-19
1577536315,sykke,loot_vil,5440,3,2026-09-07
1577536293,Neschim,loot_vil,5441,3,2026-09-13
1576635820,Tom Clancy,loot_vil,5442,3,2026-08-26
1577535513,FranDue01,loot_vil,5443,3,2026-09-07
1577535276,ElMaestro,loot_vil,5444,3,2026-09-18
1577534401,Skylake,loot_vil,5445,3,2026-08-28
1577534166,Harry58,loot_vil,5446,3,2026-10-03
1577533607,kasso95,loot_vil,5447,3,2026-09-14
1577533449,Uwe 752,loot_vil,5448,3,2026-08-27
1577533436,Grachalscheich,loot_vil,5449,3,2026-08-31
1577433263,NoWay,loot_vil,5450,3,2026-08-27
10133104,TerryHenry,loot_vil,5451,3,2026-09-19
1577232856,moert4,loot_vil,5452,3,2026-09-24
1577532811,ELKanakos,loot_vil,5453,3,2026-08-28
2332271,Jokelan,loot_vil,5454,3,2026-08-28
1577531472,andersin,loot_vil,5455,3,2026-10-03
1577531303,gertl,loot_vil,5456,3,2026-08-30
1577531062,Destroyer5,loot_vil,5457,3,2026-09-13
1577430935,painkillaa,loot_vil,5458,3,2026-10-03
1577330911,Lucyelle,loot_vil,5459,3,2026-09-08
1577530791,Willi19,loot_vil,5460,3,2026-08-27
1577130776,held123,loot_vil,5461,3,2026-09-22
430677,vidde,loot_vil,5462,3,2026-08-26
8830653,meru32,loot_vil,5463,3,2026-08-26
1577530636,Herman12,loot_vil,5464,3,2026-09-29
9529703,Aladin von Trödel,loot_vil,5465,3,2026-08-26
1577329528,Muuske,loot_vil,5466,3,2026-09-20
1576728802,ac10003,loot_vil,5467,3,2026-09-17
1577228787,westzero94,loot_vil,5468,3,2026-09-12
1577328676,1.Norgur,loot_vil,5469,3,2026-09-27
1577428375,arclightarrow,loot_vil,5470,3,2026-09-17
1577428180,bieze,loot_vil,5471,3,2026-08-28
1577427813,mühli93,loot_vil,5472,3,2026-09-28
1577427183,Marty Neumannxxl2,loot_vil,5473,3,2026-08-26
1576626579,AtillaFakhro,loot_vil,5474,3,2026-08-31
8726438,Mr.Greeeny,loot_vil,5475,3,2026-08-26
1577425488,BlackViper69,loot_vil,5476,3,2026-09-26
1577524891,BOSSexe,loot_vil,5477,3,2026-08-27
1577124464,hightower,loot_vil,5478,3,2026-09-28
823432,chacky chan,loot_vil,5479,3,2026-08-29
1823376,Nitramuss,loot_vil,5480,3,2026-08-26
2622884,Diesi95,loot_vil,5481,3,2026-08-30
1577322248,Pletziii219,loot_vil,5482,3,2026-09-29
1576720937,Joshua Kattamich,loot_vil,5483,3,2026-08-27
1576620778,Fuddiii,loot_vil,5484,3,2026-08-26
1577419581,Stromlan,loot_vil,5485,3,2026-08-26
1577519152,Herr Boss,loot_vil,5486,3,2026-09-28
1577519151,Better Call Kroko,loot_vil,5487,3,2026-09-27
1577418122,Lady nina,loot_vil,5488,3,2026-09-29
1577517613,Baumi224,loot_vil,5489,3,2026-09-22
1576817379,.79.,loot_vil,5490,3,2026-09-24
2417293,mumi01,loot_vil,5491,3,2026-10-03
1577517130,Cosmin,loot_vil,5492,3,2026-09-22
1577116754,Bleckmann,loot_vil,5493,3,2026-08-27
1577216618,xKrypto,loot_vil,5494,3,2026-09-12
1577316391,Hermanndinger,loot_vil,5495,3,2026-09-27
1577416345,Fabi3190,loot_vil,5496,3,2026-08-26
9915885,Pit1898,loot_vil,5497,3,2026-09-08
10115225,Dorfplünderer,loot_vil,5498,3,2026-09-27
1576815190,König RobinHood,loot_vil,5499,3,2026-08-30
9014775,xTuRnScHuHx,loot_vil,5500,3,2026-09-03
1576914615,Wuzzy,loot_vil,5501,3,2026-08-28
9714341,Eckifighter,loot_vil,5502,3,2026-09-11
9814162,Grammarum,loot_vil,5503,3,2026-09-03
1577513929,Zade,loot_vil,5504,3,2026-08-27
1576913707,Der Zauberer,loot_vil,5505,3,2026-09-15
1577112742,Strikta,loot_vil,5506,3,2026-09-05
1577112641,QPXX,loot_vil,5507,3,2026-08-27
1577512122,Wurschtbrot,loot_vil,5508,3,2026-08-27
1577411958,Mosti74,loot_vil,5509,3,2026-10-03
2811774,Ölümsüz Kahraman,loot_vil,5510,3,2026-10-01
1577511484,Schwarzer Ritter,loot_vil,5511,3,2026-09-24
1576911455,DaKiniVomKeamsee,loot_vil,5512,3,2026-09-02
1577411430,Toadally Awesome,loot_vil,5513,3,2026-09-24
1577511341,Eric76er,loot_vil,5514,3,2026-08-26
8111187,Balian von Ibbelin,loot_vil,5515,3,2026-09-29
7810677,Haucky,loot_vil,5516,3,2026-09-01
1577310666,TheKopana,loot_vil,5517,3,2026-08-27
1577509313,FireFighter2025,loot_vil,5518,3,2026-08-26
8308784,speedy801,loot_vil,5519,3,2026-09-14
1577508156,Macphisto,loot_vil,5520,3,2026-09-12
1308041,Lord Liemert,loot_vil,5521,3,2026-09-11
3407741,Freiheit2000,loot_vil,5522,3,2026-09-27
1577306888,BitiKing,loot_vil,5523,3,2026-09-23
9806727,Toddy,loot_vil,5524,3,2026-08-28
2506399,wickal,loot_vil,5525,3,2026-09-28
1577506308,Deplinator,loot_vil,5526,3,2026-10-01
1577506292,Bier-King,loot_vil,5527,3,2026-09-24
1577506122,Lebenslast,loot_vil,5528,3,2026-09-26
1577305704,mari97,loot_vil,5529,3,2026-10-03
1577505378,wurschsemmelmann,loot_vil,5530,3,2026-08-27
1577505017,Wolf of Bruck,loot_vil,5531,3,2026-09-14
1577304828,BUUBEERE,loot_vil,5532,3,2026-08-26
1577104754,MemYo,loot_vil,5533,3,2026-09-23
1577404425,SmackDown,loot_vil,5534,3,2026-10-02
1577304358,Lord angelika,loot_vil,5535,3,2026-09-11
1577503974,brö-1848,loot_vil,5536,3,2026-08-31
8803573,Glatzeder1.,loot_vil,5537,3,2026-08-30
2003379,dennis kr,loot_vil,5538,3,2026-08-27
1577402996,Sam.,loot_vil,5539,3,2026-08-27
1577402274,Talsus,loot_vil,5540,3,2026-09-23
1577200851,vapeers,loot_vil,5541,3,2026-09-17
1577500335,TCrosb,loot_vil,5542,3,2026-10-03
1577300275,Lucky,loot_vil,5543,3,2026-08-29
1577499935,TradingWithKamalaHarris,loot_vil,5544,2,2026-08-26
1576999701,Rhodridge,loot_vil,5545,2,2026-10-03
1577498910,KaitoKid,loot_vil,5546,2,2026-08-29
1577498184,grudod,loot_vil,5547,2,2026-09-01
1577298064,Hulahoopreifen,loot_vil,5548,2,2026-08-27
1577397919,lukoorn,loot_vil,5549,2,2026-09-12
1577397775,Pring,loot_vil,5550,2,2026-08-26
9297409,Tarrja,loot_vil,5551,2,2026-09-17
1577397197,Rusty88,loot_vil,5552,2,2026-09-09
1577196314,Fett Bär,loot_vil,5553,2,2026-09-16
1577495962,Mr. and Mrs. X,loot_vil,5554,2,2026-09-13
1495707,IMPERATORMP,loot_vil,5555,2,2026-08-29
1577495275,Jelena,loot_vil,5556,2,2026-10-01
1577294742,Touchdown,loot_vil,5557,2,2026-08-28
1577194197,otto der 13,loot_vil,5558,2,2026-09-27
393893,MasonicMind,loot_vil,5559,2,2026-08-27
8393802,PLUESCHIOS,loot_vil,5560,2,2026-08-30
1576993779,Paprikaner112,loot_vil,5561,2,2026-09-06
1577493574,Erich556,loot_vil,5562,2,2026-10-01
1577393492,Polli12,loot_vil,5563,2,2026-09-02
7593337,Siegfriedson,loot_vil,5564,2,2026-08-29
1577092877,Cyedex,loot_vil,5565,2,2026-09-20
1577492161,Lord Cruticroc,loot_vil,5566,2,2026-10-02
8091743,Hoge 123,loot_vil,5567,2,2026-08-27
1577491599,Westpoint001,loot_vil,5568,2,2026-08-30
1576890954,Death Note,loot_vil,5569,2,2026-08-26
1577490517,adamka26,loot_vil,5570,2,2026-08-29
1577390295,D3athj0ke420,loot_vil,5571,2,2026-08-26
1577490262,Elmi,loot_vil,5572,2,2026-08-26
1577389844,Onur1907,loot_vil,5573,2,2026-09-28
1577489246,König Balu,loot_vil,5574,2,2026-09-28
2987629,Grauhelm,loot_vil,5575,2,2026-09-21
1576987620,sugarDAM,loot_vil,5576,2,2026-09-04
1576887552,Nine Two Five,loot_vil,5577,2,2026-09-05
9387269,Caroch,loot_vil,5578,2,2026-08-26
387223,Mastermjk,loot_vil,5579,2,2026-08-29
8487021,graf pit,loot_vil,5580,2,2026-09-06
1576786684,Lincoln-Six-Echo,loot_vil,5581,2,2026-10-03
1985925,SK Rapid96,loot_vil,5582,2,2026-08-29
1577185724,Reusmeyang,loot_vil,5583,2,2026-09-29
8985583,felli1,loot_vil,5584,2,2026-09-16
685229,Alkapone-,loot_vil,5585,2,2026-09-08
1577185189,Samsel,loot_vil,5586,2,2026-09-21
1576885187,Domi143,loot_vil,5587,2,2026-09-28
1577485164,chris1898,loot_vil,5588,2,2026-09-26
1577384962,Howard66,loot_vil,5589,2,2026-09-16
1577384952,Fischerdorf,loot_vil,5590,2,2026-08-29
1577084876,Mephlon,loot_vil,5591,2,2026-08-29
2184767,chania,loot_vil,5592,2,2026-09-28
1577084043,Strassner,loot_vil,5593,2,2026-09-26
1577483966,PustekuchenTV,loot_vil,5594,2,2026-09-29
1576883670,Dj Woodworm,loot_vil,5595,2,2026-08-29
782862,Halstenbek,loot_vil,5596,2,2026-08-27
1577282472,Sonny,loot_vil,5597,2,2026-10-01
982237,Lieschen33,loot_vil,5598,2,2026-08-26
9380742,PoStI94,loot_vil,5599,2,2026-09-22
1577080702,maikvd,loot_vil,5600,2,2026-09-22
7780487,MHL1,loot_vil,5601,2,2026-08-30
1577379931,DerBerg,loot_vil,5602,2,2026-09-19
3379636,Blaulichter,loot_vil,5603,2,2026-09-04
1577077942,blubb89,loot_vil,5604,2,2026-08-27
7776657,c.klitschko,loot_vil,5605,2,2026-08-26
1577376383,Hollerblüte,loot_vil,5606,2,2026-08-26
1576876141,jokeer5032,loot_vil,5607,2,2026-09-09
1577175136,Mountainfarm,loot_vil,5608,2,2026-09-25
1074846,Serverschreck,loot_vil,5609,2,2026-08-29
1577074700,Galle97,loot_vil,5610,2,2026-09-02
9674526,MyNameIst,loot_vil,5611,2,2026-08-26
8874350,waldi3,loot_vil,5612,2,2026-09-17
2873698,General Fischer,loot_vil,5613,2,2026-09-26
9673176,Der Barkeeper,loot_vil,5614,2,2026-09-16
1576473122,Lady Athene die Erste,loot_vil,5615,2,2026-08-29
1576971899,Mr.GentleMan,loot_vil,5616,2,2026-10-03
9371107,David-91,loot_vil,5617,2,2026-09-28
1577369951,Kelstman,loot_vil,5618,2,2026-09-19
9669093,Titus Arminius,loot_vil,5619,2,2026-08-28
2069066,AndiDTI,loot_vil,5620,2,2026-09-02
8168972,harigen09,loot_vil,5621,2,2026-08-29
1577368454,WarumDeffen?,loot_vil,5622,2,2026-09-06
1168172,fahrradschrauber,loot_vil,5623,2,2026-10-02
2067883,ElfeNaseweis,loot_vil,5624,2,2026-09-02
967699,Busenschreck,loot_vil,5625,2,2026-09-04
8567395,IJeffreyI,loot_vil,5626,2,2026-09-14
1576867246,Knurstel1337,loot_vil,5627,2,2026-09-11
1577266271,Fabrice1993,loot_vil,5628,2,2026-09-10
1577065516,adikill1998,loot_vil,5629,2,2026-10-03
1577464994,Herzog Schmidt,loot_vil,5630,2,2026-09-11
1577464711,Loribaft,loot_vil,5631,2,2026-09-25
1577464525,Blacky200,loot_vil,5632,2,2026-09-04
1577164410,Kötty,loot_vil,5633,2,2026-09-23
1664238,PzAufklärer,loot_vil,5634,2,2026-09-09
1577364230,Kruemelchen2603,loot_vil,5635,2,2026-09-25
1577464083,smei,loot_vil,5636,2,2026-09-20
1577264081,Speerhans1234,loot_vil,5637,2,2026-09-05
8964017,mcrene85,loot_vil,5638,2,2026-10-01
1577063774,stubbigainz,loot_vil,5639,2,2026-09-24
10063604,Erzmärtyrer,loot_vil,5640,2,2026-09-24
1577463245,Xantherion,loot_vil,5641,2,2026-10-02
1577462883,Badibaby,loot_vil,5642,2,2026-09-07
1577062835,Diego Maradona,loot_vil,5643,2,2026-08-27
1576962756,Raph194,loot_vil,5644,2,2026-08-27
9862313,the-realm,loot_vil,5645,2,2026-08-29
9661946,Miche96,loot_vil,5646,2,2026-09-25
8661795,Buchara,loot_vil,5647,2,2026-09-01
1577460986,cedi 95,loot_vil,5648,2,2026-08-30
10060634,Hornissimo,loot_vil,5649,2,2026-08-26
1577060580,Rimduin,loot_vil,5650,2,2026-08-26
1577259910,MisterInsane,loot_vil,5651,2,2026-09-04
1559855,Stimmloser,loot_vil,5652,2,2026-09-20
2359175,gisispock,loot_vil,5653,2,2026-09-10
1576959079,guterpeko,loot_vil,5654,2,2026-09-30
1577458191,schlong69,loot_vil,5655,2,2026-09-15
1657908,NOMINE78,loot_vil,5656,2,2026-09-06
1577157567,Sawyer,loot_vil,5657,2,2026-09-17
1577457335,abc xyz,loot_vil,5658,2,2026-09-15
1577257232,dabaroy586,loot_vil,5659,2,2026-09-16
1577456803,LordOfWar,loot_vil,5660,2,2026-10-02
656703,pergola,loot_vil,5661,2,2026-09-29
1577056564,Lord Mobitz,loot_vil,5662,2,2026-08-27
8856430,etzel1,loot_vil,5663,2,2026-08-31
1556117,ghettonen,loot_vil,5664,2,2026-09-05
1577455855,MasterChief117,loot_vil,5665,2,2026-08-30
8255635,*New-S-T*,loot_vil,5666,2,2026-09-17
1577355540,-CRISPY-,loot_vil,5667,2,2026-09-19
1577155422,kkeeyyll,loot_vil,5668,2,2026-09-09
1577354428,Kylian Mbashpe,loot_vil,5669,2,2026-08-26
7654106,marcel989,loot_vil,5670,2,2026-08-30
1577153814,Christians4,loot_vil,5671,2,2026-08-30
1577353646,DaPete,loot_vil,5672,2,2026-09-15
1577353421,LeniLuTeufelchen98,loot_vil,5673,2,2026-09-10
1575853380,Dana-cup,loot_vil,5674,2,2026-09-29
1576653298,Sir Alex Ferguson XXVI,loot_vil,5675,2,2026-09-30
1577253176,stefan1988,loot_vil,5676,2,2026-08-26
1576653088,hyperboreu,loot_vil,5677,2,2026-08-29
1577052944,definitely not sony,loot_vil,5678,2,2026-08-26
1576952691,EVIL.Legende,loot_vil,5679,2,2026-09-08
52534,roter rabe,loot_vil,5680,2,2026-08-30
1577452353,LiaOnAir,loot_vil,5681,2,2026-08-27
52326,Leopold55,loot_vil,5682,2,2026-08-29
1576751743,Monkey D Luffy,loot_vil,5683,2,2026-08-26
9851322,.DoNN,loot_vil,5684,2,2026-08-28
9450268,S04-philipp,loot_vil,5685,2,2026-09-22
950144,delanorte,loot_vil,5686,2,2026-08-26
1576049187,dark knight88,loot_vil,5687,2,2026-08-28
1577548786,SusiSorgenvoll,loot_vil,5688,2,2026-10-03
1577548780,lümmel,loot_vil,5689,2,2026-10-03
1577548738,LukTheKiller,loot_vil,5690,2,2026-10-03
1576748712,Metzgermeißter,loot_vil,5691,2,2026-08-28
1577548600,König Lord Baron,loot_vil,5692,2,2026-10-03
1577548594,RudiDog,loot_vil,5693,2,2026-10-03
1577548579,DittnzwykkA,loot_vil,5694,2,2026-10-03
1577548574,chris92,loot_vil,5695,2,2026-10-02
1577548569,Fella,loot_vil,5696,2,2026-10-02
1577548568,Azcrac,loot_vil,5697,2,2026-10-02
1577548555,MoonNox,loot_vil,5698,2,2026-10-02
1577548498,Lord Rinch,loot_vil,5699,2,2026-10-01
1577548493,Jaku,loot_vil,5700,2,2026-10-02
1577548472,NoNm3 der Eroberer,loot_vil,5701,2,2026-10-01
1577548439,heiligerjohaniter,loot_vil,5702,2,2026-10-03
1577548390,Refaxxx,loot_vil,5703,2,2026-10-01
1577548386,Marcy.-,loot_vil,5704,2,2026-10-02
1577548288,Fives,loot_vil,5705,2,2026-10-02
1577548270,Almazino,loot_vil,5706,2,2026-09-30
1577548185,mctoten,loot_vil,5707,2,2026-09-30
1577548153,PILIP,loot_vil,5708,2,2026-09-30
1577548117,Gast548117,loot_vil,5709,2,2026-10-03
1577548080,LeoMn3229,loot_vil,5710,2,2026-09-29
1577548076,choppa,loot_vil,5711,2,2026-09-29
1577548060,lurch7,loot_vil,5712,2,2026-09-29
1577547952,Gast547952,loot_vil,5713,2,2026-09-28
1577547925,Horst72,loot_vil,5714,2,2026-09-28
1577547874,ZenX,loot_vil,5715,2,2026-09-28
1577547872,Lord Torbias98,loot_vil,5716,2,2026-09-28
1577547828,GerdGrün,loot_vil,5717,2,2026-09-28
1577547781,somailo,loot_vil,5718,2,2026-09-28
1577547768,Stutentreiber,loot_vil,5719,2,2026-09-28
1577547710,Klopster1,loot_vil,5720,2,2026-09-27
1577547664,HoKaiGerman,loot_vil,5721,2,2026-09-28
1577547637,btxy,loot_vil,5722,2,2026-09-27
1577547628,Gast547628,loot_vil,5723,2,2026-09-27
1577547541,MalevolentCreation,loot_vil,5724,2,2026-09-26
1577547534,Jolo21jolo,loot_vil,5725,2,2026-09-26
1577547512,Packo,loot_vil,5726,2,2026-09-26
1577347431,DDsoi,loot_vil,5727,2,2026-08-27
1577347383,eatmebaby06,loot_vil,5728,2,2026-09-07
1577547373,iMike,loot_vil,5729,2,2026-09-30
1577547160,WilliNapoleon,loot_vil,5730,2,2026-09-24
1577547153,Lukassomakasso,loot_vil,5731,2,2026-10-03
1577547152,Gast547152,loot_vil,5732,2,2026-09-25
1577547136,Julian Otto,loot_vil,5733,2,2026-09-24
1577547114,jensiboy,loot_vil,5734,2,2026-09-24
1577547034,JUHAAT,loot_vil,5735,2,2026-09-23
1577546959,NoLzxcv,loot_vil,5736,2,2026-09-22
1577546921,jaxn,loot_vil,5737,2,2026-09-21
1577546917,Lady Nini,loot_vil,5738,2,2026-09-21
1577446915,Jojo1,loot_vil,5739,2,2026-09-10
1577546901,Schrotty1986,loot_vil,5740,2,2026-09-21
1577546852,Nono...,loot_vil,5741,2,2026-09-27
1577546840,Gast546840,loot_vil,5742,2,2026-09-21
1577546809,Flunky01,loot_vil,5743,2,2026-09-21
1577546706,dema98,loot_vil,5744,2,2026-09-19
1577446644,gabbagandalf93,loot_vil,5745,2,2026-09-13
1577546488,lost.boy91,loot_vil,5746,2,2026-09-17
1577546469,Gast546469,loot_vil,5747,2,2026-09-19
1577546441,Orange,loot_vil,5748,2,2026-09-17
1577546435,keck,loot_vil,5749,2,2026-09-17
1577546212,Der Nachtkönig,loot_vil,5750,2,2026-09-14
1577546208,Bingo-Bongo,loot_vil,5751,2,2026-09-14
1577546036,Donvondon,loot_vil,5752,2,2026-09-13
1577546006,Bryx96,loot_vil,5753,2,2026-09-15
1576145921,Lord Underworld,loot_vil,5754,2,2026-08-28
1577545885,Eledil,loot_vil,5755,2,2026-09-14
1577545755,susi82,loot_vil,5756,2,2026-09-10
1577545723,ndlsSmmr,loot_vil,5757,2,2026-09-10
1577545717,LorenzoVonMatterhorn93,loot_vil,5758,2,2026-09-10
1577445686,DR.Holliday,loot_vil,5759,2,2026-08-30
1577545658,Cytrox,loot_vil,5760,2,2026-09-23
1577545377,Sujanis,loot_vil,5761,2,2026-09-23
1577545143,Switzy94,loot_vil,5762,2,2026-10-01
1577544976,TK.1,loot_vil,5763,2,2026-09-02
1944959,MerkurHB,loot_vil,5764,2,2026-08-27
1577544647,KaiserHorst,loot_vil,5765,2,2026-09-01
1577544567,Lord Ihomi,loot_vil,5766,2,2026-09-14
1577544475,SG-Brink-420,loot_vil,5767,2,2026-09-01
1577544473,andreeeq1,loot_vil,5768,2,2026-09-25
1577544343,dastoff,loot_vil,5769,2,2026-09-06
1577544294,Chrissy1959,loot_vil,5770,2,2026-08-29
1344079,neew,loot_vil,5771,2,2026-09-02
1143844,Urbl,loot_vil,5772,2,2026-09-30
1577543840,tobu71,loot_vil,5773,2,2026-09-22
1577543839,Dabooo,loot_vil,5774,2,2026-08-27
1577443826,Bauze82,loot_vil,5775,2,2026-10-02
1577543705,Erzengel Armin,loot_vil,5776,2,2026-09-01
9943602,ek6001,loot_vil,5777,2,2026-10-03
1577543543,Andi123,loot_vil,5778,2,2026-08-27
1577543371,nq7320,loot_vil,5779,2,2026-08-27
1577542812,Arno Dübel,loot_vil,5780,2,2026-09-12
1577542740,Kinkibell,loot_vil,5781,2,2026-08-27
8642542,yasin yilmaz,loot_vil,5782,2,2026-09-27
1577542532,DenzelCrocker,loot_vil,5783,2,2026-08-26
1577542056,mstanley84,loot_vil,5784,2,2026-08-30
1577341663,guude23,loot_vil,5785,2,2026-10-03
1577541027,Held79,loot_vil,5786,2,2026-08-26
1577541021,Farmbeauftragte,loot_vil,5787,2,2026-08-27
1577440926,Onlyengel,loot_vil,5788,2,2026-08-27
1576840707,DumboKappa,loot_vil,5789,2,2026-09-21
1577540505,El Fugo,loot_vil,5790,2,2026-09-20
1577540413,Lord Tom67,loot_vil,5791,2,2026-09-13
3240273,Slayer666Slayer,loot_vil,5792,2,2026-08-31
1577540074,klaus38,loot_vil,5793,2,2026-09-09
2339794,REKIT,loot_vil,5794,2,2026-10-02
1577539611,*Rumpelstilzchen*,loot_vil,5795,2,2026-08-26
1577539459,DeAthanGel86,loot_vil,5796,2,2026-09-28
1577039238,OcbRitter,loot_vil,5797,2,2026-09-11
2539215,Miknik,loot_vil,5798,2,2026-08-26
1577239211,Danny,loot_vil,5799,2,2026-09-18
1577539133,Xayhio,loot_vil,5800,2,2026-09-13
1577439033,MeisterUnfähig,loot_vil,5801,2,2026-09-11
1938959,Mecki96,loot_vil,5802,2,2026-08-28
1577538850,Schizo und Phren,loot_vil,5803,2,2026-08-26
1577538422,TomSpace,loot_vil,5804,2,2026-09-03
1577237631,dersechsundvierzichste,loot_vil,5805,2,2026-08-27
2737519,LilChakuza,loot_vil,5806,2,2026-09-27
1577537423,Pukanec,loot_vil,5807,2,2026-09-30
1577537222,FeedingSocial,loot_vil,5808,2,2026-09-26
1577536640,Targin,loot_vil,5809,2,2026-10-03
1577536570,jasonsmith28,loot_vil,5810,2,2026-08-26
1577236526,Pinki72,loot_vil,5811,2,2026-09-29
1577536459,pampersbomber,loot_vil,5812,2,2026-09-17
1577436381,Lord Bertl,loot_vil,5813,2,2026-09-28
1577436366,Backi1,loot_vil,5814,2,2026-09-24
1577536290,KingBöhm13,loot_vil,5815,2,2026-09-12
1576636270,RobTheTop122,loot_vil,5816,2,2026-08-28
1577536259,kazim,loot_vil,5817,2,2026-09-03
8135958,Leonidas174,loot_vil,5818,2,2026-10-03
1577535521,KlausvomMars,loot_vil,5819,2,2026-08-26
1577535477,Tobischock,loot_vil,5820,2,2026-08-28
9435332,Karaya,loot_vil,5821,2,2026-09-04
1577534196,darkmann96,loot_vil,5822,2,2026-09-20
1577433735,TFKingHaRiBo,loot_vil,5823,2,2026-09-30
1577533701,Mau93,loot_vil,5824,2,2026-09-16
1577533439,koenigharald,loot_vil,5825,2,2026-08-29
1577532783,Knutti,loot_vil,5826,2,2026-08-26
1577432702,cgravenhorst,loot_vil,5827,2,2026-09-13
8732096,Spikezzi,loot_vil,5828,2,2026-08-26
1531607,ZeChY,loot_vil,5829,2,2026-08-27
1577531525,andy180,loot_vil,5830,2,2026-08-29
8131470,Calina009,loot_vil,5831,2,2026-09-03
1577231281,JogelerG,loot_vil,5832,2,2026-09-07
1577531209,kermit80,loot_vil,5833,2,2026-08-26
1577530813,Haudi,loot_vil,5834,2,2026-09-20
1577530567,Schwaeddy,loot_vil,5835,2,2026-08-26
1576830417,Rapoto,loot_vil,5836,2,2026-09-26
3230217,hölmut,loot_vil,5837,2,2026-08-26
1577229926,Export1000,loot_vil,5838,2,2026-08-31
1577429398,Pipikinq,loot_vil,5839,2,2026-08-29
1577529292,timmey,loot_vil,5840,2,2026-09-28
1577228894,VzDaiivvo,loot_vil,5841,2,2026-10-02
1576828404,rosenbluete22,loot_vil,5842,2,2026-09-02
2427964,homboy-frank,loot_vil,5843,2,2026-09-09
1577527821,Nocrashnoob,loot_vil,5844,2,2026-09-15
1577527234,Yollarbasi,loot_vil,5845,2,2026-09-22
1577426881,nesti97,loot_vil,5846,2,2026-09-21
1577126611,Eisteefarmer,loot_vil,5847,2,2026-08-30
1577326408,Deschd01,loot_vil,5848,2,2026-09-24
2026010,SaffyKid,loot_vil,5849,2,2026-09-20
1577425582,priest,loot_vil,5850,2,2026-09-30
7825556,Speed1988,loot_vil,5851,2,2026-09-03
1576925535,Jagenau,loot_vil,5852,2,2026-08-29
1577524452,Wengl27,loot_vil,5853,2,2026-09-24
1577523707,NoBueno,loot_vil,5854,2,2026-10-01
1577423703,hashtag,loot_vil,5855,2,2026-08-28
1576623690,Smurf,loot_vil,5856,2,2026-10-03
1577523306,Meierlein63,loot_vil,5857,2,2026-09-07
1577123178,Kuno130,loot_vil,5858,2,2026-09-24
1577323145,Verdammte Axt,loot_vil,5859,2,2026-09-03
1577523102,Sascha 93,loot_vil,5860,2,2026-09-03
2022962,**feechen**,loot_vil,5861,2,2026-09-24
2022803,Gasimbor,loot_vil,5862,2,2026-08-26
1577522593,Overhold,loot_vil,5863,2,2026-08-30
8822016,Leviathania,loot_vil,5864,2,2026-08-27
1821774,ADA09,loot_vil,5865,2,2026-09-04
2921602,metzäL,loot_vil,5866,2,2026-09-22
7921491,Tyr Anasazi,loot_vil,5867,2,2026-08-26
1577521261,Schattenlilie,loot_vil,5868,2,2026-09-24
1576720923,princessinlove,loot_vil,5869,2,2026-09-24
1576820570,dittmar,loot_vil,5870,2,2026-08-26
3320432,schokolade1234,loot_vil,5871,2,2026-09-22
1577320169,Jekkts,loot_vil,5872,2,2026-10-03
8719883,spartanerII,loot_vil,5873,2,2026-09-30
9419874,QueenMelanie,loot_vil,5874,2,2026-08-28
1577419746,Erasion,loot_vil,5875,2,2026-09-04
319612,juescha13,loot_vil,5876,2,2026-10-02
1577119226,Alex3118,loot_vil,5877,2,2026-09-12
10018971,Sephlux,loot_vil,5878,2,2026-10-03
1577417685,Tribalkat007,loot_vil,5879,2,2026-08-26
1577516730,provokant?,loot_vil,5880,2,2026-08-30
16262,Nodor,loot_vil,5881,2,2026-09-08
1577015962,Hadem92,loot_vil,5882,2,2026-09-20
1577415818,Timewaste,loot_vil,5883,2,2026-10-02
15705,Liebesengel,loot_vil,5884,2,2026-09-26
1577315631,Wikinger,loot_vil,5885,2,2026-09-25
2415593,chemische stadt,loot_vil,5886,2,2026-08-26
1577415580,Jusuf03,loot_vil,5887,2,2026-10-03
1576915527,midland,loot_vil,5888,2,2026-08-30
1577515220,dermitdemagtanzt,loot_vil,5889,2,2026-09-14
9514679,-CJ-,loot_vil,5890,2,2026-08-28
2114228,Virtual Hunter,loot_vil,5891,2,2026-09-15
2213853,mbty,loot_vil,5892,2,2026-08-28
1577513358,TheBoss95,loot_vil,5893,2,2026-09-01
1577513315,granto,loot_vil,5894,2,2026-09-29
9112721,Gerix,loot_vil,5895,2,2026-09-04
8612645,Niklas2812,loot_vil,5896,2,2026-10-02
1577512577,K4153R-G,loot_vil,5897,2,2026-09-02
1577512489,Roland Rebound,loot_vil,5898,2,2026-10-01
1576912487,Vercingetorix64,loot_vil,5899,2,2026-08-26
9012353,R4upe Nimmersatt,loot_vil,5900,2,2026-09-10
8611766,MisterDavid,loot_vil,5901,2,2026-09-24
1577511664,Adelmann,loot_vil,5902,2,2026-09-03
1576411268,MrLausH,loot_vil,5903,2,2026-10-03
1577511187,PowerOfEvil,loot_vil,5904,2,2026-10-01
1577510088,Mettigel89,loot_vil,5905,2,2026-08-27
1577509614,wattendatten,loot_vil,5906,2,2026-08-30
1577409127,Freakout001,loot_vil,5907,2,2026-10-03
1577508892,rotatable,loot_vil,5908,2,2026-09-12
1577308886,Sgt.Edamer,loot_vil,5909,2,2026-09-29
1576908596,dekarsten,loot_vil,5910,2,2026-08-31
1577508163,SkyElite,loot_vil,5911,2,2026-08-27
1577507602,Jim Rob,loot_vil,5912,2,2026-08-27
1575907315,schlumi1005,loot_vil,5913,2,2026-09-29
1576007173,Axel1958,loot_vil,5914,2,2026-09-07
1577306546,Voppi,loot_vil,5915,2,2026-09-27
1577506432,Industriespionage,loot_vil,5916,2,2026-10-01
1577206379,NoSkillJustBash,loot_vil,5917,2,2026-08-31
1576606301,Lady Lady,loot_vil,5918,2,2026-09-09
1577506120,Sansivera,loot_vil,5919,2,2026-09-14
1577406106,Rythime,loot_vil,5920,2,2026-09-25
2105859,Big Mom,loot_vil,5921,2,2026-10-03
7805538,Matzerot29,loot_vil,5922,2,2026-08-26
1577305256,larafromhell,loot_vil,5923,2,2026-09-29
1577505114,Maximal Schradin.,loot_vil,5924,2,2026-09-29
1576704968,King Siedler,loot_vil,5925,2,2026-09-19
1577504706,Bl4ckf0r3st,loot_vil,5926,2,2026-09-21
1576604413,Sir Hool,loot_vil,5927,2,2026-09-13
9903130,NoFightNoFight,loot_vil,5928,2,2026-08-28
1577503108,MaxiKing21,loot_vil,5929,2,2026-08-26
1577502917,Joki Boy,loot_vil,5930,2,2026-10-02
1576902757,vorletzter,loot_vil,5931,2,2026-09-29
402492,töm,loot_vil,5932,2,2026-08-29
1575901833,Hamanschie,loot_vil,5933,2,2026-09-02
1577401716,Mini88,loot_vil,5934,2,2026-09-11
1577501599,cxn0,loot_vil,5935,2,2026-09-07
1577501022,Brausebernd,loot_vil,5936,2,2026-09-25
1576100744,Dark2Flow,loot_vil,5937,2,2026-08-30
800447,Fam0usOne,loot_vil,5938,2,2026-08-26
1577400379,DrKrautus,loot_vil,5939,2,2026-09-06
1577000266,Razer1310,loot_vil,5940,2,2026-08-28
1577500152,Ademar II,loot_vil,5941,2,2026-09-23
9000115,SpaKacke,loot_vil,5942,2,2026-08-26
1577499924,tschelinii,loot_vil,5943,1,2026-09-15
1577399914,barbarrami,loot_vil,5944,1,2026-08-26
1577499779,joker65,loot_vil,5945,1,2026-08-26
1577499309,Cortana01,loot_vil,5946,1,2026-08-27
1577498931,HaraldSchönHaar,loot_vil,5947,1,2026-09-08
1577498783,König Popo,loot_vil,5948,1,2026-08-26
1577498745,tüta,loot_vil,5949,1,2026-10-01
1577498619,BamBam80,loot_vil,5950,1,2026-10-01
1577498607,Yakuin,loot_vil,5951,1,2026-09-25
1577498383,Stiiffler,loot_vil,5952,1,2026-08-27
1577198169,stokrotka 02,loot_vil,5953,1,2026-08-26
1577496386,TheEconomist,loot_vil,5954,1,2026-09-24
1577396375,KingArthur40,loot_vil,5955,1,2026-09-06
1296370,Tanitha,loot_vil,5956,1,2026-08-28
2395835,majory,loot_vil,5957,1,2026-08-27
1577395407,schroed,loot_vil,5958,1,2026-09-20
1577494592,Lord protasio15,loot_vil,5959,1,2026-09-16
1577193999,mulek,loot_vil,5960,1,2026-09-03
1576593593,Cubeey,loot_vil,5961,1,2026-09-23
7893545,flachter,loot_vil,5962,1,2026-10-03
1577493132,Joyboy,loot_vil,5963,1,2026-09-30
1577493049,juergen b.,loot_vil,5964,1,2026-09-30
3392858,Engelskrieger 8,loot_vil,5965,1,2026-08-26
1577092645,Ritter von Rost,loot_vil,5966,1,2026-09-06
1577391949,Harald1,loot_vil,5967,1,2026-08-26
1577490958,Nikolaus1,loot_vil,5968,1,2026-10-03
10290721,Gumblix,loot_vil,5969,1,2026-09-22
2390715,Razor491,loot_vil,5970,1,2026-09-12
10290502,kaputte lampe,loot_vil,5971,1,2026-09-06
1577490264,Snakehead III,loot_vil,5972,1,2026-09-25
1577390223,Pueppi,loot_vil,5973,1,2026-09-04
1576990175,Murena,loot_vil,5974,1,2026-08-27
1577489972,Kenny T Kid,loot_vil,5975,1,2026-09-18
1575989858,Fightlord5,loot_vil,5976,1,2026-09-21
1576388748,Sk694,loot_vil,5977,1,2026-09-24
1576988659,qwer12,loot_vil,5978,1,2026-10-03
1577388097,epiker,loot_vil,5979,1,2026-10-02
1577487900,Pain.,loot_vil,5980,1,2026-10-03
1577487765,Awantii09,loot_vil,5981,1,2026-08-26
1577387690,Schockbot,loot_vil,5982,1,2026-09-29
1577487626,TigerClown,loot_vil,5983,1,2026-09-18
1577287523,JeanDarc,loot_vil,5984,1,2026-09-07
3387377,gery40,loot_vil,5985,1,2026-08-30
1577387189,Bexxz90,loot_vil,5986,1,2026-08-26
1576387125,-Scofield-,loot_vil,5987,1,2026-10-03
1577486519,Ktemmi,loot_vil,5988,1,2026-09-18
1577486041,teddy0909,loot_vil,5989,1,2026-09-25
1577485714,ProditorJack,loot_vil,5990,1,2026-08-31
1577385216,Bruuno,loot_vil,5991,1,2026-09-30
1577384699,JanaBlutmond,loot_vil,5992,1,2026-08-26
1184529,Flatussi,loot_vil,5993,1,2026-10-01
9884430,Lord tiger62richard,loot_vil,5994,1,2026-08-28
1577483597,Renfield,loot_vil,5995,1,2026-08-28
1577483473,skillerpro,loot_vil,5996,1,2026-08-26
8983119,Miss-Persidrall,loot_vil,5997,1,2026-08-26
1577382755,Axtkämpfer mit Liebe,loot_vil,5998,1,2026-08-26
1576982665,bigdevil,loot_vil,5999,1,2026-09-06
181887,rednexx,loot_vil,6000,1,2026-08-29
10181634,Farin der 1,loot_vil,6001,1,2026-10-03
1576380753,Lord TheGenrok,loot_vil,6002,1,2026-08-27
1576980601,TimeEx,loot_vil,6003,1,2026-09-19
1576980105,crowdene,loot_vil,6004,1,2026-09-13
1576879498,Ratinha,loot_vil,6005,1,2026-10-02
8879435,snacke99,loot_vil,6006,1,2026-09-26
1577378564,ErzAssi,loot_vil,6007,1,2026-09-11
1576977299,jumbokung,loot_vil,6008,1,2026-08-29
1577276866,Sonico,loot_vil,6009,1,2026-09-28
3276379,agent scally,loot_vil,6010,1,2026-09-15
1577376256,Link94,loot_vil,6011,1,2026-09-02
1577376047,Laurania,loot_vil,6012,1,2026-08-27
2875899,debaier,loot_vil,6013,1,2026-09-17
7576,Roberto Bashio,loot_vil,6014,1,2026-09-05
1575975470,kallewirsch12345,loot_vil,6015,1,2026-09-21
1576774930,Pr0f1ler,loot_vil,6016,1,2026-09-10
1577372854,Dark Merlin,loot_vil,6017,1,2026-08-26
1576572587,GipfelAmor,loot_vil,6018,1,2026-09-27
1577272401,petz,loot_vil,6019,1,2026-09-10
1576471065,JhonlaLama,loot_vil,6020,1,2026-09-15
7970409,chrischy66,loot_vil,6021,1,2026-09-13
10169838,Lord Nace,loot_vil,6022,1,2026-09-19
10069751,.JohnWayne,loot_vil,6023,1,2026-08-27
1169680,Hugoland,loot_vil,6024,1,2026-08-26
1577369415,maurist31,loot_vil,6025,1,2026-09-25
9169093,ottoda,loot_vil,6026,1,2026-08-27
1577169022,Kuznov,loot_vil,6027,1,2026-09-05
1577068853,MrCosmoOG,loot_vil,6028,1,2026-08-28
1577368487,Rockstar39,loot_vil,6029,1,2026-10-02
1576268002,ShapeYou,loot_vil,6030,1,2026-08-30
8167694,Ohrenarzt,loot_vil,6031,1,2026-09-17
1577067325,Sun God NIKA,loot_vil,6032,1,2026-08-28
2467275,potiguar1974,loot_vil,6033,1,2026-08-26
9267037,DarkShadow5,loot_vil,6034,1,2026-10-03
9566838,SaMMir,loot_vil,6035,1,2026-08-30
1577466747,Lady Gabriel,loot_vil,6036,1,2026-09-16
1577366680,Galarados,loot_vil,6037,1,2026-09-03
1577166379,Slay Drahtesel,loot_vil,6038,1,2026-09-20
9666061,rodrigues66,loot_vil,6039,1,2026-08-28
1576765928,HeroMaster,loot_vil,6040,1,2026-10-02
1577365652,Waldschrat,loot_vil,6041,1,2026-09-10
1577165638,ActionBattleDeluxe,loot_vil,6042,1,2026-09-09
1577464113,FLNALN,loot_vil,6043,1,2026-09-13
3462792,Friedensnobelpreisträger,loot_vil,6044,1,2026-08-26
1576562718,Lord-Z,loot_vil,6045,1,2026-09-29
3462330,gandhi007,loot_vil,6046,1,2026-09-18
1577361059,pxutzxr,loot_vil,6047,1,2026-10-01
1577360921,Dodge Challenger,loot_vil,6048,1,2026-09-21
1576860405,.Crongo,loot_vil,6049,1,2026-09-06
1160190,Tungil Goldhand 2,loot_vil,6050,1,2026-09-14
1577460073,Wintileu,loot_vil,6051,1,2026-09-19
9859907,Ich mag Katzen,loot_vil,6052,1,2026-08-26
759436,peter2805,loot_vil,6053,1,2026-10-02
1577058995,KrachBummEntee,loot_vil,6054,1,2026-09-09
9658964,Baron Vladimir Harkonnen,loot_vil,6055,1,2026-09-27
1577358833,tachiii,loot_vil,6056,1,2026-09-06
1577158435,DerBote31,loot_vil,6057,1,2026-09-03
1575858373,Xoni97,loot_vil,6058,1,2026-10-03
1577358125,Holex,loot_vil,6059,1,2026-09-15
1577457904,Milla48,loot_vil,6060,1,2026-08-31
3257711,NAxxxOR,loot_vil,6061,1,2026-09-20
1576857191,Herewego,loot_vil,6062,1,2026-09-05
1576157178,speedowner,loot_vil,6063,1,2026-10-01
1576756316,Koju,loot_vil,6064,1,2026-10-01
1577456211,LadyAshford,loot_vil,6065,1,2026-09-17
1577355357,Taktik,loot_vil,6066,1,2026-10-03
1577355280,mv11x,loot_vil,6067,1,2026-09-14
1577154317,McSwebo,loot_vil,6068,1,2026-09-27
8354082,AndreasI.,loot_vil,6069,1,2026-08-29
9953806,daylight17,loot_vil,6070,1,2026-08-27
1577453475,FelixxxxTv,loot_vil,6071,1,2026-09-26
1577453349,DresX,loot_vil,6072,1,2026-09-25
1576853236,Fisch192,loot_vil,6073,1,2026-09-21
10152880,--DarkHydra--,loot_vil,6074,1,2026-08-29
9552664,Operisto,loot_vil,6075,1,2026-10-03
1577252400,kruemelm0nster5,loot_vil,6076,1,2026-09-21
1577451481,BlaueHoffnung,loot_vil,6077,1,2026-08-27
1577351193,marto,loot_vil,6078,1,2026-08-26
1577450607,Beer*,loot_vil,6079,1,2026-08-30
1576849499,rasimk,loot_vil,6080,1,2026-09-30
1577248822,Toad,loot_vil,6081,1,2026-09-12
1577548804,Vinlander,loot_vil,6082,1,2026-10-03
1577548792,alex0598,loot_vil,6083,1,2026-10-03
1577548787,Gast548787,loot_vil,6084,1,2026-10-03
1577548782,Mr.F,loot_vil,6085,1,2026-10-03
1577548774,Lady Baumi1,loot_vil,6086,1,2026-10-03
1577548763,SchwierigeSache,loot_vil,6087,1,2026-10-03
1577548717,Coorsika,loot_vil,6088,1,2026-10-03
1577548689,Herry1612,loot_vil,6089,1,2026-10-03
1577548540,Lady Lord fabi,loot_vil,6090,1,2026-10-02
1577548538,plattenoskar,loot_vil,6091,1,2026-10-02
1577548518,Skittlez,loot_vil,6092,1,2026-10-02
1577548492,Moka87,loot_vil,6093,1,2026-10-01
1577548441,josheiy,loot_vil,6094,1,2026-10-01
1577548438,GudShotz,loot_vil,6095,1,2026-10-03
1577548287,Belvedere777,loot_vil,6096,1,2026-09-30
1577548256,Jacky263,loot_vil,6097,1,2026-09-30
8048244,selmana14,loot_vil,6098,1,2026-09-06
1577548217,Julien,loot_vil,6099,1,2026-09-30
1577548144,Gast548144,loot_vil,6100,1,2026-09-29
1577548141,Gast548141,loot_vil,6101,1,2026-09-30
1577548107,emchen28,loot_vil,6102,1,2026-09-29
1577548079,Leocoss,loot_vil,6103,1,2026-09-29
1577248072,Nauticus,loot_vil,6104,1,2026-09-22
1577548071,ce77dd,loot_vil,6105,1,2026-09-29
1577547900,flotus,loot_vil,6106,1,2026-10-01
1577547877,Tadoshi,loot_vil,6107,1,2026-09-28
1577547840,Noxium,loot_vil,6108,1,2026-09-28
1577547831,King of German Empire,loot_vil,6109,1,2026-09-28
1577547731,Echoonice,loot_vil,6110,1,2026-09-27
1577547716,Gast547716,loot_vil,6111,1,2026-09-28
1577547696,Damaxi,loot_vil,6112,1,2026-09-27
1577547677,Bosnia1215,loot_vil,6113,1,2026-09-27
1577547650,SeymorFlux,loot_vil,6114,1,2026-09-27
1577547649,ihendich,loot_vil,6115,1,2026-09-28
1577547640,Kuronora,loot_vil,6116,1,2026-09-27
1577547627,Khaman,loot_vil,6117,1,2026-09-27
1577547622,yugi355,loot_vil,6118,1,2026-09-27
1577347603,KING-COBRA,loot_vil,6119,1,2026-09-21
3447585,Spike123456789,loot_vil,6120,1,2026-09-05
1577547555,gestrandet,loot_vil,6121,1,2026-09-27
1577547540,LwUni,loot_vil,6122,1,2026-09-26
1577547526,Gast547526,loot_vil,6123,1,2026-09-30
1577547501,CanofBeans,loot_vil,6124,1,2026-09-26
1577547472,marialouisa,loot_vil,6125,1,2026-09-27
1577547469,smoldge,loot_vil,6126,1,2026-09-25
1577547453,Gottreich,loot_vil,6127,1,2026-09-25
1577547449,KaiserTitus,loot_vil,6128,1,2026-09-26
1577547444,Felefix201,loot_vil,6129,1,2026-09-28
1577547429,Gast547429,loot_vil,6130,1,2026-09-25
1577547361,Edineeee,loot_vil,6131,1,2026-09-25
1577547351,-Dolores-,loot_vil,6132,1,2026-09-28
1577547227,Brian1893,loot_vil,6133,1,2026-10-01
1577247202,Slasher,loot_vil,6134,1,2026-08-27
1577547197,Neoternity,loot_vil,6135,1,2026-09-24
1577547194,Simpli,loot_vil,6136,1,2026-09-24
1577547179,Baumschubser,loot_vil,6137,1,2026-09-30
1577547164,salamuel,loot_vil,6138,1,2026-09-24
1577547133,Antwan,loot_vil,6139,1,2026-09-24
1577547112,LadyMilana,loot_vil,6140,1,2026-09-24
1577547100,DerZeitlose,loot_vil,6141,1,2026-09-23
1577547078,X e r x a s,loot_vil,6142,1,2026-09-25
1577547068,wryyy,loot_vil,6143,1,2026-10-01
1577547057,Pasha,loot_vil,6144,1,2026-09-23
1577547044,DregischerWolf,loot_vil,6145,1,2026-09-23
1577546975,arua,loot_vil,6146,1,2026-09-25
1577546962,luku11,loot_vil,6147,1,2026-09-22
1577546933,schüssi,loot_vil,6148,1,2026-09-30
1577546918,Aloxxo,loot_vil,6149,1,2026-09-21
1577546904,Type,loot_vil,6150,1,2026-09-21
1577546899,Brandi69,loot_vil,6151,1,2026-09-21
1577546876,Isicool11,loot_vil,6152,1,2026-09-21
1577546871,Eddash,loot_vil,6153,1,2026-09-20
1577546870,wolfzahn,loot_vil,6154,1,2026-09-20
1577546825,lClassicz,loot_vil,6155,1,2026-09-20
1577546822,PartyMarty69,loot_vil,6156,1,2026-09-23
1576846808,KaiserJohn,loot_vil,6157,1,2026-09-24
1577546802,Fligi,loot_vil,6158,1,2026-09-20
1577546801,Gast546801,loot_vil,6159,1,2026-10-03
1577546796,christianmackes1988,loot_vil,6160,1,2026-09-20
1577546790,Rendet,loot_vil,6161,1,2026-09-20
1577546761,quarti,loot_vil,6162,1,2026-09-19
1577546723,Funkeer,loot_vil,6163,1,2026-09-19
1577546548,irgendwasmitpat,loot_vil,6164,1,2026-09-17
1577546532,Tegdim,loot_vil,6165,1,2026-09-19
1577546486,Sir Mogli,loot_vil,6166,1,2026-09-18
1577546387,FLORENZ.64,loot_vil,6167,1,2026-09-18
1577546349,wwuurrsstt,loot_vil,6168,1,2026-09-17
1577546296,MCfloww,loot_vil,6169,1,2026-09-15
1577546032,WerteDame,loot_vil,6170,1,2026-09-13
1577545976,Gast545976,loot_vil,6171,1,2026-09-12
1577545855,ryoodorfking69,loot_vil,6172,1,2026-09-17
1577545704,Warners Brothers*,loot_vil,6173,1,2026-09-11
1577545659,SuperGurke2,loot_vil,6174,1,2026-09-09
9045605,Mumba007,loot_vil,6175,1,2026-08-26
1577545535,Egotyp,loot_vil,6176,1,2026-09-08
1577545533,MX134,loot_vil,6177,1,2026-09-08
1577545511,Powersimp69,loot_vil,6178,1,2026-09-09
1577545503,Anonymouss,loot_vil,6179,1,2026-09-27
1577545481,no2001ah,loot_vil,6180,1,2026-09-09
1577545448,Talentfrei,loot_vil,6181,1,2026-09-15
1577545365,Sikaya,loot_vil,6182,1,2026-09-23
1577545255,hsaric,loot_vil,6183,1,2026-09-18
1577545246,Lady Ramses99,loot_vil,6184,1,2026-09-10
1576645163,hold1,loot_vil,6185,1,2026-09-23
1577545016,XXghoulXX,loot_vil,6186,1,2026-10-02
1576844674,Schnitzel88,loot_vil,6187,1,2026-08-28
1577544563,Lord Dammlecker,loot_vil,6188,1,2026-10-03
7944359,dragon1967,loot_vil,6189,1,2026-10-03
1577444225,Blackneoo,loot_vil,6190,1,2026-08-29
1577544167,Schoko-Bang,loot_vil,6191,1,2026-08-29
1577544126,Kachpach,loot_vil,6192,1,2026-09-16
1577544059,Calvo,loot_vil,6193,1,2026-08-28
1577543868,Lieferandomeister,loot_vil,6194,1,2026-08-26
1577543794,BeoWulf2335,loot_vil,6195,1,2026-09-11
1577343653,wtflol,loot_vil,6196,1,2026-09-27
1577543601,IR4ng3r,loot_vil,6197,1,2026-09-17
9443259,Ankh.Morpork,loot_vil,6198,1,2026-08-26
1577543149,voby,loot_vil,6199,1,2026-09-27
1577542920,maareike-93,loot_vil,6200,1,2026-08-26
1577542905,JoeDanger,loot_vil,6201,1,2026-09-21
9442904,ilana22,loot_vil,6202,1,2026-09-05
1576342370,fabsken,loot_vil,6203,1,2026-09-04
1577542322,Screpblau,loot_vil,6204,1,2026-09-18
1577042248,könig hanz peter,loot_vil,6205,1,2026-09-27
1577542176,chreisa,loot_vil,6206,1,2026-09-08
1577542167,CosmicScales,loot_vil,6207,1,2026-09-27
1577441810,Innenbert 65,loot_vil,6208,1,2026-09-24
1577541750,Maiston,loot_vil,6209,1,2026-09-16
1577241684,DasGameover,loot_vil,6210,1,2026-08-30
1577541492,Puffbohne,loot_vil,6211,1,2026-09-27
1577541161,Skully,loot_vil,6212,1,2026-09-15
1577441035,Lord Koust,loot_vil,6213,1,2026-09-12
1577540955,OldWelt30,loot_vil,6214,1,2026-09-04
1577340944,JGlumanda,loot_vil,6215,1,2026-09-25
1576740692,Graf Thor,loot_vil,6216,1,2026-10-03
1577540235,JanikNoob,loot_vil,6217,1,2026-08-28
1577540116,souflaki,loot_vil,6218,1,2026-08-30
1577540084,Oksana,loot_vil,6219,1,2026-08-31
1577339940,sailux,loot_vil,6220,1,2026-10-03
1576339491,TomHaeger,loot_vil,6221,1,2026-08-28
1577439480,bier3,loot_vil,6222,1,2026-08-29
1577339442,SwissEffect,loot_vil,6223,1,2026-10-02
8739396,rawiya,loot_vil,6224,1,2026-08-26
339337,Kehrmann3,loot_vil,6225,1,2026-09-23
1577539234,Ritter der Gilde,loot_vil,6226,1,2026-09-23
1577539114,König Blade,loot_vil,6227,1,2026-08-27
1576538982,Russian Grenadier,loot_vil,6228,1,2026-09-27
1577538915,Exe2609,loot_vil,6229,1,2026-08-26
1577538778,Dobila,loot_vil,6230,1,2026-10-03
1938428,verlag,loot_vil,6231,1,2026-09-26
1577538351,Nightaby,loot_vil,6232,1,2026-09-14
1577538135,Fossil,loot_vil,6233,1,2026-09-27
1577538113,Leonidas44,loot_vil,6234,1,2026-09-12
1577537958,König Lord König,loot_vil,6235,1,2026-09-20
1577537620,Derapid,loot_vil,6236,1,2026-09-14
1577537592,BuschFunkTV,loot_vil,6237,1,2026-09-18
9537555,Specki0,loot_vil,6238,1,2026-09-01
1577237537,rokayov,loot_vil,6239,1,2026-09-06
1577237530,gipina,loot_vil,6240,1,2026-09-06
2437521,Alexander Wagnder,loot_vil,6241,1,2026-10-01
1577237520,yoganoj,loot_vil,6242,1,2026-09-06
1577237519,kakek,loot_vil,6243,1,2026-09-06
1577237518,poxaca,loot_vil,6244,1,2026-09-06
3437389,gothicVI,loot_vil,6245,1,2026-08-30
1577437369,YPG-001,loot_vil,6246,1,2026-09-16
1577337349,KingCatan3000,loot_vil,6247,1,2026-09-30
1577537340,Flo1990,loot_vil,6248,1,2026-09-22
1577437252,tom1525,loot_vil,6249,1,2026-10-02
9837004,Piet65,loot_vil,6250,1,2026-09-19
1577536954,Aces and Eights,loot_vil,6251,1,2026-10-03
1577536747,Mohnblume,loot_vil,6252,1,2026-08-28
1577536324,Esbitov,loot_vil,6253,1,2026-08-28
1577536172,Itachi Uchiha 41,loot_vil,6254,1,2026-09-20
1577536114,joker12007,loot_vil,6255,1,2026-09-24
1577336001,Otter1990,loot_vil,6256,1,2026-08-28
1577535691,LaNc3 BuTt3rS,loot_vil,6257,1,2026-09-27
1577535662,Marc246,loot_vil,6258,1,2026-08-28
1577334890,luwe03,loot_vil,6259,1,2026-09-19
1576234397,traks stils,loot_vil,6260,1,2026-09-26
1577434092,Dark Shadow20,loot_vil,6261,1,2026-08-31
1577533806,BRAINWASHx,loot_vil,6262,1,2026-09-13
1577533644,Alexr,loot_vil,6263,1,2026-10-01
1577533277,SirNetik,loot_vil,6264,1,2026-08-28
1577532471,LordWayper,loot_vil,6265,1,2026-09-29
9832333,Jonny Azzlack,loot_vil,6266,1,2026-09-26
1577432208,Merte21,loot_vil,6267,1,2026-09-02
1577531949,Philip2410,loot_vil,6268,1,2026-09-15
1577331930,DeadOfConfusion,loot_vil,6269,1,2026-08-31
1577531729,Tom231214,loot_vil,6270,1,2026-09-18
7731714,maxi.x7,loot_vil,6271,1,2026-08-29
1577431436,TJEv ZeRo,loot_vil,6272,1,2026-09-09
1577531377,Verb,loot_vil,6273,1,2026-10-03
1577431335,Beluschi,loot_vil,6274,1,2026-08-26
1577531228,sven-s,loot_vil,6275,1,2026-09-01
1577131139,Gilan01,loot_vil,6276,1,2026-09-05
9831039,Black Sun,loot_vil,6277,1,2026-08-29
1577530413,habstef,loot_vil,6278,1,2026-10-01
9630363,yogi1986,loot_vil,6279,1,2026-10-03
8929715,lykorz,loot_vil,6280,1,2026-09-02
1577029422,stbaumann1972,loot_vil,6281,1,2026-09-07
1577529360,Mukk96,loot_vil,6282,1,2026-09-26
629214,Asgamba Huh,loot_vil,6283,1,2026-08-29
1576328662,-sturmdrang75-,loot_vil,6284,1,2026-08-26
1577428502,Carlo2805,loot_vil,6285,1,2026-08-28
10028320,alterhaselassmichinruh,loot_vil,6286,1,2026-08-31
8228010,Aggro Pingu,loot_vil,6287,1,2026-09-25
1577527921,TopCop,loot_vil,6288,1,2026-08-27
1577527584,Parceval,loot_vil,6289,1,2026-08-30
1577527446,werbistdu385i,loot_vil,6290,1,2026-09-27
1577127233,Kellyrex,loot_vil,6291,1,2026-09-22
1577527222,Ebbe,loot_vil,6292,1,2026-08-26
1577526933,mazine,loot_vil,6293,1,2026-09-23
9326844,d.gwünner,loot_vil,6294,1,2026-09-25
1577526358,asdasd42,loot_vil,6295,1,2026-09-05
1577426245,Darkangel10387,loot_vil,6296,1,2026-10-01
1577425943,Germane23,loot_vil,6297,1,2026-09-02
1577525799,Melvic2014,loot_vil,6298,1,2026-09-26
1577525787,Rebell1996,loot_vil,6299,1,2026-10-03
1577425125,Didi2711,loot_vil,6300,1,2026-10-03
1577324789,Myrrdhin Emrys,loot_vil,6301,1,2026-09-11
1577524379,Jackal,loot_vil,6302,1,2026-08-27
9523680,stiefelkater,loot_vil,6303,1,2026-08-28
1577023202,Lord Sanyok,loot_vil,6304,1,2026-09-18
1576823061,Uncreativee,loot_vil,6305,1,2026-09-30
922851,$king OF Kings$,loot_vil,6306,1,2026-09-13
1577422193,schattenkrieger01,loot_vil,6307,1,2026-08-26
1577521383,mudi0163,loot_vil,6308,1,2026-09-30
1577221172,MariX-Revolution,loot_vil,6309,1,2026-09-24
1576920219,drache 61,loot_vil,6310,1,2026-08-30
1576919944,Kashargul,loot_vil,6311,1,2026-08-28
2019651,SarabiDo,loot_vil,6312,1,2026-09-21
2019638,Chnitz,loot_vil,6313,1,2026-09-21
1577519550,Freiherr von Meyringen,loot_vil,6314,1,2026-09-21
1577419433,hellidelli49,loot_vil,6315,1,2026-09-21
1576818801,Ivichel,loot_vil,6316,1,2026-09-27
1577518452,FSVRICO1998,loot_vil,6317,1,2026-09-18
10118386,NeonPinguin,loot_vil,6318,1,2026-08-26
1577517087,Schmohl,loot_vil,6319,1,2026-09-06
1577517071,AlMoose,loot_vil,6320,1,2026-10-03
1577016337,Ganjalf420,loot_vil,6321,1,2026-09-20
1577516304,MiaRoses,loot_vil,6322,1,2026-09-30
1576716202,benutzer,loot_vil,6323,1,2026-09-30
1577416110,Liqdice,loot_vil,6324,1,2026-09-28
1577315874,meop,loot_vil,6325,1,2026-09-20
1577515825,123 Da,loot_vil,6326,1,2026-09-02
1577015674,DevilFruit,loot_vil,6327,1,2026-09-26
1015576,Fürst Erik,loot_vil,6328,1,2026-09-20
715401,Blackbird-erp,loot_vil,6329,1,2026-08-26
1577515131,Shouphanya,loot_vil,6330,1,2026-09-18
8214432,banane1314,loot_vil,6331,1,2026-09-13
1577114174,Smitty Werben,loot_vil,6332,1,2026-08-30
2314068,turbobaerchen,loot_vil,6333,1,2026-09-09
1577313798,Womb Spaso,loot_vil,6334,1,2026-09-28
1577313794,Sick Scatbob,loot_vil,6335,1,2026-09-24
8113697,Namenslos,loot_vil,6336,1,2026-09-21
1577213638,Shafflox,loot_vil,6337,1,2026-08-26
1577513527,der einsame wolf,loot_vil,6338,1,2026-08-30
1577512970,Taschenspielertrick,loot_vil,6339,1,2026-10-01
1576312958,Empire444,loot_vil,6340,1,2026-08-28
1577512711,ursus,loot_vil,6341,1,2026-09-12
1577412648,Cenn,loot_vil,6342,1,2026-10-01
1577512551,Lady Don Carlo,loot_vil,6343,1,2026-08-26
9312476,Fürst Warwick,loot_vil,6344,1,2026-09-10
1577512465,Überseespezialist,loot_vil,6345,1,2026-09-29
1577412349,Kruemel25,loot_vil,6346,1,2026-10-02
1577311977,Kassandra4812,loot_vil,6347,1,2026-08-28
8011950,A.Team,loot_vil,6348,1,2026-09-26
11451,birax,loot_vil,6349,1,2026-08-26
1577311195,Wiesel98,loot_vil,6350,1,2026-10-02
1577511183,Spandauer Knüppelkrieger,loot_vil,6351,1,2026-09-30
1577511178,Hobbygärtner,loot_vil,6352,1,2026-09-29
1577510718,Pasqualo17,loot_vil,6353,1,2026-09-27
710149,gus06,loot_vil,6354,1,2026-09-13
1577409816,Sieder100,loot_vil,6355,1,2026-10-03
1577509663,DeffOnly,loot_vil,6356,1,2026-08-26
1577509327,Herzigi,loot_vil,6357,1,2026-09-10
1577408825,HarryderPotter,loot_vil,6358,1,2026-09-01
1577408763,Sarisa7,loot_vil,6359,1,2026-08-26
1577308751,Schmuruck,loot_vil,6360,1,2026-09-09
2108124,von verl,loot_vil,6361,1,2026-09-21
1577507673,Heftiger Kettenraucher,loot_vil,6362,1,2026-10-01
1577507672,DIE SONNE LACHT,loot_vil,6363,1,2026-10-01
1577507669,Dreckiger Fahrradkeller,loot_vil,6364,1,2026-10-02
1577506386,Ree0,loot_vil,6365,1,2026-08-26
1577406139,optimus12,loot_vil,6366,1,2026-09-20
1577505675,Wasseratmung,loot_vil,6367,1,2026-09-26
1577505625,Günni.Kologe69,loot_vil,6368,1,2026-09-08
1577405311,Kaleut81,loot_vil,6369,1,2026-08-28
1577505113,Dünnbrettbohrer.,loot_vil,6370,1,2026-09-27
1577504557,Bordenau,loot_vil,6371,1,2026-08-30
1576904511,Lord of D,loot_vil,6372,1,2026-09-23
1577504439,Markus1976?,loot_vil,6373,1,2026-09-25
1577504362,Tino72,loot_vil,6374,1,2026-09-30
1577504243,Bundeskriminalamt,loot_vil,6375,1,2026-10-01
1577403741,Reitenbach,loot_vil,6376,1,2026-09-20
1577503580,Pforze,loot_vil,6377,1,2026-09-29
1577503568,thelordjohny,loot_vil,6378,1,2026-10-03
1577403088,Veruna,loot_vil,6379,1,2026-09-28
1577502868,Lausnimmtdeinhaus,loot_vil,6380,1,2026-09-30
1577202461,guard-fighter,loot_vil,6381,1,2026-08-26
1577401454,mesimam,loot_vil,6382,1,2026-09-24
1577501403,tetje,loot_vil,6383,1,2026-09-24
1577301355,Meini,loot_vil,6384,1,2026-09-20
1577400042,N112,loot_vil,6385,1,2026-09-06
1576608156,deslow,scavenge,1,8964721,2026-10-03
1577444303,PeterMachtMeter,scavenge,2,4186250,2026-09-29
1577431073,fleur blobby,scavenge,3,4149878,2026-10-02
1577534684,Jesse Pinkman,scavenge,4,3932435,2026-09-29
1576716190,SAYCOS ACCOUNTANT,scavenge,5,3850988,2026-10-03
1577349938,steelbreaker,scavenge,6,3723099,2026-10-01
1577300851,Hölle,scavenge,7,3598169,2026-10-02
10017115,superneusi,scavenge,8,3593006,2026-10-03
8609191,klon-nuzgul,scavenge,9,3539512,2026-10-02
1577279310,NoLimitx3,scavenge,10,3538065,2026-09-27
1576298928,Lt.Ogad,scavenge,11,3353799,2026-10-02
1577073064,easy,scavenge,12,3148922,2026-09-26
1577415816,Titomiooo,scavenge,13,2878564,2026-10-01
2363816,wifi,scavenge,14,2877926,2026-09-28
1577522507,Teddy,scavenge,15,2865670,2026-10-01
1576984345,FiveFingerDeath,scavenge,16,2737977,2026-09-29
1577484886,Proxybasher17,scavenge,17,2704922,2026-10-02
1577405997,mraalee,scavenge,18,2690929,2026-10-03
1577433791,Ragnar.Lothbrok,scavenge,19,2631184,2026-09-29
9285938,Jonayay,scavenge,20,2629734,2026-10-01
1577464497,0815Name,scavenge,21,2610407,2026-10-03
9888572,Spectre,scavenge,22,2574623,2026-10-03
1577514194,Prince von Bel Air,scavenge,23,2548851,2026-10-03
10192925,Dahra,scavenge,24,2529272,2026-10-01
1144521,maduen,scavenge,25,2484198,2026-09-27
1577178575,F3npost,scavenge,26,2452534,2026-10-01
1577114057,Hansueli12,scavenge,27,2285364,2026-10-02
1577512641,Still Mighty,scavenge,28,2147724,2026-09-28
1575995793,ixanthos,scavenge,29,2143508,2026-09-30
1577513316,Albanischer Krieger,scavenge,30,2141731,2026-10-02
1577544193,dersAcul,scavenge,31,2098139,2026-09-26
1577422997,Lord Stoney,scavenge,32,1994641,2026-09-27
1577507199,Tohuwabohuy,scavenge,33,1987543,2026-09-25
1577374650,happycola,scavenge,34,1963821,2026-10-01
8963712,Silver94,scavenge,35,1921002,2026-10-01
1577374960,Meepo2503,scavenge,36,1907211,2026-10-02
813539,Larslaxx,scavenge,37,1904345,2026-10-01
9800838,your darkest nightmare,scavenge,38,1854623,2026-09-27
1577465086,existenzxd,scavenge,39,1792469,2026-09-20
1577465504,Rincewind610,scavenge,40,1707385,2026-10-03
1577136351,SAYCO D. VORTEX,scavenge,41,1672870,2026-10-02
1577507008,RaidBoi,scavenge,42,1612922,2026-10-03
1577360773,Jopal 1950,scavenge,43,1590913,2026-10-03
1577273211,kaioshin,scavenge,44,1567382,2026-10-03
1577498626,Emil2025,scavenge,45,1552028,2026-10-01
1577393299,T288,scavenge,46,1520382,2026-10-03
1577536449,ohnain,scavenge,47,1472355,2026-10-03
1577455662,MrOceanWeedMan,scavenge,48,1460635,2026-09-30
8927127,LKAV Maracuja,scavenge,49,1419684,2026-09-29
9621806,Curbii,scavenge,50,1407358,2026-10-03
9801163,Allianz,scavenge,51,1391749,2026-10-02
1577520010,not.available,scavenge,52,1323609,2026-10-02
1577405536,nomic,scavenge,53,1315500,2026-10-01
1577388261,Paxie,scavenge,54,1311520,2026-10-01
1577439119,Lord Erik,scavenge,55,1289006,2026-10-02
9839014,Saltyy,scavenge,56,1284582,2026-10-03
1577397494,myul,scavenge,57,1266798,2026-09-28
1577507188,???-007,scavenge,58,1247336,2026-09-24
1577456618,Gerrit7777,scavenge,59,1206213,2026-10-03
8554566,Pippin30.,scavenge,60,1204412,2026-10-03
1577319091,Bayernbua,scavenge,61,1200301,2026-10-03
1576096938,JanBam,scavenge,62,1177049,2026-09-28
258773,Saifra,scavenge,63,1162722,2026-09-27
1257571,Invasion Marc,scavenge,64,1133593,2026-10-03
1577452508,fokus,scavenge,65,1132501,2026-09-28
3118288,Morglum,scavenge,66,1120426,2026-10-03
8942925,Amaterzu,scavenge,67,1114452,2026-10-02
1576598150,Haudaneben,scavenge,68,1109072,2026-09-28
1577545283,Warmer Radierer,scavenge,69,1105148,2026-10-03
1577171897,EDELSTEMMER,scavenge,70,1104309,2026-10-03
8740198,haida92,scavenge,71,1102629,2026-10-03
1577070679,Goldrausch,scavenge,72,1086692,2026-09-24
1577327643,Destinyjooker,scavenge,73,1084477,2026-09-29
1577504050,Hanswurst2025,scavenge,74,1083832,2026-09-28
1576401633,wütender Panda,scavenge,75,1081680,2026-10-01
1576699803,Gänsehoden,scavenge,76,1055212,2026-10-02
295281,bay3rnt.ter04,scavenge,77,1035280,2026-09-24
1577247043,Lord MK,scavenge,78,1032623,2026-09-30
1577176262,Mantga,scavenge,79,1030609,2026-10-03
8979093,colderaser,scavenge,80,1029516,2026-09-30
1577122126,CriticaLType,scavenge,81,976352,2026-10-02
9808270,El Maze,scavenge,82,969673,2026-10-03
1577394158,ZanderLange,scavenge,83,891848,2026-09-30
1576862060,Supreme69,scavenge,84,883751,2026-09-15
1577452447,Dorfkasper,scavenge,85,882728,2026-10-03
1577124090,BornToBash,scavenge,86,871163,2026-10-02
1577229730,Sarajlija,scavenge,87,869725,2026-10-02
1577249935,SweetJenny03,scavenge,88,866829,2026-10-03
1577543989,predisionz,scavenge,89,861067,2026-09-29
1577178460,MEDITATION,scavenge,90,857732,2026-09-30
1577545217,Zwoogel,scavenge,91,842764,2026-10-03
8776383,Cheat Code,scavenge,92,841471,2026-10-03
9120425,Thymalus,scavenge,93,833862,2026-10-02
1577449949,Der Spiegel,scavenge,94,832236,2026-10-03
9857437,Squirtle,scavenge,95,828025,2026-09-26
8635569,Blazed420AG,scavenge,96,821977,2026-09-28
1577501389,FriendlyFire,scavenge,97,803251,2026-09-28
9116012,UndercoverCrew,scavenge,98,799304,2026-09-20
1576979580,Red John.,scavenge,99,797257,2026-09-30
1577356305,aziiz mbs,scavenge,100,795716,2026-10-03
1577397857,Metzgerrudi,scavenge,101,794021,2026-10-01
1576691820,Itz ALL Ogre now,scavenge,102,793805,2026-10-02
1577428254,Bestrafer,scavenge,103,787520,2026-10-03
1577370056,El-Tiburon,scavenge,104,779544,2026-10-01
1577525383,Herrje.161,scavenge,105,779435,2026-10-03
1216362,Kaldi,scavenge,106,759207,2026-10-03
1576341980,Pitta,scavenge,107,757998,2026-10-03
1577059736,Angst Potter?,scavenge,108,754803,2026-09-16
1577545319,MaxEick1001,scavenge,109,752006,2026-10-03
1576655476,Tiger187,scavenge,110,751550,2026-10-03
1575961017,Z1tro Extr3m,scavenge,111,736280,2026-10-02
8658019,LuckyDudels,scavenge,112,731066,2026-09-25
1576039189,DerEisWolf,scavenge,113,729939,2026-09-30
1576781253,badgirl666,scavenge,114,724140,2026-10-02
1577349437,schwarzerElch,scavenge,115,723330,2026-10-03
1576937849,Irahatam,scavenge,116,722931,2026-09-24
1577509315,Twixx,scavenge,117,720700,2026-10-03
10039871,Paulosaso,scavenge,118,719558,2026-10-03
1577530583,No1theRock,scavenge,119,718398,2026-09-27
1576204516,sKiLeRiX,scavenge,120,708905,2026-10-03
1576093251,David the Brain,scavenge,121,702084,2026-10-01
9175201,Minionx3,scavenge,122,698399,2026-10-02
1576664222,Orri,scavenge,123,697535,2026-09-22
2815069,Ares01,scavenge,124,696124,2026-10-02
1577543469,Faebe,scavenge,125,695541,2026-10-03
1576756867,hias88,scavenge,126,693819,2026-09-30
1576670683,Adlet Mayer,scavenge,127,693797,2026-10-03
1577388732,Saketh,scavenge,128,686715,2026-10-02
1577348621,Motivas,scavenge,129,684859,2026-10-02
1577179248,Legion of Boom,scavenge,130,683976,2026-10-03
1577545419,BruderJakob24,scavenge,131,683746,2026-10-03
1577423646,ProgOn420,scavenge,132,681637,2026-09-26
1130518,LS1992,scavenge,133,672462,2026-09-24
1577493796,Justmelix,scavenge,134,662264,2026-10-03
9523129,TehDragoon,scavenge,135,660352,2026-10-01
1577536190,KoooSz,scavenge,136,657676,2026-10-03
1576984375,Leonidas2611,scavenge,137,656255,2026-09-24
1375412,ulrich-ag,scavenge,138,650831,2026-10-02
978765,Soundcraft Si Impact,scavenge,139,648217,2026-10-02
1576696487,SchläferH,scavenge,140,642719,2026-10-03
1577512528,Tiddel,scavenge,141,639438,2026-10-02
10092563,Reisender,scavenge,142,633135,2026-09-28
1577496615,Tayron,scavenge,143,621902,2026-10-03
1577515376,Kalash92,scavenge,144,620773,2026-09-21
1577349358,LoLPro,scavenge,145,613046,2026-10-02
1819870,tod13,scavenge,146,608695,2026-09-30
1577536686,Der Mann namens LoL,scavenge,147,608118,2026-10-03
1577518171,MarekDerErste,scavenge,148,606838,2026-09-30
608497,meluana,scavenge,149,606717,2026-09-27
1577510735,GladiatorXVII,scavenge,150,598461,2026-10-01
1577394820,Schwimmer,scavenge,151,594111,2026-10-03
1577543745,Jeje92x,scavenge,152,588557,2026-09-30
1577533943,KATA-Komben-MANN,scavenge,153,584198,2026-10-01
2351874,Raaawrr,scavenge,154,582889,2026-10-03
1041015,Loopy,scavenge,155,580932,2026-10-03
1575952891,GermanRebell93,scavenge,156,580220,2026-09-29
1577544578,FlyLikePeterPan,scavenge,157,571358,2026-10-02
9869866,.Aufklärer,scavenge,158,571205,2026-10-01
1577489257,Gnuppel,scavenge,159,556806,2026-09-22
3084607,GoldJunge999,scavenge,160,555151,2026-10-01
618448,Bad Boys 77,scavenge,161,550881,2026-09-28
1576897890,*Wilde Hilde*,scavenge,162,549440,2026-10-01
9261979,Joergi...,scavenge,163,548260,2026-10-03
1575943186,basti2411,scavenge,164,547207,2026-09-30
1577332496,Kishi,scavenge,165,542394,2026-10-01
2314840,*luzifer*,scavenge,166,540080,2026-10-03
1576270672,xXCleptoXx,scavenge,167,536258,2026-09-25
1577383865,Y4miii,scavenge,168,535751,2026-10-03
1577539358,Andi-Pukki-1904,scavenge,169,535473,2026-10-03
1577492206,PestoPeta,scavenge,170,534193,2026-10-01
7811077,mayster,scavenge,171,529890,2026-10-03
1577535670,Karezza,scavenge,172,528358,2026-10-02
10187316,Champacho,scavenge,173,528296,2026-09-28
7961799,REV-Bremerhaven,scavenge,174,523369,2026-10-02
1576973896,Kreativ?,scavenge,175,522770,2026-10-01
1576982986,Aiello,scavenge,176,518961,2026-10-03
1577417347,VanWolfing,scavenge,177,506522,2026-10-03
1577498081,JellyMcBeal,scavenge,178,505779,2026-10-02
1576533606,Konan3,scavenge,179,504890,2026-10-03
9642632,Micha041,scavenge,180,503556,2026-10-03
1577498189,xBalla,scavenge,181,503550,2026-10-03
1577337039,TheOption,scavenge,182,498278,2026-10-01
3392114,Romerrius,scavenge,183,496032,2026-09-30
1102568,mein papa,scavenge,184,495750,2026-10-02
1577390509,igNu,scavenge,185,495111,2026-09-29
1577545375,Kreuzritter14,scavenge,186,489267,2026-10-03
2231408,LaWitch,scavenge,187,485312,2026-09-29
1577545602,SercV8,scavenge,188,480180,2026-10-03
1577435805,Herzog Eisenherz,scavenge,189,476286,2026-10-03
1576900092,xSmoke,scavenge,190,476060,2026-09-19
1577544675,Bengt26,scavenge,191,473245,2026-10-02
1577522047,cHeLdO,scavenge,192,471094,2026-10-01
1577282858,gustav1101212,scavenge,193,470601,2026-09-23
1577393502,Kerschti,scavenge,194,468732,2026-09-28
9839137,DEAD EYES,scavenge,195,468703,2026-09-17
1577539431,faabricioo,scavenge,196,467827,2026-10-03
1577383380,Gewaechs,scavenge,197,466787,2026-09-29
1577538281,novoline95,scavenge,198,465864,2026-10-03
1577523352,Kerasus28,scavenge,199,465176,2026-09-30
1576683351,Fendrix,scavenge,200,463995,2026-10-01
9645437,Doomsday Specter 1.0,scavenge,201,462499,2026-09-28
1577533697,BiasBiae,scavenge,202,461448,2026-10-03
1577301029,Susanoo.,scavenge,203,455940,2026-09-22
1576686712,SirCrasher,scavenge,204,450592,2026-10-01
7726094,Ge3debauer,scavenge,205,449787,2026-10-03
1577332558,Friese1967,scavenge,206,449312,2026-10-02
10118752,clash77,scavenge,207,445679,2026-09-30
8213975,Loser84,scavenge,208,443282,2026-09-27
1065350,Die Sowältsche,scavenge,209,443266,2026-09-28
1577519674,SacredUthal,scavenge,210,441149,2026-09-25
1577545582,Der Rollige Rollmops,scavenge,211,438955,2026-10-03
1472477,knack123,scavenge,212,438025,2026-10-02
1577543305,TillyVanilly,scavenge,213,435113,2026-10-02
8013865,timmäh14,scavenge,214,434589,2026-09-28
1577490989,Flanschexpress,scavenge,215,430987,2026-09-22
1577169492,HummelS1,scavenge,216,429860,2026-09-27
1577403666,vitaspa,scavenge,217,429716,2026-09-29
1094420,Korn85,scavenge,218,428522,2026-09-27
1577425938,andi33,scavenge,219,428437,2026-10-02
1577537931,RealMatze,scavenge,220,426735,2026-09-29
801831,JüGg!,scavenge,221,421541,2026-09-29
9808690,Mc Basher,scavenge,222,418060,2026-10-03
1576807749,Kann nicht spielen,scavenge,223,418044,2026-10-01
8812458,U.M.B.R.E.L.L.A,scavenge,224,417433,2026-10-02
1577545164,Die Projektleitung,scavenge,225,416120,2026-10-03
1577486078,bosch,scavenge,226,414645,2026-10-01
971259,totward,scavenge,227,413232,2026-10-03
787594,stiefel92,scavenge,228,412169,2026-09-26
1577356387,Lord Fulltime,scavenge,229,410271,2026-10-02
704848,McSteinbrecher,scavenge,230,408089,2026-09-29
1577325138,Sir.Luke,scavenge,231,407536,2026-10-02
1577516328,Necroshade,scavenge,232,402414,2026-09-13
1576813435,Vondi,scavenge,233,399980,2026-09-30
3077939,Augilfo,scavenge,234,399195,2026-09-27
1577294676,Kühlschrank,scavenge,235,397633,2026-10-01
1577521913,Koska,scavenge,236,397592,2026-09-30
1577241033,Burton10,scavenge,237,393880,2026-09-30
8111844,joggi24,scavenge,238,393207,2026-09-30
1576985771,Darkman63,scavenge,239,392873,2026-10-01
1577505624,-.Premium*,scavenge,240,392779,2026-09-29
1577464140,The-Joker,scavenge,241,388122,2026-09-23
1577348705,Intoleranz,scavenge,242,383964,2026-10-03
1576095344,KaiserKarlIX,scavenge,243,382223,2026-09-30
8832891,likous,scavenge,244,381106,2026-09-28
1577533990,Homy42,scavenge,245,380845,2026-09-28
1577197630,Damnus,scavenge,246,379348,2026-10-03
8677916,king-of-nothing,scavenge,247,373522,2026-09-22
1576431758,Seaghda,scavenge,248,372609,2026-10-02
1577064445,Nightwolf,scavenge,249,372524,2026-10-01
1577184777,Marc2610,scavenge,250,371490,2026-09-21
1577518710,Toni12,scavenge,251,371062,2026-09-30
531673,Lenze,scavenge,252,370590,2026-10-02
1577535454,Souvlaki,scavenge,253,367979,2026-09-26
9864953,schlachten,scavenge,254,363927,2026-10-03
1577534253,Samson.Stone,scavenge,255,362129,2026-09-12
7730087,cody99,scavenge,256,360265,2026-09-29
1577487724,Ueli,scavenge,257,358913,2026-09-16
8837766,Egozentrisch,scavenge,258,357669,2026-10-03
1577327517,Illisto33,scavenge,259,356946,2026-10-01
2607380,herkules 3,scavenge,260,355933,2026-09-27
1577524352,9191,scavenge,261,355650,2026-09-28
1577425804,GunnaderKleine,scavenge,262,355294,2026-09-23
1576130859,Faultierfarm,scavenge,263,354422,2026-09-27
1577441405,McDiven,scavenge,264,354039,2026-10-02
1577355546,Gasst,scavenge,265,348455,2026-09-21
1576779551,LeviSword,scavenge,266,346937,2026-09-30
9490221,und alle so yeeow,scavenge,267,346901,2026-09-29
1577361961,TheSolutionNot,scavenge,268,346418,2026-10-03
1576712413,Whitlock96,scavenge,269,346361,2026-10-02
8072994,susi.4u,scavenge,270,345373,2026-09-30
1577268661,Shivato,scavenge,271,341858,2026-09-27
1577501338,nachtfalke76,scavenge,272,340471,2026-10-03
1577004920,MagierBlubb,scavenge,273,340080,2026-09-07
1577545516,Habibi Blocksberg,scavenge,274,339956,2026-10-02
2261699,thomas1994x,scavenge,275,339032,2026-09-29
1577504878,-sammler-,scavenge,276,337404,2026-09-18
1577261762,Lord Durango,scavenge,277,337236,2026-10-01
1576959764,Hallodri420,scavenge,278,335654,2026-09-14
9909262,auberer,scavenge,279,335564,2026-10-03
1576312757,redglavy,scavenge,280,335059,2026-09-29
10034424,Khazadl,scavenge,281,333533,2026-10-01
1461885,Lord Balardir,scavenge,282,332947,2026-10-03
1577542085,Escobar1993,scavenge,283,331620,2026-10-01
1577500093,MH9plus,scavenge,284,329278,2026-09-28
1577303793,VENOM,scavenge,285,328626,2026-10-03
1577542923,HeinzSword,scavenge,286,328393,2026-09-30
2355753,dl3101,scavenge,287,328165,2026-10-02
1577273952,Naca,scavenge,288,324499,2026-10-02
1576605277,Cubee,scavenge,289,324221,2026-09-25
1577103914,the exxx,scavenge,290,323897,2026-09-17
1577542025,morethanafabi,scavenge,291,322097,2026-09-29
1577544093,Paladin Markus,scavenge,292,320401,2026-09-30
3094599,McOwen,scavenge,293,320233,2026-09-22
9971170,Trojan135,scavenge,294,316008,2026-09-17
1577116597,Bierdimpfe,scavenge,295,314293,2026-10-01
1577545512,Noname327,scavenge,296,313798,2026-10-03
1577311314,kolla,scavenge,297,311923,2026-09-29
1576976099,Skorpion85,scavenge,298,311080,2026-10-02
8308415,Lord Michael der Grosse,scavenge,299,310651,2026-09-30
10094903,KingOfPirat Monkey,scavenge,300,310081,2026-09-30
1577539555,Tarina,scavenge,301,309297,2026-09-27
1577493803,Tired Monk,scavenge,302,308278,2026-09-29
2288408,ein-locky,scavenge,303,307818,2026-09-26
8516154,HP1987,scavenge,304,307364,2026-09-08
1577546661,W1T3H13N,scavenge,305,306766,2026-10-03
1577281588,Ringelow,scavenge,306,306579,2026-10-03
8161459,Spitzebubbi,scavenge,307,305875,2026-09-27
1577279438,Zaros,scavenge,308,304358,2026-09-30
1577536165,Sir-Lancelot,scavenge,309,304205,2026-10-03
1577545299,Agent47,scavenge,310,303416,2026-09-29
1576515268,kalio1993,scavenge,311,302864,2026-10-03
1577077797,evocza,scavenge,312,302529,2026-09-28
1577527233,Al Sahir,scavenge,313,300703,2026-10-03
1577542546,Chiller3114,scavenge,314,300475,2026-09-30
1577512098,Brujita,scavenge,315,299424,2026-10-02
1577494514,Mataron,scavenge,316,298546,2026-09-28
1577495490,T1n0,scavenge,317,298130,2026-10-02
9189327,pompejus magnus,scavenge,318,296240,2026-10-03
1577516846,König Peace and Love,scavenge,319,296026,2026-10-01
1577545063,DoloresUmbridge,scavenge,320,295184,2026-09-30
9637025,Ninkasi,scavenge,321,294632,2026-09-30
1577391941,noveo,scavenge,322,293499,2026-10-01
10094800,.exoticbanane,scavenge,323,291230,2026-09-20
1577005782,H4dz0R,scavenge,324,291092,2026-10-02
1577486566,Fürst V,scavenge,325,289520,2026-10-03
1577488359,DeffBasher,scavenge,326,288152,2026-09-24
1577170060,YugoBetrugo,scavenge,327,285573,2026-10-02
1577535367,johnpolisch,scavenge,328,284128,2026-10-01
8536543,bickelsberg,scavenge,329,284083,2026-10-03
1577545088,Long Dong,scavenge,330,283859,2026-10-02
1503822,Dorfguru,scavenge,331,281027,2026-09-29
1577244712,Peter1704,scavenge,332,280588,2026-10-03
1577489059,OnkelHeile,scavenge,333,278984,2026-10-03
1577526543,SSJ4,scavenge,334,276547,2026-09-20
8304302,Ritter Alf 1,scavenge,335,276439,2026-10-02
1577496865,Badabuuk,scavenge,336,276057,2026-10-03
1577192256,lukas1999,scavenge,337,275996,2026-09-25
1577530371,0190er,scavenge,338,275194,2026-09-21
1577238150,Julez123,scavenge,339,275035,2026-09-22
1577486614,Metty79,scavenge,340,270020,2026-09-20
1576430483,DruffisAmWerk,scavenge,341,269880,2026-09-12
1577543512,Georgy96x,scavenge,342,269868,2026-09-30
1577486226,Madunicum,scavenge,343,269160,2026-09-21
1577001333,sanders711,scavenge,344,267670,2026-09-26
10188951,King James 6,scavenge,345,267115,2026-10-03
311848,poti,scavenge,346,266935,2026-09-28
1577506024,Gurarius,scavenge,347,265846,2026-10-03
1577421767,Codi42,scavenge,348,265414,2026-09-30
1577513584,Finesse,scavenge,349,264686,2026-09-16
1576732605,sue-la,scavenge,350,264561,2026-09-28
1577516019,Lord Black Lotus,scavenge,351,262816,2026-09-28
1577158244,ScHiTzZo,scavenge,352,262503,2026-09-30
1576987613,rogergunner,scavenge,353,261467,2026-09-23
9834413,Kurath,scavenge,354,261001,2026-09-29
1577427206,OldSqul,scavenge,355,258777,2026-10-03
1577321823,VoltaJa,scavenge,356,258619,2026-09-26
1577544614,VoltJore,scavenge,357,253871,2026-09-20
1577522967,Niki90,scavenge,358,253512,2026-10-03
1577142359,Liobana,scavenge,359,253354,2026-10-02
1577392662,Ondiris,scavenge,360,253173,2026-10-03
1577433896,AntonioMontana,scavenge,361,251157,2026-09-28
1575869975,gangco,scavenge,362,250809,2026-10-03
1577010036,Sasha Grey,scavenge,363,250527,2026-09-29
9979507,Kailiminogue,scavenge,364,249657,2026-10-03
1577530682,Battham,scavenge,365,248765,2026-09-23
1577542942,Numinex,scavenge,366,248482,2026-10-03
1577490916,Vonvoid,scavenge,367,248451,2026-09-25
1577542011,Erbsensammler,scavenge,368,248061,2026-10-03
1577373732,Sammler des Tages,scavenge,369,247739,2026-10-03
1577483735,Blackuni,scavenge,370,247416,2026-09-28
1577546246,Denooo3,scavenge,371,246709,2026-09-29
319909,Der Held schlecht hin,scavenge,372,246205,2026-10-03
1577487732,GönndalfderGraue,scavenge,373,245563,2026-10-03
1577529876,monkeydlesnik,scavenge,374,245345,2026-09-29
1577486006,InSlumber,scavenge,375,244609,2026-09-25
7704883,Thorongil II,scavenge,376,244291,2026-09-26
8639312,J--O,scavenge,377,244241,2026-09-25
9814162,Grammarum,scavenge,378,243678,2026-10-03
10164353,der recher der 10,scavenge,379,242952,2026-10-02
1577423741,LordUbba,scavenge,380,242908,2026-10-01
1576130910,FootballStrike,scavenge,381,242455,2026-09-30
1576096956,ExXeZ,scavenge,382,242264,2026-09-07
9636145,FloCommander,scavenge,383,242044,2026-10-01
1577278242,Tighteeeh,scavenge,384,241542,2026-09-28
1577520900,Linus v. Pelt TV,scavenge,385,240589,2026-10-02
1577375163,Steeelfire,scavenge,386,240052,2026-09-19
9062610,odin heals ya,scavenge,387,240023,2026-10-03
1577111906,badxdog,scavenge,388,239126,2026-09-29
1577426954,Rette1699,scavenge,389,237910,2026-09-29
1577163180,Rofa TTN,scavenge,390,237643,2026-10-03
10007100,Barthas,scavenge,391,237485,2026-10-03
1577492185,keylan,scavenge,392,237300,2026-10-03
1577384735,El Don Bilbo,scavenge,393,236551,2026-09-23
1576836244,Axel Nässe,scavenge,394,235946,2026-10-02
1577504874,Lord Forrest,scavenge,395,233996,2026-09-29
1577529656,Dorfmeister126,scavenge,396,232649,2026-10-01
7969496,HerrClaus,scavenge,397,232208,2026-10-03
1577536820,Holoback,scavenge,398,232013,2026-10-02
1577420362,Electro,scavenge,399,230836,2026-09-19
1577523449,hellonym,scavenge,400,230622,2026-09-17
9806406,PnCake,scavenge,401,227694,2026-09-30
1577178702,Unbekannter Spieler,scavenge,402,226983,2026-09-15
1577522946,DickerZeh82,scavenge,403,226792,2026-09-13
1577382054,Turko2021,scavenge,404,226602,2026-09-30
1576752649,FakedPersonality,scavenge,405,226175,2026-09-16
1577533294,Coss1999,scavenge,406,224512,2026-10-02
1577544702,Sculldragon,scavenge,407,224173,2026-10-01
1577527642,Niclas31,scavenge,408,223928,2026-09-10
1577541738,Seb91,scavenge,409,223224,2026-10-02
9876086,almtraum,scavenge,410,222110,2026-09-21
1577446326,hase123,scavenge,411,221678,2026-09-25
3246288,teucek,scavenge,412,218316,2026-09-28
1577545616,okan400,scavenge,413,217843,2026-10-01
946904,El Jugador Loco,scavenge,414,217702,2026-10-02
10090482,Engelchen und Teufelchen,scavenge,415,217288,2026-09-30
1576990588,xiUnikat,scavenge,416,215667,2026-09-20
9967293,willium46,scavenge,417,214945,2026-09-18
583857,Wolf 007,scavenge,418,214942,2026-10-03
1577285245,Taxus87,scavenge,419,213062,2026-10-03
1577265934,Jordend,scavenge,420,212837,2026-09-26
940772,Jawion,scavenge,421,212721,2026-09-30
10152802,perle0815,scavenge,422,211834,2026-10-01
1576776469,König Lord MaxiKing,scavenge,423,211678,2026-09-30
1577495104,*Cain*,scavenge,424,211202,2026-09-16
1577543315,Hansdiegans,scavenge,425,209797,2026-09-25
1577531075,RatkoM,scavenge,426,209644,2026-10-03
1577268024,max4496,scavenge,427,209626,2026-09-21
1577072710,Jan28,scavenge,428,208386,2026-09-17
1577500903,fixxii,scavenge,429,208335,2026-10-02
1577545267,Nucle4r,scavenge,430,208175,2026-10-03
1576703850,Mischkoh,scavenge,431,207906,2026-09-28
1577528572,James2nd,scavenge,432,207239,2026-09-22
1577536604,Peet1887,scavenge,433,205681,2026-09-26
1577378014,Tonkrug,scavenge,434,204415,2026-10-03
1576245162,Alex007,scavenge,435,204014,2026-09-28
7936026,Billardspieler,scavenge,436,203810,2026-10-02
1576873095,ph97,scavenge,437,203756,2026-10-03
1577523637,Kuebi,scavenge,438,202985,2026-10-03
1577490480,RedBurnA,scavenge,439,202251,2026-09-26
142764,Thor49,scavenge,440,201743,2026-10-03
1577543326,0nkel-Bob,scavenge,441,201118,2026-09-27
9941410,nameo,scavenge,442,200934,2026-09-28
1576356553,Doktor,scavenge,443,199201,2026-09-30
1577077787,Kinorushi12,scavenge,444,198180,2026-10-03
1577069213,canrafet,scavenge,445,198093,2026-10-03
8816541,HausaufgabenGemacht?,scavenge,446,198076,2026-09-25
9076801,SpecialAirService,scavenge,447,197957,2026-10-01
1576773470,Gandalfmer2016,scavenge,448,197103,2026-09-29
9846914,Sabretooth,scavenge,449,195128,2026-10-02
10015177,Arms50,scavenge,450,194748,2026-09-29
1576596873,FcIngolstadt04,scavenge,451,194733,2026-09-27
1577200461,Poseidon666,scavenge,452,194103,2026-10-03
9946437,besen14,scavenge,453,193264,2026-09-28
9920231,Fatecrasher,scavenge,454,192785,2026-09-11
1577518653,Ugamuga,scavenge,455,192376,2026-09-30
1577494847,kuhnep,scavenge,456,191747,2026-10-03
1576769492,HorstdesJahres,scavenge,457,191512,2026-10-03
1576435917,DörferRecyclingGmbH,scavenge,458,190800,2026-09-29
1577537844,bvb-bomber96,scavenge,459,190714,2026-10-03
1576268464,Chaos1999,scavenge,460,190636,2026-10-01
9968576,ItzReAcH,scavenge,461,189884,2026-09-21
1577130926,mentos,scavenge,462,189869,2026-10-02
760440,Mevo,scavenge,463,189823,2026-09-15
1577382950,BenBeckmann,scavenge,464,189126,2026-10-03
9968798,makasar,scavenge,465,189120,2026-09-16
1577527930,Lord Gorpheus,scavenge,466,188881,2026-09-30
1577364944,Corvus,scavenge,467,188634,2026-10-01
1577181969,Maximus22,scavenge,468,188091,2026-09-26
1577545466,PilotRuediger,scavenge,469,187772,2026-10-02
7880842,chaurus,scavenge,470,187697,2026-10-03
9752551,ArturGollom,scavenge,471,187227,2026-10-03
1577540185,Vilgefortz von Roggeveen,scavenge,472,186413,2026-09-11
1577521254,Pete Owermann,scavenge,473,185498,2026-09-25
1577408647,alcnsun,scavenge,474,184878,2026-09-12
10189407,Reibekuchen,scavenge,475,184852,2026-10-01
1577187211,August.iner,scavenge,476,184791,2026-09-30
9930015,LadyMaria,scavenge,477,182726,2026-10-02
1577536510,Slyth,scavenge,478,182539,2026-09-21
1577528915,OweoKEK,scavenge,479,182334,2026-09-26
1577540871,Clemrock,scavenge,480,182180,2026-09-27
7909153,Crime2,scavenge,481,182166,2026-09-24
1577394602,baamjeegg,scavenge,482,180841,2026-10-02
1576850414,Pat257,scavenge,483,180762,2026-09-20
3323662,SilverBig,scavenge,484,180556,2026-09-21
1577516880,Cortex,scavenge,485,180278,2026-09-24
1577140988,Mauro7,scavenge,486,180196,2026-09-28
1577246283,Aran,scavenge,487,179968,2026-10-02
9810710,Taimo94,scavenge,488,179881,2026-09-26
1381625,silvu93,scavenge,489,178403,2026-09-20
1577345825,Caki95,scavenge,490,178398,2026-09-14
1577526593,Qidi92,scavenge,491,177789,2026-09-30
1577531158,bluna90,scavenge,492,177403,2026-09-28
9752057,Punni,scavenge,493,176672,2026-09-23
1577498632,Sori9,scavenge,494,176583,2026-09-22
1576659949,STW13,scavenge,495,175023,2026-09-23
1577502218,Der Falk,scavenge,496,174053,2026-10-01
8931073,alfredo17,scavenge,497,174018,2026-10-03
1576671825,Music,scavenge,498,173670,2026-10-01
1577538282,stalkerTBQ,scavenge,499,173650,2026-10-02
1577438578,dedmaster56,scavenge,500,173047,2026-10-03
1577524206,Mtzsch,scavenge,501,172996,2026-10-03
1577252455,JohnHB,scavenge,502,172573,2026-09-30
1577521841,Pierogiboyy1722,scavenge,503,172133,2026-09-12
366473,McMarek85,scavenge,504,171738,2026-09-20
1577346141,Kumpelblase,scavenge,505,170964,2026-09-28
1577432049,demenztor,scavenge,506,170569,2026-10-03
1577399890,Kattaklysmus,scavenge,507,170507,2026-09-16
1577518818,Dirk3533,scavenge,508,170222,2026-09-18
1577102842,pdots2,scavenge,509,169928,2026-10-03
1577547624,Expecto Patronum,scavenge,510,169526,2026-10-02
1577545848,-Königsmacher-,scavenge,511,168969,2026-09-20
1577538819,thomystuttgart,scavenge,512,167885,2026-10-01
1577465695,engarde3008,scavenge,513,167702,2026-09-25
1577281597,Edga31,scavenge,514,167310,2026-10-03
2746540,König Astra,scavenge,515,167038,2026-09-27
1577416552,DerJanVernichter,scavenge,516,166801,2026-09-19
9196619,Flolex mit Rolex,scavenge,517,166217,2026-10-02
1577401309,Thomas die Kattaloktive,scavenge,518,165562,2026-09-21
1576789237,f4milY.-Bu?in3??,scavenge,519,165135,2026-09-28
2524878,hagtysja,scavenge,520,164717,2026-10-02
1577527676,K1LL3RSCHN1TZ3L,scavenge,521,164379,2026-10-02
1577102640,Hooligan777,scavenge,522,164113,2026-10-02
1577393772,Hirnquelle,scavenge,523,164026,2026-10-02
8954846,1000Volt,scavenge,524,163340,2026-10-03
1577543025,Kigomo23,scavenge,525,163198,2026-09-23
1577545824,DonRob,scavenge,526,163038,2026-10-03
1576363634,Nijumi,scavenge,527,161753,2026-09-25
1576138691,DieGallier,scavenge,528,161570,2026-10-02
1577374526,utzi95,scavenge,529,161382,2026-10-02
1577522822,skibiditoilet,scavenge,530,161322,2026-10-01
1577392316,Deathkill,scavenge,531,160333,2026-09-23
733755,Donn promillo,scavenge,532,159987,2026-10-03
1577153654,verrückte socke,scavenge,533,159971,2026-09-30
1577538279,Chargleit,scavenge,534,159007,2026-09-28
1577181077,RomanBalboaGk,scavenge,535,158917,2026-10-01
1791682,Eto1,scavenge,536,158450,2026-09-28
1576984951,Lady angelique54,scavenge,537,158088,2026-10-01
1577279869,Schattenhofer,scavenge,538,158039,2026-09-26
9218699,-powerkid*,scavenge,539,157856,2026-09-30
1639634,Wylaryzel,scavenge,540,157617,2026-10-03
1577460921,Ahzumjosh,scavenge,541,157550,2026-09-22
9888571,kleibi88,scavenge,542,157284,2026-10-02
1577545032,BallDeep,scavenge,543,157128,2026-10-03
1577545604,ci61,scavenge,544,156956,2026-10-01
1577417264,Bad Bash,scavenge,545,156850,2026-10-02
7734781,Miedi,scavenge,546,156750,2026-10-03
1577541439,ViperFalkonzZ,scavenge,547,155924,2026-10-02
1865942,stonedflo,scavenge,548,155189,2026-10-03
7837755,Temar,scavenge,549,154191,2026-09-30
3459704,KKrauti,scavenge,550,153109,2026-10-02
1577496036,Manfredini 92,scavenge,551,153073,2026-09-23
9523859,Shisuii,scavenge,552,152901,2026-10-02
1577501831,SaintRSB,scavenge,553,152188,2026-09-29
1577537954,LordDarus,scavenge,554,152164,2026-09-30
1577544022,didi17,scavenge,555,151857,2026-09-22
1577491951,KeKaCl,scavenge,556,151670,2026-10-03
8971236,Hoerbi1955,scavenge,557,151313,2026-09-26
1577269517,levent27,scavenge,558,151276,2026-09-21
1577106077,der Falke,scavenge,559,151156,2026-09-30
1577544301,RemmiHenni,scavenge,560,150995,2026-09-30
1577126109,Le Günni,scavenge,561,150310,2026-09-26
1576347194,Oberstleutnant,scavenge,562,150174,2026-09-28
477421,skareb,scavenge,563,149915,2026-09-24
1577297044,Das Sternchen,scavenge,564,149792,2026-10-03
9182638,Mr. SmartGuy,scavenge,565,149054,2026-10-03
1576603248,R4dic01,scavenge,566,149017,2026-09-30
1577539363,Happy horse,scavenge,567,148944,2026-09-29
1577512782,Weedfluencer,scavenge,568,148799,2026-09-30
1113238,schnapsnasenhai,scavenge,569,148786,2026-10-01
1577502812,Brunhilde-Löwenherz,scavenge,570,148562,2026-09-28
1577261773,kingelvis,scavenge,571,148482,2026-09-12
341231,flockie,scavenge,572,148285,2026-10-02
1576824164,Tankstar,scavenge,573,148214,2026-10-02
1577527465,Golatak,scavenge,574,148001,2026-10-01
1577546204,Schranktür,scavenge,575,147945,2026-10-03
1577537062,miste1452,scavenge,576,147914,2026-10-02
1577195098,RSPSOG,scavenge,577,147628,2026-09-20
1577544056,Grantig,scavenge,578,147323,2026-09-25
8449541,Svan I,scavenge,579,147318,2026-10-03
1577544184,FlyingPinkElephant,scavenge,580,146880,2026-09-27
8482049,*Black Eagle*,scavenge,581,146554,2026-09-20
1577496597,erich553,scavenge,582,146175,2026-09-29
9186675,Peganx,scavenge,583,145350,2026-10-03
1577544971,Jcp1703,scavenge,584,145286,2026-09-29
1577308049,Thomas,scavenge,585,145271,2026-09-29
1577545862,Bjartss,scavenge,586,145247,2026-10-01
1576669855,King Pommes,scavenge,587,145151,2026-09-29
8155607,BüVo,scavenge,588,144905,2026-09-25
1577431426,EUR-Palette,scavenge,589,144806,2026-10-01
1577399535,Saagi86,scavenge,590,143989,2026-09-29
2755831,Gunter der Burgunder,scavenge,591,143987,2026-10-03
1577414412,nicimouse44,scavenge,592,143952,2026-09-24
1576908661,xRango,scavenge,593,143894,2026-09-29
1576891056,malte95,scavenge,594,143368,2026-10-01
1577483451,Don Arno,scavenge,595,142096,2026-10-01
8963155,mietmann,scavenge,596,142085,2026-10-02
1577545042,KazZr0,scavenge,597,141333,2026-09-29
1577489060,Bouns,scavenge,598,140863,2026-10-01
1577539265,xI3Tricksi,scavenge,599,140841,2026-09-20
2843385,back* to Home,scavenge,600,140257,2026-09-22
1577373047,Stewie,scavenge,601,139836,2026-09-24
1934876,laolamia,scavenge,602,139078,2026-09-30
1575859303,virus.exe,scavenge,603,138945,2026-10-03
1577545645,Charlie Kirk,scavenge,604,138673,2026-10-02
1576672722,bandit0815,scavenge,605,138485,2026-09-23
9153025,Mask.,scavenge,606,137896,2026-10-02
9556597,Don Pascual,scavenge,607,137535,2026-09-24
1577212131,Schamane,scavenge,608,137507,2026-09-18
1576514735,Lord Bertus,scavenge,609,137349,2026-09-09
142049,theillnes,scavenge,610,137299,2026-09-18
1577546081,ColHansLanda92,scavenge,611,137252,2026-10-02
1577538635,kohle96,scavenge,612,137059,2026-09-30
455448,Unit 01,scavenge,613,136971,2026-10-03
1650986,Ninik94,scavenge,614,136893,2026-09-14
2636022,myron12310,scavenge,615,136883,2026-10-01
7755816,ZeCeKahn,scavenge,616,136468,2026-09-30
1577378572,Tizian,scavenge,617,136298,2026-09-21
1577229327,Wutz,scavenge,618,136289,2026-09-26
1577417601,Lord Juli77,scavenge,619,136227,2026-09-27
1577107114,Fnutsch,scavenge,620,135880,2026-10-03
1576479032,steinschlag,scavenge,621,135624,2026-10-02
2951338,BushidoMuaytTaiFan,scavenge,622,135136,2026-09-30
1577493132,Joyboy,scavenge,623,135106,2026-10-03
1577543122,Rancho,scavenge,624,134876,2026-09-26
1577493574,Erich556,scavenge,625,134743,2026-09-28
1577420867,Dadiz,scavenge,626,134238,2026-09-26
1577543420,Plankt0n,scavenge,627,134185,2026-09-13
9471881,Bloodanabolic,scavenge,628,133702,2026-09-29
1577429621,Nordseerocker,scavenge,629,133680,2026-09-20
1577508892,rotatable,scavenge,630,133350,2026-09-24
1577390655,UranusInvasion,scavenge,631,133074,2026-09-26
1577439112,Ueberfordert,scavenge,632,132943,2026-10-03
8024461,seilram01,scavenge,633,132898,2026-10-01
1577507669,Dreckiger Fahrradkeller,scavenge,634,132897,2026-10-01
1577530224,Ceeth,scavenge,635,132757,2026-09-22
8239422,Waggland,scavenge,636,132450,2026-09-21
8819928,Der-Papst 1234,scavenge,637,132238,2026-09-19
8460835,d-s-d,scavenge,638,132158,2026-10-02
1329319,skipistensau,scavenge,639,132119,2026-09-18
1577544163,Axtfresse,scavenge,640,131991,2026-09-30
1577372786,Lamakai,scavenge,641,131894,2026-09-16
1577544896,FertBergauf,scavenge,642,131557,2026-10-02
1577409283,trazz777,scavenge,643,131555,2026-09-14
9883742,luchse,scavenge,644,131503,2026-09-27
1577381110,Konz,scavenge,645,131340,2026-10-01
1577347044,Gimoa,scavenge,646,131085,2026-10-03
1576963983,Thor00,scavenge,647,130878,2026-09-21
1576997632,Sommerzeit,scavenge,648,130553,2026-09-18
9563463,W53-,scavenge,649,130342,2026-10-03
1577429914,Powerklaus,scavenge,650,130083,2026-09-30
1577350112,Hanni,scavenge,651,129522,2026-10-01
1576171959,Ostpruzze,scavenge,652,129377,2026-09-13
1576730854,Einzylinder,scavenge,653,128828,2026-09-29
1577537200,pfoetchen666,scavenge,654,128808,2026-09-21
9914747,RainerPinkler,scavenge,655,128337,2026-09-20
1576932602,Grantlbart95,scavenge,656,128281,2026-10-03
1577462648,Idrol,scavenge,657,128259,2026-09-23
1575934548,König -Nero-,scavenge,658,128040,2026-09-29
1577376086,mmiw,scavenge,659,127870,2026-10-02
8447777,Zoeba,scavenge,660,127716,2026-09-21
1577483302,Lordhaze,scavenge,661,127662,2026-09-24
1577358124,Finny,scavenge,662,127194,2026-09-28
1577346793,First-King,scavenge,663,127194,2026-09-30
9359584,KKatzuja,scavenge,664,127175,2026-09-26
1577511172,El Ratto,scavenge,665,126743,2026-10-02
1577444909,Coconut,scavenge,666,126524,2026-09-14
1577432431,Sourbit,scavenge,667,126333,2026-09-09
10026843,Hygrom der Hüne,scavenge,668,126186,2026-09-24
8092758,Entspannend,scavenge,669,126153,2026-09-15
2217626,Sumono,scavenge,670,126085,2026-09-20
1577269554,.approved.,scavenge,671,125787,2026-09-08
1576425365,kk195,scavenge,672,125441,2026-09-28
1577312411,Ohnmächtiger Esel2,scavenge,673,125238,2026-09-27
1577344654,Erebird,scavenge,674,125111,2026-09-17
1577424025,RaPo,scavenge,675,124903,2026-10-01
1577194828,Mauki38,scavenge,676,124863,2026-10-03
1577897,Bedienner,scavenge,677,124787,2026-10-03
9319477,Schindi123,scavenge,678,124711,2026-10-01
1577364691,ryomo,scavenge,679,124597,2026-09-26
1577543506,Junior der 2.,scavenge,680,124457,2026-09-23
106967,Terence Hill,scavenge,681,124422,2026-09-15
8694621,*TruckerJack*,scavenge,682,124419,2026-10-02
1577162139,Prinz Ziegel,scavenge,683,124308,2026-10-03
1974764,ajax der III,scavenge,684,124076,2026-09-22
1577291074,Graf Totti,scavenge,685,123918,2026-10-02
1577421183,Itachi-Sasuke,scavenge,686,123893,2026-09-25
9971029,Herr der Flocken,scavenge,687,123635,2026-09-23
1577511187,PowerOfEvil,scavenge,688,123476,2026-10-03
1577536439,Real hendlhaxnrudi,scavenge,689,123351,2026-10-01
1577510126,SCOOPS,scavenge,690,123327,2026-10-03
1577546149,NightShadow91,scavenge,691,123255,2026-10-02
3038553,DON1980,scavenge,692,123239,2026-09-22
1577507672,DIE SONNE LACHT,scavenge,693,123094,2026-09-29
1577216148,AdlerIII,scavenge,694,123008,2026-10-02
1577544975,Alies55,scavenge,695,122965,2026-10-03
1577516730,provokant?,scavenge,696,122766,2026-09-29
1577430163,El Flexi Hardweg,scavenge,697,122648,2026-09-21
1577545038,little-sunrise,scavenge,698,122599,2026-10-03
1577519152,Herr Boss,scavenge,699,122518,2026-10-03
885891,CHR!S1988,scavenge,700,122485,2026-09-15
10006222,kracherx,scavenge,701,122462,2026-10-03
1577282394,hawo,scavenge,702,122310,2026-10-02
1577313442,talisca97,scavenge,703,122205,2026-09-30
1576255757,Biest1,scavenge,704,122099,2026-10-03
9415938,Maoky,scavenge,705,121912,2026-10-02
1577526460,Markus168,scavenge,706,121875,2026-09-30
1577536967,Nils0203,scavenge,707,121777,2026-10-02
1577218615,Joske,scavenge,708,121777,2026-09-24
1577512970,Taschenspielertrick,scavenge,709,121600,2026-10-02
1577486065,Lord Dudi,scavenge,710,121540,2026-10-02
1577427706,Penny Lane,scavenge,711,121286,2026-09-10
1577526754,thekingwolf,scavenge,712,121138,2026-09-25
1576982506,BeFloKi,scavenge,713,120752,2026-09-28
1577378174,Edelsaphir,scavenge,714,120375,2026-10-02
1577292595,Lord Dave,scavenge,715,120230,2026-09-21
1577182090,Germania,scavenge,716,120062,2026-10-02
1577502917,Joki Boy,scavenge,717,119825,2026-09-29
1577519174,Schwäbische Schorle,scavenge,718,119745,2026-10-01
1577514792,MASSIVamADELN,scavenge,719,119723,2026-10-01
8039582,Rafael22,scavenge,720,119573,2026-09-19
1577544041,Tana777,scavenge,721,119474,2026-10-02
1576588036,RAUPE NIMMERSATT,scavenge,722,119162,2026-10-01
1577546560,Freddie Ferrari,scavenge,723,119012,2026-10-01
1577507673,Heftiger Kettenraucher,scavenge,724,118912,2026-10-02
1577535477,Tobischock,scavenge,725,118750,2026-09-15
1577373255,Snorkel,scavenge,726,118728,2026-09-06
8004100,Whigger,scavenge,727,118660,2026-09-15
1577401100,SCJa,scavenge,728,118613,2026-09-19
1577505114,Maximal Schradin.,scavenge,729,118598,2026-10-02
1576752430,Erdbeerkopf,scavenge,730,118173,2026-10-02
8341356,Kettcar,scavenge,731,118135,2026-09-27
1577330010,Rocco,scavenge,732,117882,2026-09-13
1577231729,amateur,scavenge,733,117842,2026-09-26
1577270215,Achi93,scavenge,734,117775,2026-09-27
8017853,maccamplay,scavenge,735,117718,2026-10-01
1577450028,Schlumpf78,scavenge,736,117533,2026-09-30
300370,Tom 1,scavenge,737,116946,2026-10-03
8033485,gerwolfen,scavenge,738,116799,2026-09-27
1577445069,Moritz0509,scavenge,739,116598,2026-09-27
1576778129,hajüschi57,scavenge,740,116280,2026-10-02
1577515991,baro44,scavenge,741,115931,2026-09-30
3356538,-MaXiMuZ-,scavenge,742,115819,2026-09-16
1577540630,LucyPyre,scavenge,743,115784,2026-10-03
1577545413,ReePplay,scavenge,744,115559,2026-10-02
1577318291,Ludwig I,scavenge,745,115496,2026-09-18
1577510122,Schoschi,scavenge,746,115315,2026-10-03
1576793179,Luckytoast,scavenge,747,115000,2026-10-03
1576006509,thomas6,scavenge,748,114982,2026-10-02
9845211,dakilla1994,scavenge,749,114902,2026-10-03
10114864,schapowal,scavenge,750,114819,2026-09-28
1577423955,LuCo,scavenge,751,114650,2026-09-29
8455208,Yvicus,scavenge,752,114641,2026-10-03
1096027,valentine2,scavenge,753,114607,2026-09-22
1577505478,Harvey Scripter,scavenge,754,114324,2026-10-02
2049553,Ak7i7ra,scavenge,755,114171,2026-10-03
8819359,Die Drachen Ritter,scavenge,756,114071,2026-10-01
1576491434,SKAV Maracuja,scavenge,757,114040,2026-09-13
7976002,nicklas2009,scavenge,758,113994,2026-09-27
9607649,GrimsborithOrik,scavenge,759,113905,2026-09-17
129353,Spaki,scavenge,760,113813,2026-09-27
1577519151,Better Call Kroko,scavenge,761,113765,2026-10-03
9719422,DasWurstAuto,scavenge,762,113643,2026-10-02
8676321,viagrow,scavenge,763,113308,2026-09-21
9588126,chillavilla,scavenge,764,113216,2026-10-03
2444984,Bauernsepp,scavenge,765,113189,2026-09-28
1577504238,Lord Realitätsverlust,scavenge,766,113132,2026-10-03
1577346099,MarsGorilla,scavenge,767,113111,2026-10-01
1577365881,JanJanJan,scavenge,768,112985,2026-09-27
1577504243,Bundeskriminalamt,scavenge,769,112865,2026-10-02
1577503580,Pforze,scavenge,770,112829,2026-09-30
1577398042,philrein,scavenge,771,112760,2026-10-03
1576366062,killerbiker,scavenge,772,112735,2026-09-17
1577372625,mango19,scavenge,773,112725,2026-10-02
1577512489,Roland Rebound,scavenge,774,112701,2026-09-29
2904998,Winney Puuh1,scavenge,775,112540,2026-09-30
1577310106,BloodyBenni,scavenge,776,112538,2026-10-01
1577424267,Knipser1987,scavenge,777,112447,2026-09-16
1577428843,DuHeld,scavenge,778,112350,2026-10-03
1577489908,DingoMania,scavenge,779,112235,2026-10-02
1577502513,MortoSur,scavenge,780,112108,2026-10-03
1577368361,BoBauer,scavenge,781,112062,2026-09-28
1576846722,Lokist2003,scavenge,782,112057,2026-09-18
1577408671,zombie1000,scavenge,783,111862,2026-10-02
1576773690,BreakingDead,scavenge,784,111723,2026-09-16
1577432169,Kurt123,scavenge,785,111674,2026-09-29
1577538003,Bauwau,scavenge,786,111665,2026-09-12
1577449383,Ronny Berger,scavenge,787,111635,2026-10-02
1577544414,hagiboy1,scavenge,788,111554,2026-10-01
1577454410,Dolchgeber,scavenge,789,111428,2026-09-28
1577539301,NilsSchmieder97,scavenge,790,111410,2026-09-28
1576890825,BarbossaxX,scavenge,791,111265,2026-09-10
8953474,homiie xD,scavenge,792,111218,2026-09-18
591854,Budendropper,scavenge,793,111179,2026-09-20
1577544649,TollwütigesEichhörnchen,scavenge,794,111156,2026-09-26
1577525996,Moniara de Elyra,scavenge,795,111113,2026-09-27
9684280,dachsei,scavenge,796,110921,2026-09-28
1577545515,Flederwisch,scavenge,797,110738,2026-09-27
1577396317,VIDARR,scavenge,798,110423,2026-10-02
1577497201,M0rnskey,scavenge,799,110202,2026-10-03
1576624664,Grönländer,scavenge,800,110070,2026-10-03
8247637,bocki62,scavenge,801,109936,2026-09-20
9786979,Lord Zeus,scavenge,802,109791,2026-09-16
1577301959,OffWhite.,scavenge,803,109660,2026-09-18
1576959781,Armadildo,scavenge,804,109623,2026-09-27
1577536815,kp1993,scavenge,805,109492,2026-10-01
1577504594,Mario Balotelli,scavenge,806,109484,2026-10-02
1577277673,Saracee,scavenge,807,109346,2026-10-03
1577490033,LocoMango,scavenge,808,109294,2026-09-13
1577332997,Marcix33,scavenge,809,109046,2026-10-01
8832677,.tHaleF.,scavenge,810,108989,2026-09-14
1577545049,Timo Dino,scavenge,811,108910,2026-09-26
2833750,D0me10,scavenge,812,108828,2026-09-28
1577268653,Maximus Decimus Meridius,scavenge,813,108671,2026-09-22
9398196,kantega xc,scavenge,814,108505,2026-10-03
2671317,Kle-92,scavenge,815,108435,2026-10-02
1577288976,baba007,scavenge,816,108426,2026-09-18
1577449817,juckt?,scavenge,817,108382,2026-09-23
10208186,Plague Doctor,scavenge,818,108351,2026-09-09
1577489446,flo2911,scavenge,819,108293,2026-10-03
1577507664,Lady Mahluna,scavenge,820,108250,2026-10-01
1577501170,giveMEban,scavenge,821,107961,2026-09-07
1577502960,Ilinka,scavenge,822,107924,2026-09-30
1577544212,GreyLord,scavenge,823,107910,2026-09-29
1577143346,Lutz74,scavenge,824,107900,2026-09-30
1577502530,BirraMoretti,scavenge,825,107892,2026-09-08
1577497204,MARKYS1,scavenge,826,107886,2026-09-28
1577495955,Nokia1,scavenge,827,107858,2026-09-08
1577501765,Nanumanu,scavenge,828,107848,2026-10-03
1577502965,Pikachiuuu,scavenge,829,107842,2026-09-19
1577510430,Wolkigwild,scavenge,830,107841,2026-09-28
3100947,Michel der Grausame,scavenge,831,107799,2026-10-03
1577502962,KatarinaX,scavenge,832,107795,2026-09-19
1577503362,Hell*Life,scavenge,833,107793,2026-10-03
9813194,lord of spartakus,scavenge,834,107718,2026-09-23
1576940959,Bege1202,scavenge,835,107714,2026-09-17
9476676,Ritter Cied,scavenge,836,107705,2026-10-01
1577501766,Lady Dana,scavenge,837,107625,2026-09-08
1577497219,Elhuncho,scavenge,838,107600,2026-09-30
2741812,Dragon Burg,scavenge,839,107598,2026-10-03
1577500357,XbocheXs,scavenge,840,107402,2026-09-30
1577539983,wasteddude,scavenge,841,107393,2026-09-17
1577533564,dominic0074,scavenge,842,107367,2026-09-15
1577504855,KleinerKobolt,scavenge,843,107359,2026-09-20
1577409670,e1sKaLT,scavenge,844,107216,2026-09-13
2950142,Raindl,scavenge,845,107126,2026-09-19
1577388116,JonnyTrash65,scavenge,846,106959,2026-09-30
1576982294,Jamall Plan,scavenge,847,106950,2026-09-14
1577499284,tintenfischhh,scavenge,848,106895,2026-09-18
1577409841,hxrnyy,scavenge,849,106895,2026-09-21
1577540940,ragnaxr,scavenge,850,106853,2026-09-18
1577391951,Rente Mit 30,scavenge,851,106806,2026-09-23
1577545382,König Peregrin Tuk,scavenge,852,106733,2026-09-27
1577237718,Hanspeter91,scavenge,853,106716,2026-09-20
1577491160,sdfsdfsd2222,scavenge,854,106680,2026-09-18
1577334751,StöckterJung,scavenge,855,106528,2026-09-21
10171558,tgvwerio,scavenge,856,106522,2026-09-07
836299,super big boss,scavenge,857,106460,2026-10-03
1577546287,BerlinKorps,scavenge,858,106022,2026-10-01
1577456687,Mustafa7,scavenge,859,105935,2026-09-13
1577409681,I love Beaches,scavenge,860,105935,2026-09-13
1577408204,lolonese,scavenge,861,105935,2026-09-13
1577500446,Morbid Doll,scavenge,862,105935,2026-09-19
1577500443,Yellow Mister Alligator,scavenge,863,105935,2026-09-19
1576640373,sgh2002,scavenge,864,105697,2026-10-03
1577502519,Smor67T,scavenge,865,105384,2026-09-19
1577500360,SeXyMacaron,scavenge,866,105384,2026-09-19
1577500358,BestOfMe,scavenge,867,105384,2026-09-08
1577499388,TheJew,scavenge,868,105376,2026-09-26
1577501171,Dario77,scavenge,869,105374,2026-09-14
1577501169,FanChelseaXx,scavenge,870,105347,2026-09-16
1577448294,xTakka,scavenge,871,105338,2026-10-01
1577535530,Neopauli123,scavenge,872,105202,2026-09-27
1576605399,TheP0empel21,scavenge,873,105197,2026-10-01
1577299842,Blackwing,scavenge,874,105018,2026-09-27
1577503563,Itsugo Kurosaki,scavenge,875,104931,2026-09-30
1577395864,Sam Nujoma,scavenge,876,104917,2026-10-02
1577444930,koromiri,scavenge,877,104875,2026-09-18
1577449530,Ms. Cakeyy,scavenge,878,104851,2026-09-13
1577287233,Ready4KitZ?,scavenge,879,104827,2026-09-08
8172660,Leonidas d.1,scavenge,880,104619,2026-09-28
1577541175,Arda Gulasch,scavenge,881,104517,2026-09-30
186056,El Cid 3001,scavenge,882,104496,2026-09-30
1576805224,Sir Orrin Snook,scavenge,883,104377,2026-10-01
1577031512,BaBu,scavenge,884,104319,2026-09-28
1577503170,Camonte147,scavenge,885,104220,2026-09-18
1577511178,Hobbygärtner,scavenge,886,104184,2026-09-28
8290526,isgimlie,scavenge,887,104123,2026-09-14
1577092404,cab.thomas,scavenge,888,104119,2026-09-22
1577524889,maeasy,scavenge,889,104108,2026-09-13
2246298,Lady Sarah 2002,scavenge,890,104015,2026-09-30
1577518265,slysermusic,scavenge,891,103972,2026-09-21
1577542036,PITCH-PATCH,scavenge,892,103884,2026-09-15
1577505113,Dünnbrettbohrer.,scavenge,893,103865,2026-10-02
1577537938,Lord Walki,scavenge,894,103861,2026-09-16
1576662455,colege,scavenge,895,103842,2026-10-02
1577393697,CID13,scavenge,896,103769,2026-09-27
1577511188,Soundtechniker,scavenge,897,103708,2026-10-01
1576304811,Nuyke132,scavenge,898,103622,2026-09-19
9589587,PuzzleDrucker,scavenge,899,103495,2026-09-29
1577508971,G-Force,scavenge,900,103440,2026-09-28
1576487399,Marcaner,scavenge,901,103344,2026-09-25
1577390985,Plumperquatsch,scavenge,902,103198,2026-09-23
1577498248,nytg0rkg,scavenge,903,103069,2026-09-13
60462,framichel,scavenge,904,102931,2026-10-02
1577527037,Ricky van Wolfswinkel,scavenge,905,102864,2026-10-02
1577500021,NafpaktosTheGreat,scavenge,906,102264,2026-09-27
1577483019,MotorMachtBoom,scavenge,907,102168,2026-09-23
1577546020,Julian0208,scavenge,908,102145,2026-10-03
552642,fuzzy1710,scavenge,909,102121,2026-09-20
9841263,Ultra Schwere Kavallerie,scavenge,910,102061,2026-10-03
1577511183,Spandauer Knüppelkrieger,scavenge,911,101998,2026-09-27
1577124570,Powder,scavenge,912,101942,2026-09-21
1577544581,Schöneiche88,scavenge,913,101878,2026-09-28
1577538047,Damiana,scavenge,914,101876,2026-09-06
1577536290,KingBöhm13,scavenge,915,101781,2026-09-20
9926069,Son of Anarchy,scavenge,916,101763,2026-10-03
1577506205,Ella Boriert,scavenge,917,101710,2026-09-04
1577457583,Tylarr,scavenge,918,101686,2026-09-11
1577503568,thelordjohny,scavenge,919,101643,2026-10-02
1870481,Fuchs 4,scavenge,920,101621,2026-09-28
406907,7on9,scavenge,921,101486,2026-09-12
1493164,RINGLER,scavenge,922,101485,2026-09-27
1577544058,xZerz,scavenge,923,101454,2026-09-20
1576835232,VareMeGaming,scavenge,924,101387,2026-09-16
1577492516,Rauta,scavenge,925,101331,2026-10-01
1577539984,monkfishmondfinsternis,scavenge,926,101280,2026-09-13
1575942295,Donathello,scavenge,927,101223,2026-09-23
1577453052,420Jay,scavenge,928,101216,2026-09-29
168739,RobQ,scavenge,929,101154,2026-10-03
1577491276,76ocegu4,scavenge,930,101149,2026-09-13
1577541266,Hundemund,scavenge,931,101068,2026-09-19
964842,streamline,scavenge,932,100825,2026-09-14
1576892184,Flashbeam,scavenge,933,100766,2026-10-02
1577498901,GeniusGenius,scavenge,934,100691,2026-09-18
1577498899,SwallowWhite,scavenge,935,100670,2026-09-18
1577540862,Bartnuschler,scavenge,936,100395,2026-09-06
1577546557,Lord Loom,scavenge,937,100367,2026-10-03
1577538108,Bigos,scavenge,938,100319,2026-09-27
1577137838,Konan der Barbar,scavenge,939,100318,2026-09-27
1577499288,SalamanderKidd,scavenge,940,100273,2026-09-18
1577542274,dieter1969,scavenge,941,100198,2026-09-18
1577499935,TradingWithKamalaHarris,scavenge,942,100195,2026-09-05
1577540400,Feuergold,scavenge,943,100187,2026-09-04
7682250,Jaganott,scavenge,944,100169,2026-09-18
1577538083,jrensch1933,scavenge,945,100169,2026-09-25
1577502891,Ares,scavenge,946,100149,2026-09-16
1577389902,mylo1505,scavenge,947,100147,2026-10-02
190628,MasterIllidan,scavenge,948,100096,2026-09-13
1577540398,freierblick7497,scavenge,949,100092,2026-09-16
1577502944,Ich.Hab.Meine.Tage,scavenge,950,100092,2026-09-06
1577435509,dicawe,scavenge,951,100000,2026-09-26
1576280685,Whitenose,scavenge,952,99966,2026-09-21
10140478,TRE KRONOR,scavenge,953,99935,2026-09-22
1577180515,Lord xADTRx,scavenge,954,99896,2026-09-19
1577506440,Felikah,scavenge,955,99787,2026-10-02
10203582,DrMedikament,scavenge,956,99767,2026-09-18
1577449531,XcccDDSSxx007,scavenge,957,99710,2026-09-18
1577506432,Industriespionage,scavenge,958,99674,2026-09-30
1577309611,Sabina,scavenge,959,99292,2026-09-26
1575945264,PaintinG-OnE,scavenge,960,99259,2026-09-07
1577497987,KINGKOOL66,scavenge,961,99216,2026-09-24
1577540090,matze24,scavenge,962,99179,2026-09-09
1536512,Trikon,scavenge,963,99149,2026-09-24
1576654981,Lord skippy,scavenge,964,99135,2026-10-01
1577524298,cadille,scavenge,965,99083,2026-10-03
1577538983,Jonas25,scavenge,966,98948,2026-09-27
8277166,Held der Nordfront,scavenge,967,98863,2026-09-28
1577449651,y mad bro,scavenge,968,98816,2026-09-15
1577388989,Bruno62,scavenge,969,98796,2026-09-22
1577497028,Kata Enthusiast,scavenge,970,98761,2026-09-11
1577463042,Phoenixmusiq,scavenge,971,98750,2026-09-29
1576932528,sport1,scavenge,972,98750,2026-09-15
1577381890,tavvarri,scavenge,973,98738,2026-09-24
9360958,Niinchy,scavenge,974,98732,2026-09-08
2572253,13dome13,scavenge,975,98709,2026-09-19
1577495682,Schattenfürst02,scavenge,976,98699,2026-09-23
1577542275,Jochen2323,scavenge,977,98628,2026-09-16
1577501302,Stadtverwaltung,scavenge,978,98568,2026-09-12
1577544791,Wala,scavenge,979,98521,2026-10-03
9712134,GrafvonT.,scavenge,980,98519,2026-10-03
1577502935,Zewa Soft,scavenge,981,98494,2026-09-08
1577491275,qcaa6rez,scavenge,982,98408,2026-09-18
1577539940,FielValeryRTS,scavenge,983,98403,2026-09-18
1577508973,Gollum feat. Obi wan,scavenge,984,98357,2026-09-06
9804716,Frazer26398,scavenge,985,98269,2026-09-29
1577528385,Getepik,scavenge,986,98268,2026-09-16
1577338402,Rubber Duck,scavenge,987,98242,2026-09-27
1577535532,Gehirngrütze,scavenge,988,98183,2026-09-30
1577505111,Bananenbieger.,scavenge,989,98174,2026-10-01
1577497890,e58kzvlw,scavenge,990,98166,2026-09-07
1577399767,Flusskadaver,scavenge,991,98114,2026-09-24
1577496178,Nuyken,scavenge,992,98078,2026-09-27
1577546274,Schwingo98,scavenge,993,97982,2026-10-03
1577508972,Mr. Mystery,scavenge,994,97862,2026-09-08
3468267,Papermaker,scavenge,995,97814,2026-09-08
1577512465,Überseespezialist,scavenge,996,97813,2026-09-27
1577491271,gv5qoixk,scavenge,997,97790,2026-09-13
1577457784,kekolores,scavenge,998,97790,2026-09-18
1577507179,Culanuk,scavenge,999,97465,2026-09-06
1576209926,Iwan13,scavenge,1000,97394,2026-09-29
1577539206,Audra,scavenge,1001,97391,2026-10-03
1576962937,Raptor Formagie GmbH,scavenge,1002,97232,2026-10-02
2566530,-ReXor-,scavenge,1003,97229,2026-09-26
1577076302,ramir,scavenge,1004,97222,2026-10-02
1577531717,Lord Dranreb,scavenge,1005,97217,2026-09-28
4824573,S. Jeffrey,scavenge,1006,97165,2026-09-23
1577508727,salty01234,scavenge,1007,97154,2026-09-07
1577499390,X444X,scavenge,1008,96972,2026-10-03
1577499389,Sp00nge,scavenge,1009,96972,2026-10-03
1577508974,Black-Energie,scavenge,1010,96941,2026-09-16
1577500400,Maurice77,scavenge,1011,96853,2026-09-19
10115869,tayeb,scavenge,1012,96819,2026-09-28
1577060944,Alpalmeras,scavenge,1013,96794,2026-10-02
1577425893,MTru,scavenge,1014,96775,2026-09-16
1577065153,GmaesProu,scavenge,1015,96656,2026-09-18
1577540087,Gruselalex,scavenge,1016,96636,2026-09-19
1577123178,Kuno130,scavenge,1017,96476,2026-09-23
1577501298,Teddy-Alarm,scavenge,1018,96432,2026-09-13
1577541265,Vaterlandsloser Geselle,scavenge,1019,96301,2026-09-13
1565777,lisent,scavenge,1020,96274,2026-09-28
1577537545,token,scavenge,1021,96121,2026-09-05
1577384617,Anxiety Overdose,scavenge,1022,96090,2026-09-01
1577508978,Sexy Hexi,scavenge,1023,96018,2026-09-09
1577495356,Eisenfaust89,scavenge,1024,96012,2026-09-12
1576826421,Carper,scavenge,1025,95910,2026-09-16
1577539992,Goldfischjäger,scavenge,1026,95905,2026-09-16
1577533401,Eckhard Renz,scavenge,1027,95890,2026-09-06
1577074612,Tevion87,scavenge,1028,95860,2026-09-16
1577532848,Angst?,scavenge,1029,95837,2026-09-28
1016918,.RetroVirus,scavenge,1030,95826,2026-09-23
1577503937,LivienneArc,scavenge,1031,95824,2026-09-30
1577494197,HammiDerZerstörer,scavenge,1032,95819,2026-09-08
1577361431,Blackviper,scavenge,1033,95807,2026-10-02
8444925,Blechheim,scavenge,1034,95719,2026-09-23
1577510869,Slinlyn,scavenge,1035,95688,2026-09-06
1785224,looch,scavenge,1036,95583,2026-09-25
1577495681,Waldläufer2000,scavenge,1037,95580,2026-09-14
1577510919,Uthitar,scavenge,1038,95468,2026-09-06
1577381872,usumon,scavenge,1039,95440,2026-10-02
1577497924,sghm,scavenge,1040,95373,2026-09-17
1577533787,Che fastidio,scavenge,1041,95333,2026-09-16
515333,FeelingFree,scavenge,1042,95297,2026-09-09
1577161932,DerHirsch,scavenge,1043,95254,2026-09-15
1577077320,Zaniolo,scavenge,1044,95000,2026-10-01
1577104559,FrancoGlarus,scavenge,1045,94922,2026-09-28
1577340545,KasimirVI,scavenge,1046,94802,2026-09-29
1577534466,Isele,scavenge,1047,94749,2026-09-06
1577546127,ChatgptOnCrack,scavenge,1048,94716,2026-10-03
2901348,AnDup,scavenge,1049,94703,2026-10-03
1577222215,snazzipani,scavenge,1050,94678,2026-09-27
1577491270,vp43guje,scavenge,1051,94556,2026-09-03
1577106833,Nedoh,scavenge,1052,94503,2026-10-02
1577487899,Deidara.,scavenge,1053,94425,2026-10-01
1577452009,MrWeed,scavenge,1054,94408,2026-09-22
1577542127,schnodderbürstchen,scavenge,1055,94303,2026-09-09
1577509313,FireFighter2025,scavenge,1056,94261,2026-09-24
1577534617,letton,scavenge,1057,94258,2026-09-06
1577164549,salz1,scavenge,1058,94190,2026-10-03
1577545646,sebunga,scavenge,1059,94184,2026-09-29
1577365169,TenDebeti,scavenge,1060,94162,2026-09-06
1577507090,Uthanuk,scavenge,1061,94154,2026-09-06
8453826,wegei,scavenge,1062,94141,2026-10-02
1577532391,swordgray,scavenge,1063,94105,2026-09-06
1577542544,Leonidas2,scavenge,1064,94098,2026-09-11
1577546060,Kelsier,scavenge,1065,94063,2026-10-02
1577539596,New Tomorrow,scavenge,1066,94054,2026-09-03
1577506120,Sansivera,scavenge,1067,93983,2026-09-23
1577032159,Tevares,scavenge,1068,93970,2026-09-15
1577541136,Truckgirl,scavenge,1069,93964,2026-09-20
1577498896,375uy5k0,scavenge,1070,93960,2026-09-20
1577512577,K4153R-G,scavenge,1071,93866,2026-09-21
1577507132,Rodatros,scavenge,1072,93739,2026-09-06
1577534926,beta muncher55,scavenge,1073,93696,2026-09-06
1577541064,eatmyshorts432,scavenge,1074,93688,2026-09-19
1576875679,Bandit78,scavenge,1075,93656,2026-10-02
1577505997,Anna Lyse,scavenge,1076,93610,2026-09-03
1577367672,Terkihelmi,scavenge,1077,93594,2026-09-06
1577507081,Xaphhack,scavenge,1078,93566,2026-09-06
8391066,Aphrodite66,scavenge,1079,93510,2026-09-23
1577310144,DerEchte97,scavenge,1080,93495,2026-10-03
1576567337,Deffen ist ein Heiligtum,scavenge,1081,93494,2026-09-08
1577507234,Iskviar,scavenge,1082,93463,2026-09-06
1577437045,NK79,scavenge,1083,93204,2026-09-22
1577512967,Hohle Kokosnuss,scavenge,1084,93186,2026-10-03
1577507245,Xaralath,scavenge,1085,93138,2026-09-06
1577502939,Arbeitsagentur,scavenge,1086,93122,2026-09-04
1577532164,leahisthe14848,scavenge,1087,93114,2026-09-06
1577529338,Hedotrix,scavenge,1088,93108,2026-09-07
1577495691,Stahlheru94,scavenge,1089,93047,2026-09-08
1577499286,Hawk Vicious,scavenge,1090,93000,2026-09-20
1577497889,x3lly7fq,scavenge,1091,93000,2026-09-20
1577500438,Maxi Duck Tapir,scavenge,1092,93000,2026-09-20
1577507142,Randash,scavenge,1093,92981,2026-09-06
1577489058,Master of Disaster,scavenge,1094,92964,2026-09-19
1577507323,Poxalean,scavenge,1095,92924,2026-09-06
1577542032,MrRapmaster19,scavenge,1096,92875,2026-09-20
1577507322,Igoazol,scavenge,1097,92862,2026-09-06
1576887552,Nine Two Five,scavenge,1098,92838,2026-09-24
1577546617,CyberRevolter,scavenge,1099,92810,2026-10-03
1577365295,Lord of the Rings,scavenge,1100,92653,2026-09-30
1577493131,FreundlicherRentner,scavenge,1101,92641,2026-09-11
1577511018,Memilor,scavenge,1102,92609,2026-09-06
10085518,Lord Äppelwoi,scavenge,1103,92580,2026-09-22
1577360664,Schroffi,scavenge,1104,92533,2026-10-01
1577496136,Bauer Lars,scavenge,1105,92505,2026-09-13
1577512476,Eriiisch,scavenge,1106,92472,2026-09-30
1577540459,EwokPanda,scavenge,1107,92434,2026-09-23
1577449590,Obstlord,scavenge,1108,92410,2026-09-28
1577540872,Sandmännin,scavenge,1109,92382,2026-09-21
1577433579,Daaei,scavenge,1110,92371,2026-09-22
1577391955,Mibub55,scavenge,1111,92286,2026-09-29
1577507390,Somfall,scavenge,1112,92245,2026-09-06
1577511042,Brynasven,scavenge,1113,92065,2026-09-06
1577511095,Rogaeran,scavenge,1114,92059,2026-09-06
1577498902,LadySilverOtter,scavenge,1115,92040,2026-09-20
1577500440,Fever Old,scavenge,1116,92040,2026-09-20
1577532910,Markus Linke,scavenge,1117,92007,2026-09-06
1577537933,Sir Rob,scavenge,1118,91998,2026-09-19
1577384699,JanaBlutmond,scavenge,1119,91978,2026-09-27
1577508975,Coffee-to-go,scavenge,1120,91954,2026-09-03
1577507135,Branapen,scavenge,1121,91861,2026-09-06
1577537205,Xemnas81,scavenge,1122,91856,2026-10-03
1577534523,CorneliusK,scavenge,1123,91848,2026-09-06
1577507075,Medahal,scavenge,1124,91846,2026-09-06
1577495345,Össiontour86,scavenge,1125,91842,2026-09-08
1577392875,ArexBex,scavenge,1126,91782,2026-09-23
1577510868,Zarngel,scavenge,1127,91775,2026-09-06
1577534622,Ralph Lang,scavenge,1128,91746,2026-09-08
1577535186,jogwag17,scavenge,1129,91624,2026-09-06
1577367670,Kopara,scavenge,1130,91558,2026-09-06
1577543463,JoniG,scavenge,1131,91506,2026-09-12
1576525456,uhu stic 09,scavenge,1132,91482,2026-09-18
1577510549,Karnsir,scavenge,1133,91478,2026-09-06
1577532930,Christoph Rose,scavenge,1134,91418,2026-09-06
1577498897,IcyGalaxy,scavenge,1135,91374,2026-09-13
1577510866,Sorivar,scavenge,1136,91232,2026-09-06
1577498112,Botox Manni,scavenge,1137,91188,2026-09-09
1577304863,mioko,scavenge,1138,91151,2026-10-01
1576822556,pittiplatt,scavenge,1139,91109,2026-10-02
8666725,McDudel,scavenge,1140,91103,2026-10-03
1577501301,Sabrina-Delux,scavenge,1141,91101,2026-09-21
1576552912,Bauwagen,scavenge,1142,91058,2026-10-03
1577507120,Svenaon,scavenge,1143,91048,2026-09-06
1577510859,Rorovar,scavenge,1144,91022,2026-09-06
2110165,sir franzl,scavenge,1145,91018,2026-10-03
1577360185,grantelbart,scavenge,1146,91016,2026-09-30
1577508728,kombinat0r,scavenge,1147,91013,2026-09-05
1577434061,Conan,scavenge,1148,90907,2026-10-03
9671885,ICH gott DU nichts,scavenge,1149,90894,2026-10-01
1576595230,LuMiNo,scavenge,1150,90871,2026-09-28
1577534913,volumeglider,scavenge,1151,90861,2026-09-04
1577511028,Phosaryl,scavenge,1152,90848,2026-09-06
2692451,Lord Hurricane,scavenge,1153,90828,2026-09-16
1577367681,Kiunaa,scavenge,1154,90746,2026-09-06
1577507273,Rosagad,scavenge,1155,90745,2026-09-05
1577519732,KeenWolf,scavenge,1156,90707,2026-09-06
1577508730,S0METHINGWILD98,scavenge,1157,90704,2026-09-02
1577540456,MelDee92,scavenge,1158,90648,2026-09-02
1103024,abbar,scavenge,1159,90582,2026-09-26
1577498780,Knallkopp111,scavenge,1160,90552,2026-09-08
1577234701,Sir Gregor Clegane,scavenge,1161,90500,2026-10-01
1577542044,TunnelBear,scavenge,1162,90477,2026-09-01
1577532895,Lars Irmscher,scavenge,1163,90460,2026-09-06
1577530014,Akay,scavenge,1164,90442,2026-09-17
1577507139,Duxver,scavenge,1165,90438,2026-09-06
9422184,Emit187,scavenge,1166,90393,2026-10-03
1577532943,Jürgen Holm,scavenge,1167,90369,2026-09-06
1577507073,Navaphen,scavenge,1168,90346,2026-09-06
1577540410,Peinliche Befragung,scavenge,1169,90345,2026-09-03
1577443743,champ95,scavenge,1170,90322,2026-09-11
1577542067,1440jahre,scavenge,1171,90314,2026-08-31
1577194190,elena syxgott,scavenge,1172,90304,2026-09-04
1577516660,Curion,scavenge,1173,90300,2026-10-03
1577495355,Dorfherrscherin,scavenge,1174,90294,2026-09-07
1576391853,martinbigus,scavenge,1175,90263,2026-10-02
1577443820,FairplayKevin,scavenge,1176,90252,2026-09-12
1577542327,Only in Soviet Russia,scavenge,1177,90237,2026-09-06
1577535148,set9,scavenge,1178,90151,2026-09-06
1577536791,Jakob4109,scavenge,1179,90097,2026-09-25
1577449376,SUSkia,scavenge,1180,90095,2026-09-09
1577510558,Phloxaley,scavenge,1181,90092,2026-09-06
1577510571,Oldamech,scavenge,1182,90061,2026-09-06
1577507494,Riladrim,scavenge,1183,90038,2026-09-06
1577534525,Maximilian Iben,scavenge,1184,89990,2026-09-06
1577519925,Jet381,scavenge,1185,89939,2026-09-06
1577507314,Stigraqire,scavenge,1186,89907,2026-09-06
1577532942,Wilhelm Ziegler,scavenge,1187,89875,2026-09-06
1577433238,Swagger,scavenge,1188,89867,2026-09-04
1577540972,Palantirminator,scavenge,1189,89842,2026-09-03
1577515530,PoNasaran,scavenge,1190,89838,2026-09-08
1577532938,Ingolf Haase,scavenge,1191,89821,2026-09-06
310663,humululu,scavenge,1192,89784,2026-09-17
1577507140,Phobaiax,scavenge,1193,89740,2026-09-06
2943946,Armin9,scavenge,1194,89665,2026-09-23
1577499292,Orakelbert,scavenge,1195,89641,2026-09-20
1577155209,der blinde,scavenge,1196,89611,2026-09-21
1577511014,Jirnod,scavenge,1197,89608,2026-09-06
1577418777,gunDefeat,scavenge,1198,89556,2026-09-06
1577418764,Uhgoth11,scavenge,1199,89553,2026-09-06
1577535118,Schimmi,scavenge,1200,89552,2026-10-02
1577507164,Quarex,scavenge,1201,89531,2026-09-05
10047033,odinsherr,scavenge,1202,89500,2026-09-26
1576908596,dekarsten,scavenge,1203,89499,2026-10-03
1577500439,El Girl,scavenge,1204,89488,2026-09-03
1577507113,Voroblaze,scavenge,1205,89428,2026-09-06
1577510874,Reynlar,scavenge,1206,89394,2026-09-06
1577507137,Vrataiett,scavenge,1207,89393,2026-09-06
1577507466,Hesaitar,scavenge,1208,89378,2026-09-05
1577511159,Gryphavran,scavenge,1209,89375,2026-09-06
1577507487,Lennmesh,scavenge,1210,89330,2026-09-06
1577533940,Derya2208,scavenge,1211,89324,2026-09-18
1577181310,Bullwerk,scavenge,1212,89279,2026-09-29
1577527187,Bonecracker,scavenge,1213,89250,2026-09-23
1577537548,Rattenfänger666,scavenge,1214,89248,2026-10-03
1577235931,Zuko,scavenge,1215,89198,2026-09-01
1577532903,Siegfried Abel,scavenge,1216,89185,2026-09-06
1577510961,Pangairos,scavenge,1217,89149,2026-09-08
1577451491,King louis,scavenge,1218,89087,2026-10-02
1577535180,Rig0Wind,scavenge,1219,89017,2026-09-05
1577507147,Cronarad,scavenge,1220,88948,2026-09-06
1576848036,SteamerZ,scavenge,1221,88938,2026-10-03
1577149319,BombenProdukt,scavenge,1222,88932,2026-09-19
1577542416,Wolle68,scavenge,1223,88927,2026-09-17
1577542033,OpaHelmut84,scavenge,1224,88900,2026-09-22
1577308114,Maiga,scavenge,1225,88893,2026-09-06
1577511016,Sadraneon,scavenge,1226,88873,2026-09-05
1577509677,Blegie,scavenge,1227,88872,2026-10-02
1577532926,Adalbert Krell,scavenge,1228,88856,2026-09-06
1577532162,ron1098,scavenge,1229,88818,2026-09-06
1576404408,Azzlackyascha,scavenge,1230,88762,2026-10-03
1577542065,KohInoor,scavenge,1231,88742,2026-09-08
1577540454,Krosia,scavenge,1232,88721,2026-09-01
1577511138,Vaskarok,scavenge,1233,88718,2026-09-06
1577534904,xWarManx,scavenge,1234,88702,2026-09-06
1577507213,Ralmagren,scavenge,1235,88700,2026-09-08
1577449409,Heer der Unterwelt,scavenge,1236,88698,2026-09-08
1576560410,KesselSepp1234,scavenge,1237,88653,2026-09-28
1577510875,Troalak,scavenge,1238,88646,2026-09-08
1577539597,Gammel712,scavenge,1239,88576,2026-09-03
1577502195,Berlin777,scavenge,1240,88574,2026-10-02
1577507236,Phanalath,scavenge,1241,88564,2026-09-06
1577534387,IljaK,scavenge,1242,88526,2026-09-06
1577536799,RindenRambo,scavenge,1243,88499,2026-09-12
1577534811,AndreasO,scavenge,1244,88494,2026-09-06
1577534927,flylit557,scavenge,1245,88479,2026-09-06
1577544419,Sergej Fährlich,scavenge,1246,88317,2026-09-26
1577534591,Fabian Ziegler,scavenge,1247,88307,2026-09-06
1577510940,Corarom,scavenge,1248,88272,2026-09-06
1577510924,Krellakus,scavenge,1249,88263,2026-09-08
1577510999,Lashavius,scavenge,1250,88208,2026-09-06
1577507131,Tuvgir,scavenge,1251,88184,2026-09-04
9492470,YoJonny,scavenge,1252,88177,2026-10-03
1577016108,skull crasher,scavenge,1253,88172,2026-09-29
1577535170,jheo78,scavenge,1254,88126,2026-09-06
1577532533,sumccn,scavenge,1255,88124,2026-09-06
1577511000,Vikpir,scavenge,1256,88123,2026-09-06
1577507347,Sirbas,scavenge,1257,88117,2026-09-06
1577507086,Thalem,scavenge,1258,88093,2026-09-06
1577507645,Veyathel,scavenge,1259,88066,2026-09-06
1577364969,Izixes,scavenge,1260,88018,2026-09-08
1576807316,Cpt.MorganLatte,scavenge,1261,87964,2026-09-04
9076037,Zappenduster64,scavenge,1262,87945,2026-10-03
1577510557,Metanus,scavenge,1263,87919,2026-09-04
1577510948,Ruthatrin,scavenge,1264,87907,2026-09-04
1577532945,Hanno Eilers,scavenge,1265,87873,2026-09-04
1576439886,Ktownboy,scavenge,1266,87855,2026-09-12
1577507220,Orbmakh,scavenge,1267,87841,2026-09-05
1577535091,MatthiasS,scavenge,1268,87831,2026-09-05
1576418916,cowboy08,scavenge,1269,87826,2026-10-01
1577534772,wow210,scavenge,1270,87804,2026-09-04
1577103695,NimantFFM,scavenge,1271,87803,2026-10-01
1577510551,Borgazek,scavenge,1272,87755,2026-09-06
1577540974,Bofadeez,scavenge,1273,87747,2026-08-31
1577534390,Fels Brecher,scavenge,1274,87698,2026-09-06
1577532905,Gerhard Schmid,scavenge,1275,87682,2026-09-08
1577433123,Bizebufflo,scavenge,1276,87681,2026-08-31
1577507251,Talamond,scavenge,1277,87679,2026-09-08
1577510993,Grinaron,scavenge,1278,87659,2026-09-08
1234644,alex3128,scavenge,1279,87646,2026-09-25
1577507128,Stonamist,scavenge,1280,87637,2026-09-04
1577520489,PineElk,scavenge,1281,87628,2026-09-06
1577534610,Granit Axt,scavenge,1282,87621,2026-09-06
1577533391,Heinrich Orth,scavenge,1283,87614,2026-09-06
1577491008,Johnny1990,scavenge,1284,87559,2026-09-09
1577376576,Dark Storm,scavenge,1285,87544,2026-09-16
1577507486,Shenarix,scavenge,1286,87477,2026-09-06
1577534780,Dirk,scavenge,1287,87467,2026-09-06
1577487900,Pain.,scavenge,1288,87465,2026-10-01
1577511077,Baelgur,scavenge,1289,87464,2026-09-06
1577527523,Medico46,scavenge,1290,87449,2026-09-08
1577507208,Nelasen,scavenge,1291,87432,2026-09-06
1577285994,Helmo,scavenge,1292,87427,2026-10-02
1577541006,PigglyWigglyDeluxe,scavenge,1293,87421,2026-09-02
1577359970,aurora1,scavenge,1294,87412,2026-08-31
1577507105,Strexalus,scavenge,1295,87401,2026-09-06
1577533404,Bodo Wilke,scavenge,1296,87386,2026-09-04
1577520487,Qin899,scavenge,1297,87319,2026-09-06
1577099059,Dafrashrokil,scavenge,1298,87266,2026-09-18
1577311267,Bmarley,scavenge,1299,87234,2026-09-14
1577534700,Torsten Braun,scavenge,1300,87163,2026-09-04
1577534360,Lennart Tamm,scavenge,1301,87147,2026-09-05
1577367680,Impalar,scavenge,1302,87089,2026-09-04
1577507292,Metaprim,scavenge,1303,87084,2026-09-05
1577507540,Taranus,scavenge,1304,87082,2026-09-06
1577510539,Azuloth,scavenge,1305,87076,2026-09-06
1577540455,Zabetka,scavenge,1306,87035,2026-09-01
1577532911,Nils Kasten,scavenge,1307,87027,2026-09-06
1577418770,kosber,scavenge,1308,87027,2026-09-06
1577451917,mrtuerkenbart,scavenge,1309,87024,2026-09-28
1577532536,eaglehero,scavenge,1310,86992,2026-09-06
1577487902,Sasori.,scavenge,1311,86985,2026-09-30
1577534909,inn384,scavenge,1312,86976,2026-09-06
1577370747,Moonpal,scavenge,1313,86796,2026-09-06
1577507133,Yagarop,scavenge,1314,86791,2026-09-04
1577511145,Tholator,scavenge,1315,86623,2026-09-06
1601449,xesar,scavenge,1316,86604,2026-09-28
1577544993,SleepyNinja,scavenge,1317,86599,2026-10-01
1577507134,Tasarus,scavenge,1318,86583,2026-09-04
1577511037,Vaelasur,scavenge,1319,86573,2026-09-06
1577507092,Spokeathis,scavenge,1320,86552,2026-09-08
1577535185,bush7ug93r,scavenge,1321,86535,2026-09-06
1577534375,lipsea,scavenge,1322,86525,2026-09-06
1577507153,Severget,scavenge,1323,86502,2026-09-06
1577511148,Metaroe,scavenge,1324,86375,2026-09-06
1577283444,derTrollinger,scavenge,1325,86334,2026-09-20
1577540951,neindochnein,scavenge,1326,86299,2026-10-02
1577499281,0x1hjaa3,scavenge,1327,86282,2026-09-20
1577533402,Falk Henne,scavenge,1328,86242,2026-09-04
1576384520,Tripplesix,scavenge,1329,86176,2026-09-25
1577507497,Urdarik,scavenge,1330,86172,2026-09-06
1577332555,GinWodka,scavenge,1331,86141,2026-09-22
1577507186,Vraxaoran,scavenge,1332,86096,2026-09-06
1577532935,Gottfried Staab,scavenge,1333,86077,2026-09-06
1577346388,Predetor666,scavenge,1334,86073,2026-09-19
1577542229,matthisc,scavenge,1335,85993,2026-09-23
1577534507,bowgirl,scavenge,1336,85986,2026-09-08
1577510871,Trovabec,scavenge,1337,85937,2026-09-06
1577510953,Saloht,scavenge,1338,85918,2026-09-04
1577534511,Kilian Thomas,scavenge,1339,85907,2026-09-06
1577284675,pogi,scavenge,1340,85905,2026-09-16
1576375838,Dowson,scavenge,1341,85825,2026-09-25
1577411036,Königin.Manu,scavenge,1342,85778,2026-09-29
1577507299,Kulltin,scavenge,1343,85778,2026-09-06
1577541268,Söder Ultras,scavenge,1344,85775,2026-09-21
1577534822,Bernhard Ziegler,scavenge,1345,85771,2026-09-06
1577456515,L0nd0n,scavenge,1346,85750,2026-09-26
1577534919,behemothslayer,scavenge,1347,85745,2026-09-06
1577485766,crazy4ever,scavenge,1348,85678,2026-10-03
1577511021,Hovafen,scavenge,1349,85648,2026-09-06
10287436,Baerchen140173,scavenge,1350,85645,2026-09-30
1577507622,jc-yello,scavenge,1351,85560,2026-09-25
1577378847,Ramon123,scavenge,1352,85459,2026-09-23
1577388276,Kr4mi.,scavenge,1353,85453,2026-09-03
1576049187,dark knight88,scavenge,1354,85400,2026-09-30
1577337399,unmoralisches Angebot,scavenge,1355,85389,2026-09-21
1577519813,GlowingPhoenix,scavenge,1356,85356,2026-09-06
1577507118,Koradon,scavenge,1357,85267,2026-09-06
1577497990,Bauer Toni,scavenge,1358,85258,2026-09-22
1577534480,Markus Kant,scavenge,1359,85257,2026-09-05
1577414870,escaso,scavenge,1360,85201,2026-09-25
1577534463,jaxrgemm,scavenge,1361,85200,2026-09-08
1577507306,Naxahold,scavenge,1362,85194,2026-09-06
1577153767,flinkman10,scavenge,1363,85182,2026-10-01
1576775167,Salus,scavenge,1364,85156,2026-10-01
1577507275,Hythmyl,scavenge,1365,85147,2026-09-06
1577507324,Roahor,scavenge,1366,85137,2026-09-05
1576155415,sascha zillenbiller,scavenge,1367,85105,2026-09-14
1577535149,Dead2Boy,scavenge,1368,85046,2026-09-06
1577491168,Ko0JCSOkqm,scavenge,1369,85044,2026-09-06
1577508886,ZarahZebra1975,scavenge,1370,85040,2026-09-22
1577324096,Horv11,scavenge,1371,85019,2026-09-05
1577535511,Britanniver,scavenge,1372,85016,2026-09-28
1577507718,Kreeros,scavenge,1373,84975,2026-09-06
1577507141,Thraxaquor,scavenge,1374,84963,2026-09-08
1577534777,earthalpha,scavenge,1375,84953,2026-09-06
8864491,Capul,scavenge,1376,84906,2026-09-28
1577539720,mbsmoke903,scavenge,1377,84904,2026-09-23
1577543465,TheHebel97-1,scavenge,1378,84873,2026-09-23
1577535159,proclaw,scavenge,1379,84866,2026-09-05
1577364966,Byzantincis,scavenge,1380,84834,2026-09-04
8658681,Ernesto 1962,scavenge,1381,84834,2026-09-30
1577507452,Crontin,scavenge,1382,84823,2026-09-06
1577507342,Rutheos,scavenge,1383,84806,2026-09-04
1577510543,Tenearon,scavenge,1384,84795,2026-09-06
1577534370,Werner Riese,scavenge,1385,84790,2026-09-08
1577496330,Wuupii,scavenge,1386,84747,2026-09-19
1577511070,Tokatik,scavenge,1387,84747,2026-09-06
1577534910,viahid533,scavenge,1388,84738,2026-09-04
1577510860,Qorarak,scavenge,1389,84714,2026-09-04
1577494283,andi gandi,scavenge,1390,84645,2026-09-15
1577534699,oakted,scavenge,1391,84641,2026-09-06
1577532784,tooj,scavenge,1392,84615,2026-09-06
1577543875,Crezcendo,scavenge,1393,84614,2026-09-15
1577507311,Lamhir,scavenge,1394,84608,2026-09-06
1577508048,Yilalor,scavenge,1395,84568,2026-09-06
1577534391,howsew,scavenge,1396,84558,2026-09-06
1577511006,Vranhas,scavenge,1397,84558,2026-09-06
1577360510,reinerpapagei,scavenge,1398,84537,2026-09-08
1577289243,DogDog,scavenge,1399,84531,2026-09-10
1577494519,Ejlow,scavenge,1400,84455,2026-09-09
1577507425,Syrhelm,scavenge,1401,84445,2026-09-04
1576664300,Schattenherscher,scavenge,1402,84432,2026-10-02
1577507516,Jyxeel,scavenge,1403,84418,2026-09-05
1577539578,Kriminator,scavenge,1404,84389,2026-09-25
1577507337,Vikaben,scavenge,1405,84363,2026-09-05
1577533386,Vito Quandt,scavenge,1406,84361,2026-09-04
1577545442,Lord ZaZa,scavenge,1407,84351,2026-10-01
1577430570,SURASURASURA,scavenge,1408,84350,2026-08-31
1577483577,Vorortservice,scavenge,1409,84345,2026-09-24
1577532931,Helmut August,scavenge,1410,84339,2026-09-06
1577532555,Hunny,scavenge,1411,84338,2026-09-06
1577534778,vow929,scavenge,1412,84332,2026-09-05
1577510917,Hephamek,scavenge,1413,84325,2026-09-06
1577510553,Ornahiel,scavenge,1414,84309,2026-09-06
792488,mertcan75,scavenge,1415,84298,2026-09-25
1577532786,ultrapowtv,scavenge,1416,84178,2026-09-05
1577535182,wire gripper3,scavenge,1417,84149,2026-09-03
1577365184,Heey,scavenge,1418,84147,2026-09-28
1577534810,Lutz Luedtke,scavenge,1419,84129,2026-09-06
1577507152,Ricahorn,scavenge,1420,84118,2026-09-06
1577539207,Papamax,scavenge,1421,84113,2026-09-15
1577507156,Zebaric,scavenge,1422,84097,2026-09-06
1576898454,pente phrenes,scavenge,1423,84071,2026-09-29
1576970765,Der Ringgeneral,scavenge,1424,84043,2026-09-20
1577511023,Illaxar,scavenge,1425,84022,2026-09-08
1577507707,Morkaprim,scavenge,1426,84007,2026-09-06
1577519807,ElaraStarforge,scavenge,1427,84003,2026-09-04
1577538687,Lord kollege,scavenge,1428,83925,2026-09-19
1577532916,Oskar Mack,scavenge,1429,83901,2026-09-03
824029,MoreDreadofother,scavenge,1430,83886,2026-10-03
1577416345,Fabi3190,scavenge,1431,83854,2026-10-03
1576699503,xFaustx,scavenge,1432,83834,2026-09-11
1577534918,Rene Waller,scavenge,1433,83764,2026-09-06
1577507378,Zolaulor,scavenge,1434,83761,2026-09-04
1577507336,Gidgas,scavenge,1435,83721,2026-09-05
1577507570,Malaevelt,scavenge,1436,83667,2026-09-06
1577507384,Raiur,scavenge,1437,83662,2026-09-08
1576338946,Fear The Beer,scavenge,1438,83652,2026-09-07
1577511019,Zarnyas,scavenge,1439,83651,2026-09-06
1577534620,SebastianS,scavenge,1440,83630,2026-09-05
1577535173,n411one,scavenge,1441,83612,2026-09-06
1577072244,Südwest,scavenge,1442,83610,2026-10-01
1577274738,Kush420,scavenge,1443,83588,2026-09-24
1577303147,Skriimler,scavenge,1444,83548,2026-10-01
9486136,-Alpha-Wolf-,scavenge,1445,83530,2026-09-21
1577534688,metyap,scavenge,1446,83528,2026-09-06
1577507104,Zayarel,scavenge,1447,83513,2026-09-03
1576934650,-*ExIt*-,scavenge,1448,83466,2026-09-07
1577360792,Sazyel,scavenge,1449,83414,2026-09-28
1577507116,Klaris,scavenge,1450,83412,2026-09-06
1577507206,Waspaulon,scavenge,1451,83408,2026-09-06
1577533398,Gerrit Dose,scavenge,1452,83405,2026-09-04
1577507166,Teneamal,scavenge,1453,83403,2026-09-08
1577524891,BOSSexe,scavenge,1454,83388,2026-09-23
1577507286,Orlapyr,scavenge,1455,83361,2026-09-06
1577507695,Lynxanest,scavenge,1456,83354,2026-09-06
1577511107,Verthis,scavenge,1457,83322,2026-09-06
1577532918,Norbert Lenz,scavenge,1458,83285,2026-09-08
1577533394,Jaro Gronau,scavenge,1459,83249,2026-09-06
1577534825,KilianB,scavenge,1460,83237,2026-09-06
2613067,does this look infected?,scavenge,1461,83228,2026-09-29
1577507641,Sylbion,scavenge,1462,83227,2026-09-06
1577535160,TobiasT,scavenge,1463,83190,2026-09-04
1577507506,Dregetar,scavenge,1464,83174,2026-09-06
1577510542,Protariel,scavenge,1465,83157,2026-09-06
1577508983,Cheeseburger,scavenge,1466,83155,2026-09-20
1577534604,GregorH,scavenge,1467,83147,2026-09-06
1577033389,GulEvek,scavenge,1468,83023,2026-09-14
1577529434,Priscilla,scavenge,1469,83000,2026-09-07
1577529143,Double Shadow,scavenge,1470,83000,2026-09-07
1577534472,ivyher,scavenge,1471,82990,2026-09-08
1577507501,Vlakden,scavenge,1472,82934,2026-09-06
1577500441,Agent Pirate,scavenge,1473,82923,2026-09-15
1577507144,Reynairos,scavenge,1474,82907,2026-09-06
1577534947,Clamp642Lord,scavenge,1475,82826,2026-09-06
1577534512,SebastianP,scavenge,1476,82825,2026-09-06
1577535168,Tech182Mage,scavenge,1477,82809,2026-09-05
1577321158,Lord Major1982Tom,scavenge,1478,82803,2026-09-16
9565258,ForscherM,scavenge,1479,82789,2026-09-24
1577506127,xxWF2500xx,scavenge,1480,82766,2026-09-06
7906706,Niklas2710,scavenge,1481,82747,2026-09-30
1577536606,Amigoo,scavenge,1482,82664,2026-10-03
1577511101,Kerflow,scavenge,1483,82611,2026-09-06
1577534501,wildhnss,scavenge,1484,82550,2026-09-05
8780048,-Noctis-,scavenge,1485,82549,2026-09-20
1577510925,Vaughatem,scavenge,1486,82517,2026-09-05
1577508809,fruchtpups,scavenge,1487,82490,2026-08-31
1577510952,Vorawar,scavenge,1488,82476,2026-09-06
1577507307,Phrenindar,scavenge,1489,82446,2026-09-05
1577542699,Franz Eberhofer,scavenge,1490,82444,2026-10-03
1577507555,Rufgel,scavenge,1491,82348,2026-09-06
1577051456,sandpfurz,scavenge,1492,82314,2026-09-30
1577534922,hogfee,scavenge,1493,82293,2026-09-04
1577535171,Oliver Bohn,scavenge,1494,82229,2026-09-06
1577507148,Nevaom,scavenge,1495,82225,2026-09-04
1577532163,redland9384,scavenge,1496,82209,2026-09-06
1577086049,xero,scavenge,1497,82155,2026-09-20
1577534901,HartmutK,scavenge,1498,82153,2026-09-04
9162755,duffydeff,scavenge,1499,82048,2026-09-17
3096060,-Focke-,scavenge,1500,82027,2026-09-12
1577462257,BigusDickus,scavenge,1501,82023,2026-10-02
1577507320,Kilamor,scavenge,1502,82005,2026-09-08
1577484370,SaschaRS,scavenge,1503,81996,2026-09-07
1577545417,MAlix1234,scavenge,1504,81994,2026-09-16
1577534784,LukasS,scavenge,1505,81993,2026-09-06
1577507392,Zarktesh,scavenge,1506,81983,2026-09-06
1577507609,Sinemir,scavenge,1507,81954,2026-09-06
1577270307,Krämo,scavenge,1508,81945,2026-10-02
1577510853,Shakdaze,scavenge,1509,81843,2026-09-06
1577248591,Gentleman 2026,scavenge,1510,81838,2026-09-16
1577511144,Tirasath,scavenge,1511,81745,2026-09-06
1577508732,Der letzte Germane,scavenge,1512,81656,2026-09-03
1577430994,Anabolfass,scavenge,1513,81645,2026-10-01
1577510569,Vrixahur,scavenge,1514,81608,2026-09-06
1577511003,Gerpyr,scavenge,1515,81592,2026-09-06
1577534506,MartinB,scavenge,1516,81590,2026-09-06
1577511108,Sylarsav,scavenge,1517,81554,2026-09-06
1577507095,Rufailor,scavenge,1518,81529,2026-09-06
1577535177,Fern59Seeker,scavenge,1519,81521,2026-09-06
1577510916,Lucsed,scavenge,1520,81449,2026-09-06
1577511024,Braarah,scavenge,1521,81446,2026-09-06
1577510570,Tzadnyl,scavenge,1522,81428,2026-09-06
1577464556,kingscrosss,scavenge,1523,81411,2026-09-07
1577534900,soilflyer,scavenge,1524,81385,2026-09-06
1577510956,Holtrin,scavenge,1525,81346,2026-09-06
1577422827,SirBrandshire,scavenge,1526,81341,2026-10-03
1577510951,Octamakh,scavenge,1527,81318,2026-09-04
1576377622,Earl Xande,scavenge,1528,81241,2026-09-11
1576679816,Bienenkönig,scavenge,1529,81228,2026-10-03
1577238595,McAdil,scavenge,1530,81228,2026-09-18
1577534612,fatewolf,scavenge,1531,81163,2026-09-06
1577243394,Fyror,scavenge,1532,81118,2026-10-02
1577534680,DennisH,scavenge,1533,81114,2026-09-06
1577507702,Ricvoe,scavenge,1534,81101,2026-09-05
1577499290,crazy c0k3,scavenge,1535,81081,2026-09-05
9124434,Eisi-is-back,scavenge,1536,81053,2026-09-30
1577507227,Phyxcall,scavenge,1537,81049,2026-09-06
1577544025,Spoonlord,scavenge,1538,81046,2026-10-02
1577532375,nikitchen,scavenge,1539,81038,2026-09-06
2646418,Frostmonarch44,scavenge,1540,81017,2026-09-15
1577464970,Redbulljunkie,scavenge,1541,81010,2026-09-30
1577536965,Pegasus,scavenge,1542,80971,2026-09-08
1577519814,NovaStarborn,scavenge,1543,80924,2026-09-06
1577532909,Bernhard Pohl,scavenge,1544,80891,2026-09-05
1577510563,Poxflare,scavenge,1545,80866,2026-09-04
1577544139,FranciCraft,scavenge,1546,80860,2026-09-09
1577534690,Wilhelm Grund,scavenge,1547,80855,2026-09-06
1577418548,Erhan,scavenge,1548,80855,2026-09-06
1577510565,Wrathrig,scavenge,1549,80823,2026-09-06
1577520492,PhantomFire,scavenge,1550,80775,2026-09-06
1577537940,Violence92,scavenge,1551,80731,2026-09-28
1577507102,Iskaher,scavenge,1552,80731,2026-09-06
1577534369,yipold,scavenge,1553,80728,2026-09-06
1577445236,Schnurzelhuber,scavenge,1554,80630,2026-09-30
1577534497,Victor Schroeder,scavenge,1555,80611,2026-09-06
1577507329,Phosaseb,scavenge,1556,80607,2026-09-06
1577510876,Vixaoril,scavenge,1557,80579,2026-09-03
1577511539,FaHaD,scavenge,1558,80574,2026-09-11
1577532874,karlmeth,scavenge,1559,80525,2026-09-28
1577525256,Twaan,scavenge,1560,80415,2026-09-09
1577358880,Dr. Bob Kelso,scavenge,1561,80405,2026-09-01
1577294413,Suga Sean,scavenge,1562,80391,2026-09-23
1577367701,Jimlar,scavenge,1563,80360,2026-09-03
1577418557,katrus,scavenge,1564,80336,2026-09-05
1577507330,Xynasar,scavenge,1565,80285,2026-09-06
1577536249,Unicornschissi,scavenge,1566,80251,2026-09-29
1577507708,Bohdun,scavenge,1567,80248,2026-09-06
1577507130,Rokhar,scavenge,1568,80239,2026-09-03
1577382063,Shinlu,scavenge,1569,80182,2026-09-21
1577510865,Shepamed,scavenge,1570,80159,2026-09-06
1577505719,Nuarop,scavenge,1571,80145,2026-09-25
1577534893,xWildChopperx,scavenge,1572,80137,2026-09-06
1577507088,Helahad,scavenge,1573,80111,2026-09-06
1577534509,bearomega,scavenge,1574,80100,2026-09-06
1577007420,Bananenwurst123,scavenge,1575,80083,2026-09-10
1577543898,aky16,scavenge,1576,80074,2026-09-05
1577507623,Tobaulon,scavenge,1577,80018,2026-09-06
1577519792,echo-dusk,scavenge,1578,79999,2026-09-06
8463845,Seleucus,scavenge,1579,79959,2026-09-24
1577534559,Burkhard Lang,scavenge,1580,79944,2026-09-06
1577510867,Rayrian,scavenge,1581,79893,2026-09-06
1577546695,MettEagle,scavenge,1582,79884,2026-10-01
9827597,kaoli,scavenge,1583,79874,2026-10-01
1577532941,Benedikt Pfeiffer,scavenge,1584,79866,2026-09-05
1576425580,Secko3397,scavenge,1585,79842,2026-10-03
1577532914,Ernst Kuehn,scavenge,1586,79792,2026-09-06
1577534814,Egbert Braun,scavenge,1587,79737,2026-09-06
1577507125,Drilshar,scavenge,1588,79719,2026-09-05
1577532385,cattwo,scavenge,1589,79698,2026-09-08
1577511072,Haelafen,scavenge,1590,79651,2026-09-05
1577544901,spoflo,scavenge,1591,79544,2026-10-01
1577489354,WhiteWalker,scavenge,1592,79539,2026-10-03
1577507699,Sagivor,scavenge,1593,79534,2026-09-06
1577535093,sodlog,scavenge,1594,79512,2026-09-06
1577535169,Elias Rau,scavenge,1595,79481,2026-09-04
1577534516,Achim Zimmermann,scavenge,1596,79461,2026-09-06
1577544107,Ragnazull,scavenge,1597,79443,2026-10-01
1577457050,Ch3wbacca1909,scavenge,1598,79438,2026-09-30
7714224,brueckenbulle,scavenge,1599,79438,2026-09-29
1577507614,Fyrbel,scavenge,1600,79258,2026-09-06
1577202434,Matthew144,scavenge,1601,79249,2026-09-21
1577534824,megagirl,scavenge,1602,79242,2026-09-06
1577396035,kingkelvin,scavenge,1603,79210,2026-09-20
1577510928,Zheradril,scavenge,1604,79178,2026-09-04
1577534892,sun slider76,scavenge,1605,79174,2026-09-04
1577510566,Nertusk,scavenge,1606,79171,2026-09-08
1577534479,Siegfried Vagt,scavenge,1607,79143,2026-09-03
1577418755,Ajnham,scavenge,1608,79113,2026-09-05
1577507326,Skrinhesh,scavenge,1609,79051,2026-09-06
1577532924,Dennis Altenberg,scavenge,1610,79017,2026-09-05
1577510093,Vergessen,scavenge,1611,78979,2026-10-03
8816522,Regad,scavenge,1612,78963,2026-09-20
1577507529,Delasev,scavenge,1613,78906,2026-09-06
1577534807,sit51,scavenge,1614,78904,2026-09-06
1577519812,mac816,scavenge,1615,78902,2026-09-03
1576461649,Pat5rick,scavenge,1616,78898,2026-09-30
1577382414,DerZepter,scavenge,1617,78806,2026-10-02
1577534797,Georg Feld,scavenge,1618,78777,2026-09-03
1577520490,ColeNightbane,scavenge,1619,78772,2026-09-05
1561562,Pati 96,scavenge,1620,78748,2026-09-21
1577507210,Thulik,scavenge,1621,78734,2026-09-06
1577328676,1.Norgur,scavenge,1622,78720,2026-10-03
3037125,DomiLP,scavenge,1623,78718,2026-09-16
1577534478,Guenter Zacharias,scavenge,1624,78662,2026-09-06
1577535188,Sly9Cutter,scavenge,1625,78661,2026-09-06
1577166007,Hansi141,scavenge,1626,78593,2026-09-26
1577420961,soreal37,scavenge,1627,78593,2026-10-01
1577100814,DragonSinMeliodas,scavenge,1628,78569,2026-09-10
1577534371,HeinzP,scavenge,1629,78507,2026-09-06
1577405280,cLLy,scavenge,1630,78475,2026-10-02
1577507294,Zathser,scavenge,1631,78461,2026-09-06
1577532897,Wolf Tiedemann,scavenge,1632,78392,2026-09-03
1577545071,Fordring,scavenge,1633,78383,2026-09-28
8593889,Dark-Horse,scavenge,1634,78354,2026-10-03
1577508888,MARANATHA,scavenge,1635,78318,2026-09-10
1577379772,Webda,scavenge,1636,78233,2026-09-06
1576613041,GrubeAxt93,scavenge,1637,78200,2026-10-03
1577533387,Gerold Pfaff,scavenge,1638,78193,2026-09-06
1577534594,SimonO,scavenge,1639,78184,2026-09-06
1577371244,Satelles,scavenge,1640,78127,2026-09-16
1577511013,Ichorior,scavenge,1641,78104,2026-09-03
1577534921,palmplucker,scavenge,1642,78078,2026-09-04
1577038440,KscFreak94,scavenge,1643,78058,2026-09-06
112157,RiddleAura,scavenge,1644,78036,2026-09-07
1577545494,kubilay6347,scavenge,1645,78021,2026-09-23
9733550,Omahabeach,scavenge,1646,78009,2026-09-29
663711,Thoschi84,scavenge,1647,78005,2026-09-27
1577507315,Zathsir,scavenge,1648,78004,2026-09-06
8160707,Chris 133,scavenge,1649,78000,2026-09-16
1577398275,pfeffnee,scavenge,1650,77996,2026-09-30
1577510998,Thraxagun,scavenge,1651,77983,2026-09-06
1577449653,awesom3,scavenge,1652,77971,2026-09-13
1577449652,yaMommy,scavenge,1653,77971,2026-09-16
1577534676,zipbee,scavenge,1654,77901,2026-09-06
1577506104,Bimo,scavenge,1655,77846,2026-09-22
1577507532,Mezatyr,scavenge,1656,77835,2026-09-06
1265792,Esrobaldh,scavenge,1657,77824,2026-09-01
1577546156,Lord konichiwa,scavenge,1658,77784,2026-10-03
1576434748,FAITH,scavenge,1659,77742,2026-09-10
1577535010,MrBoneCrash,scavenge,1660,77700,2026-09-13
1577536641,x3Luck,scavenge,1661,77695,2026-09-18
1577533399,Dirk Xander,scavenge,1662,77651,2026-09-06
1577521353,Tao314,scavenge,1663,77626,2026-09-03
1577510854,Kanaith,scavenge,1664,77583,2026-09-06
1577523924,Stonerock,scavenge,1665,77556,2026-09-10
8234377,Mehringer75,scavenge,1666,77547,2026-09-05
1039613,der bessere imperator,scavenge,1667,77512,2026-09-29
1576962042,ZANDER 1,scavenge,1668,77458,2026-10-02
1577533383,Pit Moeller,scavenge,1669,77355,2026-09-06
1577405087,Jokkel,scavenge,1670,77340,2026-09-29
1577521257,WhiteSparrow,scavenge,1671,77324,2026-10-02
1577532932,Ilja Diekmann,scavenge,1672,77315,2026-09-06
1577507107,Kragseg,scavenge,1673,77260,2026-09-04
677000,H3KTOR,scavenge,1674,77210,2026-09-11
1577534383,skyblade,scavenge,1675,77165,2026-09-06
1577534930,kmk430,scavenge,1676,77129,2026-09-03
1577507267,-Tiges-,scavenge,1677,77073,2026-09-11
1577534396,Dietmar Becker,scavenge,1678,77067,2026-09-06
1577400379,DrKrautus,scavenge,1679,77048,2026-09-17
1577187746,dmar1999,scavenge,1680,77040,2026-09-05
1577435521,Smorthey,scavenge,1681,76902,2026-09-19
1577507689,Kefval,scavenge,1682,76864,2026-09-06
1576588394,Bauer-RFL,scavenge,1683,76798,2026-09-30
1577534705,Adolf029,scavenge,1684,76767,2026-09-20
1577511030,Valaten,scavenge,1685,76721,2026-09-06
1577507477,Karnaian,scavenge,1686,76717,2026-09-06
1577484423,meli30,scavenge,1687,76650,2026-09-17
1577452308,Braunglasrakete,scavenge,1688,76570,2026-09-08
1577539128,Lisa19,scavenge,1689,76560,2026-09-07
1577279914,Der Brächer,scavenge,1690,76550,2026-09-09
1577409645,Le0nii,scavenge,1691,76549,2026-09-15
1577544904,FreundlicherNachbar,scavenge,1692,76541,2026-09-28
1577513088,Maurelius,scavenge,1693,76535,2026-09-24
1577546493,gendlman,scavenge,1694,76477,2026-10-02
1577424821,-JpR-,scavenge,1695,76470,2026-09-29
1577511041,Shulatian,scavenge,1696,76468,2026-09-08
1577509955,himmel96,scavenge,1697,76463,2026-09-05
1577520969,HiddenKey,scavenge,1698,76421,2026-09-06
7731714,maxi.x7,scavenge,1699,76376,2026-10-03
3072380,DarkSlide1994,scavenge,1700,76247,2026-09-30
1577511588,Sir Roy,scavenge,1701,76236,2026-10-02
1577511109,Yageir,scavenge,1702,76230,2026-09-03
9933325,SchobiX,scavenge,1703,76125,2026-10-02
1577454348,Hoppel128,scavenge,1704,76057,2026-09-27
1577543128,DasWirdLegendär,scavenge,1705,76053,2026-09-21
1577149287,Bulow,scavenge,1706,76041,2026-09-28
1577427791,Kazik1012,scavenge,1707,76024,2026-10-02
1577543212,Ezzendro,scavenge,1708,75989,2026-09-30
1577007968,Travyar,scavenge,1709,75880,2026-09-24
1577534373,Felix Noll,scavenge,1710,75858,2026-09-06
1577312768,Gesindel,scavenge,1711,75834,2026-08-30
3478371,könig Björn,scavenge,1712,75813,2026-09-17
1577386045,kranzerl,scavenge,1713,75730,2026-09-17
1577510877,Lucarys,scavenge,1714,75687,2026-09-06
1577532915,Eddi Brandt,scavenge,1715,75628,2026-09-06
1577405169,Laaaaaaaars,scavenge,1716,75615,2026-09-23
1577485188,tralalelo,scavenge,1717,75554,2026-09-08
1577534491,Armin Albers,scavenge,1718,75548,2026-09-06
1577507448,Olenader,scavenge,1719,75502,2026-09-03
1577519826,GlowingKey---,scavenge,1720,75470,2026-09-04
1577499279,02565dsk,scavenge,1721,75409,2026-09-20
1577511033,Infaleth,scavenge,1722,75392,2026-09-06
1577537896,Haggetsch,scavenge,1723,75388,2026-09-14
1577534534,Martens,scavenge,1724,75326,2026-09-06
1577535172,helmmaster,scavenge,1725,75302,2026-09-06
1577544703,GrünePest,scavenge,1726,75297,2026-09-13
1577545502,PapaJoe,scavenge,1727,75292,2026-09-29
1577320762,Deutz,scavenge,1728,75162,2026-09-12
1577503111,Michael 111,scavenge,1729,75118,2026-09-26
1577534562,maxraven,scavenge,1730,75085,2026-09-03
1577511026,Rasik,scavenge,1731,75069,2026-09-04
8090598,miracelmiracel,scavenge,1732,75059,2026-09-18
1577537918,Swtlemon,scavenge,1733,75015,2026-09-05
1577546166,trunkspower4,scavenge,1734,75004,2026-09-21
1577543435,goldfisch98,scavenge,1735,74959,2026-09-30
1577507372,Sedavius,scavenge,1736,74885,2026-09-08
1577545123,claasically,scavenge,1737,74863,2026-09-15
1577467869,Warplayer101p,scavenge,1738,74795,2026-10-01
1577534698,Gregor,scavenge,1739,74714,2026-09-06
1577349443,Fürsttlicher,scavenge,1740,74676,2026-09-18
1577455855,MasterChief117,scavenge,1741,74655,2026-09-02
1577507364,Trynvak,scavenge,1742,74607,2026-09-06
1577462453,Priestergefördert,scavenge,1743,74596,2026-09-17
2266248,DuRindvieh,scavenge,1744,74543,2026-10-03
1577534816,Oliver Hesse,scavenge,1745,74530,2026-09-03
1577545807,NisaKimosabe,scavenge,1746,74448,2026-09-24
1577430935,painkillaa,scavenge,1747,74413,2026-09-29
1577542012,nerox,scavenge,1748,74343,2026-09-30
1576242125,MurphyMcLoud,scavenge,1749,74332,2026-09-29
1577510556,Infacion,scavenge,1750,74224,2026-09-06
1577529424,Aiphaton Inaste,scavenge,1751,74220,2026-09-07
1577507083,Temolor,scavenge,1752,74217,2026-09-06
1577540836,Zikho,scavenge,1753,74136,2026-09-30
1577546016,hammer0100,scavenge,1754,74074,2026-09-29
1577523932,Swen1900,scavenge,1755,74050,2026-09-30
1577535183,ivorykaok,scavenge,1756,73972,2026-09-06
1577545993,HannesLue,scavenge,1757,73961,2026-09-27
1577434018,SummerIsComing,scavenge,1758,73900,2026-09-25
8967775,Geralt von Riva,scavenge,1759,73869,2026-09-23
8832113,WolfiiM1,scavenge,1760,73555,2026-09-11
1577406964,Der Kran94,scavenge,1761,73500,2026-10-02
3019681,Sennerin,scavenge,1762,73487,2026-09-30
1577401540,Perplex42,scavenge,1763,73414,2026-09-13
1577435063,milophil,scavenge,1764,73308,2026-09-20
1577487787,Flamme,scavenge,1765,73298,2026-10-03
1577423178,Sonny Black,scavenge,1766,73268,2026-09-27
1577507327,Qorozzi,scavenge,1767,73170,2026-09-04
2642692,Amydala32,scavenge,1768,73146,2026-10-01
1577123694,Salaran,scavenge,1769,73102,2026-10-03
1577339960,Hofnarr111,scavenge,1770,72932,2026-09-23
1577413883,afk?,scavenge,1771,72917,2026-09-10
2050145,zecke33,scavenge,1772,72881,2026-10-02
1577495835,Timo1901,scavenge,1773,72877,2026-09-16
1577500444,Silly Frog,scavenge,1774,72854,2026-09-15
8370596,aL3xEy,scavenge,1775,72843,2026-09-13
1577504687,Durham,scavenge,1776,72793,2026-10-03
10059567,.-Bountyhunter-.,scavenge,1777,72735,2026-10-02
8828794,PüttBull,scavenge,1778,72714,2026-09-16
1577544577,Xendogor,scavenge,1779,72589,2026-09-24
1577507509,Kulkzol,scavenge,1780,72549,2026-09-06
1577546346,PowerPaul,scavenge,1781,72468,2026-10-03
1577236526,Pinki72,scavenge,1782,72399,2026-09-19
1576097827,kuschu,scavenge,1783,72295,2026-09-24
1576787615,Ernte Helfer,scavenge,1784,72195,2026-10-02
1577511484,Schwarzer Ritter,scavenge,1785,72050,2026-09-30
1577534385,windraven,scavenge,1786,72049,2026-09-03
2078242,Flo Hoege,scavenge,1787,72019,2026-09-19
1577384906,nopsess,scavenge,1788,72005,2026-10-03
1576794370,Siedler11,scavenge,1789,72000,2026-09-28
1577382134,alexderbiker,scavenge,1790,72000,2026-09-27
3266776,Jerremy198,scavenge,1791,71989,2026-09-30
1577506122,Lebenslast,scavenge,1792,71916,2026-09-20
1577214430,esy88,scavenge,1793,71852,2026-09-24
1577378835,Uther,scavenge,1794,71806,2026-10-02
1577546122,wurzelzwerg,scavenge,1795,71719,2026-09-28
1577278803,xBauarbeiter-,scavenge,1796,71708,2026-09-17
1577529215,Nocharlie,scavenge,1797,71665,2026-09-21
1577322633,Graf Kuckucksberg,scavenge,1798,71630,2026-10-03
9590681,jodave1,scavenge,1799,71565,2026-09-01
9840953,shakattack,scavenge,1800,71532,2026-09-22
3366443,winkmirzu,scavenge,1801,71504,2026-09-30
2677727,lucifer08,scavenge,1802,71454,2026-09-09
1577532404,seppo.stian,scavenge,1803,71433,2026-09-16
1577504542,Jopo6020,scavenge,1804,71426,2026-09-16
1576937737,sachse72,scavenge,1805,71425,2026-10-02
2870253,Fritz Benedict,scavenge,1806,71369,2026-09-29
7954330,Ritter ohne Mut,scavenge,1807,71364,2026-09-18
1577343621,RitchyHara,scavenge,1808,71302,2026-09-04
1577218222,Don 767,scavenge,1809,71224,2026-09-24
8996017,rittervomseckenpferd,scavenge,1810,71132,2026-09-25
1576105308,-SinCity,scavenge,1811,71062,2026-09-07
1577449375,.Nachtaktiv,scavenge,1812,70923,2026-09-29
1479250,King Maximus1,scavenge,1813,70907,2026-09-13
1577540500,Faros,scavenge,1814,70872,2026-09-13
1576082374,piefke22,scavenge,1815,70855,2026-09-10
1577533380,Ole Jacobi,scavenge,1816,70769,2026-09-06
1577321559,ZehnIncsLogout,scavenge,1817,70710,2026-09-20
1577511025,c3line,scavenge,1818,70675,2026-09-17
369646,Daddeldu,scavenge,1819,70661,2026-09-25
1577545336,trolan1,scavenge,1820,70613,2026-09-29
7690653,Apocalyptimus,scavenge,1821,70555,2026-09-23
1577291549,TuttleIsHere,scavenge,1822,70531,2026-09-29
1577334599,xmorromx,scavenge,1823,70479,2026-10-02
1577508011,VinBenzin2,scavenge,1824,70447,2026-09-17
1577244557,Weisi aus Heidelberg,scavenge,1825,70407,2026-09-30
1576620519,ASRTomi,scavenge,1826,70189,2026-09-26
1577502899,InSAMe,scavenge,1827,70185,2026-09-08
1576086539,WaZon,scavenge,1828,70107,2026-09-04
1577507303,Hydravel,scavenge,1829,70049,2026-09-06
1577036766,Solo Hunter,scavenge,1830,69984,2026-09-30
1577534672,Peter Jung,scavenge,1831,69915,2026-09-06
1577545770,KarlHatnGroSn,scavenge,1832,69914,2026-09-28
1576686856,Peberes,scavenge,1833,69834,2026-09-30
1577499631,LordTorsti77,scavenge,1834,69812,2026-09-30
1577048182,valteax,scavenge,1835,69704,2026-09-24
8423897,Rhune,scavenge,1836,69694,2026-10-03
1577538934,ChrisBozz,scavenge,1837,69559,2026-09-04
1577512319,Costa Calma,scavenge,1838,69552,2026-09-19
1577392630,Graf Scheißer,scavenge,1839,69491,2026-09-30
1577542912,Lord Hartmann,scavenge,1840,69472,2026-10-03
1577542885,Strohmpe,scavenge,1841,69295,2026-09-20
1576954552,Instant Karma,scavenge,1842,69291,2026-09-25
1576568862,Tru3 History,scavenge,1843,69269,2026-09-01
1576596143,BarakKOR,scavenge,1844,69038,2026-08-31
8751337,-Horrorfreak-,scavenge,1845,69000,2026-09-23
1577526045,RixeBike,scavenge,1846,68993,2026-09-12
1577546384,Schattenlord27,scavenge,1847,68953,2026-09-24
1576859369,Candyplayz,scavenge,1848,68899,2026-09-02
1577546732,ffcbr,scavenge,1849,68794,2026-09-30
1577524337,DoIVIi,scavenge,1850,68615,2026-09-21
1577490625,Franz Walter,scavenge,1851,68609,2026-09-15
1577507493,Threxrak,scavenge,1852,68534,2026-09-03
1577240807,A s p e C t,scavenge,1853,68500,2026-09-27
8282453,soana001,scavenge,1854,68498,2026-09-13
1577545852,Danji.,scavenge,1855,68460,2026-10-03
8993660,iremage,scavenge,1856,68459,2026-09-22
3031607,Seuche75,scavenge,1857,68390,2026-10-01
532597,Betharon,scavenge,1858,68380,2026-09-18
1577536415,Impohr,scavenge,1859,68342,2026-09-13
1577504193,Adur86,scavenge,1860,68305,2026-09-14
8405997,KleinerRoterDrache,scavenge,1861,68300,2026-09-30
1032951,ecstom,scavenge,1862,68289,2026-09-22
9394926,Ronald 12,scavenge,1863,68255,2026-09-30
2626221,Mc Richi,scavenge,1864,68139,2026-09-07
8831957,manny0,scavenge,1865,68069,2026-09-22
1576686689,Stammsan,scavenge,1866,67983,2026-10-03
2375326,olliwilli,scavenge,1867,67927,2026-09-27
9794087,mrtobiar,scavenge,1868,67912,2026-09-18
1576626963,jonas27,scavenge,1869,67890,2026-09-30
1577200172,Fuchs1996,scavenge,1870,67880,2026-09-26
9741357,Judas der gerechte,scavenge,1871,67731,2026-09-06
1577498745,tüta,scavenge,1872,67704,2026-09-29
1577489572,Ruffy996,scavenge,1873,67573,2026-09-15
1577423472,Stevil000,scavenge,1874,67540,2026-09-18
1577425434,patolszew,scavenge,1875,67492,2026-09-13
2865875,flying-man,scavenge,1876,67474,2026-09-15
8169554,Voosi,scavenge,1877,67468,2026-09-14
1577400689,Xeita,scavenge,1878,67466,2026-09-27
1577483845,Senju Wakasa,scavenge,1879,67398,2026-09-26
1577533483,Runzelnpeter,scavenge,1880,67279,2026-10-03
1577527921,TopCop,scavenge,1881,67199,2026-09-14
1577537981,LastManStanding,scavenge,1882,67198,2026-09-08
1577485392,Hotti11,scavenge,1883,67160,2026-09-25
1577428989,bcafce,scavenge,1884,67144,2026-09-29
1577438080,random4u,scavenge,1885,67126,2026-09-16
1577511135,Wai-Ki-Ki,scavenge,1886,67120,2026-09-02
1576957331,Puppaia*,scavenge,1887,67085,2026-09-15
2384888,tilgin,scavenge,1888,66911,2026-09-02
1575909931,Dexter90,scavenge,1889,66845,2026-09-20
1577427741,Marco1953,scavenge,1890,66835,2026-09-30
1577544942,fabi987733,scavenge,1891,66760,2026-09-20
1577535260,ShuffleDD,scavenge,1892,66708,2026-09-15
1577011153,*Altair the Assassine*,scavenge,1893,66687,2026-09-24
1576839110,MrLappen,scavenge,1894,66675,2026-09-13
9832876,Black Gecko,scavenge,1895,66652,2026-09-20
1577533438,Der Krabbenpuler,scavenge,1896,66639,2026-09-20
1577418462,DoodleBob,scavenge,1897,66620,2026-09-27
1576999585,Pupsi23,scavenge,1898,66579,2026-09-27
1577395673,vike,scavenge,1899,66532,2026-09-28
1577400745,Marth65,scavenge,1900,66503,2026-09-20
1577494975,Kawarider287,scavenge,1901,66484,2026-10-03
1577505675,Wasseratmung,scavenge,1902,66481,2026-09-25
2279625,Herbergsmutter,scavenge,1903,66452,2026-10-02
1577508911,Weinschorle64,scavenge,1904,66418,2026-09-01
1108559,pc....,scavenge,1905,66417,2026-09-01
1577443567,SilverHuepfels,scavenge,1906,66375,2026-09-17
1577546964,ipcaa,scavenge,1907,66355,2026-10-02
1577511190,IngLuHe,scavenge,1908,66322,2026-10-02
1577543543,Andi123,scavenge,1909,66312,2026-09-17
1577544981,Nelouna,scavenge,1910,66255,2026-10-03
1577435653,Athavar,scavenge,1911,66251,2026-09-23
1577537140,Ingo-im-Twingo,scavenge,1912,66152,2026-09-29
1577234964,WarLord--,scavenge,1913,66140,2026-09-23
1577305909,zuckerhut,scavenge,1914,66082,2026-09-28
1577126356,Arexis,scavenge,1915,66034,2026-10-01
1577124977,.wav,scavenge,1916,66018,2026-09-10
1577545374,Riegla00,scavenge,1917,66005,2026-09-28
2817313,Sir von Hoffenheim,scavenge,1918,66000,2026-09-18
1577182446,mike 96,scavenge,1919,65948,2026-09-05
1577252481,milchschnitte55,scavenge,1920,65830,2026-09-18
1577532944,Hans Weber,scavenge,1921,65786,2026-09-06
1577527821,Nocrashnoob,scavenge,1922,65784,2026-09-23
1576303850,ILvy,scavenge,1923,65704,2026-09-29
1577539364,Basher gesucht?,scavenge,1924,65680,2026-09-06
9185120,Ritter 2052,scavenge,1925,65515,2026-09-27
1577455589,Devil81,scavenge,1926,65504,2026-09-21
1577534783,cow58,scavenge,1927,65463,2026-09-04
1576464486,Warriors 1,scavenge,1928,65449,2026-09-30
1577546558,SchorschDieEule,scavenge,1929,65416,2026-10-01
1577498497,Nixda0292,scavenge,1930,65376,2026-09-08
1577160178,*Dauerblau*,scavenge,1931,65337,2026-09-21
1577495543,Darkdeniz,scavenge,1932,65228,2026-09-13
2981138,Manulord,scavenge,1933,65225,2026-09-28
1577538902,Speedy1972,scavenge,1934,65217,2026-09-25
1577491766,KaVauEn,scavenge,1935,65215,2026-09-25
8956688,TheGameNight,scavenge,1936,65105,2026-09-22
1577377089,Johnny86,scavenge,1937,65100,2026-09-30
9450268,S04-philipp,scavenge,1938,65092,2026-09-30
1577126254,PlayBoyTommy,scavenge,1939,64926,2026-09-25
1577519862,EyeOfPhoenix,scavenge,1940,64875,2026-09-28
1577216559,JAVVV,scavenge,1941,64824,2026-09-25
1577014194,schneiderb,scavenge,1942,64779,2026-09-22
10241344,Teutobald,scavenge,1943,64763,2026-09-27
1577499999,marmadropula,scavenge,1944,64729,2026-10-03
1577537056,lalashrmn,scavenge,1945,64625,2026-09-25
8836591,Valkyren,scavenge,1946,64619,2026-09-20
1577545295,Haezo,scavenge,1947,64576,2026-09-20
3036529,-Hardcore,scavenge,1948,64528,2026-10-03
9994020,Kampfzwerg 2013,scavenge,1949,64465,2026-10-03
1577395538,ralle84,scavenge,1950,64448,2026-09-21
1577203775,Ysaya,scavenge,1951,64436,2026-09-20
1577111834,Lone Star,scavenge,1952,64394,2026-09-29
1577294742,Touchdown,scavenge,1953,64383,2026-10-02
1577508795,Ffmskater,scavenge,1954,64355,2026-09-24
1577514592,ExodusFlo,scavenge,1955,64318,2026-09-19
1577454083,Katzler91,scavenge,1956,64224,2026-09-30
1577535267,Mehrfachsteckdose,scavenge,1957,64152,2026-09-01
7883310,Master Raller,scavenge,1958,64145,2026-09-07
2962689,DonDingDong,scavenge,1959,64102,2026-10-01
1577249221,vovela2393,scavenge,1960,64081,2026-10-03
9811082,King LORD IRON,scavenge,1961,64037,2026-09-19
1576647692,major-chang,scavenge,1962,64031,2026-10-03
1577165451,didi459,scavenge,1963,64000,2026-09-23
1577526919,Steve-0,scavenge,1964,63896,2026-10-01
1577505962,KingKarlos,scavenge,1965,63803,2026-09-14
1577534508,Friedhelm Schmidt,scavenge,1966,63761,2026-09-05
2946413,Kirito sao,scavenge,1967,63743,2026-09-14
1577544141,MajorErma,scavenge,1968,63739,2026-09-19
1577096875,Delgando,scavenge,1969,63709,2026-09-01
1575986581,wheinachtsmann 2,scavenge,1970,63705,2026-10-03
1577531685,WooDy211,scavenge,1971,63651,2026-09-08
1576986707,Hayat0,scavenge,1972,63596,2026-09-19
1577506308,Deplinator,scavenge,1973,63515,2026-09-30
2684434,tgru1,scavenge,1974,63513,2026-09-20
9552667,Skriptlos,scavenge,1975,63498,2026-09-14
1577486344,NixPeinliches,scavenge,1976,63485,2026-09-30
1577207636,Falke92,scavenge,1977,63464,2026-09-09
1577077942,blubb89,scavenge,1978,63389,2026-09-01
1577446804,Stammdre,scavenge,1979,63386,2026-09-17
3020287,ORMEN,scavenge,1980,63375,2026-10-03
1576426865,CRonaldo7,scavenge,1981,63339,2026-09-30
1577537210,frido911,scavenge,1982,63259,2026-09-13
1577040475,Herzog Enzo,scavenge,1983,63224,2026-09-11
1577539445,Trickster1364,scavenge,1984,63221,2026-10-02
1577295752,KreuzSchwert,scavenge,1985,63186,2026-10-03
1577249320,MrMPire,scavenge,1986,63134,2026-09-18
1577274339,GxSturmi,scavenge,1987,63065,2026-09-24
1577075090,Fendtinator,scavenge,1988,62904,2026-09-25
1577486598,warrior 95,scavenge,1989,62900,2026-09-23
1677602,SirLelalot,scavenge,1990,62863,2026-09-20
1577390295,D3athj0ke420,scavenge,1991,62839,2026-09-22
659722,padi1988,scavenge,1992,62806,2026-09-16
1932859,Mitron von Mandor,scavenge,1993,62798,2026-10-03
1577540863,isuckatclimbing,scavenge,1994,62790,2026-08-31
10236499,Alexxx19,scavenge,1995,62748,2026-10-01
1577394053,zuse23,scavenge,1996,62719,2026-09-16
1577457434,HankHooray,scavenge,1997,62710,2026-09-14
8253419,ToTo0O0oT,scavenge,1998,62655,2026-10-03
8070008,friend66,scavenge,1999,62591,2026-10-03
1577534486,JanS,scavenge,2000,62564,2026-09-06
1576786657,König Frei.Wild,scavenge,2001,62506,2026-09-30
1577530945,cocoloco,scavenge,2002,62377,2026-09-12
9908099,derf1161,scavenge,2003,62342,2026-09-12
1576956198,Marion1,scavenge,2004,62333,2026-09-17
1577372218,chris220691,scavenge,2005,62327,2026-09-23
1576983908,Lord bigmike,scavenge,2006,62267,2026-09-27
1577535264,elements86,scavenge,2007,62240,2026-09-05
1577149615,Lord Ernir,scavenge,2008,62199,2026-09-12
9941603,Annique,scavenge,2009,62161,2026-09-26
9135298,unknown-dead,scavenge,2010,62150,2026-09-26
1577538774,Predex,scavenge,2011,62133,2026-09-19
1576017717,Cugerner,scavenge,2012,62007,2026-10-01
1577545300,Crosos,scavenge,2013,61900,2026-09-28
1577542518,Hausi97,scavenge,2014,61860,2026-09-12
1577491956,KIZBOX,scavenge,2015,61855,2026-09-24
1577406443,lafofi,scavenge,2016,61775,2026-10-02
1577483788,Gigabyte1024,scavenge,2017,61769,2026-09-04
1577506234,Amara,scavenge,2018,61694,2026-09-21
1577339297,john.sheridan,scavenge,2019,61508,2026-10-01
10268214,Blumenhüter,scavenge,2020,61500,2026-09-27
1577340462,Master Cronix,scavenge,2021,61450,2026-09-28
1577527713,Honoritan,scavenge,2022,61321,2026-09-29
1577350456,MCTW,scavenge,2023,61219,2026-09-05
548866,Thespiti,scavenge,2024,61205,2026-09-02
1577537163,Bambusbonze,scavenge,2025,61175,2026-09-05
1577546365,Peppo86,scavenge,2026,61155,2026-09-30
10228790,Melkor10,scavenge,2027,61151,2026-09-15
1643095,burni47,scavenge,2028,61135,2026-09-11
1575928808,Salvatrucha7,scavenge,2029,61134,2026-09-30
8993459,miss sofie,scavenge,2030,61120,2026-09-20
1577139820,SGBene,scavenge,2031,61103,2026-09-11
1577530653,King Esek,scavenge,2032,61096,2026-09-29
1577504644,plsHurry,scavenge,2033,61073,2026-09-05
1577237537,rokayov,scavenge,2034,61007,2026-09-30
1577199800,BurningsStyle,scavenge,2035,60951,2026-09-02
1577314235,Chalex97,scavenge,2036,60781,2026-09-16
8874350,waldi3,scavenge,2037,60763,2026-09-21
1577355281,BudLight,scavenge,2038,60617,2026-09-18
1577507284,Yakazon,scavenge,2039,60607,2026-09-03
9277021,Little Pietro,scavenge,2040,60582,2026-09-25
1576915122,Raphael the Hunter,scavenge,2041,60571,2026-09-28
809354,Hennessy,scavenge,2042,60546,2026-09-18
1576982550,fürstinsusi,scavenge,2043,60500,2026-10-02
1577502282,Ali.Gator,scavenge,2044,60466,2026-09-28
1577539047,Deno1103,scavenge,2045,60465,2026-09-22
1577494837,Runja2025,scavenge,2046,60439,2026-10-03
1577534868,MonserratGamer,scavenge,2047,60402,2026-09-16
1577350677,mastermajo,scavenge,2048,60356,2026-09-16
1577169755,SeenViper,scavenge,2049,60273,2026-09-18
1577273802,Broum,scavenge,2050,60229,2026-09-11
1576712705,MausRainbowcookie,scavenge,2051,60220,2026-09-13
624214,Atariandi,scavenge,2052,60187,2026-10-03
1577415326,B1rne,scavenge,2053,60173,2026-10-03
1577507036,Steven1909,scavenge,2054,60169,2026-09-16
1577066533,Tungdil,scavenge,2055,60165,2026-09-21
1576256779,Sandokan3,scavenge,2056,60123,2026-09-20
2254926,Kerstin-der-wolff,scavenge,2057,60033,2026-09-06
1577278560,ironwill,scavenge,2058,60000,2026-09-26
1577483473,skillerpro,scavenge,2059,59975,2026-09-16
9345564,Kaffeefilterfallenlasser,scavenge,2060,59914,2026-09-11
9700469,ThoraldRagnarsson,scavenge,2061,59900,2026-09-21
1577537359,Rukli,scavenge,2062,59843,2026-09-13
1577518407,SoapTastesGood,scavenge,2063,59755,2026-10-02
1577483655,bluefroc,scavenge,2064,59744,2026-09-27
1577405052,Reccor,scavenge,2065,59659,2026-09-04
1577450134,xXBacktoBlackXX,scavenge,2066,59649,2026-09-17
1577312449,Komutan Fatih,scavenge,2067,59625,2026-09-14
1577537964,Johann,scavenge,2068,59562,2026-09-13
9713061,Waintganden,scavenge,2069,59387,2026-09-19
1576645834,3FingerMoe,scavenge,2070,59297,2026-09-30
1577391949,Harald1,scavenge,2071,59262,2026-09-14
1576349760,Templer60,scavenge,2072,59223,2026-09-20
1577485882,GermansPro,scavenge,2073,59175,2026-10-03
1577188140,Fafnir,scavenge,2074,59162,2026-09-02
7785993,keutschi,scavenge,2075,59038,2026-10-02
1577010125,crischa,scavenge,2076,58944,2026-09-19
7742857,djemre1991,scavenge,2077,58938,2026-09-23
1577544610,Arlan,scavenge,2078,58935,2026-09-18
1577420294,DerMissionar,scavenge,2079,58901,2026-10-02
1577441645,Goblex Elda,scavenge,2080,58888,2026-09-27
9098317,00-THOR-00,scavenge,2081,58881,2026-09-28
1577530556,Zeuni,scavenge,2082,58879,2026-09-27
10075493,Lord Ramgni,scavenge,2083,58845,2026-09-11
1577537738,Preilo1893,scavenge,2084,58841,2026-09-04
1577358840,Klassenkasper,scavenge,2085,58759,2026-09-12
1684361,iain.james,scavenge,2086,58757,2026-09-26
1577465160,nudelxxx,scavenge,2087,58697,2026-09-23
10152880,--DarkHydra--,scavenge,2088,58605,2026-09-29
1577416837,Kretok,scavenge,2089,58581,2026-09-08
1577127354,Pullover,scavenge,2090,58466,2026-09-30
1577237520,yoganoj,scavenge,2091,58437,2026-09-30
1769818,masterlukas1,scavenge,2092,58426,2026-09-20
1576089655,Thorkel,scavenge,2093,58342,2026-09-23
1577378678,Lord Big T,scavenge,2094,58326,2026-09-25
1576612841,Michiisback,scavenge,2095,58325,2026-10-01
1577150104,Lil Trump,scavenge,2096,58320,2026-09-03
1577540089,Androxon,scavenge,2097,58314,2026-09-20
1577517772,Chrysanthem,scavenge,2098,58212,2026-10-01
1577544477,molkrux,scavenge,2099,58190,2026-09-13
1577187836,wochta,scavenge,2100,58157,2026-09-16
3274478,sato75,scavenge,2101,58147,2026-10-02
1576272155,Yavila,scavenge,2102,58092,2026-09-03
1577538659,Klobrille95,scavenge,2103,57999,2026-09-18
1577546578,Gast546578,scavenge,2104,57942,2026-10-03
1576569073,Hofknecht,scavenge,2105,57936,2026-08-31
1577543755,Biervernichter,scavenge,2106,57933,2026-09-11
1725309,9PRF,scavenge,2107,57836,2026-10-02
1792869,McCooLLL,scavenge,2108,57763,2026-09-27
1577495327,Jigga,scavenge,2109,57725,2026-09-11
1577246482,möta,scavenge,2110,57621,2026-09-19
1576361844,Daemon666,scavenge,2111,57537,2026-10-01
1577547426,InsuranceMan,scavenge,2112,57503,2026-10-03
1577368977,Cardiba,scavenge,2113,57328,2026-09-18
1577432960,Feggei,scavenge,2114,57283,2026-09-14
1577362739,ImmerIch,scavenge,2115,57282,2026-09-24
1577520866,Paul Vernica,scavenge,2116,57260,2026-09-30
1577045238,schnecke12345,scavenge,2117,57194,2026-10-02
1577538280,JimmyOG,scavenge,2118,57093,2026-09-23
9757868,MAXIMUS-02,scavenge,2119,57087,2026-09-28
1577056535,Gotti1904,scavenge,2120,56994,2026-09-20
1576101656,Tanke,scavenge,2121,56870,2026-09-16
1577314000,Kesowatch,scavenge,2122,56861,2026-09-22
9073284,Tsubasa95,scavenge,2123,56843,2026-09-21
1577185700,newman2,scavenge,2124,56818,2026-09-29
1577273228,ElGrande,scavenge,2125,56806,2026-09-23
52326,Leopold55,scavenge,2126,56741,2026-09-20
1577496166,Suellke,scavenge,2127,56662,2026-09-12
1577508994,David3333,scavenge,2128,56649,2026-09-19
1577499723,Bossbert,scavenge,2129,56526,2026-09-30
1577420114,Shyngz,scavenge,2130,56500,2026-10-02
1928966,svandy,scavenge,2131,56492,2026-09-27
1577531949,Philip2410,scavenge,2132,56437,2026-09-15
1577239282,KayOby,scavenge,2133,56432,2026-09-20
8512556,dagrunge,scavenge,2134,56352,2026-09-09
1577040263,Beer97,scavenge,2135,56301,2026-09-04
1577519304,Harold689,scavenge,2136,56220,2026-09-12
1577546766,Biertrinker385,scavenge,2137,56155,2026-10-03
8732096,Spikezzi,scavenge,2138,56144,2026-09-06
1577545462,Dalben,scavenge,2139,56080,2026-09-27
1577545895,rikuxa1234,scavenge,2140,55900,2026-10-01
1577183141,Zeus1972,scavenge,2141,55885,2026-09-25
1577545846,Primordus33,scavenge,2142,55808,2026-09-28
1577181462,Bonzentrip,scavenge,2143,55730,2026-10-02
1577379857,Lady Guggi99,scavenge,2144,55657,2026-09-22
1575909831,gotyou,scavenge,2145,55568,2026-09-26
1576489492,ChillaDerBabo,scavenge,2146,55566,2026-09-29
1577325071,ToastHawaiii,scavenge,2147,55558,2026-09-30
1577545863,dummschiss,scavenge,2148,55539,2026-10-03
3107331,hallo-gisela,scavenge,2149,55505,2026-10-03
1577449904,Jostun,scavenge,2150,55441,2026-10-03
9269369,NicoELreY,scavenge,2151,55424,2026-09-09
1577262209,S0ull3ss,scavenge,2152,55388,2026-09-21
1577009392,Franz Zeckenbauer,scavenge,2153,55285,2026-09-08
1577311432,Ap19942012,scavenge,2154,55257,2026-09-17
1577534972,Badix,scavenge,2155,55253,2026-09-26
1576921594,killapinguin,scavenge,2156,55239,2026-09-20
1577538051,D34THPURG3,scavenge,2157,55217,2026-09-28
1577340525,NaNoNaNed,scavenge,2158,55189,2026-09-16
1577397959,Baba Julio,scavenge,2159,55178,2026-08-31
1577483116,Frühlingsbock,scavenge,2160,55138,2026-09-03
1577385533,kamade,scavenge,2161,55125,2026-10-02
1575927745,Lord of the Ganja,scavenge,2162,55092,2026-09-21
1577207138,Hydraulikhammer,scavenge,2163,55070,2026-09-07
1577319184,NeedCash,scavenge,2164,55065,2026-09-29
1576304363,Sorpoor,scavenge,2165,54939,2026-09-22
8185409,Dian Keto,scavenge,2166,54843,2026-09-16
1577498623,the-Ultra-King,scavenge,2167,54791,2026-09-04
1576574201,Mschr92,scavenge,2168,54770,2026-09-14
1577541048,MarvImperor72,scavenge,2169,54724,2026-09-29
7917499,Schwarz-zu-Blau,scavenge,2170,54503,2026-09-10
1577513511,EvilActivity,scavenge,2171,54501,2026-09-23
1577543848,Lord Abdul,scavenge,2172,54440,2026-09-29
1577546640,Fleur05,scavenge,2173,54422,2026-10-02
1577546207,Jägermeister90,scavenge,2174,54420,2026-09-30
1577386979,Carsten Hoffmann,scavenge,2175,54389,2026-09-17
9768644,Thor3.0,scavenge,2176,54340,2026-09-10
1577443469,The Wizardone,scavenge,2177,54317,2026-09-29
1577541492,Puffbohne,scavenge,2178,54248,2026-10-01
1577542451,19Lion88,scavenge,2179,54157,2026-09-29
1576398737,Agent 003,scavenge,2180,54127,2026-09-29
1577506598,kAder1337,scavenge,2181,54118,2026-09-12
3056942,schlumpf 19,scavenge,2182,54102,2026-09-22
3405957,Kiri878,scavenge,2183,54061,2026-10-03
1577372949,jojoei2000,scavenge,2184,54050,2026-09-16
1576969417,Lord merlin,scavenge,2185,54000,2026-10-02
1576928876,Grummel7,scavenge,2186,54000,2026-09-20
1577357407,iFeelX8,scavenge,2187,53945,2026-09-17
1577492544,MariaMjay,scavenge,2188,53925,2026-09-20
1577159811,dbecks,scavenge,2189,53912,2026-09-25
1577144624,Phonix11,scavenge,2190,53823,2026-09-19
8989395,*queenie*,scavenge,2191,53728,2026-09-26
1369376,Faradir,scavenge,2192,53702,2026-09-01
1577539896,Aquilos,scavenge,2193,53637,2026-09-22
1577283427,JediMindTrick94,scavenge,2194,53625,2026-09-23
1577266133,Sagistrar,scavenge,2195,53606,2026-09-09
1577438034,Lewal,scavenge,2196,53588,2026-09-25
1576915765,Midrael,scavenge,2197,53509,2026-09-20
1577371559,DoMu,scavenge,2198,53505,2026-09-09
1577538698,Lord Fetzy,scavenge,2199,53493,2026-09-19
1576881256,Das Ende kommt,scavenge,2200,53450,2026-09-20
3039070,MattCity,scavenge,2201,53440,2026-09-07
1576247077,Ivan13,scavenge,2202,53430,2026-10-02
7721275,shigamini,scavenge,2203,53396,2026-10-03
1576475933,Pvt Cat,scavenge,2204,53394,2026-09-29
1576638753,Reality93,scavenge,2205,53302,2026-10-01
9245483,Yanka,scavenge,2206,53290,2026-09-18
1577348691,Rarosport1,scavenge,2207,53247,2026-09-17
1577542910,ZZ77,scavenge,2208,53234,2026-09-05
1577244614,Mysterygaming,scavenge,2209,53218,2026-08-30
194641,DarkRider 1,scavenge,2210,53139,2026-09-01
1577498428,Ossi,scavenge,2211,53123,2026-09-15
1577444440,Viki3000,scavenge,2212,53051,2026-10-03
1577008602,be115,scavenge,2213,53048,2026-09-26
1577513929,Zade,scavenge,2214,53044,2026-09-14
1576752667,xXLindeXx,scavenge,2215,53012,2026-10-01
1576016218,Lord Schwarzbrot,scavenge,2216,52999,2026-09-19
1577399941,Fettarme H-Milch,scavenge,2217,52890,2026-08-31
1577457789,Pr0wa911,scavenge,2218,52853,2026-09-14
2240021,pipin68,scavenge,2219,52776,2026-09-27
1577206729,zorro-44-,scavenge,2220,52755,2026-10-01
2185695,Buddel,scavenge,2221,52742,2026-10-01
3162736,schlotzi,scavenge,2222,52701,2026-09-20
9781088,spata1989,scavenge,2223,52667,2026-09-30
2898146,Püppili,scavenge,2224,52658,2026-09-23
1577545534,sam96,scavenge,2225,52566,2026-10-03
1577546053,Gast546053,scavenge,2226,52563,2026-09-28
3382442,Meisterwerk,scavenge,2227,52517,2026-09-18
1575968781,Mondguggerin,scavenge,2228,52489,2026-09-05
1577150723,Wanna Play?,scavenge,2229,52448,2026-09-24
1577389731,EduardoHamburg,scavenge,2230,52447,2026-09-24
1577341788,MiniFU,scavenge,2231,52407,2026-10-02
1577545285,Pauloblanko,scavenge,2232,52273,2026-10-03
1577283400,BlueBird,scavenge,2233,52221,2026-09-11
10187026,König shadowwolf,scavenge,2234,52115,2026-09-24
1577187912,Yoshi85,scavenge,2235,52088,2026-09-25
1577544619,Chris09,scavenge,2236,52074,2026-10-02
1577269088,-Teach?,scavenge,2237,52019,2026-09-18
1577543555,Chrisb95,scavenge,2238,52002,2026-09-15
1577543900,4KY4ZI,scavenge,2239,51993,2026-09-10
1577545721,Kalteeen,scavenge,2240,51970,2026-09-28
1577521780,Ruffy,scavenge,2241,51950,2026-10-02
1576937673,Octagon 05,scavenge,2242,51926,2026-09-24
1577371129,Black Fire Star,scavenge,2243,51919,2026-09-14
1577531209,kermit80,scavenge,2244,51915,2026-09-21
1577540734,MiBo6173,scavenge,2245,51836,2026-09-22
1577311439,Striiker,scavenge,2246,51813,2026-09-08
1577499116,Rosinaregen,scavenge,2247,51808,2026-10-02
1577511176,Ich küss doch dein Herz,scavenge,2248,51739,2026-10-01
1577545879,räuber hotzenplotz123,scavenge,2249,51687,2026-10-01
1577544265,ZACKIG,scavenge,2250,51626,2026-09-10
1577542395,KönigLöwenherz,scavenge,2251,51611,2026-10-01
1577535081,furyracer,scavenge,2252,51475,2026-09-02
1577334704,senpaiego,scavenge,2253,51451,2026-10-03
1576777856,shaaadix,scavenge,2254,51403,2026-09-18
1577536630,AmoreVero,scavenge,2255,51391,2026-09-24
1577545715,mcm7,scavenge,2256,51388,2026-09-19
1577361154,GordonShumway,scavenge,2257,51363,2026-09-28
1577543605,-d3d9ex,scavenge,2258,51221,2026-09-25
1577513667,Trisaster,scavenge,2259,51221,2026-10-03
1496613,*13*er Kriger,scavenge,2260,51218,2026-09-22
1577512230,NK2623,scavenge,2261,51149,2026-09-21
1575961225,Lord nex213,scavenge,2262,51147,2026-10-03
1577545995,Steger10,scavenge,2263,51054,2026-10-02
1576409112,Looki,scavenge,2264,50981,2026-09-02
1577543688,basim,scavenge,2265,50922,2026-09-07
1576494894,Robowabohu,scavenge,2266,50838,2026-08-30
1576982665,bigdevil,scavenge,2267,50753,2026-09-30
1577501579,Chones,scavenge,2268,50707,2026-09-15
239493,colonist,scavenge,2269,50625,2026-09-21
1577522183,Lammii,scavenge,2270,50515,2026-09-14
1577459879,renner93,scavenge,2271,50510,2026-09-27
9238397,mrsandro2,scavenge,2272,50504,2026-09-25
1577077854,Schnurrr,scavenge,2273,50501,2026-09-12
119382,rambow,scavenge,2274,50500,2026-09-09
1577147190,IchLerneDeutsch,scavenge,2275,50488,2026-09-30
1577546195,JanekF96,scavenge,2276,50433,2026-10-03
1576567340,Sad but True,scavenge,2277,50325,2026-08-30
1577203572,TheyHatin,scavenge,2278,50305,2026-10-01
1577537777,EirenHD,scavenge,2279,50265,2026-09-27
1577373312,S4nguis,scavenge,2280,50217,2026-09-15
1577455681,AdelTawil,scavenge,2281,50188,2026-09-17
1576971899,Mr.GentleMan,scavenge,2282,50125,2026-10-01
1576680602,Lord weedstar420,scavenge,2283,50085,2026-09-20
1577536348,DietrichLP,scavenge,2284,50085,2026-10-03
1577498898,PythonPython,scavenge,2285,50054,2026-09-18
1577010966,King Stannis,scavenge,2286,50053,2026-09-13
1577545470,LokiSSL,scavenge,2287,49973,2026-09-18
1577512067,Flocke05,scavenge,2288,49963,2026-09-17
1577333472,William Wallace,scavenge,2289,49950,2026-09-24
1577504761,Oberst,scavenge,2290,49937,2026-09-09
1577536213,Niklas0102,scavenge,2291,49922,2026-09-14
1577464188,Badius,scavenge,2292,49879,2026-09-09
1577523746,theGodofWar,scavenge,2293,49875,2026-09-25
1577295965,SepplSoldier,scavenge,2294,49866,2026-09-15
1577538176,niulp,scavenge,2295,49829,2026-09-30
8071280,xXHorst OliverXx,scavenge,2296,49702,2026-09-13
10213364,Lord Arthurios,scavenge,2297,49686,2026-09-13
1577442898,Luder,scavenge,2298,49675,2026-09-04
8230207,Conan43,scavenge,2299,49633,2026-09-30
1577311879,Loxuri,scavenge,2300,49558,2026-10-01
1577446402,davee4,scavenge,2301,49539,2026-09-14
1577542222,papaya00,scavenge,2302,49538,2026-09-26
2160809,Wulfmann,scavenge,2303,49511,2026-10-03
1577509614,wattendatten,scavenge,2304,49505,2026-09-17
1577544336,Jojo02,scavenge,2305,49491,2026-10-02
1577504130,Espio,scavenge,2306,49456,2026-09-23
9292921,Wanderers,scavenge,2307,49454,2026-09-26
1577545118,Gast545118,scavenge,2308,49375,2026-09-18
2981106,LiiKeAFreaaK,scavenge,2309,49320,2026-09-19
1577397622,DonQuillus,scavenge,2310,49237,2026-10-03
1577467930,Leon.2810,scavenge,2311,49236,2026-10-01
9645171,Cherok der Ältere,scavenge,2312,49235,2026-09-22
8815904,rrr68,scavenge,2313,49220,2026-09-25
1577511036,Thexalin,scavenge,2314,49192,2026-09-06
1577313796,Lord yannus,scavenge,2315,49189,2026-09-22
1577542913,Inspektor,scavenge,2316,49186,2026-09-17
1577533683,Tons92,scavenge,2317,49154,2026-09-29
1577546530,Karuso,scavenge,2318,49136,2026-09-29
1577545510,Sallixyz,scavenge,2319,49110,2026-09-26
1577544576,Frikadelle,scavenge,2320,49094,2026-09-19
64657,Sir Fitz Oblong,scavenge,2321,49054,2026-10-03
1577499517,Bobi0815,scavenge,2322,49049,2026-09-23
1577419746,Erasion,scavenge,2323,49038,2026-09-26
2538184,der-einsame-wolf,scavenge,2324,49000,2026-09-27
1577175861,Hanibal Hackmetzler,scavenge,2325,48960,2026-09-05
1576863190,Unfähig und Faul,scavenge,2326,48825,2026-10-01
1576143090,WhiteHorse,scavenge,2327,48822,2026-10-03
1577526619,DerOssi,scavenge,2328,48788,2026-09-15
1577158435,DerBote31,scavenge,2329,48731,2026-09-29
10120799,Dyannik,scavenge,2330,48654,2026-09-16
1577532616,moonlit,scavenge,2331,48615,2026-09-30
1577519745,cellybeast,scavenge,2332,48606,2026-09-30
1577547072,spacejovi,scavenge,2333,48460,2026-09-29
1577507229,Velret,scavenge,2334,48447,2026-08-30
1577111565,Megatron,scavenge,2335,48394,2026-09-23
1577418556,Bernbo,scavenge,2336,48339,2026-08-30
1577330585,OLVus,scavenge,2337,48333,2026-09-29
7624103,Nervix,scavenge,2338,48250,2026-09-24
1577444111,Playaaa2509,scavenge,2339,48247,2026-09-07
1625880,Karl der Kaefer99,scavenge,2340,48215,2026-09-29
8475251,hasenkrieger98,scavenge,2341,48191,2026-09-17
1716929,schwarzer kauz,scavenge,2342,48171,2026-09-17
8120170,Lord Diggnsagg,scavenge,2343,48137,2026-10-01
1577492985,boecksiflo,scavenge,2344,48135,2026-09-12
9514208,Kohut,scavenge,2345,48122,2026-09-13
1577533993,OwenPro99,scavenge,2346,48120,2026-10-02
2460140,Lukso,scavenge,2347,48052,2026-09-28
131441,Lübby,scavenge,2348,48036,2026-09-30
1577542431,Schweisser,scavenge,2349,48000,2026-09-20
8059172,kendo01,scavenge,2350,47999,2026-09-20
1382731,Nicola111,scavenge,2351,47951,2026-09-11
1577538820,Regina Gloser,scavenge,2352,47944,2026-10-02
9076589,Nissius,scavenge,2353,47936,2026-10-03
1577531621,Knoobs92,scavenge,2354,47852,2026-09-28
10113203,Saklus,scavenge,2355,47768,2026-09-30
10260675,König Heni,scavenge,2356,47741,2026-09-10
1577174132,Vorschlaghammer1887,scavenge,2357,47732,2026-09-30
1577322471,BashYou,scavenge,2358,47717,2026-09-19
1576015297,WhitePunch,scavenge,2359,47686,2026-09-15
1577128585,Derores,scavenge,2360,47658,2026-09-17
8255635,*New-S-T*,scavenge,2361,47644,2026-09-30
1577507721,Vrekawik,scavenge,2362,47542,2026-08-30
1576838199,der.fremde,scavenge,2363,47534,2026-09-02
1576655807,JibrilBestWaifu,scavenge,2364,47483,2026-09-09
1576534956,mad man maddi,scavenge,2365,47404,2026-09-25
1577455373,Davus der Älteste,scavenge,2366,47375,2026-10-02
1577547896,Devastator,scavenge,2367,47334,2026-10-03
1576173553,raukada,scavenge,2368,47246,2026-09-05
299371,pwnd,scavenge,2369,47245,2026-10-02
1577542409,Lord Fischer92,scavenge,2370,47183,2026-09-11
1577396088,Kingsgedings,scavenge,2371,47124,2026-09-15
1577416318,Noe99,scavenge,2372,47118,2026-09-18
1577312291,Moritzo,scavenge,2373,47117,2026-09-14
1577545657,manashan6347,scavenge,2374,47049,2026-10-01
7904967,East India Company,scavenge,2375,47033,2026-09-29
1577500366,xApathetic,scavenge,2376,46988,2026-09-16
1577380217,The Machine,scavenge,2377,46916,2026-09-17
8564063,Seebiii,scavenge,2378,46885,2026-09-24
1577513377,Fistiii,scavenge,2379,46848,2026-09-28
1577455378,grubbel,scavenge,2380,46846,2026-09-16
1576176852,Graf Fürstenberg,scavenge,2381,46780,2026-09-30
1577444600,LordVapiranos,scavenge,2382,46736,2026-09-04
1577536827,Grusskarte,scavenge,2383,46722,2026-09-17
8168972,harigen09,scavenge,2384,46714,2026-09-08
1577540860,Niklas3101,scavenge,2385,46700,2026-10-02
1577443995,Nucius,scavenge,2386,46658,2026-10-03
1577534580,Don Jörgo,scavenge,2387,46639,2026-09-19
1577545530,flamingfury,scavenge,2388,46599,2026-09-27
10278747,Thilias,scavenge,2389,46594,2026-10-03
1577307044,Carnalito,scavenge,2390,46558,2026-09-08
1577546143,Sebi.81,scavenge,2391,46528,2026-10-02
1577182459,DarkDenis86,scavenge,2392,46509,2026-09-16
1577370754,Pilzkopfseeadler,scavenge,2393,46499,2026-09-11
1577538935,Anton,scavenge,2394,46493,2026-09-20
1577534685,JulianB,scavenge,2395,46465,2026-08-30
8412736,dilma,scavenge,2396,46451,2026-09-22
1577547180,MeineFraese,scavenge,2397,46430,2026-10-03
1577510861,Sertav,scavenge,2398,46386,2026-09-01
1576378335,BasherTime,scavenge,2399,46376,2026-09-06
8792368,Maximo 10,scavenge,2400,46369,2026-10-02
1577490264,Snakehead III,scavenge,2401,46338,2026-10-01
10088655,Fiipsii,scavenge,2402,46337,2026-09-27
10138043,Der Frosthauch des Todes,scavenge,2403,46257,2026-09-08
1102804,Unicorn Pink Fluffy,scavenge,2404,46254,2026-08-31
1577434601,InDyeGsicht95,scavenge,2405,46215,2026-09-27
1577526330,Kphlar,scavenge,2406,46198,2026-09-29
1575940519,Oger1991,scavenge,2407,46129,2026-09-30
1576095183,xRazor1209,scavenge,2408,46127,2026-09-16
1577141887,redtiger,scavenge,2409,46087,2026-09-30
1577532889,Gregor Wirth,scavenge,2410,46077,2026-09-01
1577526972,XTw1X,scavenge,2411,46070,2026-09-26
1577406365,Meister Kruk,scavenge,2412,46068,2026-09-19
1577546110,Bifteky,scavenge,2413,46064,2026-10-03
1577462233,Shrike,scavenge,2414,46050,2026-09-22
1577513715,cascade,scavenge,2415,45968,2026-10-01
1577423469,FB11,scavenge,2416,45952,2026-09-22
1577358127,Wardog,scavenge,2417,45906,2026-10-02
10277944,Buchling,scavenge,2418,45867,2026-10-03
1577530473,Krachbummente,scavenge,2419,45832,2026-09-30
1577499950,Bach,scavenge,2420,45825,2026-09-24
1576462603,AngelofDoom,scavenge,2421,45756,2026-09-03
1577245043,Active,scavenge,2422,45718,2026-09-18
1577423468,Heros,scavenge,2423,45715,2026-09-05
1167086,green-girl,scavenge,2424,45668,2026-09-19
1577543216,Vandair,scavenge,2425,45642,2026-10-02
1576733612,Morrighan,scavenge,2426,45611,2026-09-22
1577411614,Drobe,scavenge,2427,45591,2026-10-01
1577487765,Awantii09,scavenge,2428,45588,2026-09-29
1577542227,Don Lennart,scavenge,2429,45529,2026-10-02
1577491153,angelina,scavenge,2430,45525,2026-09-10
1576065532,KINI der Pate,scavenge,2431,45466,2026-09-25
1577380363,WildDogs,scavenge,2432,45451,2026-09-13
1577460551,Ethold,scavenge,2433,45444,2026-09-18
1577546517,Stonefox,scavenge,2434,45323,2026-10-03
1577507321,Dalmuk,scavenge,2435,45299,2026-08-30
8760631,Annameh,scavenge,2436,45288,2026-09-29
1577544239,Ansatsu,scavenge,2437,45285,2026-09-30
1577405688,Galnok,scavenge,2438,45231,2026-09-13
1577545347,Andy0815,scavenge,2439,45208,2026-09-21
1576513180,Catgirl,scavenge,2440,45164,2026-09-29
1577437369,YPG-001,scavenge,2441,45085,2026-09-07
1577444603,WumpusMaximus,scavenge,2442,45063,2026-09-02
8850243,Thomax56,scavenge,2443,45014,2026-09-15
1576873620,Lord Stutentreiber,scavenge,2444,45009,2026-09-23
1577512450,Kampfkeks87,scavenge,2445,44994,2026-09-30
1577352248,Blocker,scavenge,2446,44985,2026-09-19
1577538849,daniS34,scavenge,2447,44966,2026-09-18
2100127,SkullFull,scavenge,2448,44964,2026-09-09
1577440777,ErEk,scavenge,2449,44951,2026-10-03
1577510941,Quaster,scavenge,2450,44899,2026-08-30
8269463,Freckled,scavenge,2451,44894,2026-09-25
1577512062,Aleksandar,scavenge,2452,44875,2026-10-01
1577367686,Fuldam,scavenge,2453,44870,2026-09-01
1520704,Andy2905,scavenge,2454,44858,2026-09-15
1640849,METZGER GUIDO,scavenge,2455,44841,2026-09-11
1577127089,Karl Heinz,scavenge,2456,44831,2026-09-14
1577423703,hashtag,scavenge,2457,44722,2026-09-10
1577248822,Toad,scavenge,2458,44685,2026-10-02
794331,roddickma,scavenge,2459,44644,2026-09-08
1577486535,DerLetzteLöffel,scavenge,2460,44543,2026-09-30
1577536347,GerMainHD,scavenge,2461,44520,2026-10-02
1577535793,AlexisGaming,scavenge,2462,44520,2026-09-30
1577523611,Carty McSchinken,scavenge,2463,44520,2026-10-01
1577248476,Chefmoss,scavenge,2464,44492,2026-10-03
8726438,Mr.Greeeny,scavenge,2465,44468,2026-10-03
1577280535,MangoTraube3,scavenge,2466,44401,2026-10-01
1576652508,marv2206,scavenge,2467,44395,2026-10-03
1577535163,coalswimmer,scavenge,2468,44388,2026-08-30
1577397211,Dezzys1994,scavenge,2469,44379,2026-09-07
1577544007,Lord NachtSchatten,scavenge,2470,44375,2026-09-10
1100582,Kowest,scavenge,2471,44359,2026-09-09
1577521738,Hillerinhooo,scavenge,2472,44256,2026-09-01
1577426624,Kleibo98,scavenge,2473,44254,2026-09-08
549261,usherle,scavenge,2474,44245,2026-09-15
1577523822,Derrick der Don,scavenge,2475,44212,2026-09-28
540087,Alexej23,scavenge,2476,44181,2026-10-01
1577112204,LordKempf,scavenge,2477,44175,2026-09-29
2652136,Sandra34,scavenge,2478,44166,2026-09-10
1577419227,Raphi66,scavenge,2479,44156,2026-09-13
1577546150,LordJeremy,scavenge,2480,44149,2026-10-02
1577450671,fl8rian,scavenge,2481,44112,2026-09-09
1577534514,wgmoptto,scavenge,2482,44049,2026-08-30
1577356042,jimmiwhopper,scavenge,2483,44044,2026-09-22
1577386883,paussei,scavenge,2484,44033,2026-09-16
1577506386,Ree0,scavenge,2485,44025,2026-09-10
8255587,BlackMonsters,scavenge,2486,44012,2026-10-01
1577412941,Hornet0997,scavenge,2487,44001,2026-09-22
8231565,Telegrafix,scavenge,2488,44000,2026-09-15
1577534474,Steger,scavenge,2489,43983,2026-08-30
1577222240,Dr.Feelgood,scavenge,2490,43972,2026-09-21
1577536459,pampersbomber,scavenge,2491,43945,2026-10-02
1577062835,Diego Maradona,scavenge,2492,43912,2026-09-22
1577532387,wate242rkhan,scavenge,2493,43910,2026-08-30
1577376383,Hollerblüte,scavenge,2494,43888,2026-09-20
1577507241,Kamion,scavenge,2495,43882,2026-08-29
1577103522,Flexxiitt,scavenge,2496,43858,2026-08-30
9662289,Krawallbruder,scavenge,2497,43845,2026-10-03
1577102106,Ncohsl,scavenge,2498,43809,2026-09-30
1577543015,beatnick,scavenge,2499,43773,2026-09-23
9488902,-Tufak-,scavenge,2500,43767,2026-09-29
1577537070,TitanT,scavenge,2501,43660,2026-10-02
7717016,MMonstrum,scavenge,2502,43655,2026-09-25
9170540,Mausebär69,scavenge,2503,43618,2026-09-14
1577538208,FelixXVI,scavenge,2504,43592,2026-10-02
1577546660,Geomio,scavenge,2505,43572,2026-10-03
1577067968,Niiesii,scavenge,2506,43561,2026-09-15
1577181313,michelschroer,scavenge,2507,43468,2026-08-30
1577507726,Brockahal,scavenge,2508,43433,2026-08-30
1577535357,dondiesel1,scavenge,2509,43418,2026-09-29
46212,Ragewear,scavenge,2510,43416,2026-09-25
1577397456,Türsteher,scavenge,2511,43383,2026-09-09
1577540754,Valkyriie,scavenge,2512,43358,2026-09-28
1577248732,Thor25,scavenge,2513,43347,2026-09-30
1577461838,DerVarnical,scavenge,2514,43324,2026-09-10
1577545717,LorenzoVonMatterhorn93,scavenge,2515,43324,2026-10-03
1577372251,50Flow,scavenge,2516,43288,2026-09-14
1577060580,Rimduin,scavenge,2517,43275,2026-09-03
1576706178,xSt0rmx,scavenge,2518,43262,2026-10-03
1577542740,Kinkibell,scavenge,2519,43260,2026-09-27
1577349725,K4mpfk3ks,scavenge,2520,43234,2026-09-04
1576476421,Iron Hero,scavenge,2521,43196,2026-09-30
1577348851,Kaiser Franz,scavenge,2522,43185,2026-09-28
9892468,King Conan,scavenge,2523,43166,2026-09-12
1577533971,SerhatDerGroße,scavenge,2524,43150,2026-09-29
2969224,soulmaster666,scavenge,2525,43134,2026-09-20
1577529901,Die Tafelrunde,scavenge,2526,43097,2026-09-06
1576491732,NameIstPr0gramm,scavenge,2527,43051,2026-09-14
9915885,Pit1898,scavenge,2528,43036,2026-09-26
1577543742,Boob,scavenge,2529,43020,2026-09-15
705747,Don-Killa,scavenge,2530,43013,2026-09-19
947376,bigboy01,scavenge,2531,42981,2026-09-19
1577185564,are you scar7d?,scavenge,2532,42973,2026-08-30
1577299867,See You In Valhalla,scavenge,2533,42954,2026-09-10
1577539353,Astrotim,scavenge,2534,42838,2026-09-15
1577538355,Parkett,scavenge,2535,42803,2026-09-25
9237991,nevs25,scavenge,2536,42728,2026-09-15
1577545253,Deranz,scavenge,2537,42679,2026-10-02
1577507388,Khemmyl,scavenge,2538,42670,2026-08-30
1577165089,Skurima,scavenge,2539,42621,2026-09-28
1577457436,DaddelDrache,scavenge,2540,42618,2026-10-03
7715742,H1N1ko,scavenge,2541,42512,2026-09-27
1577455870,M0ng0se,scavenge,2542,42464,2026-09-19
1576823565,DVD91,scavenge,2543,42394,2026-09-29
8254079,Sennid,scavenge,2544,42303,2026-09-01
3459464,Wangerooge,scavenge,2545,42255,2026-09-17
1577518034,Wahnfried 1.,scavenge,2546,42195,2026-09-20
8217072,Lo Gxbox,scavenge,2547,42190,2026-09-22
1577486890,sung jin woo,scavenge,2548,42188,2026-09-12
1577413927,Mattl Gande,scavenge,2549,42188,2026-09-18
1577222045,Janusch79,scavenge,2550,42153,2026-09-13
1577542308,Hero 0815,scavenge,2551,42125,2026-09-24
1576396374,GERISIM,scavenge,2552,42121,2026-10-02
9979838,II Babu II,scavenge,2553,42066,2026-10-01
9669578,Vogi98,scavenge,2554,42063,2026-09-30
9147907,WartsABerKILLTdich,scavenge,2555,42041,2026-09-19
1577485194,goodfella93,scavenge,2556,42021,2026-10-03
8886769,Alkaline08,scavenge,2557,42000,2026-09-30
1576079866,nohi,scavenge,2558,41981,2026-09-22
1577408275,chrisire1,scavenge,2559,41975,2026-09-11
1594795,Soldat Kreei,scavenge,2560,41973,2026-09-15
1577414967,Hartung von Schaffenburg,scavenge,2561,41970,2026-09-20
1577313794,Sick Scatbob,scavenge,2562,41889,2026-09-13
1577538471,LordLuga,scavenge,2563,41880,2026-09-29
10287096,jackson13,scavenge,2564,41872,2026-09-14
1577436271,ProGamer92,scavenge,2565,41869,2026-09-30
10026606,FAiRNiS,scavenge,2566,41730,2026-10-03
3085501,WuestenFuchss,scavenge,2567,41718,2026-10-02
9353209,deffonly-,scavenge,2568,41698,2026-09-10
1577505432,wolfman,scavenge,2569,41629,2026-09-29
9853713,LordMick,scavenge,2570,41628,2026-10-02
1577514758,Madze,scavenge,2571,41600,2026-09-20
1807708,Erik Odinson,scavenge,2572,41559,2026-10-03
1577542273,Lord Vladimir,scavenge,2573,41494,2026-09-25
1576696541,Bäämm,scavenge,2574,41479,2026-09-29
1577545876,Arbeitszeitbetrügerin,scavenge,2575,41436,2026-09-27
1577447783,Mark51,scavenge,2576,41399,2026-09-20
1577232846,Dusted95,scavenge,2577,41345,2026-09-22
1577420941,Jukkapekka,scavenge,2578,41276,2026-10-01
1577449974,Auryn45,scavenge,2579,41258,2026-10-02
1577528437,SirAlaric,scavenge,2580,41209,2026-09-20
1577289708,KloFisch,scavenge,2581,41165,2026-10-03
986329,NoArch,scavenge,2582,41164,2026-09-17
1577499309,Cortana01,scavenge,2583,41148,2026-09-04
1577386233,Frantic8th,scavenge,2584,41132,2026-10-01
1577499456,VonHinten,scavenge,2585,41105,2026-10-03
1577544857,DonFaboss76,scavenge,2586,41099,2026-09-15
1577546920,Prayer90,scavenge,2587,41051,2026-09-28
1577546022,RobertHabeck,scavenge,2588,41035,2026-10-03
1577453770,Babyphone,scavenge,2589,41022,2026-09-15
1577483702,Feuerdolch,scavenge,2590,41000,2026-09-29
1577536346,Magnum420,scavenge,2591,40954,2026-09-28
1577382288,DishonorOnYou,scavenge,2592,40945,2026-09-19
1577544539,Lord von Luc,scavenge,2593,40925,2026-09-15
1577545855,ryoodorfking69,scavenge,2594,40923,2026-09-21
1576079416,Handel und Gretel,scavenge,2595,40854,2026-09-13
2722276,Jöel,scavenge,2596,40827,2026-10-03
1577076729,papaholger,scavenge,2597,40813,2026-09-07
1577533897,SophiaPvP,scavenge,2598,40755,2026-10-03
1577433341,juju-kek,scavenge,2599,40755,2026-10-03
2201913,freddy1972,scavenge,2600,40730,2026-09-18
1577237518,poxaca,scavenge,2601,40717,2026-09-30
1125583,Mickylein,scavenge,2602,40690,2026-09-15
1577539656,ayone,scavenge,2603,40673,2026-10-03
1577044518,El Amigo,scavenge,2604,40647,2026-09-04
1577323954,DieTommis,scavenge,2605,40600,2026-09-26
1576450370,NoL1fer,scavenge,2606,40563,2026-09-16
1577535521,KlausvomMars,scavenge,2607,40500,2026-09-08
1577545898,RainerWahnsinn,scavenge,2608,40475,2026-09-20
1577329528,Muuske,scavenge,2609,40470,2026-10-02
1577331107,MasterJxD,scavenge,2610,40452,2026-09-23
1576654562,DreamTeamS,scavenge,2611,40445,2026-09-10
1577445942,Waterman,scavenge,2612,40409,2026-09-23
96264,Vatti,scavenge,2613,40364,2026-10-03
1577419521,SplashiX,scavenge,2614,40327,2026-09-11
1577527628,Sir Garfield,scavenge,2615,40279,2026-09-30
1577194494,hamster97,scavenge,2616,40237,2026-09-26
9704671,roter chaot,scavenge,2617,40235,2026-10-03
8860225,scirocco09,scavenge,2618,40204,2026-09-23
1577539200,GUYSTER,scavenge,2619,40198,2026-10-03
1577532642,PontiusPenatus,scavenge,2620,40071,2026-10-02
1015155,bjrn202000,scavenge,2621,40068,2026-09-15
8039657,nso1,scavenge,2622,40063,2026-09-26
1577544299,Jilash,scavenge,2623,40060,2026-10-01
1576819504,NutzPunsch,scavenge,2624,40019,2026-09-06
1576497454,LightningMcQueen,scavenge,2625,39862,2026-09-14
1577541027,Held79,scavenge,2626,39850,2026-10-03
1577489865,Hated,scavenge,2627,39826,2026-09-09
1577300585,Citi,scavenge,2628,39806,2026-09-27
1577129674,DerMüdeJoe,scavenge,2629,39771,2026-09-17
1577530897,tom57,scavenge,2630,39750,2026-09-29
1576902492,LeiderGeil,scavenge,2631,39750,2026-10-03
1577535140,wunderlich,scavenge,2632,39726,2026-10-02
9860046,stricher25,scavenge,2633,39724,2026-09-10
1577517228,TheFlow,scavenge,2634,39651,2026-10-03
1577522385,Dr Schulle,scavenge,2635,39592,2026-09-20
632653,Sepp von Drazdany,scavenge,2636,39535,2026-09-29
1577522623,NoEscape,scavenge,2637,39515,2026-09-30
1577512976,cribii,scavenge,2638,39506,2026-09-25
1577543993,Der Tiger,scavenge,2639,39455,2026-10-01
1577546927,Lord13,scavenge,2640,39435,2026-10-02
9805903,Medusia,scavenge,2641,39425,2026-09-07
1577404687,LucaDaaa,scavenge,2642,39360,2026-10-03
1577099251,cronos67,scavenge,2643,39310,2026-09-29
2682450,Shuuhei,scavenge,2644,39273,2026-09-09
1577334976,Acidrain23,scavenge,2645,39237,2026-09-21
369544,king pani,scavenge,2646,39193,2026-10-02
8141336,hajuwo,scavenge,2647,39183,2026-09-15
1577532962,majorjulian,scavenge,2648,39143,2026-10-03
8678939,Miggatron,scavenge,2649,39129,2026-09-26
1577258251,zapanek,scavenge,2650,39103,2026-09-12
1577544898,AdrSch,scavenge,2651,39100,2026-09-10
1577536938,Jonesy671,scavenge,2652,38978,2026-10-01
1577485482,SnackAttackJack,scavenge,2653,38955,2026-09-27
1577485146,EchoNull00,scavenge,2654,38955,2026-09-30
1577535794,DarrenGaming,scavenge,2655,38955,2026-09-30
1577513628,Der Rote Baron 2,scavenge,2656,38851,2026-09-18
1577342313,Weedstar510,scavenge,2657,38819,2026-09-18
1577514863,Prinzlove,scavenge,2658,38794,2026-09-21
1577066459,bigdaddy19670,scavenge,2659,38737,2026-09-21
9594338,andi97912,scavenge,2660,38689,2026-09-16
1577499715,Christof 1812,scavenge,2661,38668,2026-09-16
1577278987,Streussel88,scavenge,2662,38645,2026-08-31
1577544166,Dr. BOB,scavenge,2663,38624,2026-09-27
1577531228,sven-s,scavenge,2664,38611,2026-10-01
1577393136,Almanovic,scavenge,2665,38603,2026-09-30
1577537681,Jütti,scavenge,2666,38553,2026-09-13
1577520977,INT3LD3AD,scavenge,2667,38505,2026-09-24
9108586,schnauzevollnix,scavenge,2668,38493,2026-09-29
1577238546,19stiffler06,scavenge,2669,38488,2026-09-05
1577458834,IlIlIlIlI,scavenge,2670,38475,2026-09-21
2663633,Usbekistan,scavenge,2671,38440,2026-09-22
1577502359,itstschanina,scavenge,2672,38440,2026-09-09
1577108159,.007,scavenge,2673,38432,2026-10-01
1577524921,Inaktiv,scavenge,2674,38408,2026-09-27
8771557,OGVMKA,scavenge,2675,38400,2026-10-02
1577354645,Bigfood,scavenge,2676,38400,2026-09-18
1577535053,Mangoschmilch,scavenge,2677,38356,2026-09-21
1577544883,Vigilante,scavenge,2678,38355,2026-09-20
16262,Nodor,scavenge,2679,38350,2026-09-29
1577389913,Pitbull2701,scavenge,2680,38338,2026-10-03
8743494,Lotterjan,scavenge,2681,38320,2026-10-03
1576539242,raphael1602,scavenge,2682,38313,2026-09-28
1577526585,RedQueen,scavenge,2683,38284,2026-09-28
2415593,chemische stadt,scavenge,2684,38273,2026-09-02
1577539343,Aslan46,scavenge,2685,38215,2026-09-27
1577530607,Iqualin1979,scavenge,2686,38189,2026-10-02
1577074133,Teckplayer,scavenge,2687,38161,2026-10-01
1577542298,lazli61,scavenge,2688,38135,2026-09-14
1577354066,SexyHexi,scavenge,2689,38132,2026-09-18
9773638,otto67,scavenge,2690,38114,2026-09-30
1576944265,taubelol,scavenge,2691,38050,2026-09-25
1577539136,Trakyali59,scavenge,2692,38040,2026-08-31
1577039235,KamelDieb,scavenge,2693,38009,2026-09-24
1577543603,CupImCup,scavenge,2694,38006,2026-09-08
1577528485,Flungus,scavenge,2695,37983,2026-09-20
1577545718,Knight of Cydonia,scavenge,2696,37973,2026-10-03
1577539932,Sophakuchen,scavenge,2697,37966,2026-09-28
1577499447,wuffi22,scavenge,2698,37952,2026-09-24
1577532511,Nejdem,scavenge,2699,37927,2026-09-20
1577546198,liamthelegend,scavenge,2700,37890,2026-10-01
51578,CrashTestDummy,scavenge,2701,37887,2026-09-20
9082103,Pro7.,scavenge,2702,37873,2026-10-02
1577401927,Manolito2,scavenge,2703,37860,2026-09-30
1577313798,Womb Spaso,scavenge,2704,37853,2026-09-25
446010,***Border***,scavenge,2705,37745,2026-09-25
9385114,Dazimir,scavenge,2706,37738,2026-09-24
1576967225,Graf Bezuchov,scavenge,2707,37718,2026-09-29
1576396215,Poel,scavenge,2708,37709,2026-10-01
1577303143,robsen3011,scavenge,2709,37624,2026-09-24
1577527032,Misguided,scavenge,2710,37603,2026-09-22
1577227865,hixs,scavenge,2711,37588,2026-09-16
1577061017,wuestenfuchs93,scavenge,2712,37555,2026-10-01
1577238536,ShadowHunter88,scavenge,2713,37493,2026-09-26
1577326173,HIFYM,scavenge,2714,37458,2026-09-27
1577510898,MC Hammer,scavenge,2715,37447,2026-10-02
1577538939,Wandschrank29,scavenge,2716,37445,2026-09-30
1577094661,Marie0504,scavenge,2717,37414,2026-10-03
7707065,Da Julien,scavenge,2718,37414,2026-09-23
10069751,.JohnWayne,scavenge,2719,37409,2026-09-13
1577530748,werderschaf,scavenge,2720,37407,2026-09-10
1577542932,TobbyTobsen37,scavenge,2721,37395,2026-09-25
9214215,peper123,scavenge,2722,37381,2026-09-25
9533770,aimmarkx3,scavenge,2723,37362,2026-09-13
8363828,lord fussl,scavenge,2724,37338,2026-09-13
1577532506,Cocolinko,scavenge,2725,37297,2026-09-27
9704970,Lucifer,scavenge,2726,37251,2026-10-03
1577520196,PefferSalz,scavenge,2727,37224,2026-09-12
1576028960,Gundelchen,scavenge,2728,37209,2026-09-22
1577027971,JonnyK24,scavenge,2729,37188,2026-09-09
8135599,Adler23,scavenge,2730,37141,2026-09-18
1577547033,animaTe,scavenge,2731,37123,2026-10-02
1577396604,Pflegefall88,scavenge,2732,37115,2026-10-03
1577206901,Edku,scavenge,2733,37111,2026-10-02
1577546411,koor,scavenge,2734,37083,2026-10-02
1577539907,MorrisPhil,scavenge,2735,37060,2026-09-22
1576942861,Gremlinseye,scavenge,2736,37005,2026-10-03
1576244879,arijen90,scavenge,2737,36985,2026-09-26
2022683,Tim20051,scavenge,2738,36948,2026-09-30
9491819,Luk7506,scavenge,2739,36945,2026-10-03
8247237,kokojo3,scavenge,2740,36900,2026-09-17
1577483801,snoopy666,scavenge,2741,36890,2026-09-27
1577542808,M00npieHN,scavenge,2742,36878,2026-10-01
1577545252,Phil98,scavenge,2743,36838,2026-09-23
1577445649,BennoZ,scavenge,2744,36825,2026-10-02
1577545146,Jogu,scavenge,2745,36805,2026-10-01
1577537630,KatapultVerleihOst,scavenge,2746,36720,2026-09-22
9114927,Lord off Ring,scavenge,2747,36700,2026-09-24
1577351193,marto,scavenge,2748,36683,2026-09-02
1577545782,ebudroy,scavenge,2749,36680,2026-09-22
409237,Der Phönix ist da,scavenge,2750,36650,2026-09-19
9592232,Moaddl****,scavenge,2751,36638,2026-10-03
1577090861,LegendKiller,scavenge,2752,36633,2026-10-01
1577544545,xArathon,scavenge,2753,36548,2026-09-20
1577455151,Mdansci,scavenge,2754,36482,2026-09-01
1577393712,A007,scavenge,2755,36430,2026-09-18
1577380706,Rami481,scavenge,2756,36410,2026-09-29
1838107,Botuser,scavenge,2757,36364,2026-09-01
1577490243,sikama,scavenge,2758,36279,2026-09-17
1577325883,Andreas1307,scavenge,2759,36250,2026-09-22
9275232,MARVINMARTIAN,scavenge,2760,36245,2026-09-25
8149229,andiiih,scavenge,2761,36240,2026-09-26
9779516,schwarenegg,scavenge,2762,36219,2026-09-29
1577505385,Saladin94,scavenge,2763,36216,2026-09-16
2560315,sappilein,scavenge,2764,36188,2026-10-03
1577076731,Merowinger,scavenge,2765,36128,2026-09-22
1577360945,lorddone,scavenge,2766,36053,2026-09-19
1577543181,Dassautoo,scavenge,2767,36033,2026-09-15
1576828404,rosenbluete22,scavenge,2768,36020,2026-09-17
1577380860,phil2305,scavenge,2769,36001,2026-09-28
984470,knorzer,scavenge,2770,35928,2026-10-03
9387446,königlennard1,scavenge,2771,35829,2026-10-03
1577541053,emrenullsieben,scavenge,2772,35798,2026-09-24
1577517087,Schmohl,scavenge,2773,35764,2026-09-27
1577412013,Phil Losoph,scavenge,2774,35760,2026-09-12
8515756,Seuchenmord,scavenge,2775,35746,2026-09-07
1577544769,Nicedmg98,scavenge,2776,35680,2026-09-08
1577543602,maxxrichaard,scavenge,2777,35664,2026-09-12
1575955688,rupple,scavenge,2778,35650,2026-09-14
9442447,snowdruss,scavenge,2779,35644,2026-09-04
1577300215,shell87,scavenge,2780,35581,2026-10-03
2467275,potiguar1974,scavenge,2781,35568,2026-09-12
1577546233,AangButtertAzula,scavenge,2782,35554,2026-10-02
1577231003,SchoggiPanzer,scavenge,2783,35540,2026-09-01
1577546368,Tario94,scavenge,2784,35518,2026-10-01
1577445047,reiks,scavenge,2785,35494,2026-09-30
1577530604,Tygerkrax,scavenge,2786,35465,2026-08-31
9478306,AfgBoyS,scavenge,2787,35457,2026-10-03
1577539611,*Rumpelstilzchen*,scavenge,2788,35410,2026-09-17
1577047091,HardcoreSuchti,scavenge,2789,35282,2026-10-03
1577509322,Melia,scavenge,2790,35195,2026-09-17
1577400372,yebnako,scavenge,2791,35193,2026-09-12
1577515846,KAANISTAN,scavenge,2792,35155,2026-10-02
211951,eurofighter89,scavenge,2793,35150,2026-09-11
1577544432,usgZombie,scavenge,2794,35086,2026-09-16
10251603,lowzz,scavenge,2795,35040,2026-09-23
1577237519,kakek,scavenge,2796,34984,2026-09-30
1577464811,Ratohym,scavenge,2797,34983,2026-09-08
1577247011,Yamila,scavenge,2798,34962,2026-09-08
1577520206,Stamm,scavenge,2799,34822,2026-10-01
2656458,Der Rächer der H.,scavenge,2800,34812,2026-09-21
1577545704,Warners Brothers*,scavenge,2801,34793,2026-09-22
1577545853,Johnboyy,scavenge,2802,34783,2026-10-01
8924265,David Ross,scavenge,2803,34769,2026-10-03
1577408728,Fabslx12,scavenge,2804,34765,2026-09-10
1577547610,DieGelbeWand1909,scavenge,2805,34758,2026-10-03
1577545764,Miraak95,scavenge,2806,34758,2026-09-29
1577530783,Kryolith,scavenge,2807,34606,2026-09-10
1577544221,Königin Nasusa,scavenge,2808,34600,2026-09-23
1576122141,Swapmeet,scavenge,2809,34586,2026-09-27
419879,quiter,scavenge,2810,34571,2026-10-02
8344598,Lord Trigger,scavenge,2811,34561,2026-09-22
10282079,sirbatro72,scavenge,2812,34551,2026-09-21
1577546883,Mittelaltergangster,scavenge,2813,34538,2026-09-25
1577534955,Finley1337,scavenge,2814,34533,2026-09-29
1577489820,flo25565,scavenge,2815,34528,2026-09-29
1577409450,Fighter4Real,scavenge,2816,34521,2026-10-01
7668055,EZhome,scavenge,2817,34503,2026-09-09
1576805404,Shazar47,scavenge,2818,34498,2026-09-28
2342017,Hanftiger,scavenge,2819,34460,2026-09-04
1577422221,OptimusBlack69,scavenge,2820,34456,2026-09-07
1576689785,samm,scavenge,2821,34455,2026-09-15
1577439573,Kirchi93,scavenge,2822,34400,2026-09-21
1577546064,Crypto,scavenge,2823,34380,2026-09-16
1577353891,Der Wüstenfuchs,scavenge,2824,34379,2026-10-03
1577247987,SirStone88,scavenge,2825,34354,2026-10-03
1577113388,bosenbo,scavenge,2826,34326,2026-09-19
1577546881,PENDEJO,scavenge,2827,34295,2026-10-02
272291,good punisher,scavenge,2828,34266,2026-08-29
9101668,Magic Catweazle,scavenge,2829,34263,2026-09-28
2322208,larsistdumm,scavenge,2830,34245,2026-10-03
63348,Konv,scavenge,2831,34240,2026-09-27
1577535747,Schlaubi,scavenge,2832,34220,2026-09-06
1576623132,TheChaosCaptain,scavenge,2833,34203,2026-09-23
8084861,Y nnik 2468,scavenge,2834,34193,2026-09-21
1576473122,Lady Athene die Erste,scavenge,2835,34152,2026-09-27
1577398512,Lucifer mortuus diabulus,scavenge,2836,34118,2026-10-03
9503234,karllder,scavenge,2837,34103,2026-09-23
1577442999,Mofaklaus,scavenge,2838,34080,2026-09-06
1577537583,Ragnock,scavenge,2839,34064,2026-10-01
1577429449,*srm*,scavenge,2840,34059,2026-09-15
1916922,yv77,scavenge,2841,34018,2026-10-01
1577035038,KobeerBryant,scavenge,2842,34010,2026-09-10
1577514267,rash39,scavenge,2843,34009,2026-09-14
1577355782,Loris1904,scavenge,2844,34003,2026-09-09
1577544065,MINIMUS,scavenge,2845,34000,2026-09-30
1577278764,PId1577278764,scavenge,2846,33989,2026-09-18
1577543096,Grischä,scavenge,2847,33915,2026-09-29
1576990782,falke9911,scavenge,2848,33881,2026-09-29
1577521102,gigantischkostbarertapir,scavenge,2849,33867,2026-10-03
1577250846,Gumble1983,scavenge,2850,33842,2026-09-22
1577498200,Golfi37,scavenge,2851,33811,2026-09-17
1576985105,Ikkaku,scavenge,2852,33776,2026-09-29
1577357520,MoreSpeck,scavenge,2853,33728,2026-09-29
1577396380,Adichamp,scavenge,2854,33690,2026-09-17
1938959,Mecki96,scavenge,2855,33602,2026-10-03
1577505853,lCasperl,scavenge,2856,33585,2026-10-01
1577505625,Günni.Kologe69,scavenge,2857,33578,2026-09-28
8707259,silly27,scavenge,2858,33575,2026-09-28
1577430890,Jörn-Oliver,scavenge,2859,33556,2026-09-03
2797585,caesar1990,scavenge,2860,33510,2026-10-01
1577123936,WoCShadow,scavenge,2861,33500,2026-09-10
1577486818,General Lambo,scavenge,2862,33447,2026-09-29
1577504686,tran,scavenge,2863,33433,2026-09-02
1577525221,Liliadilidia,scavenge,2864,33390,2026-10-03
1577060442,ELTURKO61,scavenge,2865,33389,2026-09-14
1577545529,Bierbaron0815,scavenge,2866,33371,2026-10-02
1577289174,AngelofChaos92,scavenge,2867,33331,2026-09-30
1577546104,MR A1mAssist,scavenge,2868,33317,2026-09-30
9536436,keniboy89,scavenge,2869,33298,2026-09-11
1689796,Gandalf Silberbart,scavenge,2870,33259,2026-09-16
9691813,Capu u Keks,scavenge,2871,33253,2026-09-16
1576489397,Kamalinee,scavenge,2872,33250,2026-09-15
1577537363,Aerys II,scavenge,2873,33226,2026-10-03
1577542205,Der Trockner,scavenge,2874,33211,2026-09-14
1577368146,Lord KeineAhnungwas,scavenge,2875,33183,2026-09-12
3116062,torkiller,scavenge,2876,33157,2026-09-27
1577411476,Wisseee,scavenge,2877,33154,2026-10-02
1091740,BlackWitch83,scavenge,2878,33118,2026-09-20
9474313,VOSSI der Große,scavenge,2879,33100,2026-09-26
1577545674,holzeisen,scavenge,2880,33098,2026-10-02
10024612,Edduard Stark,scavenge,2881,33096,2026-09-28
1577341568,EmTee1905,scavenge,2882,33068,2026-09-28
1577546577,exlucker,scavenge,2883,33053,2026-09-23
1577348462,Polletti96,scavenge,2884,33051,2026-09-30
2629821,titchen,scavenge,2885,33043,2026-09-22
9559034,loddar2012,scavenge,2886,33034,2026-09-03
1577180990,merino,scavenge,2887,33018,2026-09-14
1576886455,Headshot80y,scavenge,2888,33000,2026-09-22
1577365391,Peanut Butta,scavenge,2889,32985,2026-10-02
1577545991,mache1991,scavenge,2890,32974,2026-09-19
1577530918,Mikesos,scavenge,2891,32911,2026-10-03
1577545972,Flo.,scavenge,2892,32869,2026-09-22
9970396,erna1967,scavenge,2893,32866,2026-09-23
2542603,**KingMeffi**,scavenge,2894,32851,2026-10-01
1577329285,MISS MARPLE77,scavenge,2895,32844,2026-09-11
1577397035,Liptonlemon,scavenge,2896,32841,2026-10-03
1577544145,Heinz Loidlbauer,scavenge,2897,32807,2026-09-06
1577440310,Magnetic,scavenge,2898,32776,2026-10-01
1577053574,Cryzoa,scavenge,2899,32768,2026-09-12
7921491,Tyr Anasazi,scavenge,2900,32752,2026-09-10
8096103,MasterofPeace,scavenge,2901,32699,2026-10-02
1577443732,Kuddl,scavenge,2902,32655,2026-09-28
1577365986,zztop,scavenge,2903,32478,2026-09-29
10040927,Herzog-Stiffler,scavenge,2904,32474,2026-09-06
2419698,Kendo1,scavenge,2905,32450,2026-09-29
1577540200,BabaSultanHaci,scavenge,2906,32448,2026-09-24
1577539900,Jackal1,scavenge,2907,32448,2026-09-28
9515129,Shania VI.,scavenge,2908,32403,2026-09-24
1006884,Skyhammer,scavenge,2909,32403,2026-09-15
9182416,DJ Networks,scavenge,2910,32400,2026-10-02
1577540329,Annixi,scavenge,2911,32388,2026-09-09
9804675,Mondwölfin,scavenge,2912,32354,2026-09-14
1577457424,corentin,scavenge,2913,32298,2026-09-23
1577433923,Okais95,scavenge,2914,32255,2026-09-18
1596362,15siggi,scavenge,2915,32250,2026-09-13
1577127281,Smeyer,scavenge,2916,32228,2026-09-23
9066175,rjb000,scavenge,2917,32206,2026-09-09
1577339237,W1ll1,scavenge,2918,32166,2026-09-22
1577546063,Charles XII,scavenge,2919,32135,2026-09-27
1577539178,edobhf96,scavenge,2920,32091,2026-09-02
2622884,Diesi95,scavenge,2921,32086,2026-09-12
1577546413,Blondie2009,scavenge,2922,32059,2026-10-03
1577539657,Kaiser Edward Newgate,scavenge,2923,32056,2026-09-29
1577397284,ThanathanMD,scavenge,2924,32050,2026-09-18
1577495320,jorge1234,scavenge,2925,32031,2026-09-28
1576639267,Strobbie,scavenge,2926,32015,2026-09-03
1577263330,Fairy Tale,scavenge,2927,31931,2026-09-20
1577533911,GNeutsch,scavenge,2928,31916,2026-10-01
1577546559,Mik93,scavenge,2929,31861,2026-10-01
1577546434,Problematique,scavenge,2930,31839,2026-09-27
1577547188,eichnest,scavenge,2931,31793,2026-10-02
1577541344,vurux,scavenge,2932,31759,2026-09-20
1577545656,none1409,scavenge,2933,31744,2026-10-02
1577496988,Simon21,scavenge,2934,31722,2026-09-08
9393737,xFameXx,scavenge,2935,31668,2026-10-01
1577408960,Mafiaboss,scavenge,2936,31665,2026-09-15
1576402134,Hasenburg,scavenge,2937,31598,2026-10-02
1575993768,Hexemaus,scavenge,2938,31537,2026-09-29
1576874427,Pineberry,scavenge,2939,31531,2026-09-17
10043516,Kratos der Mächtige,scavenge,2940,31530,2026-10-02
9666061,rodrigues66,scavenge,2941,31528,2026-10-01
1577533585,hjelster,scavenge,2942,31521,2026-10-02
1576614653,R3pl4y,scavenge,2943,31491,2026-09-29
1577538116,wiederhier0815,scavenge,2944,31475,2026-09-13
1576344740,drache 07,scavenge,2945,31402,2026-09-17
8841559,snakeman1236,scavenge,2946,31381,2026-09-28
1577544618,Pasiix,scavenge,2947,31321,2026-09-09
1577368517,AW1911NC,scavenge,2948,31298,2026-09-17
1577172863,Knoblauchbrot,scavenge,2949,31251,2026-09-29
1577370216,tayfoxi,scavenge,2950,31241,2026-09-29
1577464113,FLNALN,scavenge,2951,31212,2026-09-19
1577530567,Schwaeddy,scavenge,2952,31149,2026-09-11
724234,Neguri,scavenge,2953,31132,2026-09-21
1577535657,nXace,scavenge,2954,31100,2026-09-18
8551393,Sir Tobi von Gelderland,scavenge,2955,31087,2026-09-22
1577540413,Lord Tom67,scavenge,2956,31078,2026-10-02
1577543395,Jesterhead,scavenge,2957,31066,2026-10-02
1577209268,SirPatrickI,scavenge,2958,31031,2026-09-14
10273957,Casperqt,scavenge,2959,31029,2026-08-29
1577436002,LiPi92,scavenge,2960,31024,2026-09-08
1577546615,Schrotti3000,scavenge,2961,31008,2026-10-03
7621130,Chrisch33,scavenge,2962,30985,2026-10-03
1577539713,AntonXXVII,scavenge,2963,30980,2026-09-29
1577391757,lila86,scavenge,2964,30979,2026-09-22
1577515865,Eddie78,scavenge,2965,30963,2026-09-14
1576626206,Keks85,scavenge,2966,30942,2026-09-09
1577489957,Klappinski,scavenge,2967,30928,2026-09-15
1577509861,Grasshüpfer,scavenge,2968,30927,2026-10-02
8251401,Caprylic,scavenge,2969,30900,2026-10-02
8245875,wutzegickel,scavenge,2970,30900,2026-09-22
1577133696,Soldierofdeath,scavenge,2971,30885,2026-09-23
8009331,maxoma,scavenge,2972,30865,2026-09-18
1577413711,YAWAY,scavenge,2973,30857,2026-09-15
1576057874,BrianherodesJunior,scavenge,2974,30845,2026-09-30
1577097230,Loggarizm,scavenge,2975,30813,2026-09-18
1577455538,Der Terror,scavenge,2976,30793,2026-09-28
1577546705,Z KALAZIA,scavenge,2977,30783,2026-10-01
253790,OBIS,scavenge,2978,30713,2026-09-29
1577546824,LegendofGrubing,scavenge,2979,30699,2026-09-30
1372342,alsi der schmächtige,scavenge,2980,30697,2026-09-27
1577412366,MineCrawler,scavenge,2981,30694,2026-10-02
1577448877,Kimi,scavenge,2982,30621,2026-09-28
1684295,MWKiller80,scavenge,2983,30616,2026-10-01
9326402,Ax of Honor,scavenge,2984,30615,2026-09-23
1577489545,Sebraskus,scavenge,2985,30613,2026-09-09
1577520518,Serdar0996,scavenge,2986,30575,2026-09-24
1577539056,Angla,scavenge,2987,30538,2026-09-17
7964298,paolo2310,scavenge,2988,30509,2026-09-28
1577545434,Angerkick,scavenge,2989,30488,2026-10-03
1577545230,Gast545230,scavenge,2990,30450,2026-09-23
1577139117,Boomray,scavenge,2991,30442,2026-09-28
9858041,Udin 1,scavenge,2992,30409,2026-10-03
1577350075,juvali,scavenge,2993,30360,2026-10-03
1577187252,Gideon,scavenge,2994,30353,2026-09-24
9473037,Dimoret,scavenge,2995,30345,2026-09-26
1577545610,renwas93,scavenge,2996,30313,2026-09-26
1577545614,PSKinggood,scavenge,2997,30306,2026-09-20
3143715,EchtkPvL,scavenge,2998,30300,2026-09-22
1577337241,oqASS,scavenge,2999,30300,2026-10-02
8012511,Basilisk55,scavenge,3000,30294,2026-09-25
7966515,earthworm,scavenge,3001,30230,2026-10-03
1577436364,Tomson55,scavenge,3002,30200,2026-10-02
1576497434,Ella2412,scavenge,3003,30199,2026-09-10
1577544970,Gemüsehändler Gerald,scavenge,3004,30195,2026-09-30
1577522055,aub20266,scavenge,3005,30188,2026-09-15
1577339706,Meffef,scavenge,3006,30187,2026-09-07
1577427183,Marty Neumannxxl2,scavenge,3007,30175,2026-09-07
1577147034,XXLDöner,scavenge,3008,30145,2026-10-03
8685599,PanterWien,scavenge,3009,30118,2026-09-24
9813370,Anonym,scavenge,3010,30016,2026-09-05
1577545264,FadRamboo,scavenge,3011,30013,2026-09-27
1577384184,kooluu,scavenge,3012,29965,2026-09-08
1577516923,Stabilrunner,scavenge,3013,29938,2026-09-20
1577545224,mull92,scavenge,3014,29926,2026-10-01
8797401,Ekatarina,scavenge,3015,29913,2026-09-18
7758047,Canim123,scavenge,3016,29900,2026-09-28
1577129795,Lord Fabian,scavenge,3017,29895,2026-09-21
1575888070,Lord Wespe,scavenge,3018,29878,2026-09-28
1577232018,ereew29,scavenge,3019,29865,2026-09-21
2513190,Groschatau,scavenge,3020,29829,2026-10-01
1577545469,Zechlamist,scavenge,3021,29801,2026-10-01
1577514286,imiaki,scavenge,3022,29797,2026-09-19
1577246381,surpr1se,scavenge,3023,29790,2026-09-26
1577544471,Lord Marv,scavenge,3024,29734,2026-09-27
1577458844,Pr0Misa,scavenge,3025,29720,2026-09-12
1577542930,SünnetciOg,scavenge,3026,29712,2026-10-01
1577547006,sele,scavenge,3027,29705,2026-10-01
1577107541,MaBaker,scavenge,3028,29705,2026-08-31
1576119142,BRB Apollo,scavenge,3029,29652,2026-09-28
1577546215,dibabb,scavenge,3030,29651,2026-10-02
1577542139,vinitoc,scavenge,3031,29568,2026-09-14
1577170716,Perser-Krieger,scavenge,3032,29498,2026-09-14
1577500897,hufi20,scavenge,3033,29485,2026-10-02
2704677,Zockerfreak5895,scavenge,3034,29440,2026-09-25
1577521809,Traumjäger,scavenge,3035,29363,2026-09-28
1577404239,matthi,scavenge,3036,29352,2026-09-29
1577386410,Bratuwurst,scavenge,3037,29310,2026-09-01
1577387087,Kobrie,scavenge,3038,29300,2026-09-17
1285199,legion.o,scavenge,3039,29296,2026-09-07
1577370212,Adel29,scavenge,3040,29289,2026-09-13
1577406096,Ol Mac Huffington,scavenge,3041,29253,2026-09-16
8429695,Manfred 73,scavenge,3042,29208,2026-09-15
1577544021,Armayy,scavenge,3043,29175,2026-09-10
1576448982,Checker.j,scavenge,3044,29132,2026-09-13
1577423933,KayCT,scavenge,3045,29125,2026-09-17
9374692,Caesar 42,scavenge,3046,29118,2026-10-03
1576842103,KecReloaded,scavenge,3047,29096,2026-09-17
1577276866,Sonico,scavenge,3048,29060,2026-09-15
1576457095,vize23,scavenge,3049,29020,2026-09-19
1577456184,Willenlos,scavenge,3050,29019,2026-09-24
1576145339,xt600,scavenge,3051,29013,2026-09-12
2951522,doubble9999,scavenge,3052,28985,2026-09-22
1577299183,Der neue king,scavenge,3053,28947,2026-09-25
1577546080,idiot auf reise,scavenge,3054,28940,2026-10-02
1577545261,Gast545261,scavenge,3055,28925,2026-09-14
1576708872,xWirro,scavenge,3056,28911,2026-10-02
770631,Schrupphuhn,scavenge,3057,28880,2026-09-23
1575967762,Lord Wilder Watz,scavenge,3058,28844,2026-09-01
9099199,revenger53,scavenge,3059,28815,2026-09-27
1577460986,cedi 95,scavenge,3060,28806,2026-09-17
9875797,Edrock,scavenge,3061,28795,2026-09-26
1577504206,zzzy,scavenge,3062,28783,2026-10-03
518590,Der wahre gamezocker,scavenge,3063,28782,2026-09-29
9837572,CrazyWarlord,scavenge,3064,28745,2026-09-14
1295499,Juwen,scavenge,3065,28728,2026-09-30
1577503274,Slayer90,scavenge,3066,28720,2026-09-14
1577538850,Schizo und Phren,scavenge,3067,28690,2026-08-28
1577391292,Puhlboi,scavenge,3068,28668,2026-10-02
1577490462,LordTigu,scavenge,3069,28652,2026-09-08
1577058013,*Rantanplan,scavenge,3070,28638,2026-09-21
1577075479,HugoBB,scavenge,3071,28627,2026-09-19
1577546999,SirSyrex,scavenge,3072,28616,2026-09-30
1577232385,TobiGie,scavenge,3073,28610,2026-09-30
1577543971,HairyOtter1313,scavenge,3074,28558,2026-10-01
9322215,MaxHSV1996,scavenge,3075,28546,2026-09-25
8462835,voitl,scavenge,3076,28533,2026-09-15
1577411433,Repuk,scavenge,3077,28509,2026-09-27
1577186992,knico266,scavenge,3078,28508,2026-09-17
1577076156,nikki,scavenge,3079,28475,2026-10-03
1577240501,DarkGlow,scavenge,3080,28452,2026-09-24
1576856673,Esox96,scavenge,3081,28446,2026-09-08
1577052944,definitely not sony,scavenge,3082,28426,2026-09-05
1577396992,BoomBoomPow,scavenge,3083,28342,2026-09-14
1577525997,Mans1,scavenge,3084,28328,2026-09-18
1577014421,RealBigT,scavenge,3085,28327,2026-08-31
1577353159,Caasseerraa,scavenge,3086,28320,2026-09-29
1576617388,Kaiser Julian I,scavenge,3087,28316,2026-09-18
1577545811,Bayerntiger,scavenge,3088,28280,2026-09-29
2948997,Hellsingx3,scavenge,3089,28270,2026-09-21
8404713,usk4,scavenge,3090,28264,2026-09-12
1577389151,NewSebo,scavenge,3091,28257,2026-09-17
1577546238,Jonas012,scavenge,3092,28249,2026-09-23
1577229926,Export1000,scavenge,3093,28194,2026-09-08
8621050,sonnengottcup,scavenge,3094,28178,2026-09-08
1577540512,Wanderer,scavenge,3095,28175,2026-09-17
1577544489,MrBiggles,scavenge,3096,28125,2026-10-02
1577536800,TajoZ,scavenge,3097,28050,2026-09-25
1765590,liebesbotin,scavenge,3098,28040,2026-09-21
1577433762,billy92,scavenge,3099,28014,2026-09-15
1576540808,DieGEZ,scavenge,3100,28008,2026-10-02
9213640,Commander Freak,scavenge,3101,27992,2026-09-25
1577520138,Hestia96,scavenge,3102,27978,2026-09-29
2376637,Zwockel20,scavenge,3103,27973,2026-09-26
1577350738,Guarana,scavenge,3104,27959,2026-09-11
2568739,Stef der Killer,scavenge,3105,27925,2026-09-16
1577370649,Marty56,scavenge,3106,27875,2026-09-30
1577537166,Raghnarok,scavenge,3107,27869,2026-09-21
1577545007,krautfleischfut,scavenge,3108,27863,2026-09-13
1577098495,Wladimir123,scavenge,3109,27846,2026-09-18
1577262713,Alex Jost,scavenge,3110,27844,2026-09-17
1577485714,ProditorJack,scavenge,3111,27793,2026-09-22
1577516548,Käpten Chris,scavenge,3112,27760,2026-10-01
1576569505,Franzi 96,scavenge,3113,27750,2026-09-14
1576924325,rakatashi,scavenge,3114,27724,2026-09-08
9785230,Lord Eleasar,scavenge,3115,27723,2026-10-03
1577383862,justine 60,scavenge,3116,27694,2026-10-01
427376,viktor395591,scavenge,3117,27686,2026-09-07
9443259,Ankh.Morpork,scavenge,3118,27678,2026-09-25
1577385998,Dani2011,scavenge,3119,27605,2026-10-03
7958107,Luck1104,scavenge,3120,27602,2026-09-19
8834755,AlextheG,scavenge,3121,27602,2026-09-30
1577289483,zardor,scavenge,3122,27600,2026-09-20
1576873674,GTSN,scavenge,3123,27588,2026-10-03
9125957,sasharex,scavenge,3124,27525,2026-09-04
1577254024,??WhySoSerious??,scavenge,3125,27514,2026-09-29
1577538601,Zudotakikato,scavenge,3126,27497,2026-09-07
10260178,Donnerhuf01,scavenge,3127,27484,2026-10-03
1577466830,Hammerburger,scavenge,3128,27464,2026-10-01
1577189027,OberDuff,scavenge,3129,27407,2026-09-01
1577517238,Johnny sylverhand,scavenge,3130,27393,2026-09-02
1576821058,Lord030,scavenge,3131,27370,2026-10-01
1577504455,SisiB,scavenge,3132,27356,2026-09-11
8269450,rutin,scavenge,3133,27320,2026-09-24
1577547114,jensiboy,scavenge,3134,27306,2026-10-03
9557512,Schredder1996,scavenge,3135,27270,2026-10-03
1577437710,LordCarlos,scavenge,3136,27233,2026-10-03
1577546830,Jägersmann,scavenge,3137,27223,2026-09-26
1577543750,BruderBraun,scavenge,3138,27188,2026-09-17
1577545884,Heidewitzka6,scavenge,3139,27180,2026-09-29
9992670,crazzo1,scavenge,3140,27175,2026-09-10
1354094,hevi,scavenge,3141,27170,2026-09-15
1577506292,Bier-King,scavenge,3142,27159,2026-09-28
1577545934,Lord t.W tRADER,scavenge,3143,27151,2026-09-17
1239642,futbolplaya,scavenge,3144,27120,2026-09-27
1577530887,Manke55,scavenge,3145,27020,2026-09-11
1577544570,Stickypradz,scavenge,3146,26940,2026-09-17
1577536833,Gaga73,scavenge,3147,26927,2026-09-24
1577402996,Sam.,scavenge,3148,26916,2026-09-29
1577498163,Leuthnant,scavenge,3149,26897,2026-10-02
1577542956,Goldik,scavenge,3150,26888,2026-09-17
1577499206,Frank74,scavenge,3151,26875,2026-10-03
3327844,Jin Woo,scavenge,3152,26851,2026-09-15
1577081964,jonny5lebt,scavenge,3153,26841,2026-09-29
1577305256,larafromhell,scavenge,3154,26833,2026-10-03
1577510088,Mettigel89,scavenge,3155,26819,2026-09-12
1577403679,Lordnorth28,scavenge,3156,26817,2026-09-12
430677,vidde,scavenge,3157,26782,2026-09-01
1577115198,Baxxter,scavenge,3158,26782,2026-09-10
1577403163,MegaWolle,scavenge,3159,26730,2026-09-10
1577536293,Neschim,scavenge,3160,26725,2026-09-29
3454984,bondle,scavenge,3161,26651,2026-09-29
495404,lover1,scavenge,3162,26636,2026-09-17
1577542511,Prinzessin Elsa,scavenge,3163,26621,2026-09-06
1577521549,Krake,scavenge,3164,26619,2026-09-30
1577539015,Lootmilla,scavenge,3165,26563,2026-09-09
9107720,Moja23,scavenge,3166,26562,2026-09-26
1577094555,S1TTT,scavenge,3167,26541,2026-09-28
2206898,Enterprise 2,scavenge,3168,26519,2026-09-27
1577244359,Crychotik,scavenge,3169,26500,2026-09-15
1577372978,inwa,scavenge,3170,26469,2026-09-18
1576985337,TheTitan,scavenge,3171,26435,2026-09-25
1577545735,Xsku,scavenge,3172,26430,2026-09-29
1577546823,hoibschoch,scavenge,3173,26417,2026-09-27
8797322,elbo1994,scavenge,3174,26409,2026-09-21
1576826979,König Shimo,scavenge,3175,26400,2026-09-08
1577537222,FeedingSocial,scavenge,3176,26380,2026-09-25
1577426840,taocaj,scavenge,3177,26344,2026-09-15
1577546202,Fr3akyG4amer,scavenge,3178,26335,2026-09-20
1576660308,Bob der BowMeister,scavenge,3179,26310,2026-10-03
1577540707,Firuna,scavenge,3180,26285,2026-09-23
10135618,Alcandia,scavenge,3181,26272,2026-09-12
1577028321,DragonMaster80,scavenge,3182,26254,2026-09-07
1576888698,MaryLou274,scavenge,3183,26159,2026-09-21
1577536212,Klose21,scavenge,3184,26151,2026-09-06
1577106499,flady der 1.,scavenge,3185,26145,2026-09-10
1577397775,Pring,scavenge,3186,26095,2026-10-03
1577544468,Boebchen,scavenge,3187,26082,2026-09-30
1576855663,Alibaba Steunzelmann,scavenge,3188,26060,2026-10-03
10241010,Mr.Raiden,scavenge,3189,26020,2026-09-17
9165288,Graf von Schleswig,scavenge,3190,25981,2026-09-26
1575932674,spaudi,scavenge,3191,25963,2026-09-27
1291828,CommanderCain,scavenge,3192,25955,2026-09-02
2425826,Striker222,scavenge,3193,25948,2026-09-05
1577127010,preston1337,scavenge,3194,25911,2026-10-03
1577546257,ehp1511,scavenge,3195,25906,2026-09-25
1577543678,SiggiSiggolovSiggoson,scavenge,3196,25877,2026-10-03
7690802,JCVD,scavenge,3197,25875,2026-09-08
8871990,Dragon Castle Heart,scavenge,3198,25873,2026-10-02
1577237207,Ben Crusher,scavenge,3199,25872,2026-09-22
1577501675,König Bonobo,scavenge,3200,25821,2026-09-23
1577293039,magnific0,scavenge,3201,25692,2026-09-19
1575853380,Dana-cup,scavenge,3202,25682,2026-09-29
1577488923,Hades07,scavenge,3203,25677,2026-09-10
7805918,MoehreOlli,scavenge,3204,25676,2026-09-05
1577301110,niggesPP,scavenge,3205,25615,2026-10-03
168411,Kibitz,scavenge,3206,25610,2026-09-08
1577539745,ChristelvonderPost,scavenge,3207,25609,2026-09-15
1577440973,Elfen,scavenge,3208,25600,2026-09-11
1577442311,gemenqueen,scavenge,3209,25582,2026-09-13
1577117696,GetLucky,scavenge,3210,25569,2026-09-15
1577546371,DerBärenBube92,scavenge,3211,25568,2026-10-03
1577390344,Bronkalonka,scavenge,3212,25508,2026-09-08
1576248246,gama8,scavenge,3213,25474,2026-09-05
1576656195,BinNichtDu,scavenge,3214,25473,2026-09-16
1576179409,zbnjr3b6,scavenge,3215,25454,2026-09-18
10043304,Feuerf@lter,scavenge,3216,25411,2026-09-10
1577355633,Bierhefe,scavenge,3217,25378,2026-09-11
1577153617,Cronos,scavenge,3218,25377,2026-10-03
1577171451,-SoulReaver-,scavenge,3219,25321,2026-09-19
1577297512,Acolyte,scavenge,3220,25320,2026-10-02
1577502503,dick.tator,scavenge,3221,25299,2026-09-28
1577543582,Are you sure,scavenge,3222,25291,2026-09-18
1577296703,Technoheini,scavenge,3223,25290,2026-09-02
1577502102,andi.wandnageln,scavenge,3224,25260,2026-09-30
1577546356,laptiira,scavenge,3225,25253,2026-10-02
1577543960,Kimeas,scavenge,3226,25233,2026-10-02
2427964,homboy-frank,scavenge,3227,25175,2026-09-26
1577502539,heuler,scavenge,3228,25169,2026-09-23
4652,ThEErAsEr,scavenge,3229,25085,2026-09-09
1577538215,Ch1llrm,scavenge,3230,25076,2026-09-22
1577286027,Robby431,scavenge,3231,25056,2026-09-29
1577397919,lukoorn,scavenge,3232,25050,2026-09-26
10007049,Cryptkeeper5174,scavenge,3233,25050,2026-09-11
1577543304,rambobibu,scavenge,3234,25006,2026-09-20
1577182690,xRayQore,scavenge,3235,25000,2026-09-21
1577487956,Tevilein,scavenge,3236,24988,2026-09-16
1575964748,wuppi58,scavenge,3237,24944,2026-10-01
1577332056,Nate96,scavenge,3238,24942,2026-09-21
1577536398,wallah26,scavenge,3239,24940,2026-09-17
1577183423,unique,scavenge,3240,24915,2026-09-27
1577399650,BarbarenBozz,scavenge,3241,24893,2026-09-24
1576926761,-Dark Phoenix*,scavenge,3242,24850,2026-09-23
1577296431,Slavischer Berserker,scavenge,3243,24837,2026-09-26
1577390946,Tepp1509,scavenge,3244,24836,2026-09-10
1577522554,DoubleD,scavenge,3245,24820,2026-09-06
10186923,danyok,scavenge,3246,24799,2026-10-02
1577451898,McHenry,scavenge,3247,24789,2026-09-01
1577545633,Willbert,scavenge,3248,24787,2026-09-24
1577546862,KaffeeInDerTeetasse,scavenge,3249,24761,2026-10-03
1577431025,rippe94,scavenge,3250,24750,2026-09-17
1577532048,pille01,scavenge,3251,24707,2026-09-01
2339794,REKIT,scavenge,3252,24700,2026-10-02
1576575051,Babbelaar,scavenge,3253,24690,2026-09-28
1577524292,Vhementnine,scavenge,3254,24681,2026-09-20
1577418122,Lady nina,scavenge,3255,24675,2026-09-23
1576407582,lapxpresss,scavenge,3256,24663,2026-09-26
1577463993,Flatterwisch,scavenge,3257,24650,2026-09-28
1577464697,König Christian,scavenge,3258,24634,2026-09-30
1297454,dlanesH,scavenge,3259,24601,2026-09-11
9695732,*AlxX*,scavenge,3260,24577,2026-10-03
1577544646,smwsfrzy,scavenge,3261,24560,2026-09-20
9270972,Falcon192,scavenge,3262,24523,2026-09-29
1577533964,Hitox3,scavenge,3263,24508,2026-09-10
1577295106,trickpat,scavenge,3264,24490,2026-10-01
1577545542,Andratas1967,scavenge,3265,24490,2026-10-03
1577509752,antonaustirol,scavenge,3266,24488,2026-09-28
1577435316,Leberdurst,scavenge,3267,24486,2026-09-14
1577009556,Bengser,scavenge,3268,24479,2026-09-03
1577547522,rampage,scavenge,3269,24476,2026-09-30
3148113,bloodyface,scavenge,3270,24470,2026-09-12
1577057758,Ultra-Instinkt,scavenge,3271,24454,2026-09-02
9970109,man566,scavenge,3272,24403,2026-09-14
1259273,portobello,scavenge,3273,24390,2026-10-01
875525,langer45,scavenge,3274,24385,2026-09-23
1577545263,8=====D,scavenge,3275,24337,2026-09-20
8740368,Eiserner Gustav,scavenge,3276,24334,2026-09-30
1577538974,G33nius,scavenge,3277,24325,2026-09-28
10055367,Lord gagg,scavenge,3278,24275,2026-09-23
1577361493,Zahnmeister,scavenge,3279,24263,2026-09-26
1728057,Playa Bouys Vernichter,scavenge,3280,24263,2026-09-16
1577425872,iMAX Fischii,scavenge,3281,24251,2026-09-29
8883916,SpeckiOnTour,scavenge,3282,24245,2026-09-30
1577378576,p00rs0lid,scavenge,3283,24238,2026-09-09
1577533783,iPsycho,scavenge,3284,24189,2026-09-14
1577547115,WhySoMadBro,scavenge,3285,24150,2026-10-03
1577387524,asstograss,scavenge,3286,24135,2026-09-08
1577537647,itsDave,scavenge,3287,24135,2026-09-27
1577521021,Olaf,scavenge,3288,24118,2026-09-01
802330,St.Jo,scavenge,3289,24039,2026-10-01
1577546890,Lord-Maik,scavenge,3290,24029,2026-10-03
1577404540,Waldgeist,scavenge,3291,24004,2026-09-11
1577548439,heiligerjohaniter,scavenge,3292,23976,2026-10-03
1577314278,Jaggo01,scavenge,3293,23975,2026-09-15
1577539294,DasSchweigenDerPenner,scavenge,3294,23965,2026-10-03
1575914969,Lord DAFABI,scavenge,3295,23952,2026-09-28
1577084876,Mephlon,scavenge,3296,23950,2026-09-26
1577416330,Alles Döner,scavenge,3297,23945,2026-09-10
1577034377,F3myS,scavenge,3298,23903,2026-09-28
1577502504,Panzerschmied,scavenge,3299,23875,2026-09-20
1576919944,Kashargul,scavenge,3300,23851,2026-09-08
3237093,Defence 232,scavenge,3301,23850,2026-09-03
1577511084,Lord Lichtbringer,scavenge,3302,23803,2026-10-03
1576952981,Mahle,scavenge,3303,23798,2026-09-24
1577546863,Festgefestigt,scavenge,3304,23763,2026-10-03
8198259,Tiger1896,scavenge,3305,23750,2026-09-28
1577461410,timoo38,scavenge,3306,23733,2026-10-02
8273303,dickkopf99,scavenge,3307,23722,2026-10-03
1577395759,Jo Chen,scavenge,3308,23715,2026-10-02
1577547173,finw3,scavenge,3309,23681,2026-10-03
1577531303,gertl,scavenge,3310,23625,2026-09-25
1577546461,Lord Fenris,scavenge,3311,23575,2026-09-26
1577532347,whiltons,scavenge,3312,23539,2026-09-04
1577526756,Sein mädchen,scavenge,3313,23480,2026-10-01
1577542820,Alpha97070,scavenge,3314,23430,2026-09-18
1577220971,taktika66,scavenge,3315,23420,2026-09-13
1577026463,dreiUndeinWenig,scavenge,3316,23344,2026-09-29
1575936953,Der-alte-Sack,scavenge,3317,23330,2026-09-22
1442482,ThanaTos3k,scavenge,3318,23310,2026-09-05
1577285545,Phil-Kl10,scavenge,3319,23309,2026-09-28
1577432307,Fahrradfahrer,scavenge,3320,23284,2026-09-24
7764645,Lionheart II,scavenge,3321,23283,2026-09-28
1577109722,4g1v3m3,scavenge,3322,23271,2026-09-29
1479446,Straatus,scavenge,3323,23241,2026-09-17
9871136,magnum16,scavenge,3324,23225,2026-09-16
10201640,LethalGhost,scavenge,3325,23225,2026-09-21
1577537917,fitness-junky,scavenge,3326,23195,2026-09-29
1577502075,Tommy1906,scavenge,3327,23188,2026-09-18
1577547681,Ohrly,scavenge,3328,23180,2026-10-02
1577516104,Mischa777,scavenge,3329,23134,2026-09-11
1577180701,Kleiner dicker König,scavenge,3330,23116,2026-10-03
1576658950,Molinari,scavenge,3331,23116,2026-09-13
1576397793,Darthrida,scavenge,3332,23065,2026-09-30
1577527116,DanteValante,scavenge,3333,23000,2026-09-24
10213641,Libuda64,scavenge,3334,23000,2026-09-26
1576933233,Fireslice,scavenge,3335,22966,2026-10-03
1577006245,leroyberlin,scavenge,3336,22918,2026-09-23
8952348,sibbzen,scavenge,3337,22912,2026-09-26
1577354984,EinGuterName,scavenge,3338,22880,2026-09-05
1577545170,Magelux,scavenge,3339,22875,2026-09-24
1577428950,MaNA,scavenge,3340,22862,2026-10-03
1577441849,letsgogamerz,scavenge,3341,22827,2026-09-29
9157999,DunkleHand,scavenge,3342,22819,2026-09-20
1093771,Thyros,scavenge,3343,22800,2026-09-25
1577126611,Eisteefarmer,scavenge,3344,22800,2026-09-23
1577545537,Jennngineer,scavenge,3345,22798,2026-09-15
3091488,redbull303,scavenge,3346,22782,2026-09-20
1577035106,Hulk30,scavenge,3347,22770,2026-10-03
1577323145,Verdammte Axt,scavenge,3348,22755,2026-09-22
1576476752,Kotomi,scavenge,3349,22750,2026-10-02
1577000757,bella10,scavenge,3350,22747,2026-09-16
1577545503,Anonymouss,scavenge,3351,22702,2026-10-03
1577303279,Micha58,scavenge,3352,22628,2026-09-18
1577487965,Lord Purzel,scavenge,3353,22613,2026-09-26
1577512072,t3rrorclown,scavenge,3354,22558,2026-09-17
10059408,Nuss1980,scavenge,3355,22527,2026-09-08
1576936872,König Elvis Presley,scavenge,3356,22525,2026-09-28
1576005182,N1ne 1tachi Uchiha,scavenge,3357,22509,2026-09-20
1577526411,TiKayKhan,scavenge,3358,22506,2026-09-06
1577181107,kunibert,scavenge,3359,22495,2026-09-19
1577543316,fuRockstar,scavenge,3360,22493,2026-09-10
1577223838,timdette,scavenge,3361,22485,2026-10-01
1577224371,Vlad der Pfähler,scavenge,3362,22478,2026-09-27
1577544926,Happy Stone New Village,scavenge,3363,22440,2026-10-02
1577502521,kampflurch,scavenge,3364,22438,2026-09-20
7993086,Ritter Darkmore,scavenge,3365,22400,2026-09-27
1577364287,Papercutxx,scavenge,3366,22400,2026-09-17
1577316142,Harrnetz,scavenge,3367,22400,2026-10-03
1576440292,kuglet,scavenge,3368,22390,2026-09-06
2661895,amorin,scavenge,3369,22388,2026-09-17
1162413,aufschwung,scavenge,3370,22383,2026-09-30
10291874,wanield,scavenge,3371,22365,2026-09-26
1577518452,FSVRICO1998,scavenge,3372,22353,2026-10-01
1577330377,badenatsereloaded,scavenge,3373,22345,2026-09-10
1153440,FRAH,scavenge,3374,22338,2026-09-09
8819338,kursch,scavenge,3375,22333,2026-10-02
1577259910,MisterInsane,scavenge,3376,22332,2026-09-08
1577465548,Furnoctis,scavenge,3377,22280,2026-09-09
7710295,planton111,scavenge,3378,22228,2026-10-03
1577545024,IceMFJones,scavenge,3379,22223,2026-09-21
1577544524,6Tim6,scavenge,3380,22222,2026-09-29
1577521930,ffc93558,scavenge,3381,22218,2026-09-15
1577234466,emarcel14,scavenge,3382,22186,2026-09-17
1577546718,JuliusCäsar,scavenge,3383,22165,2026-10-02
1577503060,pantauli,scavenge,3384,22158,2026-10-03
1577210741,Lord Tristan,scavenge,3385,22150,2026-09-21
1577357856,NIKODEMUS,scavenge,3386,22149,2026-10-03
1106388,lusser,scavenge,3387,22133,2026-09-25
1577546995,dasmuellerlein,scavenge,3388,22109,2026-10-02
1577193376,Sigurd 528,scavenge,3389,22068,2026-09-03
1577433790,ole308,scavenge,3390,22037,2026-10-01
1577438453,tqv60421,scavenge,3391,22000,2026-09-05
2927517,Diemacht1,scavenge,3392,22000,2026-10-02
1577441559,merlinrohl,scavenge,3393,21999,2026-10-03
1577488094,König masterchief117,scavenge,3394,21994,2026-09-20
1577204506,TheGreatJonny,scavenge,3395,21983,2026-09-12
1577528760,Paddi,scavenge,3396,21971,2026-09-17
8524758,L.C.Macer,scavenge,3397,21940,2026-08-27
10015247,noah 11.4.2001,scavenge,3398,21931,2026-09-05
1576095712,Bombenkönig..,scavenge,3399,21905,2026-09-28
1577443178,OnkelMaci,scavenge,3400,21875,2026-09-25
1985925,SK Rapid96,scavenge,3401,21860,2026-10-03
2522339,Sir.Snoopy,scavenge,3402,21800,2026-09-19
1577545652,killatrex,scavenge,3403,21798,2026-10-02
9558738,.RefleXx,scavenge,3404,21796,2026-10-03
1577545180,Zacka1909,scavenge,3405,21791,2026-09-20
1577344191,DefinetlyNotTkk,scavenge,3406,21780,2026-09-01
1577507602,Jim Rob,scavenge,3407,21777,2026-09-11
1576997658,Schlingelchen,scavenge,3408,21750,2026-09-21
9209495,xderthomas1x,scavenge,3409,21737,2026-09-07
1577545316,BigTower,scavenge,3410,21736,2026-09-22
1577515929,Teddybär,scavenge,3411,21710,2026-09-25
1577531472,andersin,scavenge,3412,21705,2026-10-03
1577545327,Lord Kavallerie,scavenge,3413,21699,2026-09-13
2214565,nomellis,scavenge,3414,21662,2026-09-02
1577493814,lilxan,scavenge,3415,21650,2026-10-03
1577422193,schattenkrieger01,scavenge,3416,21590,2026-08-30
1577421603,Cosma84,scavenge,3417,21583,2026-09-10
1577082707,Arco-18,scavenge,3418,21580,2026-10-01
1577463556,Ceebee,scavenge,3419,21465,2026-09-03
1576783714,Lord Mac Georg,scavenge,3420,21420,2026-09-10
1577534941,Wario26,scavenge,3421,21400,2026-09-21
9840269,mc477,scavenge,3422,21395,2026-09-22
1577545780,Hinprinz,scavenge,3423,21394,2026-09-22
564586,msk06,scavenge,3424,21380,2026-09-01
1577543139,Phie,scavenge,3425,21306,2026-09-12
1576369762,Fliehende Stürme,scavenge,3426,21300,2026-09-26
1577441507,Alexpopalex,scavenge,3427,21250,2026-10-01
1577425943,Germane23,scavenge,3428,21246,2026-09-09
1577523657,RR12,scavenge,3429,21225,2026-09-14
9521725,k1nqk0rq,scavenge,3430,21210,2026-09-29
8814768,Arcadion,scavenge,3431,21199,2026-10-03
1577544326,crreeator,scavenge,3432,21182,2026-09-10
1577547395,Seriousgamma,scavenge,3433,21172,2026-09-29
1577547055,Failsen,scavenge,3434,21170,2026-10-01
9218780,asdfghj1,scavenge,3435,21142,2026-09-02
1499500,Skyair,scavenge,3436,21107,2026-08-31
1577487574,Bradlay von Xanten,scavenge,3437,21083,2026-09-07
2919699,jan 08,scavenge,3438,21049,2026-09-13
9752314,Lennacker,scavenge,3439,21010,2026-09-30
1577391787,Siiror,scavenge,3440,21008,2026-09-18
1576055242,Lord Martin 1.,scavenge,3441,21000,2026-09-19
8921774,enchantra,scavenge,3442,21000,2026-09-16
1577544505,Mupffel,scavenge,3443,20986,2026-09-12
1576056461,Lady ma the g,scavenge,3444,20970,2026-09-17
1577547037,1er1,scavenge,3445,20968,2026-09-30
1576297320,Kavi Alonso,scavenge,3446,20954,2026-09-24
9843352,ericdravenx,scavenge,3447,20935,2026-09-26
1576664209,mobelwobel,scavenge,3448,20925,2026-09-25
10253248,bollitim,scavenge,3449,20922,2026-09-18
1577262490,Schiri,scavenge,3450,20921,2026-09-21
1576955837,xxx Andy,scavenge,3451,20914,2026-10-01
8313953,Seargent1,scavenge,3452,20906,2026-09-15
1576875619,NinjaElephant,scavenge,3453,20900,2026-09-26
1577073824,MonaLisa,scavenge,3454,20884,2026-10-02
1577046434,Aufstand,scavenge,3455,20862,2026-09-09
1577545416,Lemuhrensohn,scavenge,3456,20856,2026-09-25
1577327700,KaldyIndustrie,scavenge,3457,20853,2026-09-14
1577547949,Phlips,scavenge,3458,20850,2026-10-02
2603009,Gnadi67,scavenge,3459,20846,2026-09-04
1577546052,acki1965,scavenge,3460,20842,2026-10-01
1577489972,Kenny T Kid,scavenge,3461,20810,2026-09-28
287971,S4mson,scavenge,3462,20796,2026-10-03
1577543520,Undo,scavenge,3463,20790,2026-09-20
1577539899,Vulture,scavenge,3464,20790,2026-09-27
1577514864,Würfelhusten,scavenge,3465,20784,2026-08-31
1577252028,Wechsel22,scavenge,3466,20775,2026-08-30
1577450953,DB-racing1992,scavenge,3467,20752,2026-09-07
1576421275,Danielb93,scavenge,3468,20734,2026-09-06
9953171,john956,scavenge,3469,20728,2026-10-02
1577544682,Pebeth,scavenge,3470,20675,2026-09-17
2884541,Lord Aries,scavenge,3471,20660,2026-09-26
1576990175,Murena,scavenge,3472,20654,2026-09-06
1577542355,denni555,scavenge,3473,20626,2026-09-09
1577318150,Dadahan,scavenge,3474,20625,2026-09-20
1577546240,Sepp187,scavenge,3475,20540,2026-10-01
10260447,xX-TheExecutioner-Xx,scavenge,3476,20527,2026-09-24
1577494293,dionysos,scavenge,3477,20521,2026-09-01
1576559031,patsturm1,scavenge,3478,20500,2026-09-28
1577338605,Sellinger Gr,scavenge,3479,20500,2026-09-29
8894996,1Troll,scavenge,3480,20499,2026-09-28
1577537944,Sir Thilotz,scavenge,3481,20499,2026-09-28
10070392,Haimenchen,scavenge,3482,20480,2026-09-28
1577514457,Zweinbecker,scavenge,3483,20466,2026-09-30
1333459,Mallawie,scavenge,3484,20465,2026-09-26
1576804824,dermoai,scavenge,3485,20453,2026-09-01
1577543597,Lord Noobish,scavenge,3486,20452,2026-08-28
1577409166,Maximus1985,scavenge,3487,20452,2026-09-11
9420921,xXxBomber96xXX,scavenge,3488,20436,2026-09-20
1577532654,Tenebri,scavenge,3489,20423,2026-09-06
1577545062,Coookiezzz,scavenge,3490,20414,2026-09-15
1577545692,Prototypone,scavenge,3491,20405,2026-09-27
7611787,Lady Sparrow,scavenge,3492,20401,2026-09-20
9140273,Koksi T,scavenge,3493,20393,2026-10-02
1577329855,Player93,scavenge,3494,20388,2026-10-03
1577541060,RoteArmeeMaus,scavenge,3495,20338,2026-09-12
1577546842,rex-551,scavenge,3496,20334,2026-10-03
1577517871,clubbaer,scavenge,3497,20310,2026-09-26
976704,arims08,scavenge,3498,20284,2026-09-30
1577536363,deadloss,scavenge,3499,20275,2026-09-04
1577424958,hojimib,scavenge,3500,20231,2026-09-15
1577535752,laznicev,scavenge,3501,20223,2026-09-05
1577056538,LordMico,scavenge,3502,20210,2026-09-29
3289691,Warriors 23,scavenge,3503,20154,2026-09-01
1577324641,Lord BO-1966,scavenge,3504,20150,2026-10-01
1577247164,Karyu61,scavenge,3505,20133,2026-09-03
8848121,Light Lion,scavenge,3506,20111,2026-10-01
1577387346,guitarfighter,scavenge,3507,20106,2026-09-12
1576440628,Fortum,scavenge,3508,20102,2026-10-03
1577267275,Fenox,scavenge,3509,20100,2026-09-16
1577438100,havocCc,scavenge,3510,20079,2026-09-24
1577432347,Kunibald,scavenge,3511,20075,2026-09-29
1577286231,Hunter23,scavenge,3512,20074,2026-09-21
1577545618,AxellexA,scavenge,3513,20055,2026-09-19
8280090,hart112,scavenge,3514,20050,2026-09-08
1577544897,TeppichHaendler,scavenge,3515,20015,2026-09-23
1577314218,Uninstall Now,scavenge,3516,20010,2026-09-17
9673176,Der Barkeeper,scavenge,3517,20006,2026-09-29
1577292559,kuaro,scavenge,3518,19983,2026-10-03
879345,DerFriedvolle,scavenge,3519,19963,2026-09-28
1577545697,Z3R0X,scavenge,3520,19954,2026-09-24
2475332,0664,scavenge,3521,19942,2026-09-28
1577313616,ski123,scavenge,3522,19911,2026-09-10
1577528780,TheWashstone,scavenge,3523,19907,2026-10-03
1576183154,Halleiner König,scavenge,3524,19892,2026-10-02
1576459432,ShirKhan,scavenge,3525,19883,2026-09-17
1577171625,Mirage2000,scavenge,3526,19842,2026-09-27
8708540,fuchs04,scavenge,3527,19800,2026-09-30
1577545723,ndlsSmmr,scavenge,3528,19790,2026-09-16
1577512267,bobbytrottel,scavenge,3529,19760,2026-09-14
1576049067,Einfach GeiL,scavenge,3530,19753,2026-09-24
1577545193,Chilli-Zucht,scavenge,3531,19753,2026-09-23
1577545540,Y-Mace-Y,scavenge,3532,19726,2026-10-03
1577545430,Machmalauter,scavenge,3533,19704,2026-09-18
1576286508,Mumba,scavenge,3534,19697,2026-09-18
1577526179,Jettex,scavenge,3535,19680,2026-09-16
1577540992,Triumvirat,scavenge,3536,19663,2026-09-28
1577487190,Bosstradamus,scavenge,3537,19660,2026-09-06
337961,PAULIANER,scavenge,3538,19655,2026-09-24
1577491520,Scherzer7,scavenge,3539,19638,2026-09-14
1577494376,Bremer81,scavenge,3540,19619,2026-09-01
1577113456,King-Cold93,scavenge,3541,19600,2026-10-01
1577533226,p0rn0wiLLi,scavenge,3542,19585,2026-09-19
1577358833,tachiii,scavenge,3543,19580,2026-09-15
428497,Keksfahrer,scavenge,3544,19579,2026-09-12
1577543775,Küchenchef al dente,scavenge,3545,19576,2026-09-02
1577545705,kiku96,scavenge,3546,19561,2026-09-16
9953850,d2minik,scavenge,3547,19510,2026-10-02
1577499142,Lecter,scavenge,3548,19473,2026-09-15
1577422185,derzerhackler,scavenge,3549,19444,2026-09-15
1577253176,stefan1988,scavenge,3550,19431,2026-10-02
1575867488,byhugoboss,scavenge,3551,19421,2026-09-20
1576684815,Tyrion L,scavenge,3552,19420,2026-09-13
1577544739,Gaara88,scavenge,3553,19420,2026-09-09
1577499191,gabagool,scavenge,3554,19410,2026-09-12
1577049933,drakudirk,scavenge,3555,19375,2026-09-23
8017942,worry69,scavenge,3556,19375,2026-09-18
1577520021,Struppelline,scavenge,3557,19360,2026-10-03
1577546428,MatsHummels96,scavenge,3558,19346,2026-09-24
2926315,Gameforum,scavenge,3559,19340,2026-09-11
1577545626,HD-Carinthia,scavenge,3560,19328,2026-10-01
1577314621,VeniiVidiiVicii,scavenge,3561,19328,2026-10-02
1576748712,Metzgermeißter,scavenge,3562,19289,2026-09-02
1577443463,BigMacBannDenWeg,scavenge,3563,19284,2026-10-03
1577523060,JörgHaider,scavenge,3564,19281,2026-09-25
1577510147,Brownej,scavenge,3565,19262,2026-09-25
681019,KingGerman88,scavenge,3566,19230,2026-09-08
7970769,Phosby,scavenge,3567,19200,2026-09-01
8663038,Rondorfer Jung,scavenge,3568,19160,2026-09-20
1575987740,LouiFCH,scavenge,3569,19150,2026-09-11
9712101,tactic-commando,scavenge,3570,19143,2026-09-24
1577532638,Zockeropa,scavenge,3571,19125,2026-10-02
9536838,GRiIMME,scavenge,3572,19096,2026-09-13
1577538046,Partybauch,scavenge,3573,19065,2026-10-02
1577175064,Neues Textdokument,scavenge,3574,19050,2026-09-04
1577400042,N112,scavenge,3575,19035,2026-09-14
1577371448,MooJoe1,scavenge,3576,19015,2026-09-11
1577546140,KHRY,scavenge,3577,19000,2026-10-03
2332271,Jokelan,scavenge,3578,19000,2026-09-27
1576704073,Domdom94,scavenge,3579,19000,2026-09-13
1577445881,stormer1337,scavenge,3580,18994,2026-09-28
1576634644,SDSZocker95,scavenge,3581,18991,2026-09-30
9023586,Flamin,scavenge,3582,18975,2026-09-15
1577114174,Smitty Werben,scavenge,3583,18965,2026-09-09
10253420,Tider,scavenge,3584,18944,2026-09-26
1577429123,powertante,scavenge,3585,18943,2026-09-26
1577096307,Konrad der Salier,scavenge,3586,18939,2026-09-12
1577325320,Odin1996,scavenge,3587,18935,2026-09-17
1577015446,Katas zur Beruhigung,scavenge,3588,18907,2026-10-01
1577545737,robton,scavenge,3589,18901,2026-09-21
9537555,Specki0,scavenge,3590,18900,2026-09-12
1577419538,Bumai,scavenge,3591,18900,2026-09-05
1576454928,Lord Frowin,scavenge,3592,18888,2026-09-26
1577483824,Senjin,scavenge,3593,18880,2026-09-24
1577542532,DenzelCrocker,scavenge,3594,18863,2026-09-11
8260921,Graf Herzer,scavenge,3595,18818,2026-09-30
1577541042,Lord-Raiden,scavenge,3596,18815,2026-09-27
1577465246,NachbarsLumpi,scavenge,3597,18788,2026-09-29
724844,Hans Wagenrad,scavenge,3598,18771,2026-09-30
1577546054,Lalin,scavenge,3599,18753,2026-10-03
950144,delanorte,scavenge,3600,18750,2026-09-19
9819326,MutIw0w,scavenge,3601,18750,2026-09-29
1577399058,Rorschach86,scavenge,3602,18745,2026-10-01
1577538246,Nilssi1996,scavenge,3603,18739,2026-09-04
1577073353,Alkerus,scavenge,3604,18736,2026-09-13
1577536839,thefighter1996,scavenge,3605,18713,2026-09-19
1577449052,AlexTheKek,scavenge,3606,18700,2026-09-04
1577510325,K. O. Nig,scavenge,3607,18686,2026-09-21
1577545748,A13V12,scavenge,3608,18680,2026-10-02
1577538418,BraVion,scavenge,3609,18675,2026-09-16
1577545992,Ruby007,scavenge,3610,18663,2026-09-21
1577408106,VitaZz97,scavenge,3611,18655,2026-09-04
7808206,MoehreFranky,scavenge,3612,18640,2026-09-05
1577540522,Wilhelm der Eroberer,scavenge,3613,18618,2026-09-23
1577533730,xEnvy,scavenge,3614,18617,2026-09-14
1577430508,-WhySoSeriouS?-,scavenge,3615,18600,2026-09-20
1577538132,sirhenri,scavenge,3616,18570,2026-09-29
1577541694,Eshkedra,scavenge,3617,18550,2026-09-18
1577544415,Dönerbudendiemo,scavenge,3618,18535,2026-09-26
1459068,Egeran,scavenge,3619,18523,2026-09-26
973186,die Sauerländerin,scavenge,3620,18492,2026-09-04
9983815,treez,scavenge,3621,18483,2026-09-19
1577545700,Skizzer,scavenge,3622,18483,2026-10-03
1576863915,lubenko1,scavenge,3623,18478,2026-09-05
9868021,unioner78,scavenge,3624,18459,2026-09-29
1576869848,Muff1n,scavenge,3625,18440,2026-09-17
1577458687,NeverAgain,scavenge,3626,18438,2026-09-27
10002120,LoSiento,scavenge,3627,18380,2026-10-03
1577452747,bwt14728,scavenge,3628,18376,2026-09-12
1577520569,Buffalojoe,scavenge,3629,18375,2026-09-28
1577544748,Milla,scavenge,3630,18363,2026-09-17
1577519502,Nenieds,scavenge,3631,18361,2026-09-11
1577546955,M3trixx,scavenge,3632,18355,2026-09-30
1577547963,Zyronex,scavenge,3633,18303,2026-10-03
1576858619,Noo-Noo,scavenge,3634,18293,2026-09-04
1577547612,Nathi92,scavenge,3635,18285,2026-10-03
1577519994,devlous,scavenge,3636,18253,2026-10-01
1577544178,Dragan47,scavenge,3637,18226,2026-09-17
9857324,Lady Torte,scavenge,3638,18217,2026-09-21
1577491792,AndyReinke,scavenge,3639,18200,2026-08-30
1577487205,TimSiersleben,scavenge,3640,18200,2026-08-30
1577486805,Ailton32,scavenge,3641,18200,2026-08-30
1577544008,irgendetwas,scavenge,3642,18200,2026-09-21
1577543374,Agent1OO,scavenge,3643,18200,2026-08-30
1577537188,FriedrichMerz,scavenge,3644,18200,2026-08-30
1577533647,DonaldTrump,scavenge,3645,18200,2026-08-30
1577524585,connelum,scavenge,3646,18200,2026-08-30
1577505356,WirKlauenSATAlnagen,scavenge,3647,18200,2026-08-30
1577413414,Sir Shiggy,scavenge,3648,18190,2026-09-09
1577169022,Kuznov,scavenge,3649,18181,2026-09-29
1854435,xx bjoern xx,scavenge,3650,18173,2026-09-28
1576914570,blueorange,scavenge,3651,18141,2026-10-01
1577545433,Vernichter3000,scavenge,3652,18120,2026-10-03
7639221,The Phantom 007,scavenge,3653,18116,2026-09-25
1577098185,Sakura,scavenge,3654,18113,2026-09-28
1577510412,giannnnii,scavenge,3655,18085,2026-09-28
1577543403,Chesany,scavenge,3656,18063,2026-09-10
1576932853,KronenEx,scavenge,3657,18050,2026-09-14
1577151636,NunNunArbeit,scavenge,3658,18044,2026-09-13
9789555,Propaganda.Panda,scavenge,3659,18025,2026-09-04
9541583,basher2013,scavenge,3660,17975,2026-09-13
1577493738,Livil,scavenge,3661,17968,2026-09-27
1577445606,fariol,scavenge,3662,17965,2026-09-29
1577112641,QPXX,scavenge,3663,17963,2026-09-02
1577381468,Murtaler,scavenge,3664,17961,2026-09-20
1577502357,Jessppaa,scavenge,3665,17960,2026-09-26
9899518,Hiotori,scavenge,3666,17955,2026-09-06
3252877,Mike1893,scavenge,3667,17948,2026-09-30
1577544602,Lipp1337,scavenge,3668,17926,2026-09-27
1577546495,Nickk1987,scavenge,3669,17909,2026-09-28
1576223442,Wirkstoff? Fehlanzeige,scavenge,3670,17903,2026-10-02
1577547626,Luffy-san,scavenge,3671,17898,2026-10-02
1577310424,Olixer,scavenge,3672,17844,2026-09-23
1577348043,adiga,scavenge,3673,17828,2026-09-30
275014,Rhana,scavenge,3674,17788,2026-09-12
2148643,Der Ruhige60,scavenge,3675,17784,2026-09-21
1577546089,Alexmagbier,scavenge,3676,17756,2026-10-02
1577545465,Khalisi,scavenge,3677,17750,2026-09-22
1577439849,Trotsche,scavenge,3678,17750,2026-10-03
2962805,Maximusd,scavenge,3679,17723,2026-09-30
1577548179,michu9316,scavenge,3680,17716,2026-10-02
1577447702,yenny,scavenge,3681,17709,2026-09-17
1577537092,Riri,scavenge,3682,17670,2026-10-03
1576022646,Goreng I.,scavenge,3683,17666,2026-09-17
1577426137,undnu?,scavenge,3684,17662,2026-09-17
8460947,unkrautexx,scavenge,3685,17659,2026-10-03
1577486495,Kata17,scavenge,3686,17648,2026-09-18
1577075489,VENTRON,scavenge,3687,17600,2026-09-23
1577540647,DonObg,scavenge,3688,17590,2026-09-19
1577544695,Ookev,scavenge,3689,17541,2026-09-12
1577494371,Lord KarlI,scavenge,3690,17536,2026-09-24
8592674,Memelländer,scavenge,3691,17436,2026-09-20
2128175,Lord Manfa,scavenge,3692,17379,2026-09-14
1577547387,Timotheus92,scavenge,3693,17363,2026-10-03
1577542080,LordColt,scavenge,3694,17361,2026-09-02
1577545499,Schechi,scavenge,3695,17348,2026-09-24
1577544508,Donna13,scavenge,3696,17320,2026-09-29
1577489023,Die KI Futterer,scavenge,3697,17299,2026-09-18
1577276908,Mogol,scavenge,3698,17291,2026-09-26
1577498240,Autschi,scavenge,3699,17289,2026-10-01
1577539318,maxit123,scavenge,3700,17263,2026-09-15
1577535691,LaNc3 BuTt3rS,scavenge,3701,17251,2026-10-03
8816641,Combin,scavenge,3702,17233,2026-09-18
1576596699,powerboy001,scavenge,3703,17228,2026-09-15
1577495524,Echorule,scavenge,3704,17219,2026-09-23
106569,Red_Ice_Dragon,scavenge,3705,17195,2026-09-01
1577546119,E10Zirden,scavenge,3706,17163,2026-09-28
1577544124,nerd91,scavenge,3707,17152,2026-09-17
8316552,lu10ul,scavenge,3708,17133,2026-09-12
1821774,ADA09,scavenge,3709,17089,2026-09-30
9443579,N3v3rF0rg0tten,scavenge,3710,17087,2026-09-03
1577136190,lebo,scavenge,3711,17082,2026-09-25
1577546134,Zirra385,scavenge,3712,17081,2026-10-03
8110776,Xului,scavenge,3713,17050,2026-09-08
529923,turtscholu,scavenge,3714,17014,2026-09-25
1577538080,DerDolch95,scavenge,3715,17000,2026-10-02
7598683,thecrow09,scavenge,3716,16922,2026-10-01
10093609,Trostlos,scavenge,3717,16900,2026-09-20
171619,Sancerre,scavenge,3718,16875,2026-09-08
1577542055,BigSlimDog,scavenge,3719,16870,2026-09-04
8745455,Meliandra,scavenge,3720,16869,2026-10-01
1577546398,Falcro,scavenge,3721,16845,2026-09-20
1577442002,Atrumix,scavenge,3722,16820,2026-09-26
1577546489,Bada,scavenge,3723,16816,2026-09-29
1577543738,skydancer0082,scavenge,3724,16790,2026-09-06
1577468023,raptil777,scavenge,3725,16777,2026-09-07
1576812784,Tomi1,scavenge,3726,16766,2026-09-16
1577525826,technikhighknee,scavenge,3727,16729,2026-09-13
1577547529,DaKingI,scavenge,3728,16722,2026-10-01
1577084043,Strassner,scavenge,3729,16711,2026-09-29
1577046315,Frag.Nag,scavenge,3730,16704,2026-09-05
1577490517,adamka26,scavenge,3731,16675,2026-09-03
1577395253,dragonshooter94,scavenge,3732,16665,2026-09-28
1577420369,Th3Wa4,scavenge,3733,16656,2026-09-27
1577541007,xBluEx,scavenge,3734,16653,2026-10-02
1577547447,RandaleRalf,scavenge,3735,16650,2026-10-03
9674526,MyNameIst,scavenge,3736,16631,2026-09-28
1577427511,Toothfairy,scavenge,3737,16631,2026-10-03
1577237631,dersechsundvierzichste,scavenge,3738,16555,2026-09-26
1577545098,Dieselorth95,scavenge,3739,16550,2026-09-17
9980097,SimpleDesign,scavenge,3740,16506,2026-09-10
1958261,Dragon53,scavenge,3741,16440,2026-09-25
1577535243,Fiete-96,scavenge,3742,16389,2026-10-03
1577518015,Schattenkönigin,scavenge,3743,16372,2026-09-16
1576369173,Silver Surver,scavenge,3744,16363,2026-09-18
1577027732,schulli1,scavenge,3745,16363,2026-09-20
3434913,Mettwurst001,scavenge,3746,16360,2026-09-10
9947088,SKRK,scavenge,3747,16355,2026-09-15
1576751743,Monkey D Luffy,scavenge,3748,16344,2026-09-02
1577410246,FerresNo1,scavenge,3749,16338,2026-09-27
1577485386,no0psy,scavenge,3750,16314,2026-10-03
2883671,S6Avant,scavenge,3751,16311,2026-10-02
1576328934,Fellow13,scavenge,3752,16303,2026-09-02
266380,Jawl96,scavenge,3753,16252,2026-09-09
1577542789,Sabforce,scavenge,3754,16230,2026-09-11
1577540900,fgamer999,scavenge,3755,16224,2026-09-17
1577245253,sevensculls,scavenge,3756,16206,2026-09-19
1577380259,Narugrul,scavenge,3757,16200,2026-09-14
1576959656,HHS Hugo,scavenge,3758,16180,2026-09-27
1577539499,FrEaKw87,scavenge,3759,16166,2026-09-10
1576937611,noxzz,scavenge,3760,16166,2026-08-31
1577437061,Söör,scavenge,3761,16165,2026-09-19
1576953908,Schreckensmeister,scavenge,3762,16144,2026-09-13
1577022940,HCFreak94,scavenge,3763,16140,2026-09-06
3392934,Timmy das Schäfchen,scavenge,3764,16139,2026-09-26
10275168,Mr. Cookie der Hungrige,scavenge,3765,16133,2026-10-01
9952730,Seelendieb,scavenge,3766,16115,2026-09-06
1577457619,Acee,scavenge,3767,16103,2026-09-28
1577546875,ScarlettViola,scavenge,3768,16100,2026-09-27
1577444380,sberber,scavenge,3769,16078,2026-09-05
1577545368,Funkypredator,scavenge,3770,16036,2026-09-28
1976241,Fusssballer,scavenge,3771,16000,2026-09-25
1577368785,potsdam467,scavenge,3772,15995,2026-09-22
2727215,MefoHunter,scavenge,3773,15989,2026-09-26
1577444692,arbeitsloser-0815,scavenge,3774,15965,2026-09-04
1109602,totodami,scavenge,3775,15954,2026-09-25
1577540888,chitukko,scavenge,3776,15950,2026-09-03
9091456,kevken98,scavenge,3777,15939,2026-09-16
1577417053,Andy096,scavenge,3778,15900,2026-09-30
3016955,Suea,scavenge,3779,15879,2026-09-11
1577422452,inc21,scavenge,3780,15878,2026-09-14
1577419383,Pettheripper73,scavenge,3781,15867,2026-09-11
1577376739,-Anti-,scavenge,3782,15851,2026-09-28
3092259,GFRK,scavenge,3783,15829,2026-09-30
1576929715,Supersippel,scavenge,3784,15826,2026-09-06
2436252,ppbomber,scavenge,3785,15799,2026-09-30
1576907480,goldengel,scavenge,3786,15795,2026-09-03
3034750,gandalf der 01,scavenge,3787,15774,2026-09-21
1577050492,xDave98,scavenge,3788,15744,2026-09-17
1577045351,ellinger,scavenge,3789,15720,2026-09-05
1230673,KinkyTime,scavenge,3790,15704,2026-08-28
9585439,Warhead92,scavenge,3791,15696,2026-09-21
1577521633,Gott21,scavenge,3792,15662,2026-08-30
1577226944,Saiboy,scavenge,3793,15650,2026-09-21
1577494090,holzi4,scavenge,3794,15625,2026-09-12
1575919279,Schattentöter1,scavenge,3795,15620,2026-10-01
1576925535,Jagenau,scavenge,3796,15576,2026-09-06
1577544518,Ritter Jamal,scavenge,3797,15572,2026-09-13
1575880550,Stylisher,scavenge,3798,15570,2026-09-28
1577393692,Elala,scavenge,3799,15550,2026-09-23
1577518132,Lord-WK,scavenge,3800,15547,2026-09-21
1576031502,Lord Hagen v. Tronje,scavenge,3801,15545,2026-09-18
1577547964,PateGx,scavenge,3802,15527,2026-10-03
1577068853,MrCosmoOG,scavenge,3803,15511,2026-09-07
1577330677,Sigma Guitar,scavenge,3804,15504,2026-10-01
1577419581,Stromlan,scavenge,3805,15465,2026-08-31
1577527866,BlauWeiß1892,scavenge,3806,15445,2026-09-13
1577544234,Ragnar96,scavenge,3807,15438,2026-10-01
606419,Maaarvin,scavenge,3808,15415,2026-09-24
8482437,mein stamm57,scavenge,3809,15413,2026-09-19
8822016,Leviathania,scavenge,3810,15405,2026-09-30
1576973176,Sanasar,scavenge,3811,15400,2026-09-22
1577337451,Brikx,scavenge,3812,15369,2026-09-24
1577536772,Ultralativus,scavenge,3813,15358,2026-09-30
1577548047,MikeALux,scavenge,3814,15270,2026-09-30
3447585,Spike123456789,scavenge,3815,15246,2026-09-26
1577505690,MissSunshine,scavenge,3816,15240,2026-09-28
1577416546,Gottkönig0101,scavenge,3817,15222,2026-08-30
9997018,Shain,scavenge,3818,15220,2026-10-03
1577394616,Papst Benni XI,scavenge,3819,15215,2026-09-30
1576883670,Dj Woodworm,scavenge,3820,15215,2026-09-03
1577135119,Gasse,scavenge,3821,15210,2026-09-25
1577533913,Holyhole,scavenge,3822,15200,2026-09-02
1576909729,Wiener Ramme,scavenge,3823,15194,2026-09-10
1577546078,papa92,scavenge,3824,15140,2026-09-29
10044196,crasher4,scavenge,3825,15138,2026-10-03
1576717992,Michaela2002,scavenge,3826,15106,2026-09-20
2335309,Audiluft,scavenge,3827,15090,2026-09-26
1576480147,xaxa...,scavenge,3828,15055,2026-10-03
1577540023,Der Herscher,scavenge,3829,15050,2026-09-13
2513210,Red208,scavenge,3830,15042,2026-10-03
1577307219,Liostro,scavenge,3831,15040,2026-09-14
1577546225,NichtGanzDicht,scavenge,3832,15033,2026-09-25
1492377,Desert Fox,scavenge,3833,15000,2026-09-12
2815150,susa,scavenge,3834,15000,2026-09-13
1577528820,Xiphoss,scavenge,3835,14985,2026-09-06
881130,zuhomer,scavenge,3836,14981,2026-10-02
7860348,Vollmond62,scavenge,3837,14967,2026-09-18
626553,Maxy 01,scavenge,3838,14900,2026-09-29
1577133602,Lembo420,scavenge,3839,14889,2026-09-16
10295997,xpast,scavenge,3840,14880,2026-09-24
1577484847,Felix Hannover,scavenge,3841,14861,2026-09-03
1577490262,Elmi,scavenge,3842,14850,2026-09-16
3440179,alexx1238,scavenge,3843,14850,2026-09-04
1577543396,Herrin.Lilith,scavenge,3844,14838,2026-09-19
1576725981,Lord Klaus Gröschl,scavenge,3845,14829,2026-09-12
1575927180,Lord Fi,scavenge,3846,14724,2026-09-29
1649481,spasmo,scavenge,3847,14713,2026-09-16
9944239,chrisl666,scavenge,3848,14676,2026-09-18
9501224,GräfinOl,scavenge,3849,14675,2026-09-07
9374247,tik99,scavenge,3850,14625,2026-09-03
1577441677,MrPickles,scavenge,3851,14625,2026-09-15
1577537512,Zempu1,scavenge,3852,14625,2026-10-03
998056,shiva 10,scavenge,3853,14624,2026-09-29
287459,Evangelina,scavenge,3854,14550,2026-10-03
1577538049,CarloDS,scavenge,3855,14550,2026-09-22
1577093508,Buckwild,scavenge,3856,14539,2026-09-01
1577546209,heini52,scavenge,3857,14488,2026-09-29
1577257072,gsaelzbaer,scavenge,3858,14460,2026-09-24
3449925,Hexe Lilly,scavenge,3859,14445,2026-10-03
1577547039,DominikDuHuan,scavenge,3860,14440,2026-09-30
10061197,DruPat2013,scavenge,3861,14439,2026-09-15
1577538217,Funnyjoe,scavenge,3862,14426,2026-09-13
1577168847,EISBABY,scavenge,3863,14403,2026-09-29
1577405866,martinb4,scavenge,3864,14389,2026-09-25
1577112742,Strikta,scavenge,3865,14378,2026-09-29
7897717,Königder Könige,scavenge,3866,14367,2026-09-14
1576577871,xInfamous,scavenge,3867,14361,2026-09-24
1577536286,Molzi,scavenge,3868,14358,2026-09-08
1577502103,anna.bolika,scavenge,3869,14350,2026-09-25
1577542812,Arno Dübel,scavenge,3870,14315,2026-10-01
984171,alf ölfass,scavenge,3871,14313,2026-09-30
235580,Death Side,scavenge,3872,14292,2026-09-30
1577530636,Herman12,scavenge,3873,14286,2026-10-03
1577492688,Stinkstiefel,scavenge,3874,14263,2026-09-28
1577383778,Schnecken.Haus,scavenge,3875,14260,2026-09-26
1577417685,Tribalkat007,scavenge,3876,14256,2026-09-20
1577266320,donkrause,scavenge,3877,14244,2026-09-25
1577532783,Knutti,scavenge,3878,14239,2026-09-12
1577521028,dsdk,scavenge,3879,14231,2026-09-19
1577375350,caracola,scavenge,3880,14213,2026-09-28
1577460041,Ch4rge,scavenge,3881,14183,2026-09-01
1577527103,Aylla,scavenge,3882,14173,2026-09-10
558807,Max1!,scavenge,3883,14136,2026-09-05
1577281138,Biscit,scavenge,3884,14133,2026-08-31
10163603,LUMPILORD,scavenge,3885,14106,2026-10-03
1576547936,xPlatonx,scavenge,3886,14105,2026-09-22
1577251651,Brandhaus,scavenge,3887,14074,2026-08-30
9855390,Dontworry,scavenge,3888,14060,2026-10-01
1577288708,Bahamut,scavenge,3889,14058,2026-09-06
1577489898,DannyBs,scavenge,3890,14000,2026-09-17
1577546376,g4mbl3,scavenge,3891,14000,2026-09-26
1577408763,Sarisa7,scavenge,3892,13898,2026-09-18
1577547856,flevii,scavenge,3893,13880,2026-10-03
8743574,ole86,scavenge,3894,13846,2026-09-30
1577057767,12345678910,scavenge,3895,13830,2026-08-30
1576416278,mystery castle,scavenge,3896,13815,2026-09-30
1577544231,HaHoHe,scavenge,3897,13813,2026-09-25
2069613,voliimann,scavenge,3898,13785,2026-08-30
8134989,moemmy,scavenge,3899,13785,2026-09-03
1577241684,DasGameover,scavenge,3900,13784,2026-09-27
1577546848,Gast546848,scavenge,3901,13769,2026-09-30
7760377,Nymph,scavenge,3902,13755,2026-10-03
1576962923,Djbasic92,scavenge,3903,13725,2026-09-17
1577061292,king113,scavenge,3904,13705,2026-09-02
1577540084,Oksana,scavenge,3905,13699,2026-09-06
1577525032,drosselbart 2,scavenge,3906,13657,2026-09-11
3348969,Fc energie,scavenge,3907,13650,2026-09-05
1577546978,gogo69,scavenge,3908,13613,2026-09-30
1577538033,UlliUlrichson,scavenge,3909,13600,2026-09-12
1337938,diphinila,scavenge,3910,13600,2026-09-29
1577525039,SirFarmalot,scavenge,3911,13594,2026-09-26
1577425681,Mylord Frank,scavenge,3912,13575,2026-09-13
9245489,PartyFreak65,scavenge,3913,13568,2026-09-08
1577372317,Wulthor,scavenge,3914,13563,2026-09-16
1577546348,DonGelatto,scavenge,3915,13540,2026-10-01
1576879058,Dornig,scavenge,3916,13513,2026-10-01
1577385537,laska765,scavenge,3917,13511,2026-09-11
1989819,Endless21,scavenge,3918,13500,2026-09-20
1577545936,Werner030,scavenge,3919,13500,2026-09-28
155938,fratest,scavenge,3920,13478,2026-10-02
1576789578,bighecht,scavenge,3921,13471,2026-09-14
1577537973,Sh1lka,scavenge,3922,13463,2026-09-10
1577400771,Snowranger,scavenge,3923,13463,2026-09-21
9185657,dr0genhund,scavenge,3924,13461,2026-10-03
710130,Devil57,scavenge,3925,13421,2026-09-10
1577495555,oh aha moin,scavenge,3926,13414,2026-10-01
1577533012,Bonsai,scavenge,3927,13380,2026-09-30
2987629,Grauhelm,scavenge,3928,13378,2026-10-02
1577422843,Lord Adler93,scavenge,3929,13373,2026-09-11
1577206379,NoSkillJustBash,scavenge,3930,13323,2026-09-14
1577129123,harur 555,scavenge,3931,13320,2026-09-07
1577344209,freak370,scavenge,3932,13259,2026-09-16
1577427188,duselber,scavenge,3933,13250,2026-09-08
1577544003,Nase von Sackenstein,scavenge,3934,13248,2026-08-30
1577348943,mövi9,scavenge,3935,13232,2026-08-31
1577097076,chaosdevil,scavenge,3936,13206,2026-09-27
8416945,saik06,scavenge,3937,13196,2026-09-13
1577246107,KeksxD,scavenge,3938,13145,2026-10-03
8325022,Unicornlasagne,scavenge,3939,13138,2026-10-02
1577289807,Biermudaviereck,scavenge,3940,13113,2026-09-06
1577176669,CRINITUS,scavenge,3941,13080,2026-09-19
1577428180,bieze,scavenge,3942,13077,2026-09-02
2108124,von verl,scavenge,3943,13064,2026-09-30
1577546316,Olli77,scavenge,3944,13026,2026-09-30
1577537029,MrDNobody98,scavenge,3945,13025,2026-09-07
1577543959,mafo172,scavenge,3946,13023,2026-09-02
1080223,alte wolf,scavenge,3947,12990,2026-09-18
7927886,ZZZZ4444,scavenge,3948,12903,2026-10-03
1575914865,CrazyTyp,scavenge,3949,12892,2026-09-15
1577384932,reddich,scavenge,3950,12875,2026-09-02
8951815,j-bet,scavenge,3951,12865,2026-08-31
1577544242,SchwarzeLegion,scavenge,3952,12855,2026-09-20
1577548127,Richy Rich,scavenge,3953,12843,2026-10-02
1577547576,Svenenzo77,scavenge,3954,12821,2026-10-02
1577532584,alex2010,scavenge,3955,12808,2026-09-22
72835,kasperkarl,scavenge,3956,12800,2026-09-26
1873810,Flogensi,scavenge,3957,12775,2026-09-27
1577441983,P.v.sturm,scavenge,3958,12773,2026-10-03
1557369,Candamir der Wikinger,scavenge,3959,12765,2026-09-05
1576905025,Michaell,scavenge,3960,12715,2026-09-09
550694,toni2805,scavenge,3961,12702,2026-09-06
1577543141,Aphrodite99,scavenge,3962,12690,2026-09-24
1956243,nistor,scavenge,3963,12683,2026-09-28
1577544962,firefighter3003,scavenge,3964,12681,2026-09-15
902658,jeannedarc49,scavenge,3965,12669,2026-09-27
1577545243,kuemmler,scavenge,3966,12650,2026-09-21
1577130115,Spiffy27,scavenge,3967,12646,2026-10-02
1576261366,Tadazone,scavenge,3968,12644,2026-09-30
1577545122,Sir Baumstamm,scavenge,3969,12614,2026-09-17
9640463,Odins - berserker,scavenge,3970,12548,2026-09-20
1577449424,weedbeat97,scavenge,3971,12546,2026-10-03
1577155175,Karl94,scavenge,3972,12531,2026-09-14
1577544244,Nordmänner,scavenge,3973,12531,2026-10-03
1577527518,KäptnDecoy,scavenge,3974,12520,2026-09-19
1577545728,assasin1995,scavenge,3975,12515,2026-09-20
1577345940,Hendl,scavenge,3976,12507,2026-10-03
3411934,Mickey69,scavenge,3977,12500,2026-10-03
1576776027,Bierchen812,scavenge,3978,12482,2026-09-03
1577302524,UrdnotGrunt,scavenge,3979,12475,2026-09-29
10293616,Skidbladnir,scavenge,3980,12461,2026-09-03
1577422981,The Marshall,scavenge,3981,12455,2026-09-17
9559905,Krokuspokus,scavenge,3982,12450,2026-08-29
3472244,Grisu-Krümel,scavenge,3983,12383,2026-09-30
1492908,Indianola,scavenge,3984,12380,2026-09-28
1577546512,MoveMove,scavenge,3985,12324,2026-09-21
1577202461,guard-fighter,scavenge,3986,12320,2026-09-03
1577493520,mesutbeutlin,scavenge,3987,12310,2026-10-03
1577548273,upo038,scavenge,3988,12292,2026-10-03
9318609,Cellenseres,scavenge,3989,12276,2026-08-31
9934088,shad3r,scavenge,3990,12273,2026-09-19
1577535518,Negan,scavenge,3991,12260,2026-09-11
9195438,Prof.Fessor,scavenge,3992,12252,2026-09-01
8324097,Rocker Max,scavenge,3993,12225,2026-09-04
1576102350,Lord Tommygun,scavenge,3994,12200,2026-09-30
1577401716,Mini88,scavenge,3995,12194,2026-09-19
948372,Pitkhan,scavenge,3996,12158,2026-10-03
1577415056,Icelina,scavenge,3997,12128,2026-09-23
1577403327,Darthsister12,scavenge,3998,12126,2026-09-14
1577546835,DarkReaper00,scavenge,3999,12095,2026-10-03
1577536180,Jazzle57,scavenge,4000,12075,2026-09-17
1576957795,Myco Max,scavenge,4001,12020,2026-10-03
1577378962,Lord-MSP,scavenge,4002,12000,2026-09-09
1576644130,MM70,scavenge,4003,12000,2026-09-03
1576627034,Fitz-Gervais,scavenge,4004,12000,2026-09-27
1577325121,Grimiore,scavenge,4005,12000,2026-09-08
1577484420,kingsanny287,scavenge,4006,11995,2026-09-24
1577221194,Feldschlafsack,scavenge,4007,11990,2026-09-06
1577335786,Kojle,scavenge,4008,11951,2026-08-30
1576420299,SiRiUsTm,scavenge,4009,11950,2026-09-17
9055044,Pokalsieger 1974,scavenge,4010,11945,2026-10-03
1576486955,Gentian,scavenge,4011,11920,2026-09-14
1577546910,verschachtelt,scavenge,4012,11918,2026-10-02
1577546023,maci,scavenge,4013,11906,2026-09-28
454627,tzZe,scavenge,4014,11890,2026-09-10
1577543705,Erzengel Armin,scavenge,4015,11863,2026-08-31
1577426940,24depot7,scavenge,4016,11836,2026-09-01
1577536599,Sattilit,scavenge,4017,11828,2026-09-12
3245276,Piratentot,scavenge,4018,11815,2026-09-27
858526,schuschei,scavenge,4019,11805,2026-09-05
9613917,fireCannon,scavenge,4020,11800,2026-09-08
1576562718,Lord-Z,scavenge,4021,11794,2026-09-05
1577510582,Lasereule,scavenge,4022,11789,2026-08-29
9569646,dieter2808,scavenge,4023,11770,2026-09-19
1576648097,LordMorgon,scavenge,4024,11746,2026-09-26
1577460735,peter57,scavenge,4025,11744,2026-10-03
8803573,Glatzeder1.,scavenge,4026,11744,2026-09-13
1577120751,yerushalem,scavenge,4027,11738,2026-09-06
8015217,DreamTerror3112,scavenge,4028,11728,2026-10-01
1577290403,Jobst von Mähren,scavenge,4029,11724,2026-09-27
1577258479,dilady,scavenge,4030,11692,2026-10-03
2130884,thokem,scavenge,4031,11689,2026-09-12
583367,koolkat,scavenge,4032,11679,2026-10-03
1577538943,busy,scavenge,4033,11665,2026-10-01
3392753,Free running,scavenge,4034,11643,2026-10-02
1577432426,Itzstedt,scavenge,4035,11638,2026-09-27
1577316391,Hermanndinger,scavenge,4036,11584,2026-10-03
8071173,SaZzzu,scavenge,4037,11552,2026-09-15
1577141028,ManiaXn,scavenge,4038,11529,2026-09-24
1576707460,Neoninside,scavenge,4039,11515,2026-10-03
9347110,Conquesor,scavenge,4040,11498,2026-09-04
8791390,König MasterBen,scavenge,4041,11474,2026-10-01
1577461280,iv3s72,scavenge,4042,11443,2026-09-23
1577285439,lordskinny,scavenge,4043,11413,2026-09-11
1577526904,alexvakar83,scavenge,4044,11408,2026-10-02
1577530418,piti,scavenge,4045,11364,2026-09-15
1577520959,Finschi666,scavenge,4046,11352,2026-09-01
1576261740,WeiserMars,scavenge,4047,11338,2026-09-14
1577439480,bier3,scavenge,4048,11336,2026-09-20
1577300179,DEFCON 1,scavenge,4049,11233,2026-10-03
1577487117,flo1893,scavenge,4050,11226,2026-09-29
1577367258,Ladoga,scavenge,4051,11215,2026-10-03
1577541192,Elli Fand,scavenge,4052,11192,2026-09-19
556673,Cyberdominik,scavenge,4053,11178,2026-09-09
1577491574,Nicky,scavenge,4054,11175,2026-09-29
1577521579,König Chrisi,scavenge,4055,11163,2026-09-13
1577539229,Syker Atar,scavenge,4056,11145,2026-09-25
1577543839,Dabooo,scavenge,4057,11102,2026-09-27
1577547955,MousseVI,scavenge,4058,11098,2026-10-03
1577512716,Manichfalt,scavenge,4059,11091,2026-09-14
9904651,Gambeler,scavenge,4060,11046,2026-09-14
1577399082,Luckyluck94,scavenge,4061,11000,2026-09-19
1577355679,Marcel9329,scavenge,4062,11000,2026-09-12
1577546169,PrinzKarnval,scavenge,4063,10980,2026-09-22
1577464711,Loribaft,scavenge,4064,10976,2026-10-02
7791572,RagnaRockstar,scavenge,4065,10963,2026-10-03
1577431335,Beluschi,scavenge,4066,10950,2026-09-20
1324944,50 Alexander,scavenge,4067,10950,2026-10-02
1577457334,Kingköng,scavenge,4068,10920,2026-09-27
1575861527,blackhans,scavenge,4069,10898,2026-09-27
1577445253,HandofBlood,scavenge,4070,10876,2026-09-26
1576764192,SgtDuck,scavenge,4071,10875,2026-09-14
1577404904,moZ.Art,scavenge,4072,10875,2026-10-03
1211055,Cataleya1,scavenge,4073,10817,2026-10-02
1577497425,Manne07,scavenge,4074,10808,2026-09-14
1577543449,ButtenNengel,scavenge,4075,10781,2026-09-08
1577532620,gruenemacht,scavenge,4076,10770,2026-09-18
8631615,nobbi1,scavenge,4077,10746,2026-10-01
1577543240,Mikey68,scavenge,4078,10708,2026-09-02
1577305014,Malapopo,scavenge,4079,10700,2026-10-02
1577517180,jayjay955,scavenge,4080,10696,2026-09-27
1576192469,ALPHA-KNECHT,scavenge,4081,10688,2026-09-01
1577545920,killerplautze174,scavenge,4082,10688,2026-09-30
1577524402,KleinerTigerPB,scavenge,4083,10673,2026-10-01
1575935262,reipser18,scavenge,4084,10623,2026-09-06
1577513358,TheBoss95,scavenge,4085,10605,2026-09-10
1577385525,Queeni,scavenge,4086,10600,2026-09-09
1577319381,Black-Joker,scavenge,4087,10581,2026-09-30
1577396699,Donpromillo1987,scavenge,4088,10575,2026-09-10
1577539345,Schneegott,scavenge,4089,10570,2026-09-26
1577280603,Kingtönni,scavenge,4090,10566,2026-10-02
1577548207,LeonRoxXx,scavenge,4091,10564,2026-10-03
1577543514,xSkillz0rx,scavenge,4092,10552,2026-09-02
1577172541,Alan of Helmsby,scavenge,4093,10550,2026-09-06
1577182467,Tiger9000,scavenge,4094,10545,2026-09-28
1576840311,PapaKuschelbär,scavenge,4095,10545,2026-08-30
1577380776,KarstadtDetektiv161,scavenge,4096,10534,2026-09-18
1577538120,tfpflorian,scavenge,4097,10533,2026-09-19
1577218445,frit,scavenge,4098,10528,2026-09-26
1576270609,Zyph,scavenge,4099,10522,2026-08-31
1576370608,BigBlackLady,scavenge,4100,10474,2026-09-17
1577438551,König Steffi,scavenge,4101,10439,2026-09-13
1576400455,Todeus,scavenge,4102,10434,2026-09-30
1576705402,Haethras.,scavenge,4103,10404,2026-09-01
1577425873,Loom,scavenge,4104,10400,2026-10-01
1625740,Wie ich,scavenge,4105,10400,2026-09-29
1577423724,Beldaran64,scavenge,4106,10400,2026-09-17
9988813,Flupjes,scavenge,4107,10399,2026-09-08
9099325,ulibulli,scavenge,4108,10388,2026-10-03
7961306,AURORA*NOX,scavenge,4109,10387,2026-09-30
1577546175,Maschilacker76,scavenge,4110,10338,2026-10-02
1577434092,Dark Shadow20,scavenge,4111,10338,2026-10-02
1577405481,Spriteside,scavenge,4112,10325,2026-09-18
1577539033,elosso92,scavenge,4113,10317,2026-09-11
1577486167,Kiminski,scavenge,4114,10313,2026-10-03
8843354,Enya24,scavenge,4115,10287,2026-10-02
10253824,hogelo,scavenge,4116,10250,2026-09-07
1577545624,QuickRick,scavenge,4117,10248,2026-09-20
1577547508,Stonecity,scavenge,4118,10239,2026-10-02
9008110,Shiroianer,scavenge,4119,10231,2026-08-28
1577516729,Sveriner,scavenge,4120,10204,2026-10-03
1576828512,auchwiederda,scavenge,4121,10193,2026-09-03
1577148956,Namless,scavenge,4122,10155,2026-09-17
1577546810,King Rob Roy,scavenge,4123,10140,2026-09-28
1577416226,ThorTyrion,scavenge,4124,10132,2026-09-17
1577411514,dorftown97,scavenge,4125,10108,2026-10-02
1575925080,kokosnußmilk,scavenge,4126,10100,2026-09-11
1576620778,Fuddiii,scavenge,4127,10100,2026-09-07
1577505017,Wolf of Bruck,scavenge,4128,10078,2026-10-02
1577547473,m0ses3,scavenge,4129,10061,2026-10-02
10271260,Fab.Be,scavenge,4130,10052,2026-09-20
9851322,.DoNN,scavenge,4131,10019,2026-09-30
8247369,Golde Roger,scavenge,4132,10019,2026-09-01
1577346133,terrafic,scavenge,4133,10005,2026-10-03
9908956,Taifun94,scavenge,4134,10003,2026-09-24
7667875,Tellstown,scavenge,4135,10000,2026-10-03
1577546355,Garasek,scavenge,4136,9995,2026-09-27
8962998,SHIFTA,scavenge,4137,9927,2026-08-31
3465287,drache micha,scavenge,4138,9922,2026-09-13
1577547368,Jussel,scavenge,4139,9916,2026-10-01
1577547181,Slazer,scavenge,4140,9904,2026-10-03
1576449100,PikAssSticht,scavenge,4141,9878,2026-09-02
1577400354,Lord Lambda,scavenge,4142,9868,2026-08-30
8512794,Iconfighter,scavenge,4143,9835,2026-09-26
8804334,Schbabba,scavenge,4144,9830,2026-10-03
1577547388,xMIMOx,scavenge,4145,9802,2026-09-27
1576336082,Schnotty,scavenge,4146,9800,2026-09-01
1576769131,-Frauenversteher-,scavenge,4147,9799,2026-09-24
1577385009,Guenter1970,scavenge,4148,9783,2026-10-02
1577537377,Sir Landselot,scavenge,4149,9769,2026-10-03
1576989645,st. Patrick .1,scavenge,4150,9756,2026-09-19
1577459379,Lord Lexxer,scavenge,4151,9743,2026-10-01
1577304910,Hatcibumbaci,scavenge,4152,9732,2026-10-03
1577336001,Otter1990,scavenge,4153,9707,2026-09-04
1577501599,cxn0,scavenge,4154,9700,2026-09-21
1577322983,iGetMeOut,scavenge,4155,9650,2026-10-02
1577431840,Kruse,scavenge,4156,9625,2026-10-01
2793200,Lars der Eisbaer,scavenge,4157,9603,2026-09-28
1537497,kardinal6,scavenge,4158,9554,2026-10-03
7958717,Schiefey93,scavenge,4159,9550,2026-09-11
1576369777,gunga,scavenge,4160,9548,2026-09-26
1577454874,KingKoi,scavenge,4161,9543,2026-09-19
3474131,Bountyqueen,scavenge,4162,9502,2026-09-30
1576535784,JonSP423,scavenge,4163,9458,2026-09-27
1670892,llarissa,scavenge,4164,9456,2026-09-02
1577547337,evoq,scavenge,4165,9425,2026-09-29
1577495544,Närrischer Tuck,scavenge,4166,9353,2026-09-08
1577547079,MCHammerAUT,scavenge,4167,9351,2026-10-03
689302,saxmut1066,scavenge,4168,9350,2026-09-13
7970409,chrischy66,scavenge,4169,9320,2026-09-08
1577421479,Ritter-Kunibert,scavenge,4170,9315,2026-10-01
333547,K.G.S,scavenge,4171,9286,2026-09-08
1577302234,Nox3,scavenge,4172,9283,2026-09-24
1577545143,Switzy94,scavenge,4173,9279,2026-10-03
614761,d ugt,scavenge,4174,9224,2026-09-01
1576474941,Sir T,scavenge,4175,9204,2026-09-28
1577392291,CalmDown-,scavenge,4176,9200,2026-09-29
10053790,plutoos,scavenge,4177,9200,2026-09-23
1577440830,Romsiline,scavenge,4178,9181,2026-09-17
1577545296,Don cem,scavenge,4179,9100,2026-09-15
1577462883,Badibaby,scavenge,4180,9093,2026-09-26
9830022,Lord bayerndödel,scavenge,4181,9038,2026-09-11
1577512980,Intervontinder,scavenge,4182,9028,2026-09-14
1577329596,Almigurt von Ehrenmann,scavenge,4183,9025,2026-09-20
1577458427,der.Hippster,scavenge,4184,9009,2026-09-14
1577545473,gromeier,scavenge,4185,9007,2026-09-20
1576604265,KaTunTV,scavenge,4186,9005,2026-09-20
1575969109,XeroXenot,scavenge,4187,9000,2026-09-11
1577545388,speedy 87,scavenge,4188,9000,2026-09-27
1577116754,Bleckmann,scavenge,4189,8995,2026-09-25
9389833,Gringen,scavenge,4190,8993,2026-10-01
8661795,Buchara,scavenge,4191,8975,2026-09-21
1577347354,Chemisi,scavenge,4192,8970,2026-09-24
1577518440,Hagorin,scavenge,4193,8963,2026-09-08
1577464525,Blacky200,scavenge,4194,8950,2026-09-08
1747473,Master Grisworld,scavenge,4195,8948,2026-10-03
1577387679,gismo2019,scavenge,4196,8935,2026-10-03
7627091,Wynnypuuu,scavenge,4197,8920,2026-09-16
1577503108,MaxiKing21,scavenge,4198,8913,2026-09-02
1577431811,Lexenny,scavenge,4199,8909,2026-09-09
1577310167,Madness82,scavenge,4200,8906,2026-09-11
2412701,Pippiar,scavenge,4201,8903,2026-08-31
9531649,Terror Spongi,scavenge,4202,8900,2026-10-01
1577547712,Rawi,scavenge,4203,8891,2026-10-03
1577540186,Mpeq,scavenge,4204,8871,2026-09-12
1577080702,maikvd,scavenge,4205,8850,2026-10-03
1577220696,s4sch4,scavenge,4206,8846,2026-09-02
1576761492,janwe01,scavenge,4207,8836,2026-09-14
1576912487,Vercingetorix64,scavenge,4208,8810,2026-09-29
1577131789,ReGeKo,scavenge,4209,8781,2026-09-08
1577493640,legenda1996,scavenge,4210,8780,2026-09-09
1577390913,HHoodwatch,scavenge,4211,8773,2026-09-23
1577396007,Waldai,scavenge,4212,8771,2026-09-23
1577066276,eism,scavenge,4213,8762,2026-09-10
1576855,Anbu95,scavenge,4214,8753,2026-09-07
1306780,Klabautermann4444,scavenge,4215,8744,2026-09-04
1577268028,Svantjevit,scavenge,4216,8725,2026-10-03
133852,Broncho,scavenge,4217,8714,2026-09-05
1577395960,simmel,scavenge,4218,8712,2026-10-01
1577537338,ThiloAnno1984,scavenge,4219,8703,2026-10-02
9643314,.Gulaschkanonier.,scavenge,4220,8674,2026-08-29
1577348017,Arl Eamon,scavenge,4221,8645,2026-10-03
1577527530,Ezyr,scavenge,4222,8644,2026-09-07
1577499786,Gabsi0109,scavenge,4223,8640,2026-09-29
1577544638,ronvex,scavenge,4224,8625,2026-09-18
1577304538,Balloo,scavenge,4225,8625,2026-09-18
8664507,spataner33,scavenge,4226,8615,2026-09-23
1577425637,tim97,scavenge,4227,8613,2026-10-03
8051260,boschtler,scavenge,4228,8589,2026-09-15
1577406000,marcosandro,scavenge,4229,8585,2026-09-12
1577540709,Connat2,scavenge,4230,8535,2026-09-19
1577206838,werner 61,scavenge,4231,8519,2026-09-20
2227947,SengokuSan,scavenge,4232,8514,2026-09-14
1577376047,Laurania,scavenge,4233,8476,2026-09-01
1577450094,ertuerk1991,scavenge,4234,8458,2026-08-31
1575953070,Emanuel Lasker,scavenge,4235,8445,2026-10-03
1577463933,HoherStaufer,scavenge,4236,8410,2026-09-23
1577505686,King Lord 90,scavenge,4237,8395,2026-10-03
1577546344,captkek,scavenge,4238,8390,2026-09-29
1577270693,spiderentchen,scavenge,4239,8388,2026-08-30
1406771,Powergirl 4ever,scavenge,4240,8366,2026-10-01
1577513100,Khaos123,scavenge,4241,8363,2026-09-03
7688782,Andreas der Hunne,scavenge,4242,8346,2026-08-30
1577348205,Anthraxx93,scavenge,4243,8327,2026-09-13
1577546048,NoPerFecT,scavenge,4244,8308,2026-09-22
1577545405,iCry,scavenge,4245,8279,2026-09-12
1576814808,Bunny Yuu,scavenge,4246,8276,2026-10-03
1577546475,LumaxO,scavenge,4247,8273,2026-09-21
111003,the dark kasa,scavenge,4248,8265,2026-10-01
1577411430,Toadally Awesome,scavenge,4249,8264,2026-10-02
881657,Der Hanseat,scavenge,4250,8250,2026-09-28
1577519927,Devel,scavenge,4251,8246,2026-09-22
1577363148,ichnixwissen,scavenge,4252,8216,2026-10-01
1576886887,r8killer98,scavenge,4253,8211,2026-09-16
1577518051,Freudentanz,scavenge,4254,8200,2026-09-12
1949165,bigstruppie,scavenge,4255,8197,2026-09-12
1576914615,Wuzzy,scavenge,4256,8186,2026-09-10
3303973,daniel2144,scavenge,4257,8185,2026-10-03
2178609,Schmackos,scavenge,4258,8140,2026-10-01
1577546663,Gast546663,scavenge,4259,8132,2026-09-26
7875995,Heinert,scavenge,4260,8131,2026-10-03
2038810,Stellonyus,scavenge,4261,8126,2026-09-12
3259870,templer 1118,scavenge,4262,8125,2026-08-30
351069,Blabb,scavenge,4263,8123,2026-09-12
1577544848,Kelle75,scavenge,4264,8122,2026-09-28
1577503485,Lady JASMIN,scavenge,4265,8120,2026-09-14
1577512269,High Marschall Helbrecht,scavenge,4266,8119,2026-09-28
1577458642,Täääz,scavenge,4267,8107,2026-09-14
321726,Beizer,scavenge,4268,8100,2026-09-12
2114935,BodomTrier,scavenge,4269,8083,2026-09-22
8876749,babysnake,scavenge,4270,8028,2026-09-10
9219282,Mariechen Jolie,scavenge,4271,8018,2026-09-11
1577513315,granto,scavenge,4272,8008,2026-09-19
1577284885,Horst-MG,scavenge,4273,8000,2026-09-13
419042,fsb1,scavenge,4274,8000,2026-09-23
1577545587,Ragnaras,scavenge,4275,7998,2026-09-11
1576636270,RobTheTop122,scavenge,4276,7970,2026-09-11
1577540374,Dadaone79,scavenge,4277,7954,2026-09-18
1577366286,gertner,scavenge,4278,7930,2026-09-30
1577545963,ExTaSy,scavenge,4279,7908,2026-09-18
3074049,Alexa555,scavenge,4280,7875,2026-10-03
1576528969,kleiner schlumpf,scavenge,4281,7860,2026-09-25
9084786,der buddy,scavenge,4282,7813,2026-09-29
1576793181,BordSteinLegende,scavenge,4283,7812,2026-10-03
1577509515,Jens,scavenge,4284,7808,2026-09-19
1577528519,DerWächter,scavenge,4285,7800,2026-09-03
1410479,Hundertzwölf,scavenge,4286,7796,2026-09-06
1577545372,Roelt31,scavenge,4287,7773,2026-09-28
1577546073,Monkey D. Luffy1,scavenge,4288,7720,2026-09-27
9532782,Jupiter2512,scavenge,4289,7700,2026-09-25
1577531385,Wuja,scavenge,4290,7700,2026-09-10
1577544054,Potsdamer,scavenge,4291,7693,2026-10-03
1577139084,königmatze,scavenge,4292,7674,2026-10-02
9448034,odi77,scavenge,4293,7668,2026-09-26
2606474,Folwark Illugison,scavenge,4294,7662,2026-09-15
3449459,Trochaeus,scavenge,4295,7657,2026-09-11
8036780,01037023,scavenge,4296,7650,2026-09-20
1577516367,Pitus,scavenge,4297,7631,2026-09-25
1577349791,HARM,scavenge,4298,7600,2026-08-31
9646360,Anderl7212,scavenge,4299,7530,2026-09-06
1577083660,Hrothgar I,scavenge,4300,7525,2026-09-29
1577484667,DarkShineRise,scavenge,4301,7521,2026-10-03
1577384783,saletti,scavenge,4302,7513,2026-10-03
1577546442,666Todesengel666,scavenge,4303,7504,2026-10-03
1577438928,fli73150,scavenge,4304,7500,2026-09-16
1577058788,Danbil,scavenge,4305,7497,2026-10-03
1577494020,Lotte19,scavenge,4306,7470,2026-09-15
1577453476,Sachsen Otto,scavenge,4307,7449,2026-09-06
8499874,Mad Maxi,scavenge,4308,7446,2026-10-03
1577545101,diddy4315,scavenge,4309,7439,2026-09-29
1577494233,Gitz,scavenge,4310,7412,2026-09-02
1577360296,Ronald Weedley,scavenge,4311,7407,2026-10-01
1577546903,Lerenor Zorro,scavenge,4312,7400,2026-09-24
1576760279,spray,scavenge,4313,7396,2026-09-09
1576342688,kape0815,scavenge,4314,7337,2026-09-08
1576832033,das Camel,scavenge,4315,7333,2026-09-10
9297409,Tarrja,scavenge,4316,7332,2026-09-15
1577301232,regenmantel,scavenge,4317,7306,2026-09-08
1577505545,Fliesenhütte,scavenge,4318,7263,2026-09-20
8209720,Todland,scavenge,4319,7261,2026-09-14
8562343,rocktroll,scavenge,4320,7260,2026-09-19
1577436133,Hugo2014,scavenge,4321,7240,2026-09-30
1260323,Linessa,scavenge,4322,7223,2026-09-22
1576280846,Leevu,scavenge,4323,7205,2026-09-26
2177751,Graf Blacula,scavenge,4324,7200,2026-09-12
8156505,Lola05,scavenge,4325,7131,2026-09-14
9195798,Messi 11,scavenge,4326,7102,2026-09-27
1577458190,Döner macht schöner,scavenge,4327,7100,2026-09-27
1577377152,JmsHard,scavenge,4328,7060,2026-10-03
1577436774,Blizzrd721,scavenge,4329,7059,2026-09-22
1577426881,nesti97,scavenge,4330,7057,2026-09-20
1577121930,iq100,scavenge,4331,7048,2026-09-01
1577485164,chris1898,scavenge,4332,7033,2026-09-28
1518944,Atlam,scavenge,4333,7012,2026-09-24
1577449588,karl4,scavenge,4334,7000,2026-09-14
1576635820,Tom Clancy,scavenge,4335,6995,2026-09-29
1211,amigote,scavenge,4336,6965,2026-09-18
1577523776,Lord Whity59,scavenge,4337,6939,2026-09-13
1577545323,Stämmephibs,scavenge,4338,6935,2026-09-27
1577366328,Phantom,scavenge,4339,6923,2026-09-11
2567982,Fino1963,scavenge,4340,6915,2026-09-16
1577538212,LordItachi92,scavenge,4341,6915,2026-09-06
1576651382,hase61,scavenge,4342,6898,2026-09-05
1780546,Faehnleinmeister,scavenge,4343,6873,2026-10-03
1577084206,INKOGNITO,scavenge,4344,6871,2026-09-17
1577548373,Flotschn,scavenge,4345,6849,2026-10-03
1576979892,Cold As 1ce,scavenge,4346,6824,2026-09-20
1577540505,El Fugo,scavenge,4347,6819,2026-09-29
1577065649,Rosthagel,scavenge,4348,6810,2026-09-28
1577097300,SunnyFromHell,scavenge,4349,6800,2026-10-01
1577541748,Nordwolf77,scavenge,4350,6776,2026-09-24
1577246929,Kevin77,scavenge,4351,6770,2026-10-03
1576190061,MrVolli,scavenge,4352,6720,2026-10-02
1577181321,Nolay,scavenge,4353,6719,2026-09-09
1577400674,Lixibixi,scavenge,4354,6714,2026-10-03
1577001885,Basti23,scavenge,4355,6689,2026-10-02
1577544104,sepp1006,scavenge,4356,6685,2026-09-16
1577358547,Sp4rky,scavenge,4357,6675,2026-09-23
1577504124,Hendlmeyer,scavenge,4358,6675,2026-09-29
1577375085,XOXO,scavenge,4359,6658,2026-10-02
9793141,hirss,scavenge,4360,6650,2026-09-21
1576372017,Ace2,scavenge,4361,6632,2026-10-03
1577335205,Hanni123.,scavenge,4362,6625,2026-10-02
1577082881,finsterbär,scavenge,4363,6600,2026-09-14
1576451822,profcharlieeppes,scavenge,4364,6598,2026-10-03
1577461836,fightclub76,scavenge,4365,6594,2026-09-26
1458607,TheDy,scavenge,4366,6585,2026-09-16
1576291593,Lord Jason King,scavenge,4367,6575,2026-09-10
1576007173,Axel1958,scavenge,4368,6559,2026-09-08
496108,hoepa,scavenge,4369,6490,2026-09-09
1577034305,Yosemite Sam,scavenge,4370,6490,2026-10-01
1577544412,rocco-siffredi-69,scavenge,4371,6483,2026-09-28
1576916341,Der Strolch,scavenge,4372,6479,2026-09-11
2989803,power miners,scavenge,4373,6456,2026-09-25
1577360295,Ragnar95X,scavenge,4374,6452,2026-09-20
8502900,AlexanderDerDicke,scavenge,4375,6434,2026-09-14
1577021205,klommar882,scavenge,4376,6409,2026-10-02
1577257223,senebo7612,scavenge,4377,6404,2026-09-25
1577531957,Darnamur125,scavenge,4378,6389,2026-09-05
1577266271,Fabrice1993,scavenge,4379,6386,2026-09-22
1576946684,Sn0x,scavenge,4380,6383,2026-09-17
1576890954,Death Note,scavenge,4381,6363,2026-08-31
1577544586,stenka,scavenge,4382,6352,2026-09-03
1576794600,JayJayOkocha,scavenge,4383,6350,2026-10-03
3274619,Mimose11,scavenge,4384,6330,2026-09-29
1577246297,yfloriaN,scavenge,4385,6322,2026-10-02
1577492491,Lord hexor,scavenge,4386,6314,2026-09-18
2880548,Der welten Zerstörer,scavenge,4387,6311,2026-09-01
1576365732,Lord seidelbier,scavenge,4388,6310,2026-09-18
1577516454,Sefe97,scavenge,4389,6307,2026-09-09
1577531511,estfiebi,scavenge,4390,6278,2026-10-02
7654106,marcel989,scavenge,4391,6275,2026-09-18
8430997,kingkodde,scavenge,4392,6261,2026-09-22
1577540167,benjamin1994,scavenge,4393,6250,2026-09-13
1577422120,AndziaPandzia,scavenge,4394,6250,2026-10-01
7712374,jepus,scavenge,4395,6222,2026-09-11
1576508063,blbkiller,scavenge,4396,6203,2026-09-05
1577537158,Kuppi0815,scavenge,4397,6190,2026-09-30
1577195729,Beowulf I,scavenge,4398,6155,2026-10-02
1576632270,Ettenfreak,scavenge,4399,6155,2026-09-25
7776593,Lord Eastwick,scavenge,4400,6153,2026-09-05
1577548220,Aoibhin,scavenge,4401,6133,2026-10-03
1577540982,..Niklauda..,scavenge,4402,6119,2026-10-01
1577536871,Tatum28,scavenge,4403,6101,2026-08-29
1577485497,goodmorning,scavenge,4404,6077,2026-09-26
1577544464,Zaryod,scavenge,4405,6075,2026-09-10
9280036,Alfredux,scavenge,4406,6053,2026-08-31
1577537147,R2k3,scavenge,4407,6050,2026-09-29
1577427281,jady236,scavenge,4408,6050,2026-09-14
1577115400,Superquerulant,scavenge,4409,6040,2026-10-03
1027253,jusumi,scavenge,4410,6013,2026-09-28
1407936,O.oCatweazelo.O,scavenge,4411,6012,2026-09-28
1577484515,gerkan,scavenge,4412,6000,2026-10-01
10261171,Kisshu Papaiordanis,scavenge,4413,6000,2026-09-25
1577431790,Robinsko,scavenge,4414,6000,2026-09-15
1577023771,CiderPitcher,scavenge,4415,6000,2026-09-30
1577317640,basix12,scavenge,4416,5996,2026-10-02
863854,Hagenug,scavenge,4417,5968,2026-10-02
1577154496,Wäldianer,scavenge,4418,5876,2026-08-30
1577351433,Anarion,scavenge,4419,5850,2026-09-22
1576844728,Gobiva,scavenge,4420,5850,2026-09-06
1577529153,Golfjaeger,scavenge,4421,5850,2026-09-21
2822683,xZaiZunx,scavenge,4422,5850,2026-09-04
1577297173,The Dark Knight 74,scavenge,4423,5836,2026-09-09
1577500152,Ademar II,scavenge,4424,5813,2026-10-03
1577531670,Grum,scavenge,4425,5783,2026-09-10
1577354511,Thormas,scavenge,4426,5780,2026-09-04
1577548520,Koffer,scavenge,4427,5748,2026-10-03
1577497717,BlueTempler,scavenge,4428,5738,2026-09-20
1576658413,KaffeeJunky,scavenge,4429,5719,2026-09-26
1193505,Wumpelos-Knopperos,scavenge,4430,5718,2026-09-26
8961276,Lord Sepo,scavenge,4431,5715,2026-09-12
994247,Boyer1,scavenge,4432,5714,2026-10-03
1577500249,König Dr.med.Wurst,scavenge,4433,5714,2026-09-06
1577529208,Big Yahu,scavenge,4434,5708,2026-08-29
1577336182,zorro,scavenge,4435,5690,2026-10-03
1577282851,toniazemi 19,scavenge,4436,5678,2026-09-29
10024985,LordAtesh,scavenge,4437,5675,2026-09-06
1577538501,Stexu,scavenge,4438,5670,2026-10-02
1576189616,Lord Revilo,scavenge,4439,5655,2026-09-23
1577539321,Lucas999,scavenge,4440,5634,2026-09-08
1160190,Tungil Goldhand 2,scavenge,4441,5625,2026-09-10
3264210,piccolina,scavenge,4442,5597,2026-10-02
1576645733,kurtohnegurt,scavenge,4443,5551,2026-10-01
1577491747,Serberus1985,scavenge,4444,5527,2026-10-03
1577516952,C R I M E,scavenge,4445,5513,2026-09-24
1577439023,Raptor1989,scavenge,4446,5508,2026-09-17
2026010,SaffyKid,scavenge,4447,5465,2026-10-01
1576083107,Lord Newcastle,scavenge,4448,5428,2026-09-12
1577489217,Turtok420,scavenge,4449,5413,2026-09-08
1577537986,scarpex,scavenge,4450,5408,2026-09-30
1577544409,Danielhha,scavenge,4451,5400,2026-09-03
1577542967,DenoGreen,scavenge,4452,5385,2026-09-25
2220214,Japo1,scavenge,4453,5350,2026-09-26
1577527803,Poul1,scavenge,4454,5344,2026-10-03
2992563,CoMunichCation,scavenge,4455,5303,2026-09-26
257510,DrHooxon,scavenge,4456,5300,2026-09-25
1577408612,Ralph1983,scavenge,4457,5300,2026-09-09
1577548238,sco10,scavenge,4458,5252,2026-10-03
1577546056,Gamschied,scavenge,4459,5251,2026-09-23
1577383837,Lord Halbrand,scavenge,4460,5250,2026-09-20
2995090,Wagegg,scavenge,4461,5248,2026-10-03
9387269,Caroch,scavenge,4462,5226,2026-09-13
1577452989,Chrysippos,scavenge,4463,5220,2026-10-01
1577538823,Saustall,scavenge,4464,5219,2026-09-19
1576274298,Chnuddelbärli,scavenge,4465,5217,2026-09-02
1577350386,FightingFarmer,scavenge,4466,5188,2026-09-07
1577381129,Ghost1609,scavenge,4467,5175,2026-10-01
9376314,Enrico Pallazzo,scavenge,4468,5175,2026-08-31
1577535940,Queeny,scavenge,4469,5164,2026-09-05
1577533644,Alexr,scavenge,4470,5157,2026-10-02
7646509,Nyynyya,scavenge,4471,5144,2026-09-11
1577531524,mc-schwenki93,scavenge,4472,5119,2026-09-28
1577500335,TCrosb,scavenge,4473,5117,2026-09-06
1577257828,El Guerrero Oscuro,scavenge,4474,5113,2026-08-29
1577362260,Lentso,scavenge,4475,5110,2026-09-30
1577547708,bösermau,scavenge,4476,5102,2026-10-02
1576526597,LiveD,scavenge,4477,5073,2026-09-13
1577351899,kugelblitz02,scavenge,4478,5071,2026-08-29
941519,bibi100,scavenge,4479,5057,2026-09-03
2617477,Saraclia,scavenge,4480,5055,2026-09-11
1577501022,Brausebernd,scavenge,4481,5051,2026-09-26
9978487,sieben?,scavenge,4482,5050,2026-09-12
1577547087,DavdiL,scavenge,4483,5014,2026-10-02
1577336016,axel.schweiss,scavenge,4484,5013,2026-09-30
8328690,blackblacky79,scavenge,4485,5004,2026-09-08
8790349,.King-Dani.,scavenge,4486,5003,2026-09-13
1161362,Bauernkicker,scavenge,4487,5000,2026-09-16
1577518944,v1tr0x,scavenge,4488,4982,2026-09-22
1577122903,tansis99,scavenge,4489,4980,2026-09-16
1576951932,maxking,scavenge,4490,4923,2026-10-02
1577547519,König SneaX,scavenge,4491,4915,2026-09-28
1577355767,markuswla1193,scavenge,4492,4909,2026-10-03
1577540388,Prinz82,scavenge,4493,4903,2026-09-13
1575842212,Redbull.power,scavenge,4494,4875,2026-09-26
1577547631,Aschefeld,scavenge,4495,4866,2026-10-01
1244552,allymante,scavenge,4496,4864,2026-09-24
9437130,Kirschkönik reloaded,scavenge,4497,4864,2026-09-26
1576664847,Seung-woo,scavenge,4498,4863,2026-09-13
1577515767,Lord Jule,scavenge,4499,4826,2026-09-03
1577548261,Tobse,scavenge,4500,4821,2026-10-03
9529703,Aladin von Trödel,scavenge,4501,4813,2026-09-01
1214022,balla bing 1,scavenge,4502,4785,2026-09-27
1577011450,Inaunso,scavenge,4503,4783,2026-09-25
8068318,System of a Down 2,scavenge,4504,4773,2026-09-21
1577427813,mühli93,scavenge,4505,4773,2026-10-02
1577546492,Lady MiaSchö,scavenge,4506,4763,2026-09-21
1577466267,Matti18,scavenge,4507,4755,2026-09-12
1576521664,Kyoni,scavenge,4508,4755,2026-09-05
1576962665,DerNameIstProgramm,scavenge,4509,4746,2026-09-07
1577426456,nimrot,scavenge,4510,4740,2026-09-11
1577485180,mc.car,scavenge,4511,4735,2026-10-03
1577542183,mike1560,scavenge,4512,4715,2026-09-21
1576794601,Drazkiev,scavenge,4513,4710,2026-09-02
1303880,Michael65,scavenge,4514,4694,2026-09-06
1577529088,slystallone25,scavenge,4515,4688,2026-09-05
1577544294,Chrissy1959,scavenge,4516,4650,2026-09-27
1577380294,ZoraWater,scavenge,4517,4642,2026-09-30
1577545926,sponschbob,scavenge,4518,4641,2026-09-30
96551,Lord Bergi,scavenge,4519,4635,2026-09-23
1577436381,Lord Bertl,scavenge,4520,4575,2026-10-03
1577489970,Salzstange,scavenge,4521,4568,2026-09-18
1577498335,Lacky,scavenge,4522,4566,2026-10-03
1577128080,Odenwald,scavenge,4523,4565,2026-09-25
1577338499,das Böse,scavenge,4524,4520,2026-09-28
1577546937,Bald,scavenge,4525,4494,2026-10-01
1576462448,inFecTeD-Fox,scavenge,4526,4485,2026-10-01
7693690,Giganto 1506,scavenge,4527,4480,2026-08-29
1575878782,Razz0r77,scavenge,4528,4478,2026-10-02
1576240098,Lord Jordy,scavenge,4529,4469,2026-10-02
1577523119,eXceL04,scavenge,4530,4429,2026-08-28
9353440,Freakmate,scavenge,4531,4416,2026-09-04
1576767174,Tribun48,scavenge,4532,4404,2026-09-29
1577545226,Gothmor,scavenge,4533,4395,2026-09-21
1577536980,Zinneb,scavenge,4534,4389,2026-10-02
1577320169,Jekkts,scavenge,4535,4366,2026-10-03
1577368417,Rosi2015,scavenge,4536,4350,2026-09-28
9000115,SpaKacke,scavenge,4537,4344,2026-09-22
1577542987,Flox,scavenge,4538,4335,2026-09-18
9585424,Sternenphalanx,scavenge,4539,4320,2026-09-12
1577538237,BerndBrot der Wahre,scavenge,4540,4282,2026-08-31
438481,pharmazeuticus,scavenge,4541,4249,2026-09-16
1576145921,Lord Underworld,scavenge,4542,4200,2026-09-01
1577545712,goodvxbxs,scavenge,4543,4200,2026-09-20
9338798,RitterHelki,scavenge,4544,4200,2026-09-11
1576281097,König imad,scavenge,4545,4185,2026-09-05
1577388102,bibidibabu,scavenge,4546,4175,2026-09-12
992163,Bunnito,scavenge,4547,4158,2026-09-25
1577033300,Umanic,scavenge,4548,4126,2026-10-03
1576279686,Unaufhaltbar,scavenge,4549,4124,2026-09-03
2349646,Rabenmann20,scavenge,4550,4092,2026-09-05
9398381,Elefantenfriseur,scavenge,4551,4090,2026-09-26
1576154840,gangsta9,scavenge,4552,4089,2026-09-12
1577010115,erikthechamp2,scavenge,4553,4075,2026-09-01
852853,Lord of Megadesaster,scavenge,4554,4050,2026-09-12
1577545169,Marebu80,scavenge,4555,4050,2026-09-14
1577335866,Tom Mate,scavenge,4556,4035,2026-10-03
1577547054,Bruch67,scavenge,4557,4031,2026-09-30
834384,Partizan Thomas,scavenge,4558,4024,2026-09-15
8124846,FCNFCNFCN,scavenge,4559,4007,2026-10-03
8354082,AndreasI.,scavenge,4560,4006,2026-10-01
1577515043,ragri,scavenge,4561,4006,2026-09-20
1577351930,Sir Herry,scavenge,4562,4002,2026-10-01
1577544197,Kinglele2,scavenge,4563,4000,2026-10-03
1577537700,sarahrauch90,scavenge,4564,3991,2026-09-12
1577546851,bratgnu,scavenge,4565,3986,2026-09-28
9621123,Assassin1601,scavenge,4566,3975,2026-09-09
1577513076,walger,scavenge,4567,3959,2026-09-04
2807607,Andy467,scavenge,4568,3948,2026-09-10
7879631,gjk1,scavenge,4569,3932,2026-10-03
1576952691,EVIL.Legende,scavenge,4570,3920,2026-08-31
1495707,IMPERATORMP,scavenge,4571,3915,2026-09-30
1577427469,Wodkaenergy,scavenge,4572,3910,2026-09-07
1576389212,könig bum bum,scavenge,4573,3906,2026-09-23
2991338,Illuminati72,scavenge,4574,3902,2026-09-22
1577283611,Simone1994,scavenge,4575,3900,2026-09-09
1577547829,FrostForged99,scavenge,4576,3889,2026-09-29
1577545922,6ix7even,scavenge,4577,3878,2026-09-27
1577457335,abc xyz,scavenge,4578,3854,2026-10-01
1577504314,Dave 19,scavenge,4579,3849,2026-09-14
1577540171,SirHomer,scavenge,4580,3839,2026-09-07
1576916261,Fischchen15,scavenge,4581,3829,2026-09-13
1577143631,brygg,scavenge,4582,3827,2026-09-21
1577542920,maareike-93,scavenge,4583,3813,2026-09-13
1575896777,zoltan74,scavenge,4584,3805,2026-09-23
1577441213,kifretil,scavenge,4585,3800,2026-09-29
1577329590,Jaca18,scavenge,4586,3795,2026-09-17
1577545108,Naturfreund-1986,scavenge,4587,3792,2026-09-28
1576620804,JonyQ7,scavenge,4588,3777,2026-09-18
9713579,dimmu borgir,scavenge,4589,3761,2026-10-03
1576541148,cyber01,scavenge,4590,3755,2026-09-29
1577220753,xploe,scavenge,4591,3752,2026-08-31
1577514471,Jensemann,scavenge,4592,3748,2026-09-18
1577546455,Tschule92,scavenge,4593,3745,2026-09-30
1577458191,schlong69,scavenge,4594,3721,2026-10-02
1577354428,Kylian Mbashpe,scavenge,4595,3717,2026-08-29
1577495310,LaSantaMuerte,scavenge,4596,3713,2026-09-12
1577532730,Elamaus,scavenge,4597,3662,2026-09-20
1577547833,FuerstLeonDE,scavenge,4598,3644,2026-09-29
1577237530,gipina,scavenge,4599,3626,2026-09-14
1576897201,xDaReDeViLx,scavenge,4600,3621,2026-09-30
1577527449,N1kl45,scavenge,4601,3619,2026-09-04
1576115557,artoss,scavenge,4602,3600,2026-09-20
9698641,Sep Man,scavenge,4603,3586,2026-09-11
1577511675,Der Metzler,scavenge,4604,3586,2026-09-05
2862059,schweini?31,scavenge,4605,3540,2026-09-07
1577519108,Lehrzeichen,scavenge,4606,3537,2026-09-19
1577545786,Calvino Blanco,scavenge,4607,3530,2026-09-20
1577546545,Preiniggg,scavenge,4608,3518,2026-10-01
1576310930,eastwarmaster,scavenge,4609,3507,2026-09-30
1577537792,Lord Glur4k,scavenge,4610,3500,2026-10-03
1577052872,mario99123,scavenge,4611,3499,2026-10-03
1577537362,Hansmann959,scavenge,4612,3493,2026-09-01
2605217,STARWARS007,scavenge,4613,3489,2026-09-30
1577542265,Ninsbär,scavenge,4614,3464,2026-08-31
8404340,wolleinvs,scavenge,4615,3455,2026-09-09
1577353269,Ottl2610,scavenge,4616,3436,2026-08-28
1577129131,desi,scavenge,4617,3416,2026-10-02
1577544706,Calissie,scavenge,4618,3401,2026-09-21
2471620,El Shit,scavenge,4619,3396,2026-09-15
1577257232,dabaroy586,scavenge,4620,3376,2026-09-14
10028320,alterhaselassmichinruh,scavenge,4621,3376,2026-09-02
1577430955,kjlmw,scavenge,4622,3375,2026-09-15
8355696,Asick,scavenge,4623,3365,2026-09-08
1577259051,Gus Griswald,scavenge,4624,3350,2026-08-30
10320,Bigmama,scavenge,4625,3335,2026-09-08
1577523707,NoBueno,scavenge,4626,3333,2026-10-03
1577453226,Schino,scavenge,4627,3332,2026-09-03
9307854,Ubbser11,scavenge,4628,3325,2026-08-29
767514,Suse1979,scavenge,4629,3322,2026-09-06
1356874,Panda66,scavenge,4630,3318,2026-10-02
8946319,amorina1986,scavenge,4631,3315,2026-09-29
363748,Kokusho Abendstern,scavenge,4632,3287,2026-10-02
1577455741,quezzchen,scavenge,4633,3273,2026-10-03
1577139881,Elron McBong,scavenge,4634,3263,2026-09-18
9710676,BigL1,scavenge,4635,3251,2026-09-18
8006337,stri-72,scavenge,4636,3250,2026-09-17
10093818,Ralle1919,scavenge,4637,3245,2026-09-21
9523680,stiefelkater,scavenge,4638,3230,2026-10-01
1577132384,gisgis,scavenge,4639,3220,2026-09-23
1577545923,Polskafighter85,scavenge,4640,3210,2026-09-15
1577495418,Saralina,scavenge,4641,3203,2026-10-03
9868105,Einsamer Krieger,scavenge,4642,3200,2026-09-29
8142713,WensiHasi,scavenge,4643,3188,2026-09-06
1577544978,kolli,scavenge,4644,3166,2026-09-23
1577547869,SchwarzKoenig,scavenge,4645,3163,2026-09-29
1576591032,UNICRON,scavenge,4646,3160,2026-08-31
10292087,EsTeR1364,scavenge,4647,3140,2026-09-10
10060634,Hornissimo,scavenge,4648,3140,2026-10-02
1577538273,Xnas,scavenge,4649,3138,2026-09-01
866632,Haaans,scavenge,4650,3100,2026-09-20
1577548245,Dr-Lampignon,scavenge,4651,3100,2026-10-03
1576455968,König raupe,scavenge,4652,3098,2026-09-24
1260565,RoyalTiger,scavenge,4653,3096,2026-10-03
1577545475,Cell-90,scavenge,4654,3096,2026-10-01
1577453775,Lenzii,scavenge,4655,3095,2026-10-03
1577546109,corap1987,scavenge,4656,3094,2026-09-18
1577515220,dermitdemagtanzt,scavenge,4657,3063,2026-09-16
1577546764,tufi,scavenge,4658,3060,2026-10-01
9380742,PoStI94,scavenge,4659,3041,2026-09-28
1577399520,Wawa,scavenge,4660,3026,2026-09-13
9514679,-CJ-,scavenge,4661,3019,2026-08-30
1577547826,TimDE,scavenge,4662,3006,2026-09-29
1577547821,LordMaximilian,scavenge,4663,2999,2026-09-29
1577389439,NoPaaaa,scavenge,4664,2989,2026-08-31
1577380978,Malachor,scavenge,4665,2988,2026-10-03
1577547817,FireWarrior,scavenge,4666,2978,2026-09-29
1577544852,TheGraaf,scavenge,4667,2959,2026-09-10
8088387,Pyro-Jan95,scavenge,4668,2950,2026-09-30
1577541183,zox0815,scavenge,4669,2923,2026-09-24
1577542643,CaptainSnorkles,scavenge,4670,2921,2026-09-28
1576520758,Don Jonsen,scavenge,4671,2914,2026-10-03
3248439,Hero-Queen,scavenge,4672,2900,2026-09-08
1576717468,reykra,scavenge,4673,2890,2026-08-30
1577546244,Lord Zeenos,scavenge,4674,2863,2026-09-21
1577542928,Pfandgott,scavenge,4675,2858,2026-09-17
1577390012,Pupaken,scavenge,4676,2852,2026-08-31
1577520661,Gandalf94,scavenge,4677,2850,2026-09-27
1577545279,KönigOniChan,scavenge,4678,2837,2026-09-24
1577323855,Brutalanda,scavenge,4679,2830,2026-09-10
1577516824,Donpeppone,scavenge,4680,2819,2026-09-05
1577546656,Klingenwolf,scavenge,4681,2814,2026-09-23
1577278006,Schwarze7,scavenge,4682,2813,2026-09-23
1577104233,stehbeisl3002,scavenge,4683,2806,2026-09-27
1577539650,Maetschii,scavenge,4684,2800,2026-09-07
2326023,Ata Udal,scavenge,4685,2780,2026-08-31
1577544274,Keule60,scavenge,4686,2775,2026-09-03
3317083,Metalolli,scavenge,4687,2775,2026-09-19
1576452595,Lizzy66,scavenge,4688,2753,2026-09-21
1577458421,HansaKogge,scavenge,4689,2740,2026-09-16
1577540528,Der WixXeR,scavenge,4690,2729,2026-09-12
1577545306,milkboiiiii,scavenge,4691,2728,2026-09-07
9260660,omepo,scavenge,4692,2716,2026-09-16
1577529046,UAPRedwolf,scavenge,4693,2700,2026-09-29
1577527085,Rexiceman,scavenge,4694,2700,2026-09-14
1577279613,Bilderstürmer,scavenge,4695,2696,2026-10-03
1577544342,Slapit89,scavenge,4696,2695,2026-09-16
2359175,gisispock,scavenge,4697,2690,2026-10-01
10144667,Lady Shirshu,scavenge,4698,2638,2026-09-27
1576804770,Geilomat,scavenge,4699,2630,2026-08-31
1577390338,B878,scavenge,4700,2628,2026-09-12
624770,Bergbaron,scavenge,4701,2622,2026-09-14
8669149,Giulia09,scavenge,4702,2613,2026-10-03
1577134720,knispel,scavenge,4703,2603,2026-09-12
9293195,Crasy-Monkey,scavenge,4704,2600,2026-10-03
8883289,alexaar,scavenge,4705,2600,2026-10-03
1577547819,DarkBaneX,scavenge,4706,2599,2026-09-29
1577546208,Bingo-Bongo,scavenge,4707,2593,2026-09-24
1577394570,MaxKing7,scavenge,4708,2586,2026-09-19
1577009468,littlenaomi,scavenge,4709,2575,2026-10-03
1577339940,sailux,scavenge,4710,2563,2026-10-03
1577545345,Wopfi,scavenge,4711,2560,2026-09-12
1577548106,ErkaNalles,scavenge,4712,2558,2026-10-02
1577204021,xXDesertRaceXx,scavenge,4713,2555,2026-08-31
1577514422,Paytowin0815,scavenge,4714,2548,2026-09-21
1577241742,Matrix-king,scavenge,4715,2546,2026-09-08
1577302041,giwrgoskts,scavenge,4716,2539,2026-09-26
9669093,Titus Arminius,scavenge,4717,2538,2026-09-09
8919554,Schraubenzieher12,scavenge,4718,2526,2026-10-02
1577507432,Klau5,scavenge,4719,2506,2026-09-26
830397,eddy the king,scavenge,4720,2503,2026-09-24
1577442138,SirEdel,scavenge,4721,2500,2026-09-25
3130542,Austriapitbull,scavenge,4722,2500,2026-09-13
1577543902,HarterHans27,scavenge,4723,2498,2026-09-02
1577499385,snfs,scavenge,4724,2494,2026-09-24
8863692,Xenon IV,scavenge,4725,2490,2026-09-03
1577502804,chrissichris,scavenge,4726,2472,2026-09-30
1577437395,Holzgravur1,scavenge,4727,2461,2026-08-30
1577498360,OldSchnuffel,scavenge,4728,2455,2026-09-14
9634636,Idefix2301,scavenge,4729,2450,2026-09-17
8658286,Aspen,scavenge,4730,2436,2026-09-26
633349,louisX,scavenge,4731,2430,2026-09-29
8699223,peelo,scavenge,4732,2420,2026-09-07
1577497650,Kemsyth,scavenge,4733,2408,2026-08-31
1577508163,SkyElite,scavenge,4734,2408,2026-09-07
7647170,konni1990,scavenge,4735,2400,2026-09-01
129687,~TheRock~,scavenge,4736,2362,2026-09-06
8997736,Kompei13,scavenge,4737,2360,2026-09-22
7776657,c.klitschko,scavenge,4738,2355,2026-09-21
1577419657,Celtic1899,scavenge,4739,2332,2026-09-16
1576827772,Mr.Loomy,scavenge,4740,2313,2026-09-27
9644708,Niborr11,scavenge,4741,2300,2026-10-03
9486777,sterni 44,scavenge,4742,2280,2026-08-27
1577249771,Frank Reich,scavenge,4743,2280,2026-08-27
8593822,Der bvb Boss,scavenge,4744,2275,2026-09-03
1577536747,Mohnblume,scavenge,4745,2275,2026-09-04
1577365105,bauenbauenbauen,scavenge,4746,2261,2026-09-24
1577372555,Klasmai,scavenge,4747,2255,2026-09-24
1577541334,Basti1,scavenge,4748,2253,2026-09-29
1576266169,Cliffhanger7,scavenge,4749,2251,2026-10-03
1576068536,SiraJohn,scavenge,4750,2228,2026-09-22
1577515131,Shouphanya,scavenge,4751,2224,2026-09-18
1577513099,TeeJay76,scavenge,4752,2223,2026-09-23
1577547564,Ambam94,scavenge,4753,2213,2026-10-03
1577547445,Dr.redwood,scavenge,4754,2207,2026-09-26
312204,Stiesel,scavenge,4755,2185,2026-09-05
1577546391,Rio9x19,scavenge,4756,2157,2026-09-17
1576980601,TimeEx,scavenge,4757,2150,2026-09-28
1577546061,Larius,scavenge,4758,2150,2026-09-28
1577546609,siwi,scavenge,4759,2138,2026-09-30
1577439033,MeisterUnfähig,scavenge,4760,2133,2026-09-13
8645017,einlord,scavenge,4761,2130,2026-09-23
1577015674,DevilFruit,scavenge,4762,2109,2026-09-27
1577388885,Necton1,scavenge,4763,2100,2026-10-02
1036882,doc1982,scavenge,4764,2099,2026-09-01
1576542732,KnappeLarsi1,scavenge,4765,2091,2026-09-24
1577547541,MalevolentCreation,scavenge,4766,2090,2026-09-29
8175470,pelo64,scavenge,4767,2089,2026-09-11
1577546996,DeHorny89,scavenge,4768,2073,2026-09-28
1577256187,Support 69,scavenge,4769,2025,2026-10-02
1577546182,Eyjay95,scavenge,4770,2025,2026-09-18
1577398639,Marvin3299,scavenge,4771,2019,2026-09-13
1576789347,Silent Company,scavenge,4772,2015,2026-09-17
1577486821,Micoud10,scavenge,4773,2000,2026-09-03
1577085256,Turtok,scavenge,4774,2000,2026-09-27
1577542377,EI-L-IB-O-NI-X,scavenge,4775,2000,2026-09-12
1577537248,Nigel91,scavenge,4776,2000,2026-09-30
9208618,mulgarets,scavenge,4777,2000,2026-09-15
1577501337,gregorbr,scavenge,4778,1996,2026-10-02
1577466244,R0CKST4R,scavenge,4779,1995,2026-09-25
307622,aragon14,scavenge,4780,1994,2026-09-18
10257779,Markus78,scavenge,4781,1976,2026-09-24
1344079,neew,scavenge,4782,1969,2026-09-07
1576491315,Hjalfar,scavenge,4783,1957,2026-09-14
1577074700,Galle97,scavenge,4784,1952,2026-08-31
10071988,Schalke1962,scavenge,4785,1950,2026-08-31
1576983540,FrankenPranken,scavenge,4786,1938,2026-09-14
1577410333,Snuggles75,scavenge,4787,1926,2026-09-15
1577000617,DusT2g,scavenge,4788,1925,2026-09-04
9371107,David-91,scavenge,4789,1923,2026-10-01
981963,Vampyrchen,scavenge,4790,1921,2026-09-17
1577286165,Erwin Machulke,scavenge,4791,1909,2026-10-03
1577396726,zigge,scavenge,4792,1880,2026-09-30
950524,Lucicia,scavenge,4793,1876,2026-09-02
1577389464,fidodido7,scavenge,4794,1875,2026-09-29
8077640,Quade Foelke,scavenge,4795,1872,2026-10-03
1576266099,Marthel12,scavenge,4796,1863,2026-09-12
9859907,Ich mag Katzen,scavenge,4797,1862,2026-08-26
1577498396,GarpSan,scavenge,4798,1838,2026-09-04
1847901,Dragon1312,scavenge,4799,1833,2026-09-28
1576273504,FCB-Hanse,scavenge,4800,1806,2026-09-13
1516616,Totendealer,scavenge,4801,1800,2026-08-30
9588977,Baba1990,scavenge,4802,1777,2026-09-17
3029779,markus.civ,scavenge,4803,1776,2026-08-28
1720464,Lady Angelica,scavenge,4804,1773,2026-09-06
1577057044,C I T R U S,scavenge,4805,1768,2026-10-03
1577262710,militantetante,scavenge,4806,1761,2026-09-24
1576133947,Florian Würzt,scavenge,4807,1750,2026-09-27
1577546453,KingBuerg,scavenge,4808,1743,2026-09-21
10104019,roenser1985,scavenge,4809,1738,2026-09-22
1577547552,maui123,scavenge,4810,1735,2026-10-03
1577548205,Zentrum des Wahnsinns,scavenge,4811,1732,2026-10-03
1577457904,Milla48,scavenge,4812,1726,2026-09-04
1577547023,azadyilmaz03,scavenge,4813,1720,2026-10-03
1577545670,DonOgewe,scavenge,4814,1719,2026-09-16
1577452353,LiaOnAir,scavenge,4815,1713,2026-10-01
1577252933,vwpgle,scavenge,4816,1700,2026-10-03
10133104,TerryHenry,scavenge,4817,1698,2026-09-28
1576070918,Lady Nobody,scavenge,4818,1690,2026-09-28
8515428,ZZacharias,scavenge,4819,1686,2026-09-28
1577542040,MEDUZAFACE,scavenge,4820,1671,2026-08-31
1577428375,arclightarrow,scavenge,4821,1663,2026-10-02
1169680,Hugoland,scavenge,4822,1655,2026-09-18
1577133059,Dorf Rum,scavenge,4823,1653,2026-09-02
1577450593,Eldinn,scavenge,4824,1651,2026-09-10
1577528727,General Krassus,scavenge,4825,1650,2026-09-20
1577046752,Lord Gumbelbert,scavenge,4826,1646,2026-09-22
1577539140,tehlizzard,scavenge,4827,1646,2026-09-26
8288900,MikeDragon,scavenge,4828,1645,2026-09-01
8573695,darksentury,scavenge,4829,1638,2026-09-18
1563352,Medi1807,scavenge,4830,1638,2026-09-15
9589519,Assassin1904,scavenge,4831,1635,2026-09-12
1576082892,Drogonos,scavenge,4832,1634,2026-09-27
1577526552,Pug c. D.,scavenge,4833,1625,2026-10-03
3144164,kampfzahn,scavenge,4834,1615,2026-09-03
1577537437,Hunter617,scavenge,4835,1600,2026-09-12
1577155422,kkeeyyll,scavenge,4836,1593,2026-09-18
1576328662,-sturmdrang75-,scavenge,4837,1593,2026-09-22
1577541652,Ecli,scavenge,4838,1588,2026-08-30
2135938,1234 willi,scavenge,4839,1588,2026-09-03
1576720012,Surfi,scavenge,4840,1573,2026-09-04
1577547011,PottyTV,scavenge,4841,1563,2026-09-29
1575929722,Tombinator,scavenge,4842,1561,2026-09-01
1577548053,Joing,scavenge,4843,1559,2026-09-30
1577296076,FL4K,scavenge,4844,1550,2026-09-30
1577402274,Talsus,scavenge,4845,1550,2026-09-30
1576418323,BB 2014,scavenge,4846,1545,2026-09-19
1577515197,haditschau,scavenge,4847,1540,2026-09-08
1577548543,Nyx1987,scavenge,4848,1538,2026-10-02
10041214,Ritter-Fips,scavenge,4849,1536,2026-09-14
1577393001,Paladoxa,scavenge,4850,1521,2026-09-29
1577548477,BennyS,scavenge,4851,1513,2026-10-02
1576694135,raschii,scavenge,4852,1508,2026-09-06
1576561543,evoluti0n,scavenge,4853,1508,2026-09-14
7664851,Ameliae,scavenge,4854,1505,2026-09-18
1577545517,Renemar,scavenge,4855,1505,2026-10-03
1577410712,asswert,scavenge,4856,1503,2026-08-30
1577377577,patschow,scavenge,4857,1500,2026-09-18
3320503,Hikura,scavenge,4858,1500,2026-09-26
1564941,leuchtkaefer,scavenge,4859,1495,2026-08-30
1577543289,defence04,scavenge,4860,1491,2026-09-23
1576365478,chris190,scavenge,4861,1490,2026-09-15
3091369,Bubi68,scavenge,4862,1488,2026-10-01
9852355,uuli,scavenge,4863,1488,2026-08-31
1576248074,JimBimJimBim,scavenge,4864,1488,2026-09-07
2074808,C4m3lfreak,scavenge,4865,1470,2026-09-23
803854,Der Rächer 30,scavenge,4866,1469,2026-08-31
1577328631,holzi1996,scavenge,4867,1460,2026-09-30
9104871,Sitting Wulf,scavenge,4868,1454,2026-10-02
1577524683,KingLionheart95,scavenge,4869,1453,2026-10-03
10057023,bauherralex,scavenge,4870,1452,2026-09-04
1577536418,yallah20,scavenge,4871,1450,2026-09-01
1576817379,.79.,scavenge,4872,1438,2026-09-25
10290502,kaputte lampe,scavenge,4873,1409,2026-09-21
1577533806,BRAINWASHx,scavenge,4874,1402,2026-08-28
1577249106,Charizard,scavenge,4875,1393,2026-09-10
1576920219,drache 61,scavenge,4876,1390,2026-10-03
1577545330,Cucabeludo,scavenge,4877,1375,2026-09-16
1576473280,austria01,scavenge,4878,1368,2026-09-07
1577547154,timsi 666,scavenge,4879,1360,2026-09-30
1577533277,SirNetik,scavenge,4880,1359,2026-08-28
1577297990,robold,scavenge,4881,1358,2026-09-03
607767,volke25,scavenge,4882,1353,2026-09-27
1577536985,WhiskeyNico,scavenge,4883,1351,2026-09-16
8113697,Namenslos,scavenge,4884,1350,2026-09-28
903724,Sid43,scavenge,4885,1350,2026-09-22
208949,WhitePanther,scavenge,4886,1347,2026-10-02
9864904,Schwergewicht,scavenge,4887,1330,2026-08-28
1577547031,Gast547031,scavenge,4888,1330,2026-09-29
1577546463,goassler,scavenge,4889,1325,2026-09-21
1577545865,Xcrafter,scavenge,4890,1313,2026-09-17
1577543557,Sigma Lion King,scavenge,4891,1313,2026-09-24
1577508156,Macphisto,scavenge,4892,1310,2026-09-12
8739396,rawiya,scavenge,4893,1300,2026-08-30
1577532753,King Dav,scavenge,4894,1299,2026-09-03
2248983,-manfred,scavenge,4895,1285,2026-09-30
10118386,NeonPinguin,scavenge,4896,1276,2026-08-28
3179289,IronSteel,scavenge,4897,1263,2026-09-27
1577100878,johnny21,scavenge,4898,1255,2026-08-30
1577451301,Freezer069,scavenge,4899,1251,2026-10-02
1577537340,Flo1990,scavenge,4900,1250,2026-09-28
1577508929,Starscaller,scavenge,4901,1250,2026-09-29
1577504815,Peter-Klaus,scavenge,4902,1250,2026-10-03
1577537868,Headdii,scavenge,4903,1249,2026-09-03
1577319930,Fragezeichen,scavenge,4904,1246,2026-10-03
278715,Alfred Biolek,scavenge,4905,1240,2026-09-11
1577192290,Bastator,scavenge,4906,1238,2026-10-01
1577546486,Sir Mogli,scavenge,4907,1229,2026-09-18
1577440626,centurio,scavenge,4908,1210,2026-09-15
1180286,bigking1,scavenge,4909,1209,2026-09-19
1577505680,Diabetiger,scavenge,4910,1209,2026-10-03
1577229463,charlie64,scavenge,4911,1208,2026-09-06
286292,derAlte,scavenge,4912,1200,2026-09-30
1577428905,twix,scavenge,4913,1194,2026-09-23
1576149438,Black Butterfly,scavenge,4914,1189,2026-09-01
1577539095,Polizeiruf112,scavenge,4915,1188,2026-09-23
1577021648,Serco1461,scavenge,4916,1186,2026-09-10
1577460385,Toran,scavenge,4917,1176,2026-09-04
7940389,i wie,scavenge,4918,1176,2026-09-16
1577339675,Flo43,scavenge,4919,1175,2026-09-15
313901,Malekith,scavenge,4920,1175,2026-09-19
1577546519,bl4ck0o,scavenge,4921,1171,2026-09-21
1577540074,klaus38,scavenge,4922,1163,2026-09-26
9550292,feldi68,scavenge,4923,1155,2026-09-14
1577516304,MiaRoses,scavenge,4924,1154,2026-10-03
1577546760,Gast546760,scavenge,4925,1138,2026-09-30
1577526933,mazine,scavenge,4926,1137,2026-09-24
1576716202,benutzer,scavenge,4927,1134,2026-10-02
1577537102,klappstuhl28,scavenge,4928,1125,2026-09-23
1755579,sebi994,scavenge,4929,1124,2026-09-30
1577547118,Jon Der Misanthrop,scavenge,4930,1114,2026-09-29
1577455048,Lord nimrot,scavenge,4931,1113,2026-09-12
2048415,Superinter,scavenge,4932,1113,2026-09-08
10036900,matuten,scavenge,4933,1113,2026-10-03
1577056564,Lord Mobitz,scavenge,4934,1111,2026-09-05
1577546614,Gast546614,scavenge,4935,1106,2026-09-29
1577016743,Lord Symetic,scavenge,4936,1105,2026-09-21
1577543283,bennyrg2820,scavenge,4937,1103,2026-09-05
9843548,**Monja**,scavenge,4938,1100,2026-09-01
1576920235,König Noah,scavenge,4939,1100,2026-09-25
2813519,screamhert,scavenge,4940,1100,2026-09-17
1577545890,jhb98,scavenge,4941,1091,2026-09-17
8007706,nowo3,scavenge,4942,1091,2026-09-18
1577489211,Rhodan1,scavenge,4943,1080,2026-09-13
1577310212,DerKiller,scavenge,4944,1073,2026-09-12
1577219394,Netox,scavenge,4945,1057,2026-09-10
1577546201,Hans13,scavenge,4946,1055,2026-09-16
1577492916,Steffi,scavenge,4947,1036,2026-09-22
1577311389,Bailong,scavenge,4948,1031,2026-10-03
1577532050,Powerfloh,scavenge,4949,1026,2026-09-17
1577415771,StayHigh,scavenge,4950,1023,2026-09-01
1577544517,Tharak,scavenge,4951,1019,2026-09-29
1577544713,G3n3TiXx,scavenge,4952,1017,2026-10-03
8632187,Kriewel,scavenge,4953,1009,2026-09-08
1577538591,MikeMagic,scavenge,4954,1004,2026-09-26
543535,mantu,scavenge,4955,1003,2026-09-22
1577321274,Weedmaster,scavenge,4956,1001,2026-09-30
8968357,Hockii,scavenge,4957,1000,2026-09-02
7921348,Chapman65,scavenge,4958,1000,2026-09-26
1577531668,Michimaus,scavenge,4959,996,2026-09-18
8397652,Vinditgader,scavenge,4960,991,2026-10-03
1577548083,Tanakkah,scavenge,4961,991,2026-09-30
1577402162,Grandlhuaba,scavenge,4962,988,2026-09-10
1576174082,pepe1989,scavenge,4963,987,2026-10-03
8096091,Eishai,scavenge,4964,979,2026-09-04
1577511341,Eric76er,scavenge,4965,978,2026-09-12
1577531622,celly2015,scavenge,4966,971,2026-09-27
1577485992,gusti1705,scavenge,4967,963,2026-09-27
2539215,Miknik,scavenge,4968,963,2026-09-03
8011950,A.Team,scavenge,4969,963,2026-09-24
1577452721,Sizzel21,scavenge,4970,962,2026-09-11
1577498756,Young Alpha,scavenge,4971,960,2026-08-27
1577170459,DackJaniel,scavenge,4972,960,2026-08-27
1577335428,Basti K,scavenge,4973,960,2026-09-21
1577535127,Gratismut,scavenge,4974,960,2026-08-27
1577534263,LaDeutscheVita,scavenge,4975,960,2026-08-27
1577534185,MagierOhneMana,scavenge,4976,960,2026-08-27
9037321,IceT007,scavenge,4977,953,2026-09-30
1577394298,MSVStar,scavenge,4978,951,2026-09-02
1577402646,Quader666,scavenge,4979,950,2026-09-10
2504443,FerryVienna,scavenge,4980,938,2026-09-26
1576595891,Der Alte vom Berg,scavenge,4981,930,2026-09-10
1576365354,Lady Maralla,scavenge,4982,919,2026-09-07
1577232503,Scorpion2k,scavenge,4983,913,2026-09-09
9685542,isenhart234,scavenge,4984,912,2026-10-03
1577546799,Syrtanos,scavenge,4985,900,2026-09-24
9327306,killer659,scavenge,4986,900,2026-10-01
1577527848,TechnoX,scavenge,4987,892,2026-09-11
1576292505,Tamey,scavenge,4988,885,2026-09-14
1577546838,Mr. Buung,scavenge,4989,876,2026-09-27
1577534340,Davos-29,scavenge,4990,875,2026-10-02
1577076297,Cali,scavenge,4991,856,2026-09-21
1577394079,Massa,scavenge,4992,855,2026-09-28
1577436366,Backi1,scavenge,4993,854,2026-09-28
885738,fuzzi.007,scavenge,4994,850,2026-09-13
2976313,xxxoplanerxxx,scavenge,4995,850,2026-10-03
1577539796,warwicklichso,scavenge,4996,845,2026-10-03
1577464661,RiseAgainst5032,scavenge,4997,838,2026-09-14
1577509876,antoniaaustirol,scavenge,4998,835,2026-10-03
1577534346,Tr00per,scavenge,4999,827,2026-08-28
1577399238,semtex,scavenge,5000,818,2026-10-02
9031418,JubaTBS,scavenge,5001,817,2026-09-09
9444183,hexerwelt,scavenge,5002,813,2026-09-05
1577004926,derstb,scavenge,5003,813,2026-08-28
1577502983,abseits,scavenge,5004,810,2026-09-08
10114117,Lady Shiwa,scavenge,5005,801,2026-09-05
1577071691,Rollo,scavenge,5006,795,2026-09-22
1577547978,KoWaLLe,scavenge,5007,789,2026-10-01
1577537613,SwissRagnar,scavenge,5008,788,2026-08-28
1577221422,Luxler123,scavenge,5009,786,2026-09-17
1577525787,Rebell1996,scavenge,5010,785,2026-10-03
1576708775,hänsel 75,scavenge,5011,775,2026-09-27
1577546380,Laspo,scavenge,5012,773,2026-09-22
7780921,till500k,scavenge,5013,772,2026-09-14
3029085,Gregori 98,scavenge,5014,771,2026-10-03
1577545102,Gast545102,scavenge,5015,769,2026-09-09
1577548461,alexxx999,scavenge,5016,761,2026-10-03
1577547003,Ostarrichi,scavenge,5017,760,2026-09-26
1577496405,Sr.Lili,scavenge,5018,755,2026-10-02
9401829,timay112,scavenge,5019,752,2026-09-03
1577484164,Dynamigan05,scavenge,5020,750,2026-09-24
1577535647,Ulbranium,scavenge,5021,740,2026-09-18
9099524,Monarchs87,scavenge,5022,738,2026-09-03
1577489259,funstadt,scavenge,5023,732,2026-09-23
1577400609,Bluestriker82m,scavenge,5024,729,2026-09-05
1577504706,Bl4ckf0r3st,scavenge,5025,726,2026-08-31
1577545291,Lemmon1604,scavenge,5026,725,2026-09-09
322147,HobNixx,scavenge,5027,725,2026-09-11
1577397846,SirBronson,scavenge,5028,719,2026-09-21
1577416613,ValurGretarsson,scavenge,5029,715,2026-09-30
1575842364,Cpt. Jack Swallows,scavenge,5030,713,2026-10-03
1577548060,lurch7,scavenge,5031,709,2026-09-30
1577547687,Dr-Treppe,scavenge,5032,708,2026-09-28
2876883,charliyi,scavenge,5033,706,2026-09-15
1577531745,Miss Monchichi,scavenge,5034,705,2026-09-27
1577548292,davidb89,scavenge,5035,704,2026-10-03
1577380849,JubiJackson,scavenge,5036,700,2026-09-27
9762608,Halber1234,scavenge,5037,698,2026-08-30
1577546300,Gast546300,scavenge,5038,692,2026-09-20
1577545857,B.Bones,scavenge,5039,690,2026-09-16
8719883,spartanerII,scavenge,5040,690,2026-09-20
9092884,crubbysfan,scavenge,5041,686,2026-09-26
1577451673,Der Bert,scavenge,5042,685,2026-09-10
1576080273,Dom347,scavenge,5043,684,2026-10-03
1577545703,Stiefelfücker,scavenge,5044,683,2026-09-30
10269061,Lady Streitaxt,scavenge,5045,680,2026-08-30
1577546212,Der Nachtkönig,scavenge,5046,680,2026-10-01
1577546721,dedepogo,scavenge,5047,675,2026-09-25
1577539581,Eren Jäger,scavenge,5048,675,2026-09-15
1577534881,Kai Haarwachs,scavenge,5049,675,2026-09-02
1577547097,JoLu9315,scavenge,5050,662,2026-09-28
7810677,Haucky,scavenge,5051,662,2026-09-14
8987073,-ProReene-,scavenge,5052,661,2026-09-27
104322,Taps0815,scavenge,5053,660,2026-09-14
1577547411,Sir.Logan,scavenge,5054,655,2026-10-02
1577419671,Bizzarre,scavenge,5055,653,2026-10-03
1577547887,Mosi,scavenge,5056,649,2026-09-29
1577146210,Giebele,scavenge,5057,644,2026-09-25
1577059639,Pomidorit,scavenge,5058,640,2026-10-03
1577545933,Pedeldi36,scavenge,5059,640,2026-09-17
8830653,meru32,scavenge,5060,636,2026-08-28
1577312481,DeathMatch,scavenge,5061,636,2026-10-03
1577526925,Blackstone70,scavenge,5062,635,2026-08-27
1575980004,kdg1992,scavenge,5063,630,2026-10-03
1577071224,Coca,scavenge,5064,625,2026-09-03
1577533360,dr4che,scavenge,5065,625,2026-09-18
1577515681,Mundharmonika,scavenge,5066,625,2026-09-26
10105414,Atlantean,scavenge,5067,625,2026-09-10
2003379,dennis kr,scavenge,5068,625,2026-10-03
8301038,Nom Anor,scavenge,5069,625,2026-09-10
2541410,Quasel,scavenge,5070,623,2026-09-30
1577429398,Pipikinq,scavenge,5071,623,2026-10-02
1577209492,Amadeus2019,scavenge,5072,619,2026-08-30
1577000266,Razer1310,scavenge,5073,619,2026-09-01
1577547116,lexo,scavenge,5074,616,2026-10-01
996347,Feuertänzer9999,scavenge,5075,613,2026-09-04
1577545384,Chalmo2000,scavenge,5076,613,2026-09-12
1577279628,OTTOTTO,scavenge,5077,610,2026-09-29
1577341663,guude23,scavenge,5078,609,2026-10-03
1304688,marivi,scavenge,5079,609,2026-09-06
1576100744,Dark2Flow,scavenge,5080,608,2026-09-20
1577447499,punchkilla,scavenge,5081,600,2026-09-26
1577547018,Rostimann,scavenge,5082,600,2026-09-26
1577540235,JanikNoob,scavenge,5083,600,2026-08-29
1577392603,Wellwein,scavenge,5084,596,2026-09-13
1577194022,exohq,scavenge,5085,594,2026-09-29
8484618,Sir DJ der Große,scavenge,5086,588,2026-09-12
8774668,KingDavies19,scavenge,5087,588,2026-09-23
1902642,King-Kenan,scavenge,5088,588,2026-08-30
1576849499,rasimk,scavenge,5089,583,2026-10-03
1577546568,farmer2020,scavenge,5090,577,2026-09-21
10240356,jut300,scavenge,5091,575,2026-09-05
1577444225,Blackneoo,scavenge,5092,571,2026-09-08
8377913,nicole68,scavenge,5093,563,2026-09-10
1577439286,pierre71,scavenge,5094,559,2026-08-30
1577540018,BozkurtunGözü,scavenge,5095,556,2026-09-05
1576844674,Schnitzel88,scavenge,5096,550,2026-09-01
1577547665,Deathrot65,scavenge,5097,544,2026-09-29
1577335313,Abber88,scavenge,5098,541,2026-09-14
8214432,banane1314,scavenge,5099,539,2026-10-01
1591268,dragodriss,scavenge,5100,538,2026-09-09
1577503974,brö-1848,scavenge,5101,538,2026-09-04
1577339038,Beowulff93,scavenge,5102,531,2026-09-01
1577525612,Tributar,scavenge,5103,531,2026-10-03
1577371457,Starfaze,scavenge,5104,526,2026-09-18
1577545168,Setgreen,scavenge,5105,525,2026-09-04
1576644829,Hexer01,scavenge,5106,525,2026-09-23
2217868,Dragon1318,scavenge,5107,525,2026-09-11
1577129652,der toni,scavenge,5108,523,2026-08-30
1577274016,Henczy13,scavenge,5109,521,2026-08-27
1577547351,-Dolores-,scavenge,5110,521,2026-10-03
1577544452,Admirals,scavenge,5111,521,2026-09-06
2804029,spielnix,scavenge,5112,520,2026-09-01
1576495736,LaMarie,scavenge,5113,516,2026-10-03
1577538135,Fossil,scavenge,5114,516,2026-09-27
1577546700,Draks,scavenge,5115,513,2026-09-20
3230217,hölmut,scavenge,5116,511,2026-08-27
1577546744,Jonas93w,scavenge,5117,506,2026-09-20
1577546852,Nono...,scavenge,5118,504,2026-10-02
1577490626,elby,scavenge,5119,500,2026-09-19
1577381008,Nord47,scavenge,5120,500,2026-08-31
798,Krissy,scavenge,5121,500,2026-09-04
9347235,Mausi202,scavenge,5122,500,2026-10-02
1577546496,Kitaronia,scavenge,5123,500,2026-09-21
3240273,Slayer666Slayer,scavenge,5124,500,2026-10-03
1577428918,Earl of Pampers,scavenge,5125,500,2026-09-04
1577524173,Klosii,scavenge,5126,500,2026-10-03
1577504596,Doldo,scavenge,5127,500,2026-09-19
1577361034,badboy,scavenge,5128,499,2026-09-08
251919,notpolizei1993,scavenge,5129,499,2026-09-05
9909432,kraeuterr,scavenge,5130,499,2026-08-27
1576380099,.Sky,scavenge,5131,483,2026-08-28
1577425582,priest,scavenge,5132,483,2026-09-30
1576846661,Reboldius,scavenge,5133,481,2026-09-30
1577547662,Crayn,scavenge,5134,480,2026-10-03
1577230531,Psycho-420,scavenge,5135,480,2026-09-06
55121,MGDriver,scavenge,5136,475,2026-09-14
1577535553,Silver,scavenge,5137,474,2026-08-27
9806727,Toddy,scavenge,5138,474,2026-08-28
1577496416,Timo35,scavenge,5139,463,2026-09-18
1576911455,DaKiniVomKeamsee,scavenge,5140,463,2026-09-04
1577435544,Lady Hansi,scavenge,5141,458,2026-10-01
1577498080,PennyIce,scavenge,5142,456,2026-09-28
1086282,m-k-zwonix,scavenge,5143,456,2026-09-04
1577454847,Auctoros,scavenge,5144,455,2026-09-27
1577354091,weezy,scavenge,5145,453,2026-09-21
1577544288,OhneNamen,scavenge,5146,451,2026-08-30
1577077281,kris99,scavenge,5147,450,2026-08-29
1657908,NOMINE78,scavenge,5148,450,2026-09-09
1577543394,DeinVerderben,scavenge,5149,450,2026-08-30
1577546114,Borstis Bar,scavenge,5150,448,2026-09-17
1577544186,Morf,scavenge,5151,446,2026-10-01
1576067811,watchdogs,scavenge,5152,439,2026-09-11
1577544592,Giru271,scavenge,5153,439,2026-09-02
1577538721,OF Piet,scavenge,5154,435,2026-10-02
1577372685,GeddoKid90,scavenge,5155,431,2026-09-14
3172459,Rocky09,scavenge,5156,428,2026-09-09
9652694,Laston,scavenge,5157,426,2026-08-29
9932155,LBJ4MVP,scavenge,5158,425,2026-09-26
1577547596,Masafaka,scavenge,5159,420,2026-09-29
1577533737,thurni04,scavenge,5160,419,2026-09-12
1709152,Klohner,scavenge,5161,419,2026-08-31
1577387198,Kundendienst24,scavenge,5162,418,2026-09-10
1577546933,schüssi,scavenge,5163,414,2026-10-03
1577143315,nikschel,scavenge,5164,413,2026-09-16
9839693,Chrom13,scavenge,5165,413,2026-09-30
316840,FireBurn,scavenge,5166,413,2026-08-28
7996265,pokkenwilli,scavenge,5167,410,2026-09-19
1577304828,BUUBEERE,scavenge,5168,410,2026-09-05
9966,GERD,scavenge,5169,408,2026-09-29
1577531444,ValarMogulis,scavenge,5170,408,2026-09-07
1577547872,Lord Torbias98,scavenge,5171,406,2026-09-28
1576604413,Sir Hool,scavenge,5172,406,2026-08-30
1577547956,RomanofW,scavenge,5173,403,2026-10-01
1577454074,Aragorn1,scavenge,5174,400,2026-09-03
8547967,money rulez,scavenge,5175,400,2026-08-30
1577545365,Sikaya,scavenge,5176,400,2026-09-25
1577432481,Ego444,scavenge,5177,400,2026-09-16
1577516685,Vanillas,scavenge,5178,400,2026-09-09
1577115602,Telenass,scavenge,5179,400,2026-09-26
1577300006,Gräfin Tina,scavenge,5180,400,2026-09-12
1577529138,jase,scavenge,5181,398,2026-08-29
9094864,ratte100,scavenge,5182,397,2026-10-03
1577546973,DaschDaHood,scavenge,5183,394,2026-09-30
1576635644,lovelesssemmel,scavenge,5184,394,2026-09-16
1577506998,domcop,scavenge,5185,393,2026-09-01
1577547152,Gast547152,scavenge,5186,391,2026-09-27
409814,Skybuggy,scavenge,5187,390,2026-10-03
1577451587,Pat885,scavenge,5188,389,2026-09-25
1576820570,dittmar,scavenge,5189,388,2026-09-06
1577168148,depp007,scavenge,5190,385,2026-09-01
1577538351,Nightaby,scavenge,5191,385,2026-09-15
8700872,Albera,scavenge,5192,385,2026-09-14
1577545245,GlatzoBratzo,scavenge,5193,383,2026-09-05
2527984,*Thorshammer*,scavenge,5194,382,2026-09-25
1577518428,Atarikid,scavenge,5195,379,2026-09-19
383773,Timo der 1.,scavenge,5196,375,2026-09-03
1577075050,KönigSNODEFF,scavenge,5197,375,2026-09-15
1577540998,Verengath,scavenge,5198,375,2026-08-31
3201313,hachi23,scavenge,5199,375,2026-10-03
98114,jerry77,scavenge,5200,372,2026-09-17
1577443108,gamepaddy,scavenge,5201,365,2026-09-27
1577464500,Lord Lord Lord August,scavenge,5202,363,2026-09-20
1577544563,Lord Dammlecker,scavenge,5203,363,2026-10-03
1577546155,Peniskopf89,scavenge,5204,361,2026-09-24
9323669,fmp1968,scavenge,5205,358,2026-09-19
1577396001,Gast396001,scavenge,5206,356,2026-08-28
9863875,Dragonslayer2.0,scavenge,5207,356,2026-09-12
1576025187,Toofi,scavenge,5208,355,2026-09-01
1577354659,fuxl,scavenge,5209,352,2026-09-19
1577544876,Baqmbi78,scavenge,5210,351,2026-09-10
1577545665,Gooner,scavenge,5211,350,2026-09-10
8228010,Aggro Pingu,scavenge,5212,350,2026-09-26
1577508314,NASCHA RUSCHA,scavenge,5213,345,2026-10-03
1577507089,Tantehasi,scavenge,5214,345,2026-08-26
1577547013,Michel31,scavenge,5215,344,2026-09-26
1577512873,darkphoenix212,scavenge,5216,344,2026-09-17
1577398431,zivi,scavenge,5217,343,2026-08-30
3379636,Blaulichter,scavenge,5218,342,2026-09-10
1576887284,Goldfuxx,scavenge,5219,340,2026-10-02
1577404165,dietz2,scavenge,5220,340,2026-09-01
1577494755,Crysic,scavenge,5221,338,2026-09-30
9683680,flake45,scavenge,5222,337,2026-08-30
1577539642,Meistermartsn70,scavenge,5223,336,2026-09-02
8737828,Kleinstadtmann,scavenge,5224,333,2026-08-26
1577230584,Wory w Sakone,scavenge,5225,333,2026-08-29
1577539433,Mimo66,scavenge,5226,329,2026-09-24
3234977,Pepi Ritter,scavenge,5227,328,2026-09-30
1577548222,FroZzenSurfer,scavenge,5228,326,2026-10-01
1671427,King Kerberos,scavenge,5229,325,2026-09-22
1576738170,Arminius Germanicus,scavenge,5230,325,2026-08-30
1577547534,Jolo21jolo,scavenge,5231,324,2026-09-26
1577544691,1mkr,scavenge,5232,323,2026-09-03
1577538768,Blondi01,scavenge,5233,323,2026-09-12
8340700,schotter1966,scavenge,5234,321,2026-08-26
1577418831,-Daemon-,scavenge,5235,319,2026-09-13
1576380753,Lord TheGenrok,scavenge,5236,318,2026-08-30
8088379,joschi2000,scavenge,5237,316,2026-09-22
1576115430,zelda69,scavenge,5238,316,2026-10-02
1577538895,o82.dimi,scavenge,5239,315,2026-08-27
1061536,King Yannik,scavenge,5240,313,2026-09-15
1577547582,FHCharly,scavenge,5241,313,2026-09-29
1577546139,ZHFPablo,scavenge,5242,313,2026-09-18
1577545428,DariusQuack,scavenge,5243,313,2026-09-12
1577420494,GrafikFehl3r,scavenge,5244,313,2026-09-18
1577519959,YoungYeti,scavenge,5245,313,2026-09-06
2213853,mbty,scavenge,5246,312,2026-09-01
1577537620,Derapid,scavenge,5247,309,2026-10-02
1576302219,RE4LY?,scavenge,5248,308,2026-09-28
1577544893,Basti-ftw,scavenge,5249,307,2026-09-07
9821670,lordrocky1,scavenge,5250,307,2026-09-09
1577194710,Ryo95,scavenge,5251,306,2026-09-27
2425525,Razor04,scavenge,5252,305,2026-08-30
1577334821,D1reW0lf,scavenge,5253,303,2026-09-20
1577545650,DerSpinner01,scavenge,5254,301,2026-09-17
1577247176,matteo der 1.,scavenge,5255,300,2026-09-19
1577546144,Gio21,scavenge,5256,300,2026-09-30
1577522044,Big Stein,scavenge,5257,300,2026-08-28
1577071465,Felix1987,scavenge,5258,298,2026-08-30
10063604,Erzmärtyrer,scavenge,5259,298,2026-09-25
1577547231,OpTiCxZ,scavenge,5260,298,2026-10-02
1576510839,404 Solid,scavenge,5261,298,2026-09-08
397337,Hirsch-Bock,scavenge,5262,296,2026-09-01
1577431534,Greenbull,scavenge,5263,295,2026-08-29
910346,The blue Hero,scavenge,5264,294,2026-08-27
1577513527,der einsame wolf,scavenge,5265,290,2026-08-29
8754093,01Gondor01,scavenge,5266,288,2026-08-27
1577544146,Elbenkrieger13,scavenge,5267,288,2026-09-01
1576867246,Knurstel1337,scavenge,5268,285,2026-09-16
8740839,Do Ping,scavenge,5269,283,2026-08-26
1152614,alexb19961996,scavenge,5270,281,2026-09-17
1577547016,Fabutasia,scavenge,5271,281,2026-09-25
1575946207,A11rounder,scavenge,5272,280,2026-09-19
1576739311,Laurel,scavenge,5273,280,2026-09-20
1577332399,DvornyHorny,scavenge,5274,280,2026-09-11
1577224945,Andormus,scavenge,5275,280,2026-10-02
1577548391,Freeze,scavenge,5276,279,2026-10-01
1349444,Kaiserin Yvette,scavenge,5277,277,2026-10-03
8008019,lb98,scavenge,5278,276,2026-09-19
800447,Fam0usOne,scavenge,5279,276,2026-08-31
1577340113,Herzog-Andi,scavenge,5280,275,2026-08-31
9566127,Sniipii,scavenge,5281,273,2026-09-19
1577540109,Sabsi17,scavenge,5282,273,2026-10-01
1577546776,PointtheSock,scavenge,5283,271,2026-09-21
8077558,hosch355,scavenge,5284,270,2026-09-25
1577544182,Argyle71,scavenge,5285,270,2026-08-29
1577505248,F3rt1gmach3r,scavenge,5286,270,2026-09-02
1577358125,Holex,scavenge,5287,269,2026-09-16
9937671,hqelle,scavenge,5288,267,2026-10-01
1577515743,Aristoteles,scavenge,5289,266,2026-08-28
9884430,Lord tiger62richard,scavenge,5290,265,2026-09-17
2255761,fatboy16,scavenge,5291,265,2026-09-03
2302763,richy2,scavenge,5292,265,2026-09-06
1577536114,joker12007,scavenge,5293,264,2026-09-24
1577500973,Pascalqogooty,scavenge,5294,259,2026-10-01
1576899498,Königin Sanny,scavenge,5295,258,2026-09-09
1577460073,Wintileu,scavenge,5296,258,2026-09-27
1577548386,Marcy.-,scavenge,5297,256,2026-10-02
1576948030,Tobias131994,scavenge,5298,255,2026-09-26
9228930,Hells Bulldog,scavenge,5299,255,2026-08-30
10007877,wuze,scavenge,5300,252,2026-08-31
1577545767,DerrBerti,scavenge,5301,251,2026-09-12
1577505797,LordFrosch,scavenge,5302,251,2026-09-14
1577395407,schroed,scavenge,5303,250,2026-09-20
1577546264,TheAJ,scavenge,5304,250,2026-09-21
1577317522,Derfla,scavenge,5305,250,2026-09-24
1576205507,alteDame,scavenge,5306,250,2026-09-07
1577464083,smei,scavenge,5307,249,2026-09-10
1577450677,AK-Schuetze,scavenge,5308,249,2026-09-16
1577547655,MaJoMaster,scavenge,5309,248,2026-09-27
10113602,Wild Storm,scavenge,5310,246,2026-08-26
1577267909,schoden,scavenge,5311,245,2026-09-24
1577415818,Timewaste,scavenge,5312,245,2026-10-03
1577487129,Kynaru,scavenge,5313,242,2026-09-02
1577248785,Jundeik,scavenge,5314,238,2026-09-30
1577538377,alter Ketzer,scavenge,5315,238,2026-09-22
1577306613,zorrero,scavenge,5316,238,2026-09-20
8005194,Spliffstar85,scavenge,5317,238,2026-09-23
1576598461,KI-GG,scavenge,5318,237,2026-09-12
1577548463,Smaaaash,scavenge,5319,233,2026-10-01
1577009019,Ivko90,scavenge,5320,233,2026-09-16
1577490372,Prjaniki,scavenge,5321,231,2026-09-12
8567395,IJeffreyI,scavenge,5322,231,2026-09-16
154754,Re´u,scavenge,5323,231,2026-08-27
1577547874,ZenX,scavenge,5324,231,2026-09-28
1577015962,Hadem92,scavenge,5325,231,2026-09-18
1577394742,Black Viper,scavenge,5326,230,2026-09-13
1575873486,tom172,scavenge,5327,228,2026-08-31
1577548706,FBunogrande,scavenge,5328,228,2026-10-03
1577333558,frido99,scavenge,5329,226,2026-09-08
1576395534,Crueel,scavenge,5330,225,2026-09-23
1074846,Serverschreck,scavenge,5331,225,2026-09-16
1577548227,GreygarII,scavenge,5332,225,2026-09-30
1577546435,keck,scavenge,5333,225,2026-09-23
1577338889,bfiebfuwkf,scavenge,5334,225,2026-09-15
1577519316,Hoodking,scavenge,5335,225,2026-08-31
1576935310,Patromenti,scavenge,5336,222,2026-09-24
9967370,didi020276,scavenge,5337,220,2026-09-25
1577546503,Gast546503,scavenge,5338,219,2026-09-18
1577536005,Acetheone,scavenge,5339,219,2026-09-17
9452098,Spike2009,scavenge,5340,215,2026-09-14
9888583,Alphax Industries,scavenge,5341,214,2026-09-03
8186966,VergesseneSeele,scavenge,5342,213,2026-08-28
1884528,holzbob und co2,scavenge,5343,213,2026-09-30
1577381150,Bong.go 265,scavenge,5344,213,2026-10-02
368877,karatekid1,scavenge,5345,213,2026-09-07
1630041,@Platoon@,scavenge,5346,213,2026-09-07
1577529906,toban,scavenge,5347,213,2026-09-16
1577500340,Wotaboy,scavenge,5348,213,2026-09-29
9714341,Eckifighter,scavenge,5349,211,2026-09-11
387223,Mastermjk,scavenge,5350,210,2026-09-04
9358729,azecubalig,scavenge,5351,210,2026-09-09
1577547728,chupa,scavenge,5352,210,2026-09-28
1577541140,XxQulpaxX,scavenge,5353,210,2026-08-29
1577546211,MicKQuinty,scavenge,5354,209,2026-09-22
8455753,Fee.,scavenge,5355,206,2026-08-27
1577536699,regjep18,scavenge,5356,206,2026-08-27
1576436571,xxAuronxx,scavenge,5357,206,2026-09-24
1577302629,Leonie212,scavenge,5358,206,2026-09-07
1577547854,Sigiberto,scavenge,5359,205,2026-09-29
1577545872,BI96,scavenge,5360,205,2026-09-13
1577526110,xMetroid,scavenge,5361,204,2026-08-30
1577542642,CaptainGringo,scavenge,5362,203,2026-09-24
1576723614,lollipop98,scavenge,5363,203,2026-09-08
1577084464,InsaneKid6,scavenge,5364,200,2026-09-12
9469545,pit67,scavenge,5365,200,2026-09-09
1577464954,CallMeASpaceman,scavenge,5366,200,2026-09-03
2156727,nilswal,scavenge,5367,200,2026-09-29
1577042248,könig hanz peter,scavenge,5368,200,2026-09-15
1577547881,Nenad1988,scavenge,5369,196,2026-10-01
2737519,LilChakuza,scavenge,5370,196,2026-09-28
1577530253,PriorSirMaster,scavenge,5371,196,2026-10-03
1577504207,Daniel13,scavenge,5372,196,2026-10-03
8668581,G-Data 99,scavenge,5373,193,2026-09-17
9367330,POWERblitz100,scavenge,5374,191,2026-09-09
1577547674,crisikrieger14,scavenge,5375,189,2026-09-30
1577548114,Ramon1809,scavenge,5376,188,2026-09-29
1577538054,Egoaim,scavenge,5377,188,2026-09-14
1577516726,Mops1,scavenge,5378,186,2026-09-24
1577444878,Old DARK Memory,scavenge,5379,185,2026-10-03
1577531062,Destroyer5,scavenge,5380,184,2026-09-14
1577039227,sepuss,scavenge,5381,180,2026-09-23
1577504994,mr.hillo,scavenge,5382,180,2026-09-05
1577154317,McSwebo,scavenge,5383,178,2026-09-27
1577546410,KnusprigeEnte,scavenge,5384,178,2026-09-22
1577545431,DIsteldingens,scavenge,5385,176,2026-09-18
1577544569,DieWaldfee,scavenge,5386,176,2026-09-08
1577545531,Kanain,scavenge,5387,175,2026-09-27
1577421925,Dragonlord,scavenge,5388,175,2026-09-16
8116656,starwars71,scavenge,5389,175,2026-09-21
1576706274,omgkeinname,scavenge,5390,174,2026-09-24
1577520208,Clownfiesta,scavenge,5391,173,2026-08-30
2069066,AndiDTI,scavenge,5392,170,2026-09-03
1577547451,Baron von BuzZ,scavenge,5393,170,2026-09-27
1577547144,MauriceKox,scavenge,5394,170,2026-09-27
1577545504,Mooperman,scavenge,5395,170,2026-09-09
1577466496,Pryna,scavenge,5396,169,2026-09-03
1577453230,Yusuke Urameshi,scavenge,5397,168,2026-09-13
1577545068,JAWOHLL,scavenge,5398,168,2026-10-01
3240324,Luckylos3r,scavenge,5399,166,2026-09-08
9190818,Black-DragonKnight,scavenge,5400,165,2026-09-19
1577533628,garnison84,scavenge,5401,165,2026-08-26
1577546030,Golem5000,scavenge,5402,164,2026-09-23
1577156277,GrabMyPocket,scavenge,5403,163,2026-10-03
1577248110,*MD*,scavenge,5404,162,2026-09-25
1577425011,gawel,scavenge,5405,160,2026-09-19
1577547389,Sunni010,scavenge,5406,158,2026-09-26
1577515677,Lord Nils,scavenge,5407,156,2026-08-27
1577123159,Rocs,scavenge,5408,155,2026-09-30
10027337,Zorkonnon,scavenge,5409,151,2026-09-08
1575953711,Falkenhain1,scavenge,5410,150,2026-10-01
1577547160,WilliNapoleon,scavenge,5411,150,2026-10-02
1577547036,Fixokles,scavenge,5412,150,2026-09-25
1577546467,FreeFlo,scavenge,5413,150,2026-10-02
1577546153,AOSKing3,scavenge,5414,150,2026-09-16
1577545758,lstrobl,scavenge,5415,150,2026-09-11
1577423536,Uni Vers,scavenge,5416,150,2026-09-11
1575965709,Lord Alexis,scavenge,5417,148,2026-09-10
1577547574,kokopxp,scavenge,5418,148,2026-09-30
1577431695,Febi86,scavenge,5419,148,2026-09-23
9809725,Mark170996,scavenge,5420,148,2026-08-28
1577405999,rint96,scavenge,5421,147,2026-09-18
9862313,the-realm,scavenge,5422,146,2026-08-28
1577364467,daniel93,scavenge,5423,145,2026-08-31
9256749,Thor010,scavenge,5424,144,2026-09-07
1576653298,Sir Alex Ferguson XXVI,scavenge,5425,143,2026-09-30
1577545613,cocomonoco,scavenge,5426,143,2026-09-17
1577542700,WelchenDenn,scavenge,5427,143,2026-08-26
1577547762,Lunaria,scavenge,5428,141,2026-09-28
9088940,yakusa75,scavenge,5429,140,2026-10-03
1577085351,Hoschy,scavenge,5430,140,2026-09-06
580170,Mr König,scavenge,5431,140,2026-08-31
1577076991,Fleischi Hansen,scavenge,5432,140,2026-09-24
2965180,Ticabell,scavenge,5433,140,2026-09-01
2051862,dä caro,scavenge,5434,140,2026-08-26
9443789,Die Glatze 01,scavenge,5435,140,2026-09-30
1577466284,Brndt,scavenge,5436,139,2026-10-03
1577546187,TommyFrbg,scavenge,5437,138,2026-09-15
1577533205,WamboDu,scavenge,5438,138,2026-09-17
1577284151,MrPaperboy,scavenge,5439,136,2026-08-31
1577462629,llnobodyll,scavenge,5440,135,2026-09-13
1577421662,Tanex,scavenge,5441,135,2026-09-10
8983119,Miss-Persidrall,scavenge,5442,134,2026-08-30
1577516528,Slippery,scavenge,5443,134,2026-08-26
213937,Hunar,scavenge,5444,133,2026-08-26
1577547924,zepp,scavenge,5445,132,2026-09-28
1537208,Glubschie2007,scavenge,5446,131,2026-09-19
607872,tommyhu,scavenge,5447,131,2026-08-27
10273179,LadyMiriam,scavenge,5448,130,2026-09-21
1577546303,Shadowxfx,scavenge,5449,130,2026-09-18
1577185326,ordupower696,scavenge,5450,129,2026-09-06
1577538693,Winus,scavenge,5451,129,2026-09-22
1577378007,Bajacka,scavenge,5452,128,2026-10-03
9168384,heter12,scavenge,5453,128,2026-10-01
1577539370,VINCO,scavenge,5454,128,2026-09-18
8934337,alidee,scavenge,5455,128,2026-10-03
1577534166,Harry58,scavenge,5456,128,2026-10-03
1577232098,zlyhalphn,scavenge,5457,128,2026-08-27
1577545598,Gast545598,scavenge,5458,126,2026-09-14
1576889530,Cysx,scavenge,5459,125,2026-09-18
8676363,Endonia,scavenge,5460,125,2026-09-20
1577451992,BadGirl,scavenge,5461,125,2026-09-10
1577546452,fbttner,scavenge,5462,125,2026-09-17
8246098,Eddy Garuzo,scavenge,5463,125,2026-09-07
1577545134,hansih91,scavenge,5464,125,2026-09-08
1577444840,merjo,scavenge,5465,125,2026-09-02
1577543086,LekkerBierje,scavenge,5466,125,2026-09-09
1577537130,Karl von Habsburg,scavenge,5467,125,2026-09-06
1577425042,costa81,scavenge,5468,125,2026-09-15
1577405165,manu3114,scavenge,5469,125,2026-09-12
1577544567,Lord Ihomi,scavenge,5470,123,2026-09-14
1577544295,FabiWin,scavenge,5471,123,2026-08-30
1577334646,House Targaryen,scavenge,5472,121,2026-09-01
1577249881,zeimmen,scavenge,5473,120,2026-09-10
1577446342,Onkelz124,scavenge,5474,120,2026-08-31
1577545644,Heldman,scavenge,5475,120,2026-09-25
1577538292,wuppitaler,scavenge,5476,120,2026-09-11
1577548430,AdriennAdrienn,scavenge,5477,119,2026-10-02
1577275161,Chholzer,scavenge,5478,118,2026-10-03
1577294150,Saikone,scavenge,5479,115,2026-09-22
1575950833,Duergy,scavenge,5480,115,2026-08-26
1577542206,Joey,scavenge,5481,115,2026-08-31
9149215,MaGunTiA,scavenge,5482,113,2026-09-16
1577544167,Schoko-Bang,scavenge,5483,113,2026-09-29
15705,Liebesengel,scavenge,5484,113,2026-09-26
8508105,World Ablaze,scavenge,5485,113,2026-09-06
1577546779,Panschi,scavenge,5486,111,2026-09-21
1577545181,Chiic,scavenge,5487,110,2026-09-07
340131,Drees,scavenge,5488,110,2026-08-28
1577438253,Venner97,scavenge,5489,110,2026-08-28
7825556,Speed1988,scavenge,5490,110,2026-09-09
9014775,xTuRnScHuHx,scavenge,5491,108,2026-09-14
1577164343,PriesterManfred,scavenge,5492,107,2026-09-06
1577546715,Gast546715,scavenge,5493,107,2026-09-19
1577532751,Lord Striker,scavenge,5494,106,2026-08-27
1577380788,mn.xne,scavenge,5495,105,2026-09-10
967699,Busenschreck,scavenge,5496,105,2026-09-04
1577357343,xXReLXx,scavenge,5497,105,2026-10-03
8548996,Handel00,scavenge,5498,105,2026-09-24
1577547939,PrometheusX,scavenge,5499,105,2026-10-03
1577527234,Yollarbasi,scavenge,5500,105,2026-09-22
1577547871,Bigmann93,scavenge,5501,104,2026-10-01
1577252400,kruemelm0nster5,scavenge,5502,103,2026-09-25
1577532138,König blackhawk,scavenge,5503,103,2026-08-30
1577394358,John gustavor,scavenge,5504,101,2026-09-07
1577491264,El Patron 85,scavenge,5505,101,2026-09-21
1577498766,paustl,scavenge,5506,100,2026-09-23
2089421,Burgi26,scavenge,5507,100,2026-09-13
7980586,chilli 90,scavenge,5508,100,2026-09-12
1577547957,Zuckerzusatz,scavenge,5509,100,2026-10-02
1577444181,OlliOri,scavenge,5510,100,2026-09-24
2437521,Alexander Wagnder,scavenge,5511,100,2026-10-01
1576435797,Behexe,scavenge,5512,100,2026-08-29
1577525755,Useless,scavenge,5513,100,2026-09-14
1577524608,Eddy61,scavenge,5514,100,2026-09-04
8611766,MisterDavid,scavenge,5515,100,2026-09-30
9509555,MI-MI,scavenge,5516,100,2026-09-03
1577547638,Snusmu,scavenge,5517,98,2026-09-27
1576322378,flupilan,scavenge,5518,96,2026-09-12
1577490958,Nikolaus1,scavenge,5519,95,2026-09-30
1577344758,xsodomx,scavenge,5520,95,2026-10-03
1577359906,bujes95,scavenge,5521,94,2026-09-30
2086313,King Stingray,scavenge,5522,93,2026-08-29
1577536214,Lady Peppy,scavenge,5523,93,2026-09-01
1823376,Nitramuss,scavenge,5524,93,2026-08-28
2959267,brodnic,scavenge,5525,90,2026-08-29
1577548049,König.Philipp,scavenge,5526,90,2026-09-29
1576947739,Seedraking,scavenge,5527,90,2026-09-28
1577340944,JGlumanda,scavenge,5528,90,2026-09-30
1134183,Chryssys,scavenge,5529,90,2026-08-26
3126992,-Kasde-,scavenge,5530,90,2026-09-20
9626601,King-Gondor,scavenge,5531,90,2026-09-15
1577421318,Soap HD,scavenge,5532,90,2026-09-30
1577411615,Riedl.88,scavenge,5533,90,2026-09-16
1577487842,Macelch1608,scavenge,5534,88,2026-08-30
1577148092,Etstargamer,scavenge,5535,88,2026-08-31
1577547453,Gottreich,scavenge,5536,88,2026-09-29
1577544047,Kaisernero1606,scavenge,5537,88,2026-09-05
1577539719,MacPlayer,scavenge,5538,88,2026-08-26
1577527690,Axetari,scavenge,5539,88,2026-08-29
1577502733,Malta123,scavenge,5540,88,2026-08-30
1577100880,soeldner,scavenge,5541,88,2026-08-26
1576272935,sir minci,scavenge,5542,87,2026-09-30
1577547138,Lord Mike999,scavenge,5543,87,2026-09-25
1577238719,Lordking2,scavenge,5544,86,2026-09-14
1576970888,A-lex 992,scavenge,5545,85,2026-08-28
1577367405,Kreta,scavenge,5546,85,2026-08-29
1577464463,kirito32,scavenge,5547,85,2026-09-05
1576848291,Black Wolf,scavenge,5548,85,2026-08-28
1577548153,PILIP,scavenge,5549,85,2026-09-30
1577531525,andy180,scavenge,5550,85,2026-08-30
1576563053,Atek,scavenge,5551,84,2026-09-19
9792638,captainschokoflaces,scavenge,5552,83,2026-09-27
1576987898,Kaelie,scavenge,5553,83,2026-09-19
1577384952,Fischerdorf,scavenge,5554,83,2026-08-31
1577545377,Sujanis,scavenge,5555,83,2026-09-26
1577545246,Lady Ramses99,scavenge,5556,83,2026-09-05
1577547234,Gast547234,scavenge,5557,82,2026-09-27
2566327,Jani444,scavenge,5558,81,2026-09-12
1576691351,Jogardus,scavenge,5559,80,2026-08-26
3085077,Thondor,scavenge,5560,80,2026-09-26
1577548314,König Knospe,scavenge,5561,80,2026-10-03
1577547727,Luca1893,scavenge,5562,79,2026-09-28
1577547017,chrusher,scavenge,5563,79,2026-09-28
1577546438,JustF,scavenge,5564,78,2026-09-17
1577232856,moert4,scavenge,5565,78,2026-09-25
1577321564,xPress,scavenge,5566,78,2026-08-30
1577548070,StayHome,scavenge,5567,76,2026-09-29
1577545957,Michi 15,scavenge,5568,76,2026-09-14
1576998227,Lord Conakli,scavenge,5569,75,2026-08-28
1577487253,Pössl,scavenge,5570,75,2026-09-25
1577259085,chaottt,scavenge,5571,75,2026-10-03
10245120,muxximan,scavenge,5572,75,2026-10-02
1577539175,KingKiff,scavenge,5573,75,2026-09-09
1576827798,KevinRota,scavenge,5574,75,2026-09-02
9825814,daron2001,scavenge,5575,75,2026-09-06
1576018908,luca joe,scavenge,5576,75,2026-08-31
1577493832,Superlöwe,scavenge,5577,70,2026-08-30
1577452034,Gast0997,scavenge,5578,70,2026-10-03
1577447669,Berglöwe,scavenge,5579,70,2026-08-29
1577546757,ycozy,scavenge,5580,70,2026-09-26
1577545195,Sayaka,scavenge,5581,70,2026-09-04
1577345029,Lilli79,scavenge,5582,70,2026-08-26
1577429032,Drainbooster,scavenge,5583,68,2026-09-14
1577498607,Yakuin,scavenge,5584,65,2026-09-25
1577547194,Simpli,scavenge,5585,65,2026-09-24
1577245974,JoJaDa0815,scavenge,5586,65,2026-09-26
10241668,BlackOperator,scavenge,5587,65,2026-09-10
1577541408,Lord Bremen,scavenge,5588,65,2026-08-26
1577544475,SG-Brink-420,scavenge,5589,64,2026-08-30
1577294759,barbarbartosz,scavenge,5590,63,2026-09-26
1575885880,hoddewumba,scavenge,5591,63,2026-08-30
9681086,Tamiel,scavenge,5592,63,2026-10-03
1577380067,Romanov,scavenge,5593,63,2026-09-27
1577269612,XxGermanexX,scavenge,5594,63,2026-09-15
1577545816,MicWan,scavenge,5595,63,2026-09-20
1577545663,Der Diexer,scavenge,5596,63,2026-09-29
1577545144,Conline,scavenge,5597,63,2026-09-29
9827990,denjo0815,scavenge,5598,63,2026-09-07
9818744,Megaxantix,scavenge,5599,63,2026-09-14
577655,flofighter88,scavenge,5600,60,2026-08-30
1471481,XxDiegoxX,scavenge,5601,58,2026-09-05
1575964447,Westgohte,scavenge,5602,58,2026-09-28
1577548589,Gezby69,scavenge,5603,56,2026-10-03
326912,Lord Odin,scavenge,5604,56,2026-09-15
1576167311,adrirok135,scavenge,5605,55,2026-09-11
1577547067,Kremil,scavenge,5606,55,2026-09-23
1577402028,Marcus Aurelius,scavenge,5607,55,2026-09-21
1577547141,Poe-Tato,scavenge,5608,54,2026-09-28
1577460911,Martha Pfahl,scavenge,5609,53,2026-08-31
1577547236,pogopapst,scavenge,5610,53,2026-09-25
1577546782,Sarok,scavenge,5611,53,2026-09-29
1577545341,xxx15,scavenge,5612,53,2026-09-07
1577538817,gerrad69,scavenge,5613,53,2026-08-31
1577527446,werbistdu385i,scavenge,5614,53,2026-09-28
1577527129,Patentling,scavenge,5615,53,2026-09-06
1577510683,sammy the king,scavenge,5616,53,2026-08-31
1577546172,Mimiihrzz,scavenge,5617,52,2026-10-03
1577496119,Donaparte,scavenge,5618,50,2026-08-31
1577387189,Bexxz90,scavenge,5619,50,2026-08-27
2875899,debaier,scavenge,5620,50,2026-09-16
1577466282,Sisi,scavenge,5621,50,2026-08-26
1576860460,Marblehead,scavenge,5622,50,2026-09-02
1576855867,anstei77,scavenge,5623,50,2026-10-01
9154837,alkal2,scavenge,5624,50,2026-10-03
1577354167,Noemad,scavenge,5625,50,2026-10-02
1577547597,Kankrea,scavenge,5626,50,2026-09-28
1577547012,Gast547012,scavenge,5627,50,2026-09-23
1577546341,Pablo361,scavenge,5628,50,2026-09-18
1577545946,LordSchulle,scavenge,5629,50,2026-09-12
1577545679,TKilla,scavenge,5630,50,2026-09-09
1577537075,Magentateaser,scavenge,5631,50,2026-08-31
1577534745,Abdul-hamit-han,scavenge,5632,50,2026-08-26
629214,Asgamba Huh,scavenge,5633,50,2026-08-28
1577528935,kr0uuNz,scavenge,5634,50,2026-08-28
1577325284,KlimmO,scavenge,5635,50,2026-09-02
1577420319,mulletmaik,scavenge,5636,50,2026-09-18
8612645,Niklas2812,scavenge,5637,50,2026-09-30
1577512551,Lady Don Carlo,scavenge,5638,50,2026-09-10
1577526817,Helfari,scavenge,5639,49,2026-09-25
1577382446,Raffael13,scavenge,5640,48,2026-09-26
9768961,Wok27,scavenge,5641,48,2026-09-29
1577547164,salamuel,scavenge,5642,48,2026-09-30
1577546856,Nico17,scavenge,5643,48,2026-09-29
1577484815,Tueddie,scavenge,5644,47,2026-09-15
1577489962,Reiner Wahnsinn,scavenge,5645,45,2026-08-29
1576851170,seerose1,scavenge,5646,45,2026-09-11
1577548203,Terk,scavenge,5647,45,2026-10-03
1577547917,Gast547917,scavenge,5648,45,2026-09-28
1577547676,Mosli,scavenge,5649,45,2026-09-27
1577546045,Gast546045,scavenge,5650,45,2026-09-15
1577540644,Julia0909,scavenge,5651,45,2026-09-20
1576423733,Brotha Lynch Hung,scavenge,5652,45,2026-08-26
521016,katerle70,scavenge,5653,45,2026-08-26
1577519071,FinnReTiK,scavenge,5654,45,2026-10-03
1577517703,Wanhedaa,scavenge,5655,45,2026-08-29
1577417455,alpur,scavenge,5656,45,2026-09-05
1576603662,grepkin,scavenge,5657,45,2026-09-24
9178,Eric,scavenge,5658,43,2026-08-29
1576890801,JessiStressi,scavenge,5659,43,2026-08-28
1576853236,Fisch192,scavenge,5660,43,2026-09-21
1577548503,Sackbauer,scavenge,5661,43,2026-10-02
1577547178,Skinless,scavenge,5662,43,2026-09-24
1577546962,luku11,scavenge,5663,43,2026-09-22
1577406690,Drifter69,scavenge,5664,43,2026-09-27
1577303951,Korkenknaller,scavenge,5665,43,2026-09-25
1577544629,Schnitzeljagd,scavenge,5666,42,2026-09-19
2767750,king luser,scavenge,5667,41,2026-10-02
1577399262,Lawin1978,scavenge,5668,40,2026-09-17
1577498184,grudod,scavenge,5669,40,2026-09-01
1577297174,mantarochen1,scavenge,5670,40,2026-09-30
1577495275,Jelena,scavenge,5671,40,2026-10-01
1577492161,Lord Cruticroc,scavenge,5672,40,2026-10-01
1576692101,CHEFSPIELER,scavenge,5673,40,2026-08-29
1576891488,Sato1110,scavenge,5674,40,2026-09-28
1576987620,sugarDAM,scavenge,5675,40,2026-09-05
1577283453,Weltensieg.,scavenge,5676,40,2026-10-03
1576774930,Pr0f1ler,scavenge,5677,40,2026-09-01
9967472,Lord Limit,scavenge,5678,40,2026-09-02
1577459324,defAG,scavenge,5679,40,2026-09-30
1577453527,Bogumilan,scavenge,5680,40,2026-09-26
1577451205,ficjhnh,scavenge,5681,40,2026-10-01
1577548416,Lord Deviation51,scavenge,5682,40,2026-10-01
1577547925,Horst72,scavenge,5683,40,2026-09-28
1577546294,ellafella,scavenge,5684,40,2026-09-16
1577546027,LordOfTheJews,scavenge,5685,40,2026-09-13
1577545941,foichtgebet,scavenge,5686,40,2026-09-12
1577545298,konnex,scavenge,5687,40,2026-09-08
2341461,Vampire1,scavenge,5688,40,2026-08-26
1576740692,Graf Thor,scavenge,5689,40,2026-10-03
1577535034,Hansi0203,scavenge,5690,40,2026-09-19
1576332985,Panthip,scavenge,5691,40,2026-10-03
1577532722,Vivi Orunitia,scavenge,5692,40,2026-09-08
9832333,Jonny Azzlack,scavenge,5693,40,2026-09-26
1577431436,TJEv ZeRo,scavenge,5694,40,2026-09-09
1577529017,Vnv Nation,scavenge,5695,40,2026-08-26
1427530,Elsabele,scavenge,5696,40,2026-08-26
1577527222,Ebbe,scavenge,5697,40,2026-08-29
1577524452,Wengl27,scavenge,5698,40,2026-09-24
1577519590,Doug Tales,scavenge,5699,40,2026-10-01
9112721,Gerix,scavenge,5700,40,2026-09-04
9210701,De Kölsche Jung,scavenge,5701,40,2026-09-27
1577504282,Der Kleine Wutzler,scavenge,5702,40,2026-09-25
1577501597,Madsion,scavenge,5703,40,2026-09-20
7784288,Koreison,scavenge,5704,38,2026-09-23
1577372688,nope554,scavenge,5705,38,2026-09-05
262227,Charlie,scavenge,5706,38,2026-09-27
1576355925,Hesse2008,scavenge,5707,38,2026-09-05
9743622,Z3rst03r3r,scavenge,5708,38,2026-09-16
1577540497,Schlepphoden,scavenge,5709,38,2026-09-22
1577540417,Blutig,scavenge,5710,38,2026-08-29
1577436996,Abels49,scavenge,5711,38,2026-08-28
1019948,ohura,scavenge,5712,38,2026-09-13
1577405311,Kaleut81,scavenge,5713,38,2026-09-10
1577303441,Emma,scavenge,5714,38,2026-08-31
1497019,Sharkmore,scavenge,5715,35,2026-08-29
1577395527,MrFreeze,scavenge,5716,35,2026-08-28
1577548606,byT3emo,scavenge,5717,35,2026-10-03
1743772,Squall58,scavenge,5718,35,2026-10-01
1577499924,tschelinii,scavenge,5719,33,2026-09-16
1577371986,thomas98,scavenge,5720,33,2026-09-22
1577547179,Baumschubser,scavenge,5721,33,2026-09-27
1577546857,Obdycs,scavenge,5722,33,2026-09-21
1577546564,badferl,scavenge,5723,33,2026-09-17
1577545647,Chrissn,scavenge,5724,33,2026-09-25
1577535739,ViCe,scavenge,5725,33,2026-10-02
1577520993,Goout1414,scavenge,5726,33,2026-09-22
1576910554,Bultimpakt,scavenge,5727,33,2026-09-14
1577547128,Kielsen,scavenge,5728,32,2026-09-25
1577097155,Fürst der Finsternis,scavenge,5729,30,2026-09-27
1577386669,AudioApe,scavenge,5730,30,2026-09-23
1577486028,mxddy,scavenge,5731,30,2026-09-15
174728,M@dm@x,scavenge,5732,30,2026-08-28
1577464994,Herzog Schmidt,scavenge,5733,30,2026-09-11
1577050969,quazar95,scavenge,5734,30,2026-08-27
1577547919,Gast547919,scavenge,5735,30,2026-09-29
1577547824,Xarkxass,scavenge,5736,30,2026-09-28
1577546787,Templ3r,scavenge,5737,30,2026-09-20
1577546247,Pblack180,scavenge,5738,30,2026-09-17
1577542758,CaptainKlaus,scavenge,5739,30,2026-09-23
1577432806,Aerys,scavenge,5740,30,2026-08-28
2229269,Diorgle,scavenge,5741,30,2026-10-02
1576221717,Windelpupser86,scavenge,5742,30,2026-09-10
1577317100,RobertoDerLurchige,scavenge,5743,30,2026-09-25
1576615120,Thor-hammer,scavenge,5744,30,2026-10-01
1577521261,Schattenlilie,scavenge,5745,27,2026-09-25
1577545157,NicNac1330,scavenge,5746,26,2026-09-10
1577171906,IchWillKekse,scavenge,5747,25,2026-10-03
1576870277,Robbin-Hood,scavenge,5748,25,2026-09-16
1577362302,Aschi-99,scavenge,5749,25,2026-10-02
1555549,killday,scavenge,5750,25,2026-08-27
1577052639,Emre.VI,scavenge,5751,25,2026-09-10
1577548707,Yucatano,scavenge,5752,25,2026-10-03
1577548578,haze1337,scavenge,5753,25,2026-10-02
1577547641,nochimmerking,scavenge,5754,25,2026-09-27
1577547422,Gast547422,scavenge,5755,25,2026-09-25
1577547112,LadyMilana,scavenge,5756,25,2026-09-24
1577547091,Underground 1000,scavenge,5757,25,2026-09-26
1577546991,Sir Jon Lee,scavenge,5758,25,2026-09-22
1577546923,Biancax99,scavenge,5759,25,2026-09-21
1577546873,Motschu,scavenge,5760,25,2026-09-21
1577546814,Ochsenkopf,scavenge,5761,25,2026-09-25
1577546709,sabbo95,scavenge,5762,25,2026-09-22
1577546582,Westfale75,scavenge,5763,25,2026-10-02
1577546532,Tegdim,scavenge,5764,25,2026-09-30
1577545740,pozega95,scavenge,5765,25,2026-09-10
1577545668,Laengersen,scavenge,5766,25,2026-09-10
1577545658,Cytrox,scavenge,5767,25,2026-09-14
1577538389,superbird,scavenge,5768,25,2026-08-26
1577538056,Niskat,scavenge,5769,25,2026-09-29
1577331647,Yaichi,scavenge,5770,25,2026-09-27
520283,prinzwilli,scavenge,5771,25,2026-09-14
1577419434,pistole90,scavenge,5772,25,2026-09-09
1577517304,c.soda,scavenge,5773,25,2026-10-01
1577417226,strawa4,scavenge,5774,25,2026-09-04
1577213638,Shafflox,scavenge,5775,25,2026-08-26
1577012705,Teia,scavenge,5776,25,2026-09-16
1577311195,Wiesel98,scavenge,5777,25,2026-10-03
1576709651,gnik,scavenge,5778,25,2026-08-27
1577507906,Max08,scavenge,5779,25,2026-09-08
3407741,Freiheit2000,scavenge,5780,25,2026-09-27
1577104754,MemYo,scavenge,5781,25,2026-09-23
1577466235,GeneralMark,scavenge,5782,24,2026-09-22
1577545776,Lixxer,scavenge,5783,24,2026-09-11
10181634,Farin der 1,scavenge,5784,23,2026-10-03
1577265577,Michael Paulsberg,scavenge,5785,23,2026-09-17
1576145743,Luffeshunter,scavenge,5786,23,2026-09-29
1577527248,ByTeXBL,scavenge,5787,23,2026-10-03
1577547607,Erdmann69,scavenge,5788,20,2026-09-27
1577547062,InkubuzZ,scavenge,5789,20,2026-09-23
1577517648,Soldat89,scavenge,5790,19,2026-08-28
8469495,3puma3,scavenge,5791,18,2026-08-26
1577546763,Kwo0029,scavenge,5792,18,2026-09-19
1577546636,FranzFerdi,scavenge,5793,18,2026-09-19
1577546302,Freacsx,scavenge,5794,18,2026-09-16
1577547685,Dr-Lampe,scavenge,5795,16,2026-09-27
1577547093,Dadalbertina2,scavenge,5796,16,2026-09-26
1577092877,Cyedex,scavenge,5797,15,2026-09-20
1575886951,-Headyiy-,scavenge,5798,15,2026-10-03
8679106,Guantanamera,scavenge,5799,15,2026-09-25
1577377280,Perfectblizz,scavenge,5800,15,2026-09-13
10169838,Lord Nace,scavenge,5801,15,2026-09-19
1577468154,Makroxix,scavenge,5802,15,2026-10-03
9566838,SaMMir,scavenge,5803,15,2026-09-01
1577157567,Sawyer,scavenge,5804,15,2026-09-17
1576856634,büchele-der-33,scavenge,5805,15,2026-09-15
1577454293,Buktu,scavenge,5806,15,2026-08-28
7949590,Diabetiker,scavenge,5807,15,2026-09-22
1577548548,Jamie2K,scavenge,5808,15,2026-10-02
1577548523,Lyconn,scavenge,5809,15,2026-10-02
1577548411,NWT51,scavenge,5810,15,2026-10-03
1577547010,FabRiro,scavenge,5811,15,2026-09-25
1577546987,HideonBush44,scavenge,5812,15,2026-09-25
1577545775,Schrottsammler,scavenge,5813,15,2026-09-11
1577543376,Keke Topp,scavenge,5814,15,2026-08-26
1577541145,Der Insi,scavenge,5815,15,2026-08-31
1577539137,bubinator,scavenge,5816,15,2026-08-29
1577532841,Bader 95,scavenge,5817,15,2026-09-01
10031338,Old School Inc.,scavenge,5818,15,2026-09-13
1577530718,Syokz,scavenge,5819,15,2026-08-28
1576606301,Lady Lady,scavenge,5820,15,2026-09-08
1577401945,Solddier01,scavenge,5821,15,2026-09-22
1577537413,x3rikx,scavenge,5822,13,2026-09-28
1577508796,Fritz-Kola,scavenge,5823,13,2026-09-16
1577517307,TheSituation46,scavenge,5824,12,2026-08-28
1577206281,Petra 03,scavenge,5825,11,2026-10-03
1576554122,Bomber3991,scavenge,5826,10,2026-09-23
1577545791,Foma317,scavenge,5827,10,2026-09-12
1577545281,Anphi,scavenge,5828,10,2026-09-12
1577544439,Gast544439,scavenge,5829,10,2026-09-10
1577544203,Sonnyxx,scavenge,5830,10,2026-09-07
1577439585,Carphunter93,scavenge,5831,10,2026-10-02
1576815190,König RobinHood,scavenge,5832,10,2026-08-30
1577508969,Devil Inside,scavenge,5833,10,2026-09-02
1576500390,Extremoo,scavenge,5834,10,2026-10-02
