village_id,ts,new_owner,old_owner,extra
9475,1788221870,1577444909,1577541239,
12245,1788222478,1577204896,0,
8308,1788223071,1577388261,1577513316,
7820,1788223613,1577122126,0,
684,1788223991,1577537931,0,
9888,1788229137,1577455662,0,
12570,1788233512,1577452508,0,
12563,1788235703,1576937849,0,
15123,1788236744,1576605277,0,
11719,1788239670,1576439886,0,
10295,1788239806,9116012,0,
19737,1788241288,8927127,0,
21392,1788242450,1577533943,0,
11102,1788244981,1575995793,1577444508,
15280,1788245472,1577487724,0,
20781,1788245785,1577405536,0,
16513,1788248294,8963712,0,
19019,1788249510,1576105308,0,
5086,1788250877,9757868,0,
6330,1788251838,1577507188,1577535116,
13558,1788252061,1577526543,0,
10728,1788252106,1577455662,0,
6189,1788252472,1577522507,0,
1291,1788252961,1577375163,0,
7500,1788254622,1577465086,0,
21864,1788255431,1577533943,0,
8807,1788255634,7730087,0,
1761,1788256220,8621050,0,
3289,1788257072,1577537933,0,
12436,1788257704,1577514864,0,
14823,1788257893,8609191,0,
6359,1788258009,300633,0,
7108,1788259542,1577432431,1577539721,
2388,1788259792,1577527642,0,
4211,1788260555,1577538578,0,
3977,1788260721,1577301029,1577411812,
12589,1788260890,1577484886,0,
9975,1788261122,9116012,0,
9694,1788262340,1577433791,1577542518,
13289,1788263551,1577498626,0,
5034,1788263866,1577231003,0,
4174,1788264091,1577538578,0,
6061,1788267512,1819961,1577534685,
9886,1788268016,677000,0,
15551,1788268110,10094800,0,
1054,1788269092,1577525383,1577350112,
10179,1788269470,3094599,1577341676,
11861,1788270004,1577070679,0,
4441,1788270862,1577507199,1577451205,
15978,1788271080,10192925,0,
10108,1788271628,1819870,0,
16230,1788271753,10192925,0,
12046,1788272635,1577070679,1577542774,
762,1788273239,2199738,0,
11764,1788273816,1576979580,1577438310,
11328,1788274247,1575995793,0,
16101,1788274893,1577405536,0,
8329,1788275776,1577415816,1577335786,
13139,1788276558,1576514735,0,
13327,1788277453,1576862060,1577074700,
20796,1788277636,1577040263,0,
1730,1788278654,1577522507,0,
14873,1788282138,1577487724,0,
2079,1788282717,1577544203,2414884,
3946,1788283037,1577301029,1577405866,
2951,1788283714,300633,0,
15336,1788285705,1577537933,1577437546,
11321,1788285958,2314840,1577516454,
9952,1788286835,1577530583,0,
14119,1788287468,1577417670,0,
4451,1788288519,7961799,1577454410,
10703,1788289709,1577512641,1577346388,
13410,1788289923,1577319091,0,
1919,1788290024,8621050,0,
15815,1788290655,1577178575,0,
6862,1788291389,1577247043,0,
5672,1788291680,1577247043,0,
10300,1788291865,1577494283,1576049067,
19755,1788291961,1577544193,0,
16316,1788292212,10094800,0,
15315,1788293767,1577536449,1577539138,
11701,1788294768,1577484886,0,
6547,1788295943,1577375163,0,
16221,1788296395,8963712,992163,
12762,1788296529,9968798,1577321222,
339,1788296971,1577349938,0,
14485,1788298092,1577073064,0,
9816,1788299093,1577522946,1577539934,
495,1788301145,1577537931,0,
10752,1788301367,8816541,0,
11341,1788302589,1577507199,0,
20163,1788303843,1577249935,0,
9527,1788306851,1577455662,0,
7887,1788310409,2199738,0,
14356,1788312428,1577417670,0,
8235,1788312518,1577388261,3103702,
12658,1788312537,1576862060,1576939832,
8522,1788312668,1576298928,0,
17904,1788314379,1577405536,0,
17130,1788314568,1577353269,0,
15661,1788315056,1577300851,0,
10070,1788318868,1577444909,0,
15868,1788319280,1576605277,0,
9555,1788320560,1577415816,0,
10315,1788320616,1576716190,0,
9334,1788323184,1576664222,0,
1143,1788323262,7961799,9621123,
21014,1788324376,1577106499,0,
6867,1788325214,106967,0,
2938,1788328805,1576598150,1576605277,
8072,1788329242,1577122126,1577518171,
11794,1788329920,9285938,1577430957,
16163,1788332442,295281,0,
9236,1788332558,1577397959,8993459,
867,1788332600,1577332558,9683680,
19578,1788333779,1577414870,0,
15723,1788334789,978765,1576892184,
8903,1788334841,7730087,0,
10865,1788335869,1575995793,1576474123,
19234,1788336107,1576608156,0,
16894,1788336327,1576105308,0,
16894,1788336339,1576105308,1576105308,
16894,1788336346,1576105308,1576105308,
19688,1788337473,1577249935,0,
10272,1788337791,8816541,0,
11486,1788337950,1577484886,1577458505,
7139,1788339029,1577542518,0,
21112,1788339039,1577542080,0,
827,1788339129,1577522507,0,
13638,1788341700,8516154,1577535532,
11960,1788342227,1577514864,0,
9651,1788344901,1577415816,0,
14,1788345562,1577525383,0,
12680,1788345619,1577319091,0,
7251,1788345842,1577432431,0,
6674,1788346159,1819961,1577535881,
10195,1788347749,9116012,0,
2849,1788348436,1577542676,1576365354,
9752,1788348458,1577534253,1577522113,
20836,1788348754,1577059736,0,
3012,1788349350,1576717468,0,
2341,1788349862,1577231003,0,
16932,1788349930,1577106499,0,
12882,1788350210,1576439886,1577438452,
6990,1788351782,1577490989,1577539140,
15071,1788352152,1577486614,0,
13693,1788352218,1576862060,0,
2108,1788354138,1577133059,0,
11782,1788354468,1577455662,0,
12595,1788355206,171619,0,
1264,1788356010,9768644,1577455151,
9769,1788356169,1577439119,1577458196,
3767,1788356362,1577465504,1577367686,
9691,1788356845,1577415816,0,
4341,1788356908,1577499631,0,
16084,1788358900,1577542085,0,
12849,1788358901,295281,2935721,
13160,1788359410,1577527187,0,
15435,1788359742,1577487724,0,
8185,1788361562,1577494293,0,
2283,1788361910,1577516328,8142713,
1791,1788362122,1577537933,0,
15800,1788362526,1577353269,0,
9006,1788362690,1577465086,0,
14329,1788363120,1577422997,1577543902,
8104,1788364205,1577388261,0,
17272,1788364336,8963712,1105059,
13690,1788364582,1577433791,0,
12815,1788364728,1577534253,1577521635,
3440,1788365460,1577542055,0,
400,1788366422,1577004920,0,
11601,1788366995,704848,0,
15869,1788367073,1577300851,0,
6909,1788367647,1577504050,0,
18578,1788367883,725995,0,
7277,1788368526,1577539033,1577540734,
12428,1788368684,1577204896,0,
3414,1788369675,1577490989,1577246540,
13888,1788372768,1577073064,0,
5293,1788372784,1577532848,0,
13738,1788373524,1577526543,0,
10610,1788373553,9857437,0,
8116,1788374226,1577349938,0,
8723,1788375418,1577507199,1577429982,
10734,1788376565,1819870,1577506313,
566,1788376588,1577247043,0,
1707,1788376757,1577034674,1577533730,
13622,1788376997,1577542546,0,
1844,1788377244,1577539136,430677,
14966,1788377887,1576699803,0,
12348,1788379237,2314840,663711,
282,1788379277,1577429914,1577537796,
282,1788379277,1577429914,1577429914,
14686,1788380312,1577417670,0,
9533,1788380814,1576979580,0,
21422,1788382500,1577184777,0,
13324,1788387436,1577433791,0,
15123,1788388542,1576598150,1576605277,
11247,1788388550,2375326,0,
7673,1788388613,1577537918,0,
11087,1788391110,1577300851,1577510395,
259,1788391446,1577535511,0,
14630,1788391448,8740198,1577369026,
13935,1788392922,1577514864,0,
13994,1788393585,1576440292,0,
21401,1788394745,1577444303,0,
21813,1788394917,1577059736,0,
19844,1788395027,1577544193,0,
4340,1788395980,1576699803,0,
11459,1788396263,2314840,8678939,
13075,1788397177,1577204896,0,
14881,1788397827,1577397959,0,
14881,1788397827,1577397959,1577397959,
18074,1788399278,1577405536,0,
2905,1788399736,10118752,0,
1266,1788401589,1577522047,1577232164,
21351,1788402829,9800838,0,
12469,1788403574,1577279310,1577437562,
2274,1788403612,1577422997,8059172,
14271,1788403755,1577514864,0,
14578,1788405134,2254926,0,
1556,1788407218,1577542676,0,
10437,1788409406,1576937849,564586,
12571,1788412719,1577388732,0,
10917,1788413703,1577034674,1577327643,
1722,1788415174,9359584,0,
11153,1788415786,1577513584,0,
8246,1788417908,1576716190,0,
10890,1788418474,1576664222,0,
13110,1788419538,9261979,0,
19927,1788419981,1577268653,0,
19927,1788419981,1577268653,1577268653,
19927,1788419982,1577268653,1577268653,
10278,1788420575,1577530583,0,
3576,1788420913,10118752,0,
910,1788421228,9359584,0,
14219,1788421508,1576514735,0,
6587,1788423469,1577527642,0,
8463,1788426489,1577504686,1577539409,
1578,1788427292,8677916,1577397284,
3755,1788427315,1577537933,0,
12879,1788428422,1577383380,0,
6299,1788428666,1476550,1577535081,
7557,1788429293,1577522946,1577542851,
16406,1788429327,1577539136,0,
13036,1788429399,1102804,0,
14538,1788429603,1577526543,0,
16020,1788429703,2363816,0,
15192,1788429893,1577372786,0,
20674,1788430590,9800838,0,
17854,1788430772,1577544193,0,
14652,1788432744,1577397959,0,
5386,1788432983,1577504050,0,
15270,1788433201,9120425,0,
11845,1788434073,1577534253,272291,
3457,1788434545,1577004920,0,
3380,1788434647,1577532848,1577228241,
11381,1788434677,1577484886,0,
10296,1788435194,1576979580,1577505617,
6469,1788435297,1577414870,1577535384,
8612,1788435596,1577520991,1577542718,
15948,1788436632,1577374650,9394926,
13462,1788436695,1577514864,0,
8511,1788436929,1577543469,0,
11165,1788437580,1577507199,0,
15037,1788437610,2363816,0,
3497,1788437630,1577537931,1577286231,
7848,1788437859,9876086,0,
17396,1788438993,1576608156,0,
14969,1788439339,8658681,0,
5423,1788439494,1577538281,0,
9427,1788439583,1576900092,1577422476,
20899,1788440011,1577431073,0,
17149,1788440043,1576608156,0,
8448,1788440615,1819961,1577539406,
14785,1788440880,1577353269,1854435,
10041,1788441366,9277021,1577338214,
14887,1788441579,1476550,3016955,
14826,1788441658,2254926,0,
3422,1788441680,1577490462,1577248110,
18198,1788441738,1577268653,0,
2424,1788442979,106967,8890908,
4579,1788443431,1577203775,0,
3179,1788443890,1576839110,1577061292,
15964,1788444176,1577178575,0,
15469,1788444832,10094800,0,
7497,1788444948,1577542518,0,
18859,1788445189,1577516880,0,
3010,1788445567,8832891,1576774908,
875,1788446120,1577523449,0,
18624,1788447076,9888572,0,
6592,1788447987,1577414870,1577535841,
2089,1788448672,1577542546,2475332,
19192,1788450133,1577444303,0,
20600,1788450143,1577444303,0,
18376,1788450148,725995,0,
8071,1788450693,8635569,0,
371,1788451109,1577542040,1747165,
11417,1788451475,1577535454,0,
14025,1788452732,1577498632,0,
21161,1788453041,1577392073,0,
12145,1788453634,9261979,0,
2354,1788453954,1576716190,0,
4330,1788454180,1577004920,0,
14894,1788454214,1577536449,0,
15878,1788454318,1577372786,0,
14687,1788456147,1476550,1498194,
8683,1788456219,1577494293,0,
3062,1788456301,1576839110,1576867826,
13435,1788456550,813539,0,
6777,1788456574,1577490989,0,
7235,1788456691,1576839110,0,
3939,1788457067,1577212131,0,
532,1788458248,1577542025,0,
10998,1788458935,1577433791,0,
14391,1788459011,1577504686,0,
14469,1788459139,1577537359,0,
2993,1788459690,1577422997,0,
12293,1788459698,1577279310,0,
8731,1788459921,1577394158,0,
16081,1788460075,1576608156,0,
16528,1788460714,1577405536,0,
4904,1788460811,1577176262,1577507284,
11452,1788460888,1575995793,0,
9178,1788461026,1577447669,0,
8501,1788461623,1577349938,0,
2321,1788461723,1577176262,0,
15020,1788461806,1577034674,1576180596,
18866,1788462400,1577268653,8037199,
6524,1788463552,1577507188,1577535522,
10587,1788463587,760440,0,
8282,1788463648,9801163,0,
15950,1788463852,1576608156,0,
9537,1788463958,1576664222,0,
20842,1788464044,1577444303,0,
20315,1788465896,1577444303,0,
15128,1788466379,1577178575,0,
19494,1788466820,1577059736,0,
18868,1788467435,1577059736,0,
4540,1788467879,1577432431,1577483801,
10798,1788469322,1576716190,0,
18707,1788471338,1576105308,0,
4682,1788471542,1375412,0,
679,1788471621,1577523449,0,
3592,1788472098,1577539033,1577325550,
11501,1788472344,1577513584,0,
14152,1788472494,1577397959,0,
15033,1788473046,1577374650,0,
8214,1788473430,1577388261,0,
7674,1788473590,1577332558,0,
17777,1788474133,1577249935,0,
14119,1788474605,8658019,1577417670,
21236,1788474657,1577106499,0,
24031,1788475002,1577184777,0,
2869,1788475451,1577499142,0,
4660,1788475759,1577417347,1577496438,
11337,1788476055,9621806,0,
3387,1788477197,1577300851,1577232098,
20993,1788477584,9800838,0,
21803,1788477797,1577423646,0,
11774,1788478463,1576979580,1577522005,
4217,1788479090,2199738,0,
19165,1788482653,1577268653,0,
3138,1788484576,1577484370,0,
11842,1788486101,1577455662,0,
1744,1788487226,1577537931,0,
14111,1788489903,1577513076,0,
12221,1788490969,1577279310,1577543491,
10408,1788492365,1576979580,1577057767,
14779,1788494492,1577529138,1577113456,
20157,1788494601,1576567337,0,
11146,1788496572,1577182446,0,
14620,1788497065,1577070679,1036882,
7622,1788497104,1577439119,0,
18829,1788500303,8801214,0,
11650,1788501240,9642632,0,
6732,1788501600,8677916,1577535911,
13879,1788501616,1577526543,1576247077,
10695,1788501643,1577070679,1577294355,
6709,1788502922,1577321823,0,
20579,1788502951,1577516880,0,
2415,1788503513,1577544203,8845539,
4185,1788504187,1577483302,0,
3151,1788504740,1577231003,0,
10735,1788504830,677000,0,
7842,1788505062,1577034674,9013490,
11999,1788507099,1577279310,0,
9827,1788509188,7730087,0,
7425,1788509269,1577301029,1577542256,
14497,1788509401,1577073064,0,
4735,1788509862,1577004920,0,
21682,1788510313,1577397494,0,
2008,1788510362,8609191,1819961,
16848,1788511013,1577268653,1577511484,
12980,1788513100,1577526543,0,
12980,1788513100,1577526543,1577526543,
7993,1788513697,2351874,1576192469,
5656,1788513916,1577543305,1577532888,
14889,1788514499,1577178702,0,
4712,1788515580,1577422997,0,
4650,1788516462,1577516328,1577495555,
6986,1788516638,8621050,0,
16965,1788517641,1576449100,0,
16965,1788517682,1576449100,1576449100,
13824,1788517862,1577513076,0,
11709,1788518239,1577534253,0,
19596,1788518319,1576401633,0,
12728,1788519566,8363828,0,
7380,1788520919,1577542040,1577542132,
5877,1788521375,1577133059,1577534385,
10011,1788521526,1577527523,1577153898,
17914,1788521758,1577485331,116647,
7864,1788522121,1577542923,0,
5725,1788522334,119382,1577532933,
1447,1788523292,1130518,10035749,
22706,1788523449,1577544583,0,
9626,1788524014,1577319091,8141336,
3210,1788524607,1577525383,0,
19556,1788525146,1577040263,0,
18762,1788525346,10010714,0,
11839,1788525764,9285938,1577422578,
8844,1788526137,1577465086,0,
2650,1788526168,1577384735,0,
18318,1788528372,1577178575,0,
10655,1788529293,1576096938,1577396198,
6688,1788529816,295281,1577535890,
14276,1788530179,1577073064,0,
2431,1788530257,1577465504,8951815,
4523,1788531117,1577432431,0,
13080,1788531827,1577527187,1576327429,
1120,1788532028,1577490989,8666394,
11059,1788532620,1577279914,1577337451,
15571,1788533027,1577374650,0,
14660,1788533110,8963712,0,
2649,1788533406,1577503937,0,
15309,1788533416,1102804,0,
13331,1788535816,1577401874,368877,
8481,1788535961,1577394158,0,
14969,1788536303,1576598150,8658681,
2896,1788537017,1577504050,1576509850,
8853,1788537155,258773,9906587,
13715,1788537834,1576440292,0,
18185,1788537858,8927127,0,
15261,1788538054,1577542085,0,
19307,1788538145,1576449100,1577542206,
11121,1788538221,1576900092,1577390012,
11570,1788538348,9808270,0,
13311,1788538492,1577073064,0,
18432,1788539317,1577268653,1576881256,
18432,1788539317,1577268653,1577268653,
18432,1788539317,1577268653,1577268653,
11536,1788540040,1577421183,0,
8424,1788540882,1577337039,1577455151,
23904,1788541004,1577544698,0,
99,1788541343,9471881,0,
12715,1788541502,704848,0,
6155,1788541643,1577301029,1577534816,
6568,1788542744,1577543898,1577535823,
5901,1788543083,1577498189,0,
22514,1788544157,1577431073,0,
12759,1788545224,1576430483,0,
6674,1788546461,8609191,1819961,
17777,1788546606,1576567337,1577249935,
7247,1788547400,1577490462,1577540456,
9112,1788547829,1577494293,0,
22700,1788547854,9839137,0,
12735,1788548292,1576716190,1577514049,
5738,1788548699,8621050,0,
4720,1788548709,1576908434,0,
5169,1788548974,1577397456,0,
835,1788550582,8554566,0,
12794,1788550733,1577070679,1577529321,
14014,1788551590,1577073064,0,
1417,1788551983,1577499142,2663633,
8732,1788552416,1577122126,1576888698,
17326,1788552696,1577485331,0,
24185,1788552766,1576096956,0,
13198,1788552838,1576430483,0,
4364,1788553388,1577439119,0,
18432,1788553388,1577106499,1577268653,
14506,1788553481,1577073064,0,
2771,1788553838,1577392662,1576065132,
6682,1788553863,1577507188,1577535886,
11545,1788553959,9808270,0,
19909,1788554412,1577444303,0,
14803,1788555090,1586253,1577489060,
5593,1788555624,9789555,0,
22542,1788556689,9800838,0,
8448,1788557646,8609191,1819961,
13076,1788559778,1577391955,1577536833,
11508,1788559860,1577362464,1577433685,
8452,1788560681,1577520991,0,
18098,1788560749,1576608156,0,
12586,1788560942,1577534253,0,
776,1788560965,1577325138,0,
17972,1788561367,1577249935,0,
11003,1788561644,1576096938,0,
14437,1788561691,1576018908,0,
25170,1788561704,1577374960,0,
15832,1788563741,8927127,0,
12002,1788564037,9285938,0,
20526,1788564927,1577136351,0,
6529,1788565236,1577310030,1577535524,
12403,1788565969,9621806,0,
14874,1788566509,1577465504,1577543959,
10956,1788566738,1577455662,0,
361,1788567634,1577542676,0,
750,1788570220,1577525383,0,
24171,1788571946,9920231,0,
15557,1788574065,1577391941,0,
9808,1788574344,760440,0,
23794,1788574495,1577544583,0,
2122,1788574519,1577282858,0,
3789,1788574802,1577034674,0,
20808,1788576569,1577136351,0,
15700,1788577963,295281,0,
2052,1788580926,9801163,2199738,
20233,1788581882,1577431073,0,
18542,1788581897,1577417226,1497019,
10169,1788585548,1577494283,0,
11644,1788585611,608497,0,
20335,1788586297,9839137,0,
13078,1788586931,9501224,9817068,
14214,1788586957,1577419521,1576496293,
2818,1788587335,1577536800,1576270609,
4158,1788587673,1577522946,1577432248,
7208,1788588060,1577484886,1577540343,
10469,1788588092,3039070,1577489446,
3649,1788589070,9471881,0,
4831,1788589694,1577387679,0,
24192,1788590059,1577374960,0,
18010,1788590400,725995,0,
3492,1788591229,1577332558,1577285545,
13723,1788591264,1577501389,0,
18174,1788592921,1576449100,0,
11801,1788593968,8516154,1577407698,
2098,1788594002,1577325138,0,
22166,1788594242,1577533943,0,
2461,1788594325,1576696487,9124032,
18795,1788595081,1577040263,1577244998,
5574,1788595676,10118752,1577531234,
12488,1788595916,1577540871,0,
5833,1788596694,1577532848,1577534296,
6123,1788596910,1577491327,1577534785,
15693,1788597300,1577540185,0,
6726,1788597419,9967293,1577535908,
24688,1788597465,9839137,0,
12600,1788597497,1577279310,0,
25293,1788597838,1577374960,0,
25293,1788597838,1577374960,1577374960,
3522,1788599713,8860225,0,
10519,1788600311,1577261773,0,
12194,1788600355,2815069,1577543479,
1804,1788600428,1577544203,0,
13529,1788600586,1576401633,0,
6118,1788601154,119382,1577534783,
12912,1788601954,1576979580,1577458238,
6005,1788602007,1576425365,1577534558,
2673,1788602281,813539,10036407,
9123,1788603117,1577543420,1577129795,
1506,1788603403,1576298928,1577528517,
13731,1788604443,2636022,0,
21241,1788604854,9839137,0,
13222,1788605816,9768644,0,
1421,1788605926,1577499142,3014704,
9445,1788606164,8816541,0,
21888,1788606342,1577533943,0,
16158,1788606527,1577544047,10036900,
11423,1788606542,1577513584,0,
4237,1788606751,1577543745,0,
20624,1788607788,9979507,1577457619,
11217,1788608043,1577362464,0,
11808,1788608607,1577507188,1577533790,
22885,1788608664,1577393299,0,
11800,1788609187,1577388732,0,
10419,1788609573,1576937849,1231846,
643,1788610525,1577498189,0,
6501,1788610631,8516154,1577535422,
4830,1788610638,1577540185,1577507138,
14729,1788611172,1577178575,0,
982,1788611456,1577382054,0,
12701,1788613530,1577383380,0,
11198,1788613883,9642632,1577010115,
14153,1788614388,1577528385,0,
7158,1788614470,1577178702,1577540283,
11159,1788614649,1577388261,1577444600,
4696,1788615418,1577139117,0,
8386,1788615567,760440,0,
17750,1788615784,725995,0,
8777,1788616080,2351874,9218780,
6657,1788616364,1577428254,0,
17065,1788616415,1577279914,1577544154,
5024,1788616694,1577295752,0,
19645,1788616834,1577444303,0,
20302,1788616881,1577444303,0,
20174,1788617036,1577136351,0,
21752,1788617077,1577444303,0,
21431,1788617242,1577431073,0,
2890,1788617657,1577543305,0,
2986,1788617999,106967,1576708182,
13756,1788618461,8013865,1577384906,
25293,1788618590,1577374960,1577374960,
832,1788619130,1576533606,0,
10211,1788619162,8816522,0,
1175,1788619213,8447777,1576316744,
25179,1788620624,1576976099,0,
20399,1788620793,1577423646,1577386979,
12937,1788620999,1577452508,1577060580,
2156,1788622903,8447777,0,
17090,1788624033,1577496615,1577266736,
7792,1788624450,1577538578,1577538972,
14148,1788625223,1577073064,0,
1699,1788625427,8308415,0,
9934,1788625525,9277021,1577541634,
12375,1788625733,1577070679,1576861051,
13464,1788625962,1577465504,0,
16301,1788626084,1577374650,0,
23202,1788626515,1577374960,0,
22029,1788627723,1577544583,0,
16052,1788627983,366473,0,
14920,1788628272,1577540185,0,
6630,1788628378,1577414870,1577535856,
7246,1788628613,1577523449,0,
18767,1788629129,1576449100,0,
8105,1788629186,1576656377,1577486228,
25447,1788629319,1576096956,0,
10774,1788629340,1577484886,0,
3338,1788629749,1577181969,1577195589,
2853,1788630142,8554566,0,
11684,1788631573,9719422,1577526585,
4192,1788632323,1577539033,0,
18199,1788632641,1577040263,1577544225,
6815,1788633234,1375412,0,
17718,1788633970,1577417226,0,
6105,1788634957,1576908434,1577534779,
14359,1788635211,1577465504,0,
4331,1788636720,2652136,1577439343,
13413,1788636953,1577514864,0,
15496,1788637216,1577540185,0,
21281,1788637734,1577393299,1577491574,
7224,1788638186,8516154,1577540357,
11097,1788638378,1577284675,0,
11404,1788638404,704848,1577216618,
5612,1788638988,1577282858,1577532305,
6696,1788639420,10187316,1577535893,
20921,1788639639,1577136351,0,
17168,1788639950,1577526179,1577457462,
1430,1788640012,1576574201,3365545,
23565,1788640312,1577292595,0,
3829,1788640321,1577503937,1577383045,
14761,1788642519,1577536190,1577543942,
7096,1788642760,1577354984,0,
3349,1788643018,1130518,0,
5578,1788643037,8554566,0,
13254,1788643887,1577515376,0,
11162,1788644119,1577512641,0,
1142,1788644564,1577212131,0,
5626,1788645265,1577543435,1577532387,
22064,1788645547,1577136351,0,
4662,1788645613,1577542040,1577497031,
12187,1788647024,1577449949,1577543475,
3807,1788647071,1577543449,0,
6922,1788647747,1329319,0,
15274,1788647870,1576959764,1577088950,
20088,1788648789,9839137,0,
17252,1788650019,1577417226,0,
1839,1788651769,1577499142,0,
12790,1788651976,1577388732,0,
3819,1788652743,1577540888,1577381008,
3036,1788653081,1577034674,0,
10367,1788653349,1577530583,0,
12321,1788653983,1576096938,0,
20126,1788654275,1577423646,0,
14858,1788655483,1577514864,0,
1131,1788655770,9471881,8848939,
11388,1788658749,1577430890,0,
15497,1788659143,1577543989,0,
9295,1788659156,1577543420,0,
6565,1788662117,1577300851,1577535821,
3602,1788662384,8832891,0,
14251,1788663006,1577288708,0,
3533,1788663778,1577522507,0,
4220,1788665569,1577522507,0,
23075,1788668978,1577339706,0,
14824,1788669053,1577522047,8724296,
8179,1788669188,8635569,0,
13303,1788669460,1577319091,0,
20957,1788670554,1577489962,0,
21360,1788670573,1577423646,0,
6604,1788671585,1577520959,1577535845,
12808,1788671639,1577433791,9719422,
1299,1788672756,1577542923,0,
138,1788673780,9806406,0,
2363,1788674358,1577394602,8469495,
9709,1788674407,1576598150,8658681,
14597,1788674437,8677916,1577485882,
13148,1788674496,8013865,1577467162,
11495,1788675539,1577422478,1577433067,
6570,1788675574,1577416552,1577535824,
6490,1788676050,1576862060,1577535398,
13369,1788677534,1577139820,0,
12036,1788678808,1576363634,1577542771,
1773,1788679257,1577487732,0,
10404,1788679267,1576900092,1577535752,
3025,1788679405,7730087,1576788128,
18018,1788680107,1577542229,0,
13176,1788680730,1577501389,0,
11522,1788680768,608497,1577527984,
4473,1788681143,1576425365,0,
7268,1788682083,1577507188,1577540516,
3224,1788682447,1577499715,0,
23040,1788682589,1576096956,0,
7427,1788683402,1577240807,0,
10495,1788683484,9642632,0,
1842,1788683515,1577538246,409237,
15190,1788683722,1576982986,1577510452,
8470,1788683940,1577484886,1577534053,
23500,1788683950,9920231,0,
4305,1788684126,1577490989,0,
16309,1788684565,1577440363,0,
17237,1788685363,1577544193,0,
5596,1788685956,1577535454,0,
2173,1788686089,2069613,3240273,
7174,1788686786,1577514194,1577540310,
21567,1788688282,1577393502,1577544617,
3000,1788688578,1576068723,0,
13533,1788689870,1577401874,2098404,
16874,1788690766,1577544193,0,
20403,1788691345,7917499,1577536031,
13453,1788691611,10080975,1577513076,
20067,1788691658,8801214,1577458687,
15733,1788691819,1577540185,0,
5019,1788691912,7704883,1577507448,
81,1788692568,1577420867,0,
9689,1788692713,548866,0,
18034,1788693338,1577106499,0,
416,1788694225,1577114057,1577498623,
11831,1788694325,1577512641,0,
4355,1788694431,7961799,1577442666,
3851,1788694867,1577505624,1577387679,
15447,1788695911,1577300851,0,
227,1788696726,1576270672,1577414870,
24932,1788697060,1577339706,0,
10937,1788697174,760440,0,
4162,1788697939,1577522507,0,
14590,1788698374,1577356387,0,
2111,1788698534,8111844,0,
21445,1788699038,1577153654,0,
15090,1788699354,1577285245,1577510711,
1427,1788699687,1577181969,0,
24071,1788700248,1577169492,0,
1228,1788700359,1577420362,1577504686,
15564,1788700441,8963712,0,
6987,1788701294,1577231003,0,
8085,1788701365,1577321823,9702405,
5950,1788701494,1576836244,0,
2914,1788701703,1577538934,1576540808,
9109,1788701859,971259,0,
17973,1788702291,1577485331,1577490517,
17058,1788702840,1577516880,1576805224,
1727,1788702914,1577487732,0,
24993,1788703454,1577169492,0,
20056,1788703563,1576596873,0,
11682,1788703582,1576937849,0,
15758,1788703760,9786979,0,
18691,1788704392,1577249935,0,
6304,1788704720,1065350,1577535084,
9807,1788704871,1577544047,1577539933,
25484,1788705207,1576976099,0,
2948,1788705362,1577301029,0,
6630,1788705777,1577539178,1577414870,
2237,1788706258,1689796,7805538,
21244,1788706339,1577544614,1577421347,
25737,1788706437,1577292595,0,
8234,1788706769,1577520991,0,
12572,1788707144,8004100,1577536033,
5193,1788707536,1577537130,0,
6527,1788708132,8161459,1577535523,
22068,1788708226,1577393502,129687,
9301,1788708360,1106388,1577511026,
8524,1788708537,1577510430,0,
20181,1788708606,1577397494,0,
10018,1788708635,9642632,0,
5011,1788708690,1375412,1577507434,
382,1788708810,1576839110,1577542676,
5954,1788709455,1577373047,1577534502,
8146,1788709539,1577543469,0,
13817,1788709579,1576824164,2811774,
1299,1788709805,9876086,1577542923,
17674,1788710356,1577490916,1577544192,
4475,1788710430,1577522507,0,
7804,1788710513,8039582,0,
2445,1788710955,1577535511,0,
15448,1788711193,9786979,0,
20429,1788711230,1577184777,0,
20429,1788711230,1577184777,1577184777,
6957,1788711236,3094599,1577538850,
573,1788711268,1577133059,0,
971,1788711343,1577522507,0,
2311,1788711550,3039070,8234377,
13223,1788711598,8363828,9203662,
21216,1788711671,1577502320,1577544579,
4006,1788712440,8860225,1577417050,
14248,1788712445,1577498626,0,
13429,1788712453,978765,0,
3282,1788712518,8554566,0,
10046,1788712668,1577420362,1577504686,
19728,1788712741,9099524,0,
1628,1788712812,1576068723,0,
2781,1788713233,1577538080,1576079155,
19653,1788713830,1265792,0,
6236,1788713895,1577489354,1577534905,
5312,1788714183,1577034674,0,
4482,1788714454,1576096938,1577458964,
4984,1788714517,1577306410,0,
10553,1788714533,1577512641,0,
5066,1788715107,2950142,1577507559,
4794,1788715194,1130518,0,
4843,1788715427,1576959764,1577507148,
14632,1788715666,1577429914,1577507622,
936,1788715770,1577417347,0,
23087,1788716457,2833750,0,
14465,1788716637,1577514864,0,
7262,1788716851,1577514194,1577540513,
10135,1788716998,9857437,0,
4269,1788717729,2069613,1577433308,
21553,1788718375,1577513316,0,
14716,1788718438,1577178575,0,
10389,1788718551,1576439886,1577458197,
7274,1788719503,1577540451,0,
7299,1788719527,1577523449,1577541007,
8387,1788719632,1576270672,1577534874,
2841,1788720278,1130518,0,
5681,1788721026,2779332,1577532908,
3796,1788721068,1577483302,1577372218,
7625,1788721186,1576973896,0,
23241,1788721397,1576096956,0,
10473,1788721417,1576859369,0,
18026,1788721464,1576449100,0,
4572,1788722440,1576987613,1577488241,
22746,1788723520,1577393502,1577544771,
6469,1788723564,1577060442,1577414870,
6926,1788723842,1577422997,1577538246,
3892,1788723996,1577529138,1577394570,
2470,1788724086,1577372786,9165288,
392,1788724228,1577540451,1577542911,
1255,1788724603,1577542923,1577439574,
8857,1788724805,1577521841,0,
7741,1788724957,2950142,0,
14030,1788725020,1577527187,0,
3278,1788725147,1577522507,0,
6954,1788725924,1577544203,0,
2035,1788726105,1577397456,0,
19597,1788726255,9979507,1577353891,
7507,1788726372,1577536449,1577542644,
7160,1788727059,1577397959,1577540285,
8412,1788727285,1576401633,1577539375,
20295,1788727578,1577360773,0,
1647,1788728410,1577527930,1577495294,
16828,1788728631,7917499,9792766,
12682,1788729416,1577229730,1577527724,
16288,1788729470,8963712,0,
6332,1788729506,1576068723,0,
17270,1788729565,9888572,0,
19638,1788729642,9869866,0,
15845,1788729957,1577526543,10040509,
14659,1788730510,8927127,0,
12392,1788730622,556673,1577542474,
7690,1788730655,1576656377,0,
19044,1788730681,1577536449,0,
25856,1788731757,1576976099,0,
19767,1788731947,1577489962,0,
2978,1788732342,1577114057,0,
649,1788732981,1577522507,0,
14290,1788733450,1576514735,0,
8397,1788734219,1577465504,1577536140,
6160,1788734790,1577515991,1577534819,
21716,1788735961,9523859,0,
24787,1788736823,333547,0,
14256,1788736870,1576018908,0,
17072,1788737667,1577544193,0,
10472,1788737965,760440,0,
9371,1788738814,1577425804,1577536234,
9612,1788739985,1819870,1576595230,
2578,1788740303,1577240807,0,
2820,1788741837,1577525256,1576281097,
12148,1788742391,1577192256,1577543065,
6592,1788744524,1576984375,1577414870,
22042,1788744830,1577431073,0,
9488,1788747376,2607380,1577510563,
7789,1788750111,1577543469,0,
24372,1788750688,9920231,0,
5790,1788753494,1577531158,0,
17019,1788755648,1577279914,0,
13569,1788755683,9645437,0,
25132,1788757097,1577045351,0,
11043,1788757191,1577543420,1577543539,
12668,1788757938,1577393712,1577519950,
1994,1788758695,1577384735,0,
12397,1788758745,1577419521,0,
13431,1788758919,2254926,0,
1161,1788759113,1577390344,0,
23078,1788759857,1577513316,0,
4580,1788760800,8942925,1577489354,
7154,1788760801,1577507199,1577540281,
10364,1788760890,1577415816,1577182446,
4337,1788761927,2314840,1577441206,
11879,1788762098,1577524728,0,
2306,1788762660,9275232,8217072,
2306,1788762660,9275232,9275232,
6033,1788762841,1576908434,0,
2802,1788763606,1577523449,0,
17202,1788763716,1577360773,9240511,
12527,1788763870,1576997632,0,
9320,1788764273,548866,0,
16206,1788764935,8837766,0,
2132,1788764943,1577401309,2967953,
13515,1788765184,1577414412,0,
24521,1788765513,1577339706,0,
2198,1788765651,1577399890,0,
12193,1788765910,1577332496,0,
5641,1788765981,1577122126,1577532620,
15630,1788766795,1577059736,0,
10407,1788767428,1577229730,0,
6585,1788768300,1576598150,1577535837,
1745,1788768424,1576068723,1577541145,
4968,1788769013,1577536510,0,
3703,1788769815,9277021,1577362464,
13682,1788770313,1577518818,1577347056,
13980,1788771835,2355753,1577204021,
5383,1788772614,1577349725,0,
17902,1788773072,1102804,1576145921,
18228,1788773372,1577462749,0,
12200,1788773793,9285938,1577422903,
3117,1788774054,1577518265,0,
8994,1788774265,1577527523,0,
15003,1788775542,1576347194,8847890,
20079,1788775562,1577498428,0,
14884,1788775886,1577178460,0,
3945,1788776470,1577538281,0,
14693,1788776476,1577512528,0,
8738,1788776727,1577350677,1577317372,
13372,1788776951,1577512528,0,
7009,1788777116,1577498200,0,
14000,1788777272,1576401633,0,
3621,1788778296,1577522967,1577338050,
21377,1788778811,1577393502,0,
25230,1788779045,1577409283,0,
18694,1788779052,1577544675,0,
9603,1788779209,1577427791,0,
1991,1788779222,1577516328,1675139,
17832,1788779622,1577153654,0,
623,1788779676,1577181969,0,
12464,1788779938,1577388261,0,
11672,1788780002,3039070,0,
2048,1788780114,1577538281,2148643,
2582,1788780258,9471881,0,
6877,1788781076,1576574201,1577537872,
10204,1788781293,1577355546,0,
20103,1788781398,2217626,0,
22078,1788781401,2833750,0,
13008,1788781892,1577528385,0,
24041,1788782744,1577292595,0,
11377,1788783091,9256749,1577539642,
3866,1788783388,1577265934,1577390446,
6744,1788783901,1576588036,1577535918,
8463,1788783998,1577420362,1577504686,
14480,1788784312,9768644,0,
13280,1788784657,1577498626,0,
22526,1788784895,1577544614,9588126,
14369,1788784956,1577454074,0,
6048,1788785278,1577401309,1577534672,
6204,1788785565,1577133059,1577534892,
10977,1788785935,8046112,0,
3106,1788785999,1577505624,1576960376,
13069,1788786025,1577533913,0,
8025,1788786291,1577442999,0,
5696,1788786719,1577544203,0,
5114,1788787294,9563463,1577510147,
5284,1788787310,1577498632,1577519807,
13107,1788787629,1577529338,1577284645,
1207,1788787653,1577268024,0,
17454,1788788001,1577383865,0,
6804,1788788856,1381625,0,
22158,1788789044,1577393299,1128115,
4053,1788789097,10071988,0,
18892,1788789211,1577498428,0,
5244,1788789545,1577399535,1577517385,
1885,1788790283,1576298928,866518,
6817,1788790448,1577538281,0,
5550,1788790571,8554566,0,
15390,1788791777,8246098,0,
16494,1788791794,8639312,1577257072,
7140,1788792090,8963712,0,
12516,1788792294,1577416318,1577508515,
12508,1788792864,1576822556,1577508514,
270,1788792955,1577518265,0,
6164,1788793001,1577268024,0,
17196,1788793186,9979507,1577370056,
16068,1788793325,1577059736,0,
1949,1788793473,1577532848,0,
18882,1788793750,792488,0,
21435,1788793983,1577136351,0,
2744,1788794443,9189327,0,
15000,1788795273,715955,0,
23124,1788795312,1577169492,1577304313,
20518,1788795735,1577360773,0,
6063,1788795997,1577392662,0,
5981,1788796238,1577373047,1577534512,
7774,1788796321,1577439119,0,
1600,1788796442,2652136,0,
13657,1788796893,1577513669,0,
8073,1788797106,8247637,0,
18104,1788797447,1576596873,0,
1410,1788797927,1577538659,1259273,
11249,1788798097,1577492185,1577542825,
11597,1788798367,1576563053,1577524404,
13170,1788798372,1577348621,1577542411,
14317,1788798394,1577508929,0,
1406,1788798509,1577520959,1577514409,
3285,1788799059,9779516,1577154496,
14952,1788799329,9120425,0,
10268,1788799711,1576173553,0,
15246,1788799927,1577450028,0,
11267,1788799956,1577492185,1577542966,
519,1788800170,1576756867,9563463,
1501,1788800902,1577375163,0,
11531,1788800934,1577484886,0,
13978,1788801633,1577488359,0,
3165,1788801732,1577399890,0,
17442,1788801991,1577511588,8746396,
14175,1788802100,9768644,0,
7156,1788802373,10187316,1577540282,
2663,1788802746,1577504878,0,
6634,1788803040,8013865,1577535859,
3837,1788803236,1577375163,1577384932,
6396,1788803561,1577543240,0,
7,1788803659,1577523449,0,
7265,1788804039,1577514194,1577540514,
24211,1788804102,1577544881,0,
19578,1788804136,1577539136,1577414870,
15965,1788804147,1577178702,1575831966,
3545,1788804252,1577537931,1577304358,
9593,1788804274,1577455662,0,
8526,1788804385,9814162,0,
3783,1788804784,1576836244,0,
2373,1788804913,1577076729,0,
12062,1788804987,1575952891,1577542780,
15333,1788805272,1576667616,0,
15805,1788805825,8639312,0,
4437,1788805943,1577311314,1577450914,
12119,1788806067,1575952891,1577543055,
519,1788806157,1577325138,1576756867,
8407,1788806954,1577522946,1577539369,
7033,1788807000,1577000757,1577539597,
8507,1788807160,9285938,1577057758,
25749,1788807227,9353440,0,
11266,1788807419,1577524728,0,
418,1788807600,1577538578,0,
13955,1788807696,8013865,1576955837,
9090,1788808059,1577543988,1575935262,
11822,1788808091,1577484886,0,
17979,1788808324,1577153654,0,
1680,1788809021,9359584,1577529088,
15074,1788809766,1576997632,0,
864,1788810446,1577493640,0,
11491,1788810524,1577513584,0,
4327,1788810676,1577401309,0,
21730,1788811097,1577460911,1577424352,
374,1788811457,1576839110,1577540451,
21313,1788811602,1577136351,1577409603,
15495,1788811788,8837766,0,
3134,1788811916,106967,1577009556,
25512,1788812335,9353440,0,
298,1788812914,9864164,0,
6903,1788813232,1577542923,1577538118,
7987,1788813284,9801163,1577442999,
17689,1788813631,1577544193,0,
19707,1788813648,1577392073,0,
2004,1788813795,1577399535,0,
6601,1788813981,1577465504,1577535844,
15782,1788814098,1576982986,186056,
4907,1788814099,1577340545,1577507286,
10267,1788814555,1577060944,9000115,
17707,1788814826,1576990588,0,
12340,1788814984,1576937849,1918948,
7164,1788816595,1577330010,0,
1707,1788816601,1577327643,1577034674,
11460,1788816869,1577486226,0,
15013,1788816955,1577486614,0,
1251,1788817585,1577176262,0,
14799,1788817779,1577452508,0,
13298,1788818510,1577429914,0,
6270,1788819088,1577537545,1577534924,
3633,1788819602,1577515376,1577341568,
11532,1788820325,10039871,1577458162,
14356,1788821359,8658019,1577417670,
2575,1788821402,1577432431,0,
22655,1788821528,1577431073,0,
19671,1788821694,1577184777,0,
2689,1788822001,1130518,0,
2311,1788823009,1576716190,3039070,
22476,1788823589,3327844,1577537687,
8293,1788823986,9801163,1577542011,
4621,1788824249,8172660,1577491830,
6532,1788825259,1576779551,0,
12365,1788825287,1577465086,0,
17690,1788827674,1577047091,0,
14793,1788828612,9967293,8499874,
14860,1788829526,1576984375,1577518231,
12696,1788829896,1577500093,0,
13606,1788830016,1577542546,0,
12921,1788830145,978765,0,
18157,1788831033,1576813435,92165,
19312,1788833354,1577153654,0,
2324,1788834016,1577345825,8279230,
20568,1788834768,1577502320,9953171,
20721,1788835151,1577059736,0,
17183,1788836582,8463845,0,
23318,1788837570,1577292595,0,
8187,1788838146,1576298928,1577511135,
7944,1788838167,9801163,1577388989,
4129,1788839326,1577505624,1577427469,
764,1788840750,1577490989,0,
10552,1788843475,1576439886,1577422638,
18483,1788845381,1577464497,0,
22407,1788846136,2335309,0,
14686,1788846821,8658019,1577417670,
13633,1788847185,1577507199,0,
10604,1788847201,1576862060,1577537545,
23331,1788847201,1577040263,1576096956,
20147,1788847202,1577360773,1577544418,
7162,1788847217,1577279310,1577540287,
3394,1788847226,2314840,1577238392,
10021,1788847261,258773,1577511084,
18700,1788847333,1577544675,1577360471,
23151,1788847380,1576976099,1577004383,
2767,1788847402,1577542055,1576022218,
17963,1788847476,1577312411,0,
10459,1788847989,7715742,0,
11287,1788848284,9277021,2375326,
15592,1788848734,1576598150,0,
16383,1788849091,7917499,1577487787,
17008,1788849202,1577103914,1576896170,
9759,1788849485,1577241033,1577505997,
2486,1788849815,1577415816,9256749,
392,1788849928,1576839110,1577540451,
392,1788849928,1576839110,1576839110,
25059,1788849991,9353440,0,
1277,1788850547,10213364,0,
10116,1788850821,1577523352,0,
15487,1788850964,1576835232,0,
2685,1788851002,1577394602,10080976,
18466,1788851064,1577184777,0,
14127,1788851350,1576608156,10080975,
5427,1788851559,8954846,0,
7354,1788851630,1577401309,0,
5474,1788851700,1577507188,1577526856,
14191,1788852892,1576588036,1576186892,
1378,1788852945,1577247043,2342017,
4758,1788853308,1577540888,1577503511,
10206,1788853736,1576858619,0,
25772,1788854099,1577536604,0,
8362,1788854835,1577411853,1577534671,
21572,1788855778,3118288,0,
13938,1788855988,1577529338,0,
13678,1788856877,9523129,0,
15911,1788857036,8963712,0,
11620,1788857331,1577524728,0,
14864,1788857702,1576821262,0,
16653,1788858544,8740198,1577535042,
9677,1788858668,760440,0,
2197,1788859091,1577399890,0,
15176,1788859403,8239422,0,
3901,1788860529,1577268661,0,
12328,1788860714,1577501389,1577111906,
12931,1788860993,1577072710,1577367813,
11913,1788861416,1577394820,1577308114,
1378,1788862081,1577538578,1577247043,
15653,1788862600,1577537954,0,
12551,1788862928,1577528385,0,
7478,1788863759,9261979,0,
11441,1788864693,1576683351,1577485392,
7827,1788865353,1577543512,0,
18571,1788866255,1577136351,0,
11359,1788866806,8169554,0,
9500,1788866967,1577355546,0,
4230,1788867322,1870481,0,
8690,1788867683,258773,10034424,
3076,1788867751,1576703850,0,
22792,1788868241,9800838,1577457388,
10893,1788868373,9968798,1577416546,
10017,1788868887,1106388,0,
20765,1788869089,397337,0,
10720,1788869661,1577523352,0,
5467,1788870143,1577483302,1577526552,
5779,1788870650,1576908434,0,
10200,1788871019,1576859369,0,
22597,1788871144,1576312757,1577539907,
15654,1788871716,803854,0,
14268,1788871768,1577244359,0,
4497,1788872068,9801163,1577463629,
11605,1788872197,608497,1577523534,
7501,1788873143,1577504878,1577542637,
7608,1788873169,1576716190,0,
13248,1788873935,978765,0,
4878,1788874522,1577195098,1577507220,
8636,1788874797,1577350677,1577543361,
9727,1788875390,1576670683,1576517085,
14099,1788875553,1577485766,0,
18224,1788875616,1577544419,1577385998,
18838,1788875748,1577059736,0,
20469,1788876205,1577374960,1577311227,
20469,1788876205,1577374960,1577374960,
9296,1788876230,1577345825,0,
12643,1788876551,1576366062,0,
466,1788876663,1577516685,0,
6114,1788877332,1065350,1577534782,
2392,1788877525,801831,8699223,
23331,1788877672,1577544971,1577040263,
7844,1788877983,1577100814,0,
15328,1788878214,1577444440,0,
10968,1788878286,1576096938,0,
11618,1788878341,1577249935,1576667616,
6467,1788878492,1577543988,1577535383,
24193,1788879423,1577397494,1577339706,
8910,1788879811,9607649,1577507726,
1770,1788880139,8449541,0,
5587,1788880186,1577268024,0,
7253,1788880191,1306780,0,
11915,1788881413,1577274339,1577453476,
14268,1788881588,1576984375,1577244359,
3192,1788881695,1577530473,0,
8380,1788881840,8658019,1577536138,
2990,1788881868,1577537130,0,
22652,1788882005,3118288,0,
17562,1788882731,8017942,0,
15020,1788882770,1577327643,1577034674,
19067,1788883048,1265792,0,
19125,1788883110,1577496615,10268401,
13479,1788883112,9810710,0,
13676,1788883627,1577507008,2376637,
14124,1788883780,1576608156,1576588036,
4647,1788883947,1577516685,0,
17433,1788884207,2843385,0,
13234,1788884495,1577465086,0,
3352,1788884763,1577066276,0,
21464,1788884815,1577498428,0,
5709,1788885660,1577538746,0,
18482,1788885660,1577312411,1576952691,
17642,1788885880,1577526179,0,
11076,1788886560,1577394820,0,
18182,1788886766,1576449100,0,
11946,1788886790,1576862060,0,
4870,1788887217,1577498189,1577507210,
7317,1788887441,1577542518,1577541153,
222,1788888051,1577390344,0,
4353,1788888147,1577176262,0,
18437,1788888508,10010714,1577417384,
4209,1788888941,1577501338,1577433083,
20689,1788888947,1577516880,0,
631,1788890626,1577203572,0,
17552,1788890871,1577214430,0,
1998,1788891229,1577231003,1709152,
1449,1788891280,8554566,1577543241,
4388,1788891434,1577176262,0,
23581,1788891997,383773,1577267275,
18482,1788892567,1577103914,1577312411,
20609,1788892703,1577271701,1577508577,
7321,1788892727,1577399890,0,
19212,1788892791,1577391941,0,
16076,1788893195,792488,0,
9890,1788893257,1576716190,0,
12260,1788893472,1577540836,1577427898,
13932,1788893575,1577433791,1577529338,
6665,1788893653,1577536449,1577535876,
21600,1788893709,1102804,0,
16999,1788894671,1576997632,0,
11461,1788895283,1577332558,1577422221,
7834,1788895300,2069613,0,
5548,1788896362,1577542298,1577530718,
18224,1788896662,1577360773,1577544419,
18224,1788896662,1577360773,1577360773,
22674,1788897130,1576608732,0,
6515,1788897330,1577353269,1577535446,
25489,1788897418,9353440,0,
3926,1788897785,1577542355,1577400034,
24193,1788898703,9869866,1577397494,
22103,1788898712,1577509315,0,
7212,1788899095,1577516685,0,
17622,1788899176,1577544193,0,
1378,1788899281,1577247043,1577538578,
21750,1788899443,8979093,0,
1766,1788899641,8621050,1577104559,
20375,1788899773,1458607,1149311,
15756,1788900341,9120425,1756306,
4183,1788901023,1577526619,1577432896,
7776,1788901056,1577425804,10197239,
21833,1788901604,1577537512,0,
13003,1788901738,1577232018,0,
11919,1788901790,1577512641,1577532218,
14569,1788902138,1577543875,0,
14846,1788902457,9971170,1577539902,
9171,1788902523,1577394158,0,
7456,1788902546,1577536799,1577542330,
8176,1788903296,1576006509,0,
18269,1788903417,1576990588,0,
2236,1788904433,1577518265,0,
16509,1788904473,1577542080,9420921,
13610,1788904491,1577518818,1577508886,
5981,1788904654,1577375163,1577373047,
14635,1788904684,10208186,0,
13474,1788904743,1577514864,0,
13849,1788904803,7909153,0,
10644,1788904840,1577507199,0,
7027,1788904848,1577301029,1577539578,
9701,1788905012,1577321823,0,
12089,1788905036,1577192256,1577543042,
17292,1788905232,1577408647,9915885,
4015,1788906327,8658019,1577417670,
795,1788906863,1577240807,0,
19878,1788907058,1577344654,1577513667,
4273,1788907105,1577537362,1577433310,
12851,1788907502,1577279310,0,
11675,1788908083,2288408,0,
19280,1788908392,1577428918,0,
13897,1788908584,9442447,0,
14909,1788910556,1577136351,0,
3081,1788911958,1577534340,0,
20091,1788912023,1577455870,1577544409,
26303,1788912564,1577405997,0,
17486,1788912803,1577544193,0,
11324,1788912879,3094599,1577516029,
8458,1788913238,1577514194,1577539403,
12851,1788913250,1577178460,1577279310,
5981,1788913441,1577373047,1577375163,
5590,1788913623,1577543449,0,
11833,1788914135,1577430890,1577444829,
4877,1788916013,1577392316,0,
25044,1788916538,1577405997,0,
25664,1788917390,9523859,0,
17892,1788918041,1576813435,0,
1556,1788918188,1577354984,1577542676,
16683,1788918425,10164353,1577498497,
19180,1788918845,1577462749,0,
12206,1788919009,1577337039,0,
8410,1788919934,1576440292,1577539365,
14310,1788920486,1576862060,0,
7152,1788921261,1577465504,1577540278,
11037,1788921575,1577507199,0,
7230,1788922213,1577530371,1577540380,
1013,1788925553,1577535670,0,
9948,1788925769,258773,0,
10192,1788927553,1577382054,1576984137,
27957,1788929090,1144521,0,
12246,1788929327,1577274339,1577543108,
21002,1788929592,397337,0,
22587,1788929839,1577349437,0,
12933,1788930306,1577498626,0,
9465,1788930596,1577543420,0,
4652,1788931304,1576347194,1577495571,
6261,1788932150,10047033,0,
3839,1788932403,1329319,0,
25755,1788932908,1144521,0,
11652,1788933434,618448,1577319184,
6615,1788933600,8246098,1577535850,
22681,1788933600,1577533943,1577271701,
504,1788933602,1576670683,8502039,
12724,1788933631,813539,300370,
13807,1788933707,9968798,1577352870,
21995,1788933918,3118288,0,
685,1788934307,1577527676,194641,
23294,1788934507,2335309,1577544914,
20331,1788934665,1577374960,1577530607,
13169,1788935241,1576366062,0,
22086,1788935491,1577349437,0,
27133,1788936294,1577405997,0,
2631,1788936575,9806406,9904651,
3642,1788936979,1577307044,0,
3097,1788937175,1576068723,0,
13119,1788937883,1577507188,1576856673,
18224,1788938802,1577544419,1577360773,
3290,1788938912,1577536686,1577162139,
11084,1788939202,1577507199,0,
4613,1788939666,1577537931,1577491327,
14775,1788939908,1577494283,1577351097,
20996,1788940359,1577431073,0,
6950,1788940389,1576900092,1577538746,
15676,1788940589,1577522047,0,
2299,1788940757,1577484847,8194909,
7234,1788940809,1577349938,0,
17429,1788941085,1577360773,1577542964,
1733,1788941108,1576756867,1577539131,
11927,1788941354,1576596873,1577004926,
16107,1788941499,8963712,0,
25004,1788941773,1577405997,0,
18812,1788941980,1576449100,0,
7468,1788942200,1576659949,1577542384,
11988,1788942253,1577529876,0,
17163,1788942878,1576130859,1577440816,
1393,1788942911,1577452508,0,
6145,1788943851,1577489572,0,
15386,1788944432,1577450028,0,
5985,1788944534,1577432431,0,
9366,1788945015,1476550,1577000617,
18290,1788946195,10010714,0,
5394,1788946228,1577543745,0,
6824,1788946635,10118752,1577537248,
19991,1788947035,1576787615,8774668,
1551,1788947097,1577504050,1577349725,
12452,1788947098,1577460921,0,
2185,1788947490,1576068723,3348969,
18818,1788947574,9979507,1576425580,
18636,1788947939,1577539207,1577540903,
8490,1788947983,8304302,0,
2697,1788948036,1575943186,0,
13274,1788948752,1577515767,0,
4810,1788948859,1577544022,1577507118,
2973,1788949160,1577406964,1576694135,
10062,1788949361,1577465086,0,
14274,1788949487,1577424267,0,
16672,1788949589,1577485331,9521725,
15928,1788949652,1577391941,0,
26848,1788949891,1144521,0,
24113,1788950461,9869866,9353440,
24113,1788950461,1577397494,9869866,
19903,1788950971,1577397857,0,
16239,1788951288,1577543989,1577544089,
6483,1788951531,1577529138,1577535392,
4413,1788951917,1577532848,0,
10161,1788951985,1576973896,1577384184,
26912,1788952202,1144521,0,
19056,1788953453,1577431811,1577543216,
1429,1788953746,1577499631,0,
1429,1788953757,1577499631,1577499631,
23963,1788954721,9523859,0,
13060,1788955140,704848,0,
16699,1788955158,1577312411,1576380128,
5536,1788955177,1577204506,0,
1685,1788956023,1577411853,1577529901,
18434,1788956227,1577498428,0,
3896,1788956484,1577521841,1577394742,
3789,1788956642,1577327643,1577034674,
3789,1788956642,1577327643,1577327643,
8189,1788957302,9864904,1577301232,
6667,1788957388,1577178702,1577535877,
20952,1788957671,8979093,0,
3557,1788958050,1577301029,1577306008,
6670,1788958068,1577504878,1577535879,
7040,1788958222,8247369,1577539626,
11187,1788958788,7715742,0,
10222,1788958992,1577536290,0,
5194,1788959810,1576779551,1577514769,
214,1788960294,1577536686,10138043,
5680,1788960511,1577436002,0,
1147,1788960514,1577544203,1577536800,
19629,1788960593,1577187836,0,
10388,1788961208,1577524675,0,
10768,1788961219,1576270672,1577542229,
24618,1788962058,1577433791,322376,
7192,1788962221,1577514194,1577540332,
16986,1788962689,1577490480,0,
6638,1788963305,8609191,1577535861,
6590,1788963331,8609191,1577535840,
23241,1788963459,1577544971,1576096956,
23040,1788963479,1577544971,1576096956,
8453,1788964006,1576716190,0,
23150,1788964170,1576605277,0,
3921,1788965099,7936026,1577399852,
2586,1788965455,1577503937,0,
7063,1788965561,1577247043,0,
20278,1788966160,1577505385,0,
22703,1788966311,1577393502,1577544746,
3199,1788966368,8161459,1577096875,
5540,1788966503,2261699,0,
9891,1788967105,1577507008,1576934650,
22060,1788967638,8979093,0,
6883,1788967695,1577122126,1577537918,
9581,1788967935,1577179248,0,
2265,1788968435,1577515415,7970409,
7210,1788968798,1577279310,1577540348,
18942,1788968841,1577390946,0,
10252,1788969058,1577282858,1577444773,
4797,1788969064,1576756867,0,
11991,1788969317,1577399767,0,
13362,1788969375,1577332496,0,
23173,1788969384,1577533943,2335309,
9746,1788969697,1577465086,0,
27393,1788970060,9958324,0,
20724,1788970070,1577544419,0,
11135,1788970356,1577518710,0,
6637,1788970391,1577523776,0,
17988,1788970469,1576567337,0,
10066,1788971368,1577060944,0,
23173,1788971501,9752057,1577533943,
6603,1788971917,1577306410,0,
22791,1788971988,1577545164,0,
27473,1788972292,1144521,0,
13081,1788972958,1577528385,0,
6573,1788973027,1577542085,1577535825,
14416,1788973357,1577515376,0,
15642,1788973620,366473,1576336082,
1193,1788973847,1577522967,1577084876,
15791,1788973994,3323662,0,
15791,1788973994,3323662,3323662,
25194,1788974001,1577512976,0,
8403,1788974089,1577416552,1577536155,
2492,1788974395,1577399535,9280036,
2249,1788975209,1576839110,0,
9667,1788975316,477421,0,
10861,1788975524,1577530583,1577212960,
21224,1788975631,1576605277,0,
19354,1788975666,1577169492,7764645,
1477,1788975941,7707042,0,
4602,1788975997,1575964447,1577491168,
4809,1788976050,1575927745,0,
4257,1788976102,1130518,0,
2099,1788976132,1577541439,2598281,
5495,1788976298,1577397456,1577528272,
11275,1788976340,1577500093,0,
7444,1788976367,1577107114,1577542309,
8938,1788976689,1577405165,0,
12192,1788976786,1577512641,0,
22966,1788976807,1577161206,1577544881,
4833,1788976871,1577544022,1577507139,
2540,1788977050,1577542025,9511218,
16075,1788977174,1577444440,0,
9801,1788977783,1577533990,0,
10010,1788977791,1577533990,0,
6744,1788977915,10228790,1576588036,
2595,1788977972,7936026,0,
23914,1788978141,1577544971,0,
15997,1788978528,1577530371,0,
1441,1788978604,1974764,8554566,
23424,1788978895,1576976099,0,
10637,1788978928,1576664222,0,
8429,1788979605,1577510430,0,
7552,1788979925,1577542546,1577542847,
11897,1788979930,1576173553,0,
9260,1788980224,1577178460,0,
9717,1788980461,1577373312,1577540329,
1782,1788980485,1577383380,0,
6521,1788980527,1577543435,0,
9839,1788980983,7734781,1577508972,
15716,1788981016,1577360773,1577494452,
3036,1788981311,1577327643,1577034674,
7089,1788981445,1577531158,0,
20030,1788981694,1577496865,1577537047,
24168,1788981939,1576976099,0,
4715,1788982390,801831,1577500335,
7605,1788982578,1577538003,0,
21828,1788982782,1576312757,0,
21828,1788982782,1576312757,1576312757,
13710,1788982838,2355753,1577309487,
13752,1788982887,1577103522,10235247,
21298,1788983116,7917499,1577175042,
3170,1788983126,1577542055,1577056538,
7064,1788983332,1577327517,1577539680,
17431,1788983547,1577408647,9845695,
12238,1788983558,8363828,2822683,
16912,1788983769,1577542085,1577006245,
23670,1788984000,1577040263,1577544971,
17382,1788984292,1577544193,0,
19172,1788984472,1577374650,1577047091,
17410,1788984883,1577103914,0,
12315,1788984963,8658019,1577204896,
5822,1788985824,1577535454,1577533965,
20304,1788985922,10017115,1577544435,
18770,1788985943,1577431811,8396350,
10907,1788986031,1577521841,0,
1639,1788986252,1577504050,1577195099,
879,1788986389,1576525456,0,
4782,1788986474,10007100,1577507075,
5869,1788987283,8111844,0,
23271,1788987469,1577524352,0,
3303,1788987599,1575943186,1577172497,
13758,1788987787,119382,8572095,
12281,1788987827,1577383865,0,
16005,1788988058,8609191,0,
15219,1788988096,1577537029,1577536179,
2450,1788988116,1576836244,0,
8405,1788988497,10115869,1577539373,
5701,1788988547,1577279914,1577532918,
12325,1788988660,1577416318,3237093,
23000,1788988730,8593889,0,
16185,1788989252,2843385,0,
14341,1788989368,7909153,0,
17796,1788989381,10010714,0,
26830,1788989701,1144521,0,
5798,1788990333,1577519745,1577533436,
17110,1788990350,1102804,0,
5637,1788990570,1577239282,1577532555,
341,1788990728,8832891,0,
6870,1788991871,1576985771,1577537742,
8454,1788992151,1576752649,1577539408,
26377,1788992274,2217626,0,
15823,1788993296,1577073064,0,
13121,1788993421,9523129,9531649,
21388,1788993864,1577365184,0,
10158,1788993957,1577425804,1577317899,
9208,1788993995,10257779,1577511006,
11577,1788994540,1575952891,1577458509,
12722,1788995707,9285938,1577422576,
11857,1788996139,2314840,0,
4054,1788996379,1577446402,1577418770,
11526,1788997632,2815069,1577458503,
7120,1788998095,1577282858,0,
25984,1788999194,1577527129,0,
6685,1788999853,1576699803,1577535888,
14049,1789000260,1577501389,0,
6669,1789000288,1577394602,0,
26492,1789001007,9968576,0,
15430,1789001497,1577383865,1577034672,
1227,1789001592,2880548,0,
13890,1789001672,1577507188,0,
20648,1789002728,1577544702,1576248074,
23184,1789004521,3118288,0,
3930,1789004635,1577357407,0,
21713,1789005648,1577136351,0,
26674,1789006425,8832677,0,
13507,1789008153,1576824164,8502900,
14955,1789008795,1577465504,0,
15010,1789009641,8609191,0,
19368,1789009893,1577444303,0,
15664,1789010265,9834413,0,
21496,1789010736,8942925,0,
12311,1789011428,8864491,1577543473,
18462,1789011938,1577444303,0,
2791,1789012673,1577406964,1576130575,
2394,1789014186,9471881,8726438,
12088,1789014600,1576822556,0,
14042,1789014812,1577514864,0,
11738,1789015925,1577072710,0,
18086,1789016085,8963712,0,
26711,1789016092,1144521,0,
27644,1789016247,1144521,0,
1714,1789016401,8516154,1577391955,
28008,1789017678,1575965709,0,
22450,1789017752,1576312757,0,
25932,1789017940,9031418,0,
18690,1789018215,10187026,0,
20411,1789018517,1576303850,0,
23344,1789018947,1575961017,0,
20860,1789019440,1577539140,0,
13549,1789019820,2100127,0,
3914,1789020000,1102568,1577397456,
13588,1789020000,1575952891,1577401874,
16181,1789020001,9920231,1576567337,
18021,1789020007,1577543403,1577383079,
8363,1789020010,813539,1577534495,
24116,1789020030,1577010036,1577487574,
18662,1789020057,1576568862,0,
17184,1789020104,1576449100,1577381872,
7495,1789020394,1577388261,1577542565,
6647,1789020695,1576959764,1577535867,
21579,1789021000,1577393502,1577528485,
15839,1789021200,1577526543,2277168,
1592,1789021751,9789555,1577400743,
2603,1789021759,1576365152,9813857,
3406,1789021919,1577539590,0,
16599,1789022545,1576997632,0,
14300,1789022947,1577498626,0,
4997,1789023113,1577139117,0,
15473,1789023240,1577073064,0,
12366,1789023283,1577538934,1430117,
4361,1789023360,8832891,0,
11427,1789023687,1577465086,0,
21104,1789024112,1577464497,0,
23975,1789024745,1577492206,1577194494,
8324,1789024840,1577181077,0,
12991,1789024860,1577060442,0,
1301,1789024886,8307895,1577520560,
14547,1789025031,1576608156,0,
11524,1789025205,1577430890,1577444487,
13206,1789025377,1577405169,0,
9671,1789025629,1577543523,0,
13356,1789025774,1577538083,1577131789,
15430,1789025820,9120425,1577383865,
17721,1789025966,1577544104,0,
11748,1789025970,1577512641,0,
12131,1789026215,1577542789,1577543063,
7631,1789026728,1577526811,1577486805,
2707,1789027528,1577537917,0,
167,1789028299,1577527103,0,
289,1789028520,1577114057,0,
22419,1789028665,1576559031,0,
20699,1789028873,1577444303,0,
7105,1789029281,8954846,0,
2020,1789029680,1577523449,1928966,
12646,1789029778,1577460921,0,
18146,1789029922,7917499,0,
16696,1789029997,8213975,0,
8351,1789030763,10092563,1577534386,
14552,1789032044,1576984375,0,
15142,1789032394,3467579,0,
2042,1789032492,2086313,2108124,
24885,1789032684,1577545283,0,
13790,1789033496,1577397959,1577508929,
12151,1789033619,1577295965,1577543067,
7801,1789034441,2069613,0,
3397,1789034483,1577485331,1577239282,
10310,1789034825,1576823565,0,
6462,1789034906,1577504878,1577535381,
11520,1789035015,1577518710,1577444493,
5273,1789035460,1577491153,0,
16177,1789035460,8971236,0,
1192,1789036042,1577349938,0,
7182,1789036621,1577464188,1577540320,
5501,1789036724,1577384735,1577528519,
191,1789036870,1577509515,0,
9669,1789036940,1576769492,0,
7842,1789037005,1577327643,1577034674,
12770,1789037304,1576669855,0,
4227,1789037850,1577000757,1577433123,
4227,1789037851,1577000757,1577000757,
15587,1789038092,1577344654,0,
2654,1789038148,1576130859,9988813,
5599,1789038162,9967293,1577532161,
13609,1789038565,171619,0,
28025,1789038680,1577545283,0,
13507,1789038802,2254926,1576824164,
21021,1789038959,1576391853,1577541042,
7926,1789039107,1577181321,0,
21566,1789039327,1577464497,0,
21507,1789039347,1577544702,9687382,
9562,1789039627,1576956198,0,
14005,1789039635,1577244359,0,
6878,1789040009,1577530682,0,
12254,1789040063,1577543403,1576727948,
5261,1789040188,1576839110,0,
20860,1789040843,1576691820,1577539140,
20860,1789040843,1576691820,1576691820,
26720,1789041176,1144521,0,
24376,1789041205,1577409283,1577246931,
10157,1789041250,8536543,0,
27322,1789041399,1577232503,0,
11096,1789041622,8635569,1577422478,
6579,1789042159,1577542546,1577535828,
6713,1789042262,1216362,1577535900,
12592,1789042281,1576487399,0,
4508,1789042427,10118752,1577465548,
22020,1789042653,1576369173,0,
3935,1789043323,10118874,0,
22527,1789043407,1577544583,0,
8093,1789043431,1577415816,0,
11580,1789043759,1577229730,1577438166,
20275,1789044082,1577545582,0,
20275,1789044084,1577545582,1577545582,
9009,1789044134,1577350677,0,
12256,1789044153,2815069,0,
13718,1789044201,2100127,0,
6967,1789044208,1577536815,1577538933,
17602,1789044566,1577312411,0,
8432,1789045167,1576959764,1577539389,
20860,1789045370,1577539140,1576691820,
4476,1789045660,8111844,0,
2195,1789046371,1577527465,0,
8597,1789046374,1577543512,1577542962,
16212,1789046566,1577417226,0,
7215,1789046769,1577372786,1577540351,
4467,1789047180,1577301029,0,
6232,1789047248,1577535670,0,
26664,1789047581,9031418,0,
1366,1789047850,1577542308,0,
13320,1789048277,1577429914,0,
2060,1789048317,1577510683,0,
1661,1789048875,1577544203,1577516685,
23094,1789048884,1577544614,1577544896,
20345,1789048896,1577464497,0,
2086,1789048940,1576356553,0,
24381,1789049010,1576940959,663711,
4190,1789049341,10071988,1577432958,
6545,1789049748,1577515415,0,
14814,1789050224,1577544030,0,
23543,1789050229,383773,0,
6734,1789051021,1577124977,1577535912,
5614,1789051512,8658019,0,
20856,1789051720,1576608732,1577544522,
1971,1789051993,1577301029,1503996,
15526,1789052228,1577391941,0,
4395,1789052400,9275232,1577449052,
15769,1789053137,1577393697,2216242,
2304,1789053187,1577524608,0,
3101,1789053223,1102568,1576959484,
11085,1789053491,1577449949,1410479,
20044,1789053537,9800838,0,
24460,1789053781,8979093,0,
14317,1789053810,1577543898,0,
819,1789053985,1677602,7617925,
1190,1789054243,8307895,0,
14581,1789054268,8013865,0,
6533,1789054357,1577544203,0,
18806,1789054414,1577187836,0,
1742,1789054469,1577518265,1577541140,
25381,1789054497,1577545283,0,
19608,1789055018,1577360773,1577354511,
13163,1789055910,171619,0,
34,1789056048,1113238,0,
101,1789056505,1577142359,0,
1499,1789056673,1577543128,0,
21452,1789056808,9968576,0,
8130,1789056980,1577349938,0,
6644,1789057222,1577512528,1577535865,
2369,1789057290,1577399535,8504229,
10318,1789057529,1577421183,1577443078,
14615,1789057635,1577544093,1577459393,
27372,1789057826,1144521,0,
2226,1789058165,1577282858,7754141,
12692,1789058256,1125583,1577527725,
13554,1789058356,9621806,1577358124,
3889,1789058428,2349646,1577393819,
25374,1789058557,1577010036,0,
19304,1789058601,397337,0,
8193,1789059485,1576130910,0,
24768,1789059986,1577545283,0,
4632,1789060315,1576908434,1577493584,
1833,1789060351,1577525383,343092,
2399,1789060694,1575943186,0,
17195,1789060753,1577496615,0,
680,1789061020,1576839110,0,
680,1789061021,1576839110,1576839110,
680,1789061021,1576839110,1576839110,
19402,1789061213,1577390985,0,
14581,1789061932,9162755,8013865,
3616,1789062077,9277021,1577336312,
18180,1789062272,1265792,0,
17902,1789062326,1577136351,1102804,
3427,1789062528,1576696487,1577250846,
13556,1789062818,7704883,1653143,
10089,1789063280,1577465086,0,
3427,1789063561,1576696487,1576696487,
17937,1789063572,1577490916,0,
680,1789063633,473648,1576839110,
8344,1789063692,1577374650,1577533390,
13295,1789063940,1576514735,0,
20970,1789064577,9099524,1577078317,
26795,1789065147,9031418,0,
18321,1789065246,1577440363,0,
1636,1789065701,1577504050,1577493640,
23819,1789065826,1576794370,0,
15310,1789065905,1577353269,8288900,
811,1789066029,1493164,1577390389,
8495,1789066643,1461885,0,
3496,1789066673,1577542308,0,
25278,1789066964,1577171897,0,
24718,1789067079,1577378572,0,
5644,1789067169,1575952891,1577532753,
5710,1789067201,10057023,1577532924,
2945,1789067996,1577499631,1576620778,
4965,1789068217,1577489865,0,
7188,1789068242,1576699803,1577540322,
4376,1789068266,1577539555,1577445723,
7097,1789068289,1577247164,1577539698,
12587,1789068650,1577342001,1577427188,
24504,1789068749,1577518171,0,
14768,1789069391,1577279914,2862059,
24329,1789069515,1577171897,0,
27990,1789069553,1577545668,0,
6454,1789069954,1576959764,1577535215,
12366,1789070010,1576068723,1577538934,
23331,1789070400,1577516880,1577544971,
23331,1789070402,1577040263,1577516880,
14038,1789070484,1577507188,0,
6626,1789070855,1577515991,1577535854,
6702,1789070857,1577128585,0,
11410,1789070967,8169554,7688782,
18003,1789071089,8963712,0,
24976,1789071398,1577171897,0,
8495,1789071406,8816522,1461885,
2224,1789071648,9839014,7719928,
20286,1789071889,1577340462,1577114174,
8447,1789072414,1577069213,1577539407,
13084,1789072619,1577465504,0,
13084,1789072619,1577465504,1577465504,
17296,1789073260,9834413,0,
358,1789073402,1577124090,1577541748,
13201,1789074526,3259870,0,
5800,1789075561,1577545405,0,
1487,1789075676,1575995793,1576687551,
17747,1789076935,1577541738,0,
21253,1789077241,1576391853,1577484788,
7389,1789077320,1577268661,1577542176,
18421,1789077904,1577307219,0,
19318,1789078041,1577464497,0,
12721,1789078183,1577515767,0,
1502,1789078340,9801163,0,
361,1789078399,1577378174,1577542676,
17792,1789079238,3323662,0,
10833,1789079383,1577313442,0,
16753,1789080108,1577544193,0,
16538,1789080578,1576813435,0,
2849,1789080878,1577542909,1577542676,
19969,1789081526,1577378576,0,
6503,1789082396,8942925,1577535423,
2064,1789083220,1577538281,2278483,
4571,1789083463,801831,0,
15683,1789083571,1576752649,2168430,
20422,1789084309,1577544569,1576774930,
8655,1789084436,1577495490,10084598,
122,1789084552,1577521254,1577414380,
12639,1789085339,1577229730,1577027971,
29279,1789088728,1577232503,0,
8332,1789089669,2950142,369646,
10878,1789092301,1577124977,1577423742,
23755,1789093385,1577393502,1577544985,
23755,1789093385,1577393502,1577393502,
23398,1789093429,1577279869,0,
8438,1789093673,1577231729,1577539392,
12699,1789094587,1576691820,0,
4111,1789096437,10287096,0,
18113,1789097162,2217626,0,
18341,1789097980,1577268653,0,
1811,1789098375,1577432049,0,
12702,1789099921,10203582,1577527728,
21796,1789100040,669723,1577420114,
9118,1789100457,1577394158,0,
2377,1789100555,1577501338,8524758,
3257,1789101271,1577486566,0,
12235,1789101548,1577073064,0,
12235,1789102884,1577533697,1577073064,
3865,1789103126,1577499631,0,
19093,1789104568,1577505385,0,
20198,1789104735,1577545582,0,
18246,1789105566,1577397857,0,
9682,1789105661,1576769492,0,
11134,1789105666,1577394820,0,
12057,1789106273,1577539358,0,
13271,1789106400,1577538578,1577503937,
23076,1789106401,1577292595,1577455538,
13271,1789106402,1577490989,1577538578,
16592,1789106812,3056942,0,
13188,1789107426,2314840,10040927,
16016,1789107596,9946437,0,
11995,1789108554,1577543605,1577542759,
24275,1789109296,1577489354,0,
4464,1789109551,1577543506,0,
11426,1789109631,1577534253,9066175,
15694,1789110602,946904,0,
15765,1789110672,1577241033,1664238,
10361,1789110748,1576095344,1577543164,
28084,1789110950,1577545217,0,
8375,1789111060,1577426349,1577505356,
8342,1789111196,10213364,0,
13436,1789111409,9073284,1577399623,
2864,1789111705,1577107114,0,
11910,1789112154,1577158244,0,
696,1789112238,1577495104,1577538120,
10619,1789112561,1577537931,1577426624,
1014,1789112750,1576533606,1577417685,
17161,1789113026,1577189339,1577458313,
18649,1789113325,10140478,1575945264,
1779,1789114383,1577544065,0,
4229,1789114515,1518944,1577433125,
25647,1789114748,1577304358,0,
4155,1789114827,1577433896,0,
10856,1789115028,9621806,0,
23657,1789115671,1577423646,1577161206,
9449,1789115895,1106388,0,
14817,1789115929,1577382054,0,
17427,1789116126,1577346141,0,
12631,1789116255,9555475,1577510792,
15196,1789116361,1577485331,2677727,
10474,1789116513,1577252455,1577537570,
6492,1789116604,1577504878,1577535399,
14612,1789116671,2241644,0,
26863,1789117122,1577232503,0,
18377,1789117204,1577431811,1577544246,
15000,1789118154,9768644,715955,
11383,1789120384,1577455662,0,
1615,1789120807,1577114057,0,
2558,1789120817,1577543212,0,
5364,1789121546,1576703850,0,
9721,1789122281,1576716190,0,
12039,1789122709,9752551,1577542772,
7941,1789123584,1577520900,0,
25986,1789123623,1144521,0,
18296,1789123813,8832677,0,
23372,1789123855,1577273211,0,
3252,1789123893,1375412,1577133059,
11458,1789124063,1577512641,0,
23501,1789124220,1577529656,1577544965,
17056,1789124232,1577383865,1577527530,
21133,1789124342,1576025187,0,
15644,1789124746,1577060442,0,
13340,1789125223,1576987613,0,
7954,1789125284,1577521841,1576890825,
11394,1789125441,1333459,0,
23541,1789125999,1576312757,1577517180,
6452,1789126645,8658019,1577535214,
15369,1789127147,1577403666,0,
27388,1789127197,9175201,0,
13024,1789127357,2355753,1577534254,
976,1789127741,1577489059,0,
5205,1789127888,1576716190,1577515415,
534,1789128448,1577527930,1577484370,
3684,1789128760,1577536510,0,
6113,1789128836,1577487732,0,
8720,1789128890,1577405165,0,
8201,1789129076,2950142,0,
5516,1789129489,1577301029,0,
6539,1789129510,8942925,1577535531,
18133,1789129689,1577373312,1577513527,
13696,1789129738,3077939,1576444986,
19007,1789129743,531673,580871,
7744,1789129753,9801163,0,
6474,1789130134,8246098,1577535387,
1372,1789130387,1576068723,1577538934,
1372,1789130387,1576068723,1576068723,
7459,1789130506,1577381110,0,
24567,1789131098,1577374960,1577452447,
18492,1789131996,1577397857,0,
3628,1789132153,10157673,0,
8452,1789132409,1576298928,1577520991,
21677,1789132682,1577544898,8762448,
5110,1789133529,1577542055,1577509861,
14622,1789133833,1576608156,0,
1432,1789133931,1577390344,0,
6628,1789133962,9120425,1577535855,
13221,1789133979,1577073064,0,
10917,1789134170,1577327643,1577034674,
14296,1789134601,1577028879,0,
15225,1789135400,1577393697,1577452284,
6443,1789135836,10092563,1577535211,
13402,1789136361,1576669855,0,
13843,1789136389,1577465504,0,
7569,1789136678,8812458,0,
2914,1789136778,1576068723,1577538934,
13495,1789136965,1576440292,0,
16747,1789137007,1577519674,0,
12811,1789137094,9808270,687990,
21588,1789137151,10017115,0,
24286,1789137434,1102804,0,
9010,1789138034,1461885,1577510928,
6837,1789138199,1577543435,0,
12638,1789138319,1576862060,0,
24825,1789138508,9958324,1577257223,
24825,1789138513,9958324,9958324,
5632,1789138586,1577498189,0,
15940,1789138803,7917499,1576855663,
27199,1789138918,1577232503,0,
3474,1789139779,8308415,0,
7887,1789140426,9801163,0,
19969,1789140458,1577498081,1577378576,
5207,1789140750,1577415275,0,
3757,1789140809,1577543449,0,
3138,1789140857,1577527930,1577484370,
225,1789141280,1576900092,3259870,
6536,1789141327,1216362,1577535529,
16389,1789141446,1577360773,0,
17497,1789142149,1577532654,0,
2713,1789142423,1577501338,0,
12310,1789143018,1577432960,0,
7968,1789143235,1576006509,0,
762,1789143269,9801163,0,
13577,1789143388,9968798,2542603,
3938,1789143399,1576839110,0,
10139,1789143402,1577493796,0,
28258,1789143751,1577508929,0,
10007,1789143820,2607380,1577438504,
2624,1789143941,1577537933,9888571,
682,1789143968,1577542298,1576651635,
15561,1789143988,8213975,0,
23511,1789144168,1577518171,0,
11070,1789144512,1577513584,1577510325,
17376,1789144589,1576598150,3056942,
9659,1789144842,1576826979,1577542031,
24598,1789145023,1577545283,0,
4319,1789145219,3116062,1577436996,
27832,1789145318,1576655476,0,
12160,1789145356,1577073064,0,
2599,1789145474,1577123936,0,
16883,1789145691,1577522946,1577544139,
18360,1789145739,1577521913,1577537981,
21468,1789145902,1577544464,0,
14313,1789146212,2682450,798,
10606,1789146483,1577050969,0,
11225,1789146877,3094599,0,
3139,1789147068,9359584,1577014421,
10049,1789147224,8536543,0,
12587,1789147360,1575995793,1577342001,
11864,1789147552,1577070679,1577529314,
22851,1789147573,1577524352,1577516454,
9166,1789147622,1577355546,0,
7945,1789147813,7726094,0,
5389,1789148306,1577523449,1577522967,
26683,1789148329,1577545217,0,
19277,1789148589,1577543015,0,
3665,1789148947,1577342313,1577351433,
242,1789149234,9492470,1577344191,
13471,1789149500,1576304811,0,
5898,1789149876,1577399535,0,
1873,1789150358,9768644,715955,
4806,1789150728,1576425365,0,
12852,1789150860,1576716190,1577342001,
4499,1789150967,1577543902,0,
19624,1789151144,2613067,0,
9944,1789151253,1577425938,0,
24842,1789151414,1577544569,1576982665,
21426,1789151747,1577518171,1577489217,
9783,1789151759,1577395538,0,
14976,1789152021,1577403666,0,
5000,1789152620,1577499447,0,
1694,1789152911,1577289243,1577261657,
11847,1789153621,1577430890,1577445135,
11759,1789153730,1577500093,0,
3304,1789153795,1577542700,0,
6476,1789154126,1577491008,1577535389,
1794,1789154610,1577537844,0,
6257,1789154776,1577393772,1577534918,
23197,1789155453,1577509315,2642692,
12807,1789155803,1577433791,0,
13291,1789155989,1576440292,0,
11539,1789156014,1577542431,0,
25508,1789156080,1576850414,0,
6154,1789156273,1577499715,0,
14934,1789156275,1576279686,1577209345,
13281,1789156968,1577388732,1577528820,
8422,1789157052,3469106,1577539383,
10946,1789157203,608497,1577524298,
21792,1789157305,1577268653,0,
15055,1789157533,8142713,0,
8969,1789157955,9285938,1577422193,
17121,1789158072,8832677,0,
2607,1789158085,10047033,0,
28461,1789158179,1577545668,0,
7882,1789158241,1577278242,1577539611,
15352,1789159013,1577537954,0,
8288,1789159581,1577494293,1577418992,
12679,1789159645,3077939,1577527723,
10483,1789160054,1650986,1577498780,
12805,1789160089,7805918,1941704,
17441,1789160144,946904,0,
19905,1789160172,1577545582,0,
3357,1789160280,1577170060,1577206729,
21540,1789160281,1577545582,1577542544,
13809,1789160388,1577514864,0,
25075,1789160542,9523859,1577207138,
15387,1789160761,792488,0,
17945,1789161299,1577498081,1577397919,
13598,1789161564,1577348621,1577028879,
667,1789161655,1577385537,0,
25697,1789161893,9864953,0,
15516,1789161927,1577354984,1577544012,
15171,1789161947,1577507188,0,
16523,1789162128,1576835232,0,
18589,1789162218,1577544675,1725309,
20424,1789162251,1577533943,0,
7688,1789162523,9983815,9590681,
17566,1789162578,1576568862,0,
7364,1789162859,1577356305,1577542077,
13059,1789163021,1577526543,0,
8219,1789163108,1576932602,1577236376,
17466,1789163250,1576402128,0,
2926,1789164211,1577528385,1576568857,
14054,1789164446,1577462648,1577543871,
7286,1789165169,1577114057,0,
15446,1789165320,1577388261,0,
15446,1789165320,1577388261,1577388261,
15446,1789165320,1577388261,1577388261,
12686,1789165754,171619,0,
14740,1789166956,1577526543,0,
10470,1789167194,1577378566,0,
17735,1789167238,1577214430,0,
11573,1789167756,1091740,1577458169,
28058,1789167800,1577542377,0,
1705,1789167907,1577282858,1575997572,
2730,1789169300,1577536815,0,
20853,1789169351,9869866,0,
15312,1789169643,10208186,0,
2144,1789169748,1577428843,0,
197,1789169914,1577523449,0,
1549,1789170415,1492377,0,
13997,1789170626,1576608156,0,
17896,1789171080,10039871,1577267235,
7728,1789171102,1575964447,0,
26145,1789171828,1577545319,0,
11495,1789173019,8635569,1577422478,
4586,1789173058,1577423741,0,
13779,1789173709,1576018908,0,
6446,1789174079,1577416552,1577535212,
12540,1789174095,9830022,0,
15207,1789174143,1577419521,1577106493,
15301,1789175156,1577181969,1577198915,
13854,1789175573,1577279310,0,
14181,1789175714,2363816,0,
9542,1789176024,10257779,0,
7359,1789177066,1577244712,0,
13533,1789177512,1575952891,1577401874,
16206,1789178181,1577136351,8837766,
13727,1789178749,1576752649,0,
17067,1789178794,1576990588,0,
18644,1789181467,1577384286,8856430,
11715,1789183725,1577192256,1577437946,
8256,1789183869,1577523637,1577543516,
4788,1789186226,1577365881,0,
5809,1789186563,1577247043,1577533520,
385,1789186818,1577441405,0,
7669,1789186897,1577529138,9442447,
5441,1789190316,1576756867,1577525256,
1700,1789190458,1577170060,0,
6381,1789190476,8416945,1577535168,
1152,1789190478,1577504050,0,
13039,1789191365,1577279310,0,
19536,1789191385,1295499,9130307,
8213,1789191769,971259,0,
28122,1789191832,1577274738,0,
2751,1789191929,9883742,1575950833,
3550,1789192536,1577086049,0,
1270,1789192801,8677916,1577485766,
19080,1789192801,1577513316,1577502320,
22741,1789192820,1577010036,1577544769,
8364,1789192827,1577542085,1577534609,
15622,1789192881,295281,1577544030,
19870,1789192893,1576449100,1576852716,
6591,1789192950,2880548,0,
2204,1789192970,8740198,3467579,
20400,1789193759,1577059736,0,
24140,1789193850,1577509315,0,
10797,1789194159,1576691820,0,
25867,1789194387,1577274738,0,
14941,1789194511,1577269517,1577496541,
6042,1789194561,1577531158,1577534631,
2781,1789194947,1577538578,1577538080,
5312,1789195173,1577327643,1577034674,
12797,1789195224,1577534253,1577530783,
8657,1789195539,9876086,0,
519,1789195565,1576839110,1577325138,
19039,1789195688,1577539140,0,
7400,1789195798,9559034,0,
18960,1789196187,1577374960,0,
11231,1789196448,1577542923,1577538389,
8346,1789196636,1576973896,0,
20007,1789196814,10017115,0,
8156,1789197256,1577538659,7690802,
5601,1789197460,1577423178,0,
18633,1789197727,1577397857,0,
23837,1789197737,1577545217,0,
5428,1789198672,1576696487,1577524255,
10789,1789199075,3094599,0,
11399,1789199139,1577538819,1577444963,
16402,1789199401,1577403666,0,
12615,1789200019,1577502812,0,
7980,1789200124,1555549,0,
13260,1789200406,1577527187,0,
8346,1789200625,9876086,1576973896,
10503,1789200831,9261979,1576654981,
2805,1789201805,1577538281,0,
12998,1789202282,1577417601,1577534648,
7923,1789202330,1577484886,0,
6310,1789203095,1577543902,1577535088,
5559,1789203108,106967,1577530897,
4814,1789203339,1577067968,1577507125,
22067,1789203552,1577516952,0,
20358,1789204484,10090482,0,
13797,1789204728,1576761052,0,
12126,1789205030,1577498626,0,
27325,1789205077,9175201,0,
7539,1789205419,1577432049,0,
15082,1789205529,1577127354,0,
11858,1789206148,1577537973,9258814,
18643,1789206237,1577051456,0,
27819,1789206299,1576976099,0,
6567,1789206666,1576431758,0,
17088,1789207093,1577383865,0,
691,1789207111,1577495104,1577517772,
6718,1789207121,1576959764,1577535903,
11575,1789207590,1577510735,1577438152,
3711,1789207943,1577452508,1577364467,
9570,1789208425,1577360773,1576761052,
11666,1789208551,1576670683,1577453289,
2548,1789209105,1577494514,9536436,
8360,1789209144,9971170,1577534684,
12273,1789209319,9808270,9374247,
16833,1789209582,1577490916,0,
17371,1789210119,1577539136,1577064270,
21906,1789210147,1577492206,0,
13299,1789210355,9839014,9830022,
14619,1789210435,2363816,0,
22160,1789211329,1577365184,1575925080,
18474,1789211771,3459464,0,
29765,1789211874,1577232503,0,
26206,1789212045,1576850414,0,
710,1789212262,681019,1668821,
28172,1789212446,1577545668,0,
984,1789212646,1577124090,0,
525,1789212957,1576839110,1577325138,
5150,1789213019,1577077787,1577512358,
26783,1789213135,1576039189,1577130926,
8612,1789213298,1576298928,1577520991,
25002,1789213655,1577512976,1577544644,
12245,1789214624,8658019,1577204896,
9208,1789214675,9642632,10257779,
3754,1789214726,1577306410,0,
12008,1789215381,1577360664,1577542765,
1041,1789215475,1577498200,0,
1714,1789215946,8161459,8516154,
20685,1789216034,3020287,1577540702,
21138,1789216478,1577528915,1577456906,
13453,1789216803,1838107,10080975,
6741,1789217364,1594795,1577535916,
6900,1789217497,1577399890,1577538113,
1714,1789217511,8516154,8161459,
14082,1789218049,1577388261,0,
12694,1789218237,1234644,1577527727,
17629,1789218990,1577417226,0,
6761,1789219050,624770,1577536275,
14009,1789219392,1577073064,0,
16144,1789219693,311848,0,
20802,1789219841,10017115,0,
877,1789219969,1577542139,0,
14258,1789220060,1989819,0,
2780,1789220447,9864164,0,
19519,1789221333,9979507,1577006755,
8967,1789221427,1577439119,1577534637,
18753,1789221470,1577431811,0,
8847,1789221642,9642632,0,
17772,1789222106,1577417226,0,
10248,1789222636,1577535454,1577463556,
20577,1789222990,1576794370,9153025,
4800,1789223135,1381625,1577507104,
16771,1789223834,1577241033,1576286508,
450,1789223885,7961799,1577507267,
18243,1789224196,1577533943,0,
11803,1789224382,1577376576,1576190061,
22142,1789224389,9920231,0,
5744,1789224756,9643314,1577532944,
6704,1789225090,1576783714,0,
19804,1789225505,9920231,1577427706,
1221,1789225578,1577540186,7639221,
1221,1789225579,1577540186,1577540186,
1221,1789225579,1577540186,1577540186,
1758,1789225877,1577408612,0,
1700,1789225988,1577247043,1577170060,
17814,1789226099,2217626,0,
8209,1789226135,1461885,1577365105,
2608,1789226262,2261699,9820716,
10112,1789226390,10152802,0,
481,1789226401,1577378174,0,
13463,1789226440,2100127,0,
17243,1789226556,8832677,0,
20974,1789226570,1577138067,0,
15283,1789226830,7704883,1577543993,
12428,1789227053,8658019,1577204896,
8417,1789227184,1577543403,1577539378,
20119,1789227819,1577520010,1577366286,
21272,1789227897,1577518171,0,
20355,1789228160,531673,0,
20082,1789228180,2807607,0,
7498,1789228295,787594,1577542633,
11451,1789229562,8996017,1577542939,
18723,1789229613,1576559031,0,
9307,1789229974,8816522,0,
23138,1789230108,1577544047,1577367272,
15595,1789230110,1576982986,9720364,
15595,1789230110,1576982986,1576982986,
7596,1789230160,7726094,0,
1463,1789230491,1577537940,0,
3905,1789230541,1577539555,0,
1152,1789230563,1577301029,1577504050,
21517,1789230601,1577397494,0,
6634,1789230665,8942925,8013865,
216,1789230856,1577489059,1577432888,
7584,1789231189,1577348462,1577543240,
4838,1789232001,1577542355,1577507144,
10960,1789232379,1577421183,0,
11704,1789232381,3094599,0,
21075,1789232506,1576605277,1577432169,
1380,1789232698,1577538578,1577538080,
11812,1789233268,1577510735,1577422860,
3804,1789233471,1577532841,0,
15595,1789233727,1577526593,1576982986,
8154,1789234211,1576298928,1577520991,
7725,1789234610,1577543305,1575969109,
16109,1789235324,311848,0,
3520,1789235731,1576068723,1577295752,
10680,1789236109,1577327643,1577034674,
14299,1789236403,1576903315,0,
14852,1789236581,1576789237,0,
25063,1789236600,1577111906,1575898845,
18139,1789237193,3382442,0,
10308,1789237218,8993660,0,
12654,1789237458,1577507008,0,
25303,1789237688,8593889,1577545189,
10460,1789238225,1577486614,1577540881,
6267,1789238788,2069613,0,
12219,1789238889,1577456515,1577543490,
13636,1789239299,1577518818,1577366328,
22870,1789239360,1577516880,333547,
14723,1789239740,1576440292,0,
15459,1789240444,1577285245,0,
13661,1789240489,9839014,1577456515,
2527,1789240785,10075493,0,
24995,1789240855,1577378572,0,
8047,1789240911,1577494293,0,
395,1789241049,1577545405,1577543030,
10485,1789241076,1577400689,0,
7880,1789241935,9983815,9926069,
3432,1789242043,1577542025,1577253967,
18333,1789242242,1577355633,0,
22054,1789242400,1577438578,1577530578,
19294,1789242619,1577544477,0,
26106,1789242769,9869866,0,
11320,1789243010,1576096938,0,
5776,1789243054,1577392662,0,
23185,1789243112,1577115923,1577544691,
24134,1789243274,1577273211,0,
2339,1789243389,1577401309,8328690,
11805,1789243517,9719422,0,
1267,1789243663,9779516,0,
26425,1789243710,9490221,0,
20225,1789243966,3459464,0,
11642,1789244061,2288408,0,
8652,1789244234,8828794,0,
3570,1789244401,1577534340,0,
2094,1789245084,1577538895,0,
19970,1789245531,8012511,1576291593,
8629,1789245566,1577486006,0,
830,1789245632,1577059736,1577491008,
15651,1789245833,8213975,0,
17503,1789246112,10164353,1641175,
2682,1789246203,1577399890,10075493,
2682,1789246203,1577399890,1577399890,
14174,1789246310,1577495104,1577540353,
23191,1789246790,1577423646,2833750,
5877,1789246828,1375412,1577133059,
9680,1789246925,8072994,0,
13709,1789247323,813539,0,
17974,1789247617,1577512098,0,
6108,1789247950,801831,0,
2765,1789248282,8677916,1576018908,
16126,1789248807,1102804,0,
4109,1789249667,10118752,1577425582,
23831,1789249755,1577464140,0,
19798,1789250063,1577520010,1577544390,
25132,1789250139,1577040263,1577045351,
29698,1789250314,1577508929,0,
19026,1789250424,1577153654,0,
20226,1789250926,1577539140,0,
24914,1789251038,1577537986,0,
28742,1789251199,1577503170,0,
23850,1789251445,1577092404,3385146,
29619,1789251506,8685599,0,
4007,1789251889,1492377,0,
12399,1789252054,1577498626,0,
26214,1789252626,1257571,0,
21769,1789252677,1577545582,0,
10188,1789252779,1577538635,0,
27217,1789252807,1577111906,1577304358,
766,1789254094,1577365881,0,
14161,1789254421,7909153,0,
26516,1789254458,1577545217,0,
6364,1789254639,1576985771,1577535160,
10662,1789254752,8169554,0,
21569,1789256446,1577518171,0,
5939,1789256642,8416945,1577534488,
13646,1789257069,1577348621,1051207,
18130,1789257170,1577524607,0,
16544,1789258020,1577522946,0,
5598,1789258134,1577537938,0,
23075,1789258189,1575965709,1577339706,
15242,1789258312,1577544193,1577543988,
19947,1789258562,1577513316,1577539656,
218,1789258924,1427530,1577432893,
2070,1789259113,1577423724,0,
3582,1789259120,1577286275,1577314886,
2497,1789259478,9789555,0,
23169,1789259758,1577498428,1577361493,
21029,1789259814,1577374960,0,
10750,1789259943,1576563053,0,
17867,1789259951,1576813435,0,
5024,1789259965,1576068723,0,
16472,1789259969,10187316,1577533607,
13570,1789260120,9645437,2254926,
7855,1789260851,3039070,515333,
4380,1789261374,1577278242,0,
18520,1789262133,1577307219,0,
23788,1789262580,1577444303,0,
7088,1789263697,1577543212,0,
3412,1789263986,1577181310,0,
3708,1789264002,1577536799,0,
11538,1789264506,9116012,0,
2076,1789265231,1577539431,0,
27911,1789265814,1577527129,0,
22219,1789266213,1576794370,1296862,
1842,1789267404,1577505624,1577538246,
1550,1789269025,1577332555,0,
16749,1789269146,1577511588,0,
10481,1789270100,8247237,1577358195,
9479,1789272840,1577345825,7698320,
3384,1789275725,9219282,0,
17348,1789275948,1577249935,0,
18312,1789276108,1577397857,0,
12765,1789276183,1577502195,0,
10600,1789276299,1576096938,0,
2171,1789276434,1577490462,3182831,
13665,1789277629,60462,0,
13572,1789278106,1934876,1577247011,
5939,1789278109,1974764,8416945,
12695,1789278250,1649481,0,
13840,1789278788,3019681,0,
12751,1789279084,1577433791,0,
10414,1789279201,1576670683,1577537338,
2981,1789279452,1577514194,1576699803,
24855,1789279516,1577274738,0,
14578,1789279558,1577383380,2254926,
23428,1789279598,1577545419,0,
21540,1789279615,1577545164,1577545582,
3350,1789279710,1576716190,1577203572,
3157,1789281123,1577528572,1577037525,
9990,1789281131,1577179248,0,
7549,1789281145,3469106,1577542846,
3504,1789281211,1113238,0,
23075,1789281270,9869866,1575965709,
11550,1789281391,8046112,1577523533,
8394,1789281884,1576959764,1577536160,
22719,1789282752,1577533943,1577496740,
2374,1789282851,2314840,8515756,
9824,1789283197,9277021,1291828,
576,1789283790,9839014,1577542789,
12533,1789284114,8363828,0,
19577,1789284548,10017115,0,
6743,1789285602,1577231003,0,
25548,1789285704,1576655476,0,
12025,1789286046,9285938,1577422453,
12211,1789286372,1577518034,0,
689,1789286523,1577543181,1577371448,
14266,1789287560,1577540871,1577325055,
17036,1789288018,1577312411,0,
9601,1789288037,1577533990,0,
6306,1789288450,1577066276,1577535085,
15216,1789288626,1577450028,0,
1764,1789288648,1577422997,1577543449,
1764,1789288648,1577422997,1577422997,
18469,1789289097,9875797,0,
16010,1789289246,1577312411,0,
261,1789289314,1576783714,0,
9244,1789289744,1576973896,0,
4558,1789290097,1577310167,0,
13096,1789290163,1577435805,1577462528,
14003,1789290203,1577515743,0,
13928,1789290299,1577319091,1577288708,
1488,1789290326,1211055,0,
1559,1789290387,1577504050,1577541048,
1559,1789290387,1577504050,1577504050,
7017,1789290412,1577484847,0,
23905,1789290427,1577115923,1577545005,
13075,1789290495,8658019,1577204896,
2816,1789290727,1577170060,1576266099,
8727,1789290932,1476550,9701623,
9797,1789291329,1577427791,0,
3794,1789291409,1577337039,1577371559,
12135,1789291868,1577518440,1577543069,
22814,1789292224,1577509315,0,
22126,1789292254,1576270672,8977264,
7652,1789292366,1577327643,0,
11122,1789292371,1577532601,0,
11364,1789292425,1577524728,0,
2512,1789292446,1577384735,9367330,
21115,1789292587,1577529656,8946319,
13555,1789292819,1577498626,0,
26798,1789292916,1577534684,0,
13516,1789293091,1577393712,9688966,
22633,1789293310,1577169492,1577261168,
16728,1789294044,9809725,0,
7184,1789294077,1577536449,1577540321,
181,1789294143,8449541,0,
15754,1789294236,8462835,0,
16781,1789294363,946904,0,
21045,1789295901,1577300851,1576626206,
1090,1789296067,1577330010,0,
4741,1789296109,1577542025,0,
12895,1789296528,1577372786,1576821262,
27129,1789296560,1041015,0,
19174,1789297724,1576897890,0,
6485,1789298439,1577504878,1577535395,
27059,1789298927,1577489354,1577489970,
19717,1789299125,9099524,0,
15057,1789299250,1216362,1576869325,
4846,1789299556,1577536510,0,
8821,1789299719,1577304505,0,
8886,1789300267,1577308049,0,
1200,1789300509,1577525383,1577132384,
17859,1789300913,1577483845,0,
21560,1789301120,1577460911,0,
3979,1789301268,1577499456,1577411853,
28388,1789301767,1577390655,0,
22241,1789301971,1577464497,1577353794,
20062,1789302229,1577544569,1577281337,
403,1789302321,1577523637,0,
7961,1789302671,1577332558,1577527523,
3114,1789302779,9135298,0,
13004,1789302949,1577543750,1577147822,
9349,1789303326,1577496178,1577380294,
6577,1789303405,1594795,1577535827,
15754,1789303681,1577515991,8462835,
11440,1789303763,9116012,0,
18599,1789303837,1577103914,0,
7959,1789303842,1576733612,0,
8715,1789304349,7837755,0,
1220,1789305211,1577186992,0,
22133,1789305250,1458607,1576632270,
5853,1789305275,10260675,1577534368,
10888,1789305468,8996017,1577503693,
1714,1789305540,1577431811,8516154,
1714,1789305542,8516154,1577431811,
9191,1789305778,7667875,0,
6946,1789306509,1577170060,0,
8729,1789306600,1577439119,0,
23498,1789307012,1577040263,1577045351,
19158,1789307103,1577392073,0,
9582,1789307172,1577530583,1577071224,
19898,1789307838,1576794370,0,
7220,1789308413,1577136351,0,
8527,1789308629,1576973896,0,
14568,1789308790,1577279914,9892468,
3536,1789309033,8416945,1577302041,
13184,1789309136,1577232018,0,
23822,1789309167,1577279869,0,
14811,1789309228,1577380363,0,
17952,1789309534,1576990588,0,
8729,1789309548,1577122126,1577439119,
1474,1789309893,1577327643,0,
3928,1789310111,1577099251,1577400354,
26749,1789310279,3356538,1577539719,
8852,1789310382,1577425804,0,
211,1789310641,1577301029,0,
10822,1789310784,1576691820,0,
2538,1789310971,8860225,9509555,
14809,1789311088,1577348621,1577405977,
17507,1789311223,1577390985,0,
14107,1789311259,1577495835,0,
14107,1789311259,1577495835,1577495835,
1774,1789311437,1577542298,0,
22568,1789312138,1639634,0,
15072,1789312423,1577538108,419042,
23110,1789312537,1577349437,9980097,
24243,1789312657,1577516952,1577288336,
1396,1789312791,1577520866,0,
13346,1789312800,1577542085,1577493578,
12289,1789313090,2100127,8134989,
15991,1789313543,9556597,0,
29304,1789313812,1577504686,0,
14361,1789314036,2636022,0,
2047,1789314140,2349646,0,
12718,1789314275,1577279310,1577502195,
17508,1789314640,1577300851,1576209926,
8963,1789314873,1577425804,0,
6818,1789315423,9712134,0,
23163,1789315462,10120799,9683680,
19834,1789316121,1577544239,0,
12709,1789316123,1577539358,1577533543,
7430,1789316714,1577428254,0,
4557,1789316722,1989819,0,
7447,1789317119,1870481,0,
20006,1789317193,1577185326,0,
14019,1789317390,366473,0,
6431,1789317528,1577538281,0,
28428,1789317630,10015177,0,
16637,1789317655,1577519674,0,
17488,1789317721,725995,0,
7957,1789317895,1577325274,0,
2823,1789318151,1577097076,1576292505,
6826,1789318446,1577028321,0,
27328,1789318518,1577504686,1577368785,
4557,1789318606,1577429914,1989819,
11158,1789318685,8110776,0,
23825,1789318856,1577544569,0,
22562,1789318935,9752057,1577544713,
4697,1789318999,1577373047,1577499032,
6044,1789319095,1577356387,1577534632,
1875,1789319320,106967,821272,
1875,1789319320,106967,106967,
29795,1789319563,1577425434,0,
7666,1789319794,9359584,1577107541,
7484,1789319850,1577231729,1577542547,
19932,1789320456,1577496865,0,
12772,1789320609,1577332496,0,
5852,1789320646,1577542055,0,
4557,1789320749,1577520010,1577429914,
26557,1789320825,1577486078,0,
30165,1789321158,1577534684,0,
6969,1789321240,1865942,0,
24301,1789321359,1577545375,0,
20193,1789321452,1577340462,1577544423,
12123,1789321549,556673,0,
16878,1789321564,8142713,0,
1307,1789321744,1577539590,0,
11958,1789321956,1577486226,0,
17012,1789322020,1576680602,0,
7484,1789322237,1576598150,1577231729,
14121,1789322673,1577310030,0,
15044,1789322947,1577495104,1577538116,
19269,1789323054,1577424025,0,
15810,1789323143,1576982986,0,
2702,1789323583,1577539207,10157673,
20805,1789323655,1577504314,0,
7005,1789323919,9789555,0,
4557,1789323961,1989819,1577520010,
1117,1789324205,1577543128,1706835,
4146,1789324289,1577539431,0,
13196,1789324523,1577116597,0,
5458,1789325139,1577528572,0,
14855,1789325595,2363816,0,
3027,1789325949,1577535511,0,
1204,1789326118,1518944,0,
11172,1789326215,8169554,0,
10629,1789326343,9621806,0,
7626,1789326486,1576365152,10292087,
7626,1789326488,1577538578,1576365152,
15429,1789326544,9556597,0,
12001,1789326554,1577542431,0,
14689,1789326613,10057023,1577428502,
5546,1789326754,2351874,1577530653,
9615,1789326967,9642632,0,
27456,1789327011,1094420,1576896170,
8718,1789327045,1577405165,0,
12629,1789327483,9864904,1577510787,
21014,1789327655,1577542080,1577106499,
18763,1789327734,1577516019,0,
3443,1789328228,9523129,1577266133,
16932,1789328403,1577268653,1577106499,
16932,1789328442,1577268653,1577268653,
16623,1789328454,946904,0,
6728,1789328490,10208186,0,
1137,1789328809,8860225,0,
6656,1789329040,1577073064,0,
4765,1789329075,1577515376,0,
7869,1789329393,1576574201,8754093,
22984,1789329455,1577534684,0,
17656,1789329495,1577524607,0,
14262,1789329538,9971170,0,
4018,1789329637,1577521254,1577417803,
15368,1789329995,1577536212,10260675,
22031,1789330106,1577545582,0,
9403,1789330262,9277021,0,
26836,1789330460,1576773470,0,
25916,1789330679,1576773470,0,
20840,1789330866,1576015297,0,
22800,1789330883,383773,1577544821,
6662,1789331236,1577544193,0,
29325,1789331278,1576039189,0,
5219,1789331402,1577542546,1577515767,
26023,1789331505,9958324,1577526585,
22031,1789331518,1577545582,1577545582,
22592,1789331600,1577464140,1577464198,
21216,1789331618,1577513316,1577502320,
15331,1789331685,1577505624,1577544003,
13947,1789332025,1576984375,1577495182,
8435,1789332192,1577543469,0,
4915,1789332276,1576464486,0,
14914,1789332519,8942925,1577413883,
6448,1789332765,1577204896,1577535213,
27602,1789332886,1577545668,0,
10950,1789332920,1577394820,1577486797,
2215,1789332925,1577077797,7646509,
15531,1789333224,10187316,0,
2507,1789333290,1577399890,9347110,
1697,1789333754,1576068723,0,
9269,1789334028,1643095,1577422640,
19009,1789334680,1577496615,0,
11289,1789335039,1640849,1577542991,
17620,1789335388,2613067,0,
3696,1789335823,1577519745,1577359970,
18249,1789335934,1577464497,0,
16783,1789335993,725995,0,
21129,1789336104,1576794370,0,
1914,1789336789,1577381110,0,
21016,1789336981,1577544301,0,
27411,1789338007,1576624664,1577542411,
4078,1789338360,1577538659,1577422843,
13913,1789338416,1577432431,1577538639,
5493,1789338487,1577530224,1577527848,
21921,1789338809,1577092404,0,
4643,1789339613,1577265934,1577494519,
18998,1789339637,1576897890,0,
2502,1789339687,8039582,0,
5512,1789340146,1576703850,0,
13700,1789340272,1577444909,1577486344,
16404,1789341371,10090482,0,
12844,1789341653,9810710,10057540,
6965,1789341842,1577100814,1577538904,
10536,1789341967,1577486006,0,
20386,1789342183,1577539140,0,
2797,1789343004,8307895,1576162524,
10181,1789343568,477421,0,
1498,1789343977,9789555,0,
26643,1789344761,1041015,0,
8010,1789344880,8304302,0,
6526,1789345008,1577408275,0,
9703,1789345074,10055367,0,
14282,1789345742,1577103522,0,
5791,1789346479,1577522946,0,
5757,1789348171,1577392316,0,
23161,1789348337,1577513316,0,
17652,1789349295,1577103914,0,
11758,1789349719,9752551,1577296703,
23324,1789349890,1575961017,0,
17705,1789349940,1577539178,1577283400,
2818,1789350147,7961799,0,
3511,1789350672,9471881,1577291155,
15109,1789352848,1577539178,0,
17057,1789353374,1576835232,0,
6448,1789354165,8658019,1577204896,
26166,1789354526,1577060944,1577519304,
23949,1789354561,9491819,0,
12977,1789354626,1577465504,0,
8994,1789354868,1461885,1577527523,
7093,1789355150,1577530682,1577539697,
21802,1789357427,9752057,0,
2539,1789357999,1577289243,0,
1495,1789358122,1577330910,0,
24920,1789359227,1577534684,0,
19132,1789359712,1577483824,902658,
2444,1789359964,1577499447,0,
6204,1789361273,583857,1577133059,
5937,1789361408,1577544145,1577534486,
23526,1789362382,8059172,0,
25878,1789362674,1577545193,0,
17684,1789362776,1577178702,0,
6653,1789362931,1577537359,0,
15368,1789363397,1577178702,1577536212,
4602,1789364917,1577340545,1575964447,
16698,1789365472,1577300851,0,
903,1789365601,9839014,0,
1512,1789365601,1577349358,1577539590,
15540,1789365601,1577484886,1577544022,
22684,1789365603,1576608732,8735448,
21073,1789365645,1577545582,0,
20242,1789365901,1577524173,0,
22966,1789365908,1577423646,1577161206,
22423,1789365992,1577374650,1577544698,
19528,1789366130,8246098,1577526929,
16694,1789366323,1577300851,0,
13187,1789366674,1577452508,0,
5970,1789366762,1577438080,1577534508,
11389,1789366792,1577542923,1577538393,
17361,1789366994,1577268653,0,
7918,1789367373,1577526543,9643314,
15132,1789367562,1577300851,0,
3464,1789367781,2069613,0,
6001,1789367998,1577535670,0,
9090,1789368164,1576449100,1577543988,
25343,1789368186,1577544578,1577545197,
5522,1789368277,9941410,1577529017,
17097,1789368628,295281,3087497,
16916,1789369488,725995,0,
6583,1789369651,1577529138,0,
14295,1789369721,1577372786,2682450,
4501,1789370478,1576525456,0,
7410,1789370592,1577281588,1577542232,
25185,1789370640,1577534684,1577427741,
27102,1789370674,1577405997,1576655476,
12708,1789370798,1577400806,0,
25903,1789371067,1577503111,1577545298,
12355,1789371474,1577360773,0,
26364,1789371694,1257571,0,
19819,1789371840,9979507,1577378576,
15269,1789371860,1577073064,0,
4730,1789372079,1689796,0,
19498,1789372314,1576355925,0,
9359,1789372344,1577262490,0,
3298,1789372796,1576963983,1577170912,
19882,1789372998,1577544702,1577381655,
8851,1789373554,1577543512,1577293595,
2136,1789373809,1577270215,3020287,
21697,1789373814,1577001333,0,
27489,1789374140,1577419227,1576926761,
4960,1789374145,1577265934,0,
3276,1789374187,1576908434,0,
13117,1789374431,1576514735,9353209,
24057,1789374435,1577261762,1577545014,
14962,1789374744,1577382054,0,
24602,1789374921,1577545419,0,
11876,1789374937,1577496166,0,
15249,1789375069,1577241033,0,
8057,1789375304,1577505719,1577524585,
10202,1789375922,1577536286,0,
22215,1789375980,1577431073,0,
25992,1789375998,1577431073,0,
16719,1789376203,2444984,0,
5503,1789376246,1577543745,0,
10983,1789376894,1577543678,1577538347,
10542,1789377452,9116012,0,
2015,1789378459,1577499142,1870481,
23308,1789379010,1577542377,9749238,
11521,1789379295,1333459,0,
22578,1789379473,1577464140,1577538703,
17632,1789379867,1577522946,0,
10162,1789380411,258773,0,
3858,1789380463,1577544203,0,
9343,1789380818,1576732605,0,
11138,1789381321,8072994,0,
2994,1789381998,1577539207,1576725981,
3428,1789382595,8832891,0,
24966,1789382656,1577534684,9505597,
23123,1789382727,1577509315,0,
3279,1789382869,1577399890,0,
21236,1789383055,1577268653,1577106499,
20636,1789383200,1577358547,0,
8100,1789383518,1577543326,0,
15296,1789383761,1577514194,0,
20556,1789383880,1577431073,0,
1362,1789384163,1577538471,0,
12673,1789384752,813539,0,
27683,1789385651,3356538,0,
15334,1789385951,1577124977,1575896777,
26124,1789386164,1576773470,0,
8466,1789386181,1577439119,0,
6649,1789386370,1577536190,1577535868,
6200,1789386709,1577175835,1577534890,
158,1789386880,1065350,1577359271,
6610,1789387114,1577337039,1577535847,
26865,1789387692,1041015,0,
6559,1789387922,1577289243,0,
11904,1789387924,1577513584,0,
11558,1789387948,1575851444,1577444477,
6013,1789388420,1577450593,0,
2095,1789388515,1577541232,2560242,
8170,1789388673,8039582,0,
9262,1789389252,1577415816,0,
1081,1789389324,1577220971,494126,
22157,1789389462,1575961017,0,
1564,1789389683,1577489572,0,
19948,1789389739,1577059736,0,
17794,1789390223,1577297044,0,
848,1789390436,1577231003,0,
26029,1789390546,1094420,0,
10547,1789390621,7704883,1577384617,
2703,1789390742,1577512980,0,
6595,1789391121,1576908434,0,
17125,1789391240,1577490480,2887937,
2783,1789391349,1577532848,0,
3334,1789391536,1577289243,0,
21822,1789391803,940772,1577490301,
13976,1789392447,1577535747,0,
23427,1789392484,1577349437,0,
13642,1789392500,8462835,0,
3235,1789392660,8239422,1577122431,
13819,1789392825,2100127,0,
10563,1789392910,1577035038,0,
15092,1789393004,7883310,1577510710,
13288,1789393028,1576401633,0,
25757,1789393164,1576773470,0,
30625,1789393339,1577232503,0,
25302,1789393799,1577401540,0,
1662,1789393987,1577540186,0,
24725,1789394397,1041015,0,
20659,1789394919,1577484249,0,
20142,1789395028,1576365152,1577540074,
7491,1789395415,1577499517,0,
17741,1789396001,1576568862,0,
162,1789396133,1065350,1577415748,
13698,1789396469,1577495835,0,
14725,1789396615,1577537166,0,
12228,1789397070,1577502812,0,
19484,1789397096,1577488094,0,
3900,1789397526,9806406,0,
21537,1789397601,1577393299,0,
6972,1789398155,1576431758,0,
7165,1789398190,9971170,1577540289,
21955,1789398526,885738,0,
11481,1789398548,1577204896,10208186,
18961,1789398879,1577536791,0,
12106,1789398952,1577492185,1577543051,
13659,1789399678,1577496036,0,
13218,1789399826,1576934321,2341461,
27154,1789399887,1576039189,1577337241,
4493,1789400198,1577441405,1577462035,
13640,1789400306,1577388732,1577543828,
13909,1789400489,1577065649,0,
10326,1789400720,9285938,1577422904,
3605,1789400861,1577530556,0,
195,1789400953,1577524608,0,
2268,1789400976,10118874,0,
23305,1789401008,1576473280,1577544922,
22816,1789401303,9968576,0,
1726,1789401727,1577540186,0,
15235,1789402189,2363816,0,
11528,1789402982,1576691820,0,
17443,1789404491,725995,0,
19748,1789404856,1577374650,0,
17113,1789405136,1577532654,0,
13224,1789405212,532597,0,
8362,1789405495,1577499456,1577411853,
5635,1789405610,852853,1577532536,
17303,1789405859,9857437,0,
13648,1789406085,9523129,1576175606,
1929,1789406122,1329319,1167537,
3096,1789406470,549882,0,
7203,1789406560,1577543898,1577540340,
27902,1789406862,1577390655,0,
25405,1789407199,1577115923,1576881256,
25405,1789407200,1577115923,1577115923,
2011,1789407211,1577303279,0,
18278,1789407652,3323662,0,
6499,1789407719,1577136351,0,
1441,1789408022,1577539033,1974764,
4456,1789408305,9779516,0,
12671,1789409098,1577529876,2926315,
24799,1789409209,1006884,0,
26396,1789409546,1577399520,0,
23345,1789409611,10094903,0,
21611,1789409675,1577544569,0,
24495,1789409827,1576886887,1577288384,
22496,1789410214,1577303793,0,
19396,1789410611,1577512098,0,
3426,1789410639,1577543742,0,
20646,1789410912,1577001333,0,
20502,1789411007,1576391853,0,
19343,1789411138,1577508795,0,
11338,1789411214,1577543603,7838943,
5377,1789411343,1577384735,1577522403,
4638,1789411356,1577306410,0,
7875,1789411439,1577356305,1577322248,
7875,1789411439,1577356305,1577356305,
16245,1789411522,1577544058,0,
11338,1789412503,1577543316,1577543603,
8003,1789412636,1576298928,9125957,
20470,1789412837,1576391853,0,
16024,1789413136,1576095344,1576826979,
17066,1789413413,1577178575,0,
6871,1789413434,1577028321,0,
18366,1789413652,1577268653,0,
4498,1789414025,1576801183,0,
4416,1789414229,1577544203,0,
1080,1789414352,9471881,0,
5880,1789414370,1577446402,1577534387,
12166,1789415113,9719422,0,
3388,1789415123,1577441405,0,
30783,1789415253,1577544578,0,
30967,1789415538,1577534684,0,
27173,1789415803,1577390509,0,
14661,1789416035,1577355281,0,
15287,1789416256,7734781,0,
4975,1789416302,1577262713,0,
22448,1789416798,1577365184,1577536945,
5647,1789416961,1577465695,1577532784,
20012,1789417100,1577171625,0,
6317,1789417186,1577543305,0,
6317,1789417186,1577543305,1577543305,
18015,1789417512,1577522946,0,
12995,1789417549,813539,0,
7466,1789418186,1576065532,1577542381,
7976,1789418217,1577282858,1577532138,
15611,1789419009,1577515991,0,
23776,1789419399,9476676,1577012344,
1441,1789419599,8564063,1577539033,
9335,1789420597,608497,1577252028,
19559,1789420690,8017942,0,
16335,1789420739,1577178575,0,
13229,1789420740,1577495104,1577149615,
6028,1789420774,1577381110,0,
14717,1789420885,1577539178,1577316142,
9140,1789421166,1577543420,0,
5543,1789421415,1577523776,0,
27557,1789421428,1577425434,1577112686,
13881,1789421579,142049,0,
2753,1789421935,1577417347,1575964447,
12759,1789421938,1577070679,1576430483,
16024,1789422328,1577544104,1576095344,
24569,1789422683,1577544703,1577534578,
2687,1789422920,1576937849,10095098,
521,1789423239,1577484847,0,
1751,1789423280,1577537130,1577542516,
23738,1789423432,1577431073,0,
21271,1789423571,1577530887,0,
11481,1789423760,8658019,1577204896,
13600,1789423782,1577348621,0,
7855,1789423838,1576716190,3039070,
26320,1789424263,1577545670,8469495,
6918,1789424323,1577350112,0,
19169,1789424869,1577187836,0,
26612,1789425113,9523859,0,
14033,1789425232,1577409166,0,
10309,1789425650,9116012,0,
14867,1789425748,9076801,0,
12995,1789425753,813539,813539,
4570,1789425823,1577350112,0,
1822,1789426419,607767,0,
3886,1789426868,1577139117,0,
8322,1789427099,1577529138,1577532940,
350,1789427285,1577246283,1577514458,
21891,1789427572,1577374650,0,
10718,1789427773,704848,0,
14331,1789427925,787594,9992670,
7339,1789428007,1576489492,1577541338,
27451,1789428562,1577486078,0,
4582,1789428698,1375412,0,
6680,1789429266,1577512528,1577535883,
15276,1789430031,1577514194,0,
3123,1789430651,1576696487,1576983908,
2313,1789431097,1577542697,0,
19240,1789431514,1577505385,8801214,
7626,1789432023,1577490989,1577538578,
10011,1789432072,1577332558,1577527523,
10011,1789432072,1577332558,1577332558,
5484,1789432137,1576255757,1577527374,
10393,1789432268,1577449949,0,
2618,1789432757,1576563053,0,
3645,1789434995,1577519745,0,
16645,1789435044,1577544056,8707259,
24804,1789437021,1577545319,1577545109,
6514,1789437442,1575995793,0,
10056,1789437765,8046112,0,
14231,1789437896,1577539265,1537497,
13623,1789438313,1577136351,0,
8592,1789438772,9642632,0,
22686,1789439393,1577390946,10010714,
12561,1789440813,1577435805,0,
10844,1789441879,1577415816,0,
13283,1789442430,2100127,0,
29187,1789443292,1577111906,0,
11348,1789444472,10287096,1576636270,
17346,1789445050,1577536449,0,
22349,1789446332,9533770,0,
2405,1789446723,8894996,0,
9862,1789446748,1576979580,1577458198,
6358,1789447041,9757868,0,
987,1789447368,1577530682,0,
10170,1789448007,8072994,0,
6405,1789448317,1577527465,0,
26909,1789448730,1577527129,0,
12529,1789449336,1576979580,1577458234,
23938,1789450048,1577545217,0,
18568,1789450070,1576402134,0,
11770,1789450906,618448,0,
4173,1789451341,1577536510,0,
10556,1789451511,3039070,0,
10505,1789451641,1577526543,0,
14234,1789451983,1577232018,0,
24450,1789452002,1577545582,1577248110,
2352,1789452021,1130518,8416945,
1762,1789452050,1577505624,1577543435,
3207,1789452187,1577176262,1577099251,
10196,1789452216,1577349358,1577543523,
4128,1789452595,9471881,0,
17762,1789453835,1577397494,1577320762,
16850,1789453936,1594795,0,
25355,1789453996,1577378572,1577545199,
10900,1789454182,1577492185,0,
13748,1789454419,7808206,0,
2998,1789454476,1577393772,1576741331,
12891,1789454480,2314840,0,
13638,1789455057,1577416837,8516154,
11477,1789455242,1576781253,1577431931,
14924,1789456335,1576862060,0,
2222,1789456449,7730087,7715742,
3908,1789456831,1577538281,0,
13815,1789456968,1577536165,0,
19854,1789457243,1577544975,0,
12240,1789457859,1577261773,0,
20432,1789458124,1577040263,0,
28576,1789458233,1577347044,1577422221,
8894,1789458292,1577510430,0,
16110,1789458320,1577485331,60462,
6226,1789458523,1576068723,0,
17479,1789459119,10140478,0,
659,1789459448,1577378678,1577440926,
21310,1789460096,1577544569,0,
9479,1789460398,1577400372,1577345825,
5989,1789460627,152124,1577534516,
7875,1789460879,1576298928,1577356305,
11234,1789461122,1576439886,0,
18569,1789461465,1577542080,9099325,
12511,1789461869,9285938,1577438453,
19500,1789461908,1577390946,0,
12928,1789462143,1577524607,8516154,
29042,1789462343,9978487,10105414,
8444,1789462417,2950142,0,
13950,1789463030,1577513669,0,
14081,1789463393,1577514864,0,
20161,1789463465,1577059736,0,
13955,1789463838,8942925,8013865,
23749,1789464027,1577374650,0,
23749,1789464027,1577374650,1577374650,
23749,1789464027,1577374650,1577374650,
21354,1789464087,1577460911,1577000540,
15581,1789464260,1577178575,0,
11807,1789464588,1576096938,0,
18065,1789465537,1577374960,1577384286,
7067,1789465539,1577327517,1577539684,
24270,1789465548,1577494847,0,
28394,1789465645,10034424,0,
2635,1789466111,8111844,9941113,
24394,1789466369,1006884,0,
30047,1789466670,10034424,0,
14536,1789466952,1577543900,1577498383,
14663,1789467180,1576973896,64657,
1884,1789467298,1577542518,0,
11970,1789468040,1575995793,8290526,
25576,1789468238,1577273211,1577504761,
25576,1789468238,1577273211,1577273211,
13586,1789468500,8447777,1643095,
23560,1789468612,1577422997,1577543902,
19300,1789468613,1576312757,1577073353,
7233,1789468837,10047033,0,
15405,1789469036,1577360773,0,
15069,1789469144,1577514194,0,
13198,1789469410,1577070679,1576430483,
7505,1789469625,1577204896,1577542640,
7442,1789469779,1577504050,1577542308,
16024,1789469783,1576095344,1577544104,
15870,1789469867,1576683351,1577378566,
14764,1789470425,1577539047,1577514249,
28214,1789470868,1577390509,0,
5039,1789470878,1576703850,0,
13331,1789470926,1577325320,0,
3017,1789471066,1575934548,0,
21457,1789471158,9920231,1577544602,
12409,1789471505,2355753,0,
20005,1789471978,1577092404,1576082892,
22291,1789472310,1577544577,0,
4455,1789472322,10257779,1577455088,
8559,1789472632,9642632,0,
22100,1789472893,1577492206,0,
1809,1789473044,1577523637,229943,
6983,1789473546,8186966,0,
22970,1789473555,1577293039,992163,
23241,1789473620,1577040263,1577544971,
23040,1789473646,1577040263,1577544971,
12007,1789474011,1577452508,0,
13331,1789474039,1575952891,1577325320,
20588,1789474081,1577516019,1577544491,
8057,1789474263,9808270,1577505719,
15794,1789474541,295281,1576916341,
12799,1789474863,1577416318,0,
23200,1789474977,1577393299,1577544905,
25485,1789475105,1577545319,1577545224,
12730,1789475312,1577510735,1577444772,
14145,1789475602,1577536190,973186,
6187,1789475919,1061536,0,
2297,1789475959,7936026,0,
7180,1789476174,1576982986,1577540317,
22826,1789476532,383773,0,
20485,1789476629,1577185326,0,
23666,1789476931,2807607,0,
550,1789477342,1576900092,0,
19281,1789477967,1295499,0,
21101,1789478320,1577431811,1575928211,
10761,1789478592,1577523352,0,
10586,1789479110,760440,0,
25695,1789479377,1577261762,1577545261,
13800,1789479941,2100127,0,
22562,1789480390,9752057,9752057,
16157,1789480492,1577521913,0,
17011,1789480536,1577530371,8300935,
26346,1789480908,1577390509,1577545361,
15695,1789480971,1577500903,1576569505,
10196,1789481031,1577484886,1577349358,
10196,1789481032,1577484886,1577484886,
14690,1789481253,1577244359,0,
16205,1789481374,1577106499,0,
10234,1789481376,1577531957,1577502944,
8220,1789481580,1577543396,0,
5712,1789481601,1577116597,1577532925,
12079,1789482174,1577500093,0,
19862,1789482402,9585439,0,
19309,1789482407,1577515929,0,
23504,1789482630,1577405997,9970109,
24069,1789483039,1576255757,2074808,
21268,1789483882,1576605277,0,
3287,1789484074,1577532848,1577155175,
6406,1789484190,101438,1577535180,
24984,1789484250,1577249881,0,
25203,1789484704,1094420,0,
5815,1789484968,1577107114,0,
14408,1789484981,1577279310,0,
21140,1789485724,1577393502,9752141,
28639,1789485789,1577544578,1577390338,
27631,1789486015,3356538,0,
15454,1789486563,10164353,1577283178,
22934,1789486727,1576473280,0,
17819,1789486980,1577440363,0,
7207,1789487679,1577212131,0,
13469,1789487959,1577498626,0,
6621,1789488102,1576862060,0,
14292,1789488530,1577424267,0,
5180,1789488880,3454984,0,
7014,1789489594,9219282,0,
7598,1789489800,7837755,0,
21526,1789489841,1577238150,1575955688,
18088,1789490010,1577519674,0,
8355,1789490128,1576699803,1577534392,
8845,1789490631,1577361154,1577510861,
2846,1789490661,1103024,1576359226,
11835,1789490858,1103024,0,
3698,1789491142,106967,0,
21156,1789491200,1577541738,1577431131,
24810,1789491406,1577126109,0,
11964,1789491580,1577539136,1577529424,
5437,1789492680,1577505624,1577525032,
27611,1789492981,8685599,0,
1374,1789493149,1577518265,1577307044,
1186,1789493272,1576756867,1577029596,
8617,1789493293,1577349358,0,
2179,1789493341,1576776469,3287479,
2916,1789493648,1577244712,0,
26177,1789493671,9031418,9026799,
14437,1789493937,8677916,1576018908,
6677,1789494251,1577106499,0,
9033,1789494438,1576769492,1577510865,
3100,1789494780,1577114057,0,
9032,1789494817,9277021,0,
10954,1789494840,1577536206,1577530001,
27194,1789495087,1577536604,1577399520,
1111,1789495206,1577394602,8186966,
7041,1789495591,624770,0,
13507,1789495642,1576824164,2254926,
2326,1789495660,1577327643,8307895,
2573,1789496127,9883742,9698641,
8086,1789496167,1577520900,0,
2196,1789496200,1577543989,3436998,
19643,1789496257,1577392073,0,
14084,1789496292,1577512319,0,
24625,1789496329,1575965709,1577545073,
3060,1789496400,1577373047,1576859780,
7983,1789496415,1577396088,0,
24588,1789496469,8658681,1577348991,
16748,1789496652,311848,0,
24376,1789497611,1576976099,1577409283,
23653,1789497761,1577533438,9621123,
1123,1789498240,1577505432,0,
25192,1789498389,133852,1577489582,
11679,1789498435,1577461280,9307854,
11992,1789498532,1575942295,1577542760,
560,1789498605,1576982550,0,
27707,1789498766,1577413711,0,
23982,1789498846,1577431073,0,
1597,1789498964,1577537362,1577448859,
25943,1789499158,1576850414,1577545305,
2402,1789499325,1577537944,8763910,
12175,1789499327,1577073064,0,
26260,1789499804,1576179409,1577507906,
4708,1789500517,1577526179,1577499698,
13009,1789500609,1577417601,1576143591,
18305,1789500880,1577514267,0,
9756,1789500916,9967293,0,
13764,1789501041,9523129,1577535747,
15062,1789501044,1594795,0,
26818,1789501074,8685599,0,
15853,1789501163,9147907,0,
5376,1789501309,1577268661,0,
5103,1789501461,1065350,0,
1714,1789501539,8161459,8516154,
19106,1789502349,1576303850,0,
8617,1789502507,1577533294,1577349358,
15023,1789502521,9741357,1577537026,
6288,1789502591,1577385537,1577534938,
14108,1789502621,1577279310,0,
1801,1789502627,1577282858,158361,
8978,1789502693,1577522822,1577510868,
23054,1789502707,1577346099,0,
2715,1789502849,1577543745,0,
8626,1789503016,1577449904,0,
23515,1789503154,1576886887,0,
2364,1789503173,1577509515,0,
12828,1789503757,1577393697,0,
23914,1789504842,1577040263,0,
23697,1789505070,1576976099,1577409283,
13432,1789505166,1576440292,0,
25022,1789505361,1577529656,1577545143,
15689,1789505531,8832113,1577228787,
7023,1789505651,1113238,0,
5619,1789505699,1577542355,0,
13707,1789505816,1577070679,1576430483,
6700,1789505923,1577544193,0,
17289,1789505941,1577507188,1577532654,
12450,1789505999,1577429914,9555475,
13707,1789506047,1577070679,1577070679,
7505,1789506060,8658019,1577204896,
14108,1789506291,10115869,1577279310,
10385,1789506361,8536543,0,
4300,1789506446,2684434,1577433674,
9193,1789506505,1577530583,0,
16167,1789506525,1576699803,0,
488,1789506699,8993660,9042651,
11241,1789507368,1576155415,0,
758,1789508277,1375412,0,
4455,1789509055,9642632,10257779,
4407,1789509204,1577543602,0,
21127,1789509369,1577544193,0,
29148,1789510508,1577419227,0,
23852,1789510694,1577405997,0,
7650,1789511000,1577446326,1576526812,
22608,1789511121,1639634,0,
5127,1789511928,1577342313,1577510891,
11760,1789512198,1577459879,0,
21146,1789512712,1577358547,1577536603,
1441,1789513172,8554566,8564063,
12066,1789513932,1577539265,0,
5705,1789514084,1577490989,0,
23473,1789514088,1577543025,9361174,
16351,1789514685,1989819,0,
969,1789515084,1577522507,0,
20067,1789515197,1577505385,8801214,
7402,1789515634,1575927745,1577542218,
11810,1789515936,1577537973,1577387346,
18545,1789516680,1576486955,1577500232,
20962,1789516703,1576270672,1577350690,
28671,1789516859,1577386979,0,
13386,1789517350,1577073064,0,
14251,1789517380,1577319091,0,
14251,1789517385,1577319091,1577319091,
14251,1789517390,1577319091,1577319091,
14251,1789517397,1577319091,1577319091,
7653,1789517526,1577331107,1575880550,
28313,1789518303,9978487,0,
17198,1789518316,1577106499,0,
30754,1789518937,1577232503,0,
24330,1789519560,9031418,10278747,
15032,1789520087,1577542085,0,
10497,1789520530,9116012,0,
8760,1789520637,1577262490,0,
7526,1789521904,1577151127,1577542712,
2423,1789522205,1576298928,0,
13400,1789522472,1576440292,0,
12455,1789522828,1577073064,0,
24591,1789523342,8658681,1577545068,
6464,1789524112,1577515376,1577535382,
26930,1789524196,1577426954,1577545431,
6632,1789525019,1577279310,0,
5298,1789525540,1577499786,1577519826,
5675,1789526113,1576985771,1577532903,
12949,1789526451,1577514864,0,
24067,1789527314,1576603248,1105059,
17733,1789528488,10192925,0,
18947,1789528569,1576015297,0,
23634,1789528746,8059172,0,
25952,1789528793,1257571,0,
18815,1789529260,1577526460,0,
9261,1789529338,1577415816,0,
9302,1789529735,1576941748,0,
15623,1789530119,1577178575,0,
12609,1789530228,1577349443,0,
30923,1789530861,1576984345,0,
6250,1789531774,1577279310,0,
12045,1789532709,1577521841,0,
10257,1789533136,1577206838,0,
23663,1789533431,1577503111,0,
11977,1789533687,9752551,0,
12420,1789533765,1577507199,0,
10873,1789534535,1577484886,0,
20257,1789535197,10192925,0,
4112,1789535650,1577350112,0,
17471,1789536004,1577415326,0,
21622,1789536579,1577193376,0,
31437,1789536668,1576984345,0,
13741,1789536689,7805918,8468592,
31345,1789537365,1576984345,0,
8102,1789537441,9876086,0,
14216,1789537974,1934876,1577494261,
2276,1789538402,1576670683,8110776,
3159,1789538469,1577527930,1577040475,
22648,1789538512,1577431073,1006884,
15329,1789538581,1577542923,1576261740,
11043,1789538640,1577526543,1577543420,
8234,1789538826,1576298928,0,
4302,1789539179,1577124090,1577433762,
10119,1789539279,2607380,2018081,
1882,1789539570,1577268024,840147,
8692,1789539987,1577534253,677000,
5189,1789540062,2919699,0,
19858,1789540236,2363816,0,
27293,1789541191,1577434601,0,
2349,1789541198,1577522507,0,
27984,1789541395,1577534684,0,
20877,1789541434,1577178575,0,
2716,1789541583,1577543128,10253824,
11316,1789541778,9839014,1577452871,
2199,1789541965,8447777,3440179,
22589,1789542095,940772,0,
7364,1789542475,1577301029,1577356305,
15830,1789542501,2363816,0,
24169,1789542510,1577544614,1503822,
4787,1789542763,9170540,0,
23485,1789542844,1577544695,0,
12291,1789543252,1091740,1577431027,
2602,1789543260,1577114057,0,
16590,1789543445,8246098,1577496988,
21795,1789543642,9478306,0,
15376,1789543802,1577536449,2289095,
32116,1789543805,1577544971,0,
19288,1789543855,1577337039,0,
30667,1789543859,1576984345,0,
2459,1789544323,1065350,0,
14771,1789544904,1577204896,1577543943,
6627,1789544948,1577543305,0,
8377,1789545158,1577192256,1577534804,
26058,1789545532,10015177,1577394944,
19799,1789545625,10192925,0,
13193,1789545650,1577279310,0,
10409,1789545907,1577455662,0,
22317,1789546010,1576976099,1577544695,
1436,1789546140,1577406964,7707042,
9535,1789546625,1577122126,2166215,
26163,1789546737,1576176852,1577531949,
23834,1789546800,1577405997,0,
14845,1789546863,1576608156,0,
10142,1789547171,1576979580,1577521930,
12825,1789547330,1577073064,0,
9498,1789547671,1577526972,0,
13468,1789548979,1577414412,0,
27192,1789548999,1577370056,1577270307,
24764,1789549196,1577545419,1577323855,
24461,1789549287,8740198,1854435,
24461,1789549287,8740198,8740198,
15053,1789549311,1576789578,0,
8644,1789549543,1577543122,0,
5395,1789549605,1577432431,1577523060,
11698,1789549609,1577507199,0,
22955,1789550245,1577169492,9960037,
23289,1789550481,1577273211,0,
14721,1789550849,1577372786,0,
29153,1789551317,9978487,1577381872,
29153,1789551317,9978487,9978487,
3133,1789551547,1472477,0,
619,1789551560,1577504878,1577304863,
21177,1789552314,1577530887,0,
16232,1789552457,1577106499,0,
21470,1789552465,1576025187,0,
24863,1789552492,8460835,0,
14073,1789552692,1577543875,0,
2413,1789552784,1577536212,8837766,
24303,1789552917,7904967,454627,
12635,1789553612,1577073064,0,
3523,1789553750,1819870,0,
11368,1789554229,1577461280,0,
17847,1789554309,1577408960,0,
4811,1789554323,1577139117,0,
27021,1789554346,1577347044,0,
4822,1789555336,1577536815,1577507133,
8040,1789555607,1577396088,0,
13241,1789555650,1576862060,0,
2367,1789555852,9941410,8487021,
22058,1789555893,1576369173,2178609,
27262,1789556327,1577545300,1577295106,
21544,1789556417,1577528915,0,
3718,1789556522,2086313,1577365169,
22939,1789556789,1144521,9289624,
26279,1789557083,1577273211,0,
1298,1789557107,1577420867,0,
440,1789557395,1577536686,1577077854,
2931,1789557415,1211055,0,
8157,1789557665,1577017123,0,
19389,1789557745,1576312757,0,
27666,1789558294,9846914,0,
7397,1789558324,1577506998,1577542204,
18836,1789558426,10094903,1577527584,
10383,1789558526,7756628,0,
26189,1789558609,1577249106,0,
13215,1789559007,1577417601,0,
13144,1789559120,1577073064,0,
8131,1789559205,1576574201,1577017123,
4538,1789559219,1576439886,1577483707,
5250,1789559408,1577428254,0,
27766,1789559570,1577534684,0,
10338,1789559571,1577523352,0,
11725,1789559840,1577455662,0,
1301,1789560391,1577545848,8307895,
2241,1789560412,1577545848,0,
15105,1789561071,1989819,0,
15689,1789561219,10192925,8832113,
26055,1789561409,1576093251,0,
26997,1789561506,1576962665,0,
7155,1789561604,10118874,0,
13014,1789561873,1577348943,1577504644,
11590,1789561876,1577435805,1577444468,
11659,1789562237,1577489059,9338798,
19681,1789562240,10192925,0,
17540,1789562347,1575929722,0,
19362,1789562989,1576596873,0,
15548,1789563050,3037125,0,
10598,1789563076,1577539353,336967,
1331,1789563264,1576670683,1577496166,
22038,1789563595,8012511,1577542461,
1331,1789563690,875525,1576670683,
3679,1789563818,1577543305,1577356305,
15063,1789564288,8832113,1577394298,
2411,1789564348,10192925,8832113,
18911,1789564683,10090482,0,
12197,1789564935,1577507199,0,
15239,1789565096,1577539178,0,
12051,1789565814,1577073064,0,
12243,1789566136,1576683351,8668581,
2014,1789566334,9762608,0,
449,1789566473,1577529928,0,
13271,1789566855,310663,1577490989,
14305,1789566902,1576984375,0,
8020,1789567117,1576716190,0,
8038,1789567242,9876086,0,
27488,1789567283,1577545670,0,
8151,1789567366,1577517238,1577449375,
10537,1789567776,1577507036,0,
16450,1789567954,295281,0,
22717,1789568000,9637025,0,
18951,1789568144,1577512098,0,
11820,1789568305,9839014,1577432960,
2891,1789568306,1577455662,0,
2891,1789568306,1577455662,1577455662,
24490,1789568459,1577545164,0,
23614,1789568725,10094903,0,
13277,1789568787,1576608156,0,
8678,1789568867,1577520900,0,
6588,1789569137,1577416552,1577535838,
26416,1789569395,1577390509,0,
9141,1789569553,1577181077,0,
9161,1789569681,1479250,1577511033,
4820,1789569830,1577530473,1577507132,
3679,1789569923,1577301029,1577543305,
3344,1789570025,1577066276,0,
13112,1789570205,2100127,0,
11106,1789570335,1577433791,1577400372,
2288,1789570377,1577486566,0,
11106,1789570402,1577345825,1577433791,
24357,1789570696,8404713,0,
8736,1789570812,1576979580,0,
27380,1789571310,1577267761,1577545499,
7718,1789571395,1576006509,0,
5616,1789571674,1577541439,0,
4923,1789571682,1577524206,1577507307,
4601,1789571768,8815904,0,
20999,1789571859,1577178575,0,
381,1789571879,2684434,0,
19384,1789571998,1577520010,1577544345,
4458,1789572088,2898146,0,
2947,1789572111,1577537362,0,
6693,1789572324,1577537075,1577535892,
14922,1789572442,1577492985,0,
9479,1789572499,1577433791,1577400372,
9479,1789572499,1577433791,1577433791,
20935,1789572533,1577346099,0,
27534,1789572561,1576984951,0,
2552,1789572688,1577536815,0,
10224,1789572832,1577507008,0,
5584,1789572848,1577348462,0,
29808,1789573180,1577534684,0,
10945,1789573777,1577507199,0,
17186,1789573948,7917499,0,
3959,1789574313,1102568,1577408612,
5169,1789574328,520283,1577397456,
28188,1789574329,3382442,1577544409,
1995,1789574407,1577495544,0,
2811,1789574666,1577439119,0,
31788,1789574750,1577536820,0,
8149,1789574957,1577349358,1577181077,
4816,1789574960,7780921,1577507130,
11763,1789575129,7730087,0,
17158,1789575281,1577527233,0,
17574,1789575304,295281,0,
17893,1789575320,1577305909,0,
8417,1789575406,1576598150,1577543403,
6458,1789575554,8954846,0,
7301,1789575747,1577522507,0,
18437,1789576093,1576897890,10010714,
673,1789576144,1576533606,9813370,
14771,1789576457,8658019,1577204896,
18936,1789576540,1577397857,0,
14394,1789576594,1577536165,0,
8131,1789576813,8635569,1576574201,
13128,1789576845,1577495835,0,
23507,1789576872,1577508929,1576969323,
2849,1789577109,1577545405,1577542909,
20144,1789577251,1577277673,0,
7649,1789577300,1576079866,0,
2769,1789577493,8864491,1576040359,
32854,1789577969,1577546246,0,
18591,1789578841,1577489962,1577544263,
8439,1789579208,1577279914,1577539390,
2572,1789579263,9864164,0,
2807,1789580263,1576699803,1576209658,
13609,1789580450,1577484886,171619,
658,1789580476,1689796,0,
8328,1789580516,1577537630,0,
3004,1789581155,1577212131,0,
23779,1789581210,7880842,0,
3565,1789581552,8621050,0,
15721,1789581602,1577522047,8462835,
2413,1789581778,1577136351,1577536212,
13730,1789582246,1576937849,1577541351,
27169,1789582597,1576039189,1577545469,
23924,1789582754,940772,0,
27686,1789582969,1577544971,0,
13241,1789583471,1575952891,1576862060,
28635,1789583833,1577534684,0,
7932,1789584005,1577495490,0,
28420,1789584665,1577503170,0,
2440,1789584770,9186675,0,
1331,1789584909,1576670683,875525,
24775,1789585076,7904967,0,
19180,1789585183,1577187836,0,
83,1789585998,1577318150,0,
10543,1789586245,1577507199,0,
17831,1789586316,1577106499,0,
15867,1789586436,1576130859,0,
18006,1789586629,10140478,0,
27037,1789586648,1575987740,1577416518,
14075,1789586743,1577073064,0,
8270,1789586826,1555549,0,
2660,1789586859,1577528572,0,
7759,1789587007,10085518,0,
12286,1789587056,1577073064,0,
1691,1789587236,1577535511,0,
5875,1789587261,1577279310,0,
26535,1789587336,885738,1577545389,
23077,1789587362,2807607,0,
554,1789588226,1577521254,0,
4550,1789588263,1577499447,0,
24059,1789588282,1577545319,0,
18713,1789588500,1577178575,0,
25730,1789588517,9846914,0,
15868,1789588671,1577544007,0,
27368,1789589016,1577347044,0,
5404,1789589076,1577327643,0,
9240,1789589257,1577427791,0,
29653,1789589556,9978487,1576067811,
26986,1789589960,1577486078,0,
22235,1789590084,1577431811,549261,
1062,1789590156,1577499517,0,
3003,1789590310,9968798,1576764123,
12838,1789590458,1576365732,1577537738,
12266,1789590497,1577507199,0,
13820,1789590926,1576979580,0,
15548,1789590968,10192925,3037125,
7792,1789591244,1577490989,1577538578,
2206,1789591675,8564063,3468267,
11420,1789591742,618448,0,
3419,1789591778,1577200461,0,
13241,1789592399,2100127,1575952891,
24806,1789592469,10120799,0,
24220,1789592509,1577064445,1577538573,
2887,1789592552,1577388732,1576494894,
6094,1789592625,1577350112,0,
6000,1789593094,2755831,1577534531,
15402,1789593129,8677916,0,
4384,1789593210,1577498189,1577446755,
14238,1789593382,1577372786,0,
10685,1789593438,1577543316,0,
23261,1789593504,1239642,0,
10592,1789593718,1577192400,1577537410,
4124,1789593784,9808270,1577427183,
15544,1789594031,7734781,1577495327,
4245,1789594352,3459704,0,
23130,1789594395,1577136351,0,
9448,1789594415,10257779,0,
12540,1789594757,8547967,0,
13814,1789595042,1577139820,0,
18286,1789595096,1577543015,0,
16265,1789595394,2363816,0,
10384,1789595449,1576781253,1577291549,
9412,1789595654,1577262490,0,
3178,1789595664,1577422997,0,
487,1789595842,8449541,0,
7745,1789596349,1577390344,1577408408,
28356,1789596370,1577434601,262227,
16265,1789596452,3037125,2363816,
6722,1789596536,1577420362,1577535906,
16265,1789596740,2363816,3037125,
25216,1789596897,8597620,1577545176,
15312,1789597939,1577530371,10208186,
10173,1789597944,1577535454,0,
17010,1789598040,1577527233,0,
10096,1789598624,10039871,0,
1679,1789598630,1577274016,0,
9863,1789598647,1576979580,0,
28034,1789598805,1577544971,0,
11780,1789598913,1577449949,1577441677,
12371,1789599585,9285938,1577422197,
10575,1789599607,1576068723,1577543602,
13853,1789599821,1577514864,0,
28359,1789600174,1576624664,0,
30436,1789600455,1577434601,0,
14121,1789600584,1577454074,1577310030,
27148,1789600616,1577249881,0,
21255,1789600939,1577544581,9798530,
15576,1789601743,792488,0,
21334,1789601756,1577165451,0,
1073,1789601783,1577537931,0,
5361,1789602240,1576298928,0,
2356,1789602966,9277021,0,
7061,1789602996,1577544065,1577539677,
24777,1789603856,8845539,0,
16420,1789604038,1577531957,1577432389,
17933,1789604227,1577249935,0,
13654,1789604349,1577388261,0,
16903,1789604462,1577539178,0,
19650,1789605058,10192925,0,
19650,1789605058,10192925,10192925,
19650,1789605058,10192925,10192925,
1596,1789605153,1577181969,0,
18324,1789605790,10118752,0,
23904,1789605807,1577005782,1577544698,
30958,1789605963,1577391955,0,
12930,1789606161,1577433791,0,
13650,1789606166,1577460921,0,
15380,1789606609,1577526811,0,
21419,1789606691,1577518944,0,
12952,1789606989,1577433791,0,
1318,1789607366,1577423178,0,
13630,1789607574,1577438551,0,
21179,1789608173,397337,0,
8744,1789608326,1577415816,0,
22797,1789608400,8460835,0,
22575,1789610023,1576976099,0,
23639,1789610311,1303880,0,
680,1789610972,1577249320,473648,
8751,1789611214,1577446326,0,
25125,1789611486,1576850414,258402,
31160,1789611655,1577534684,0,
7997,1789611936,1576716190,0,
4317,1789612573,1577332555,1577436366,
5451,1789612871,1576130910,0,
9784,1789612902,1576979580,0,
16446,1789613121,1577494376,1577411684,
17400,1789614281,2363816,0,
10870,1789614531,1577073064,0,
16725,1789614779,2363816,0,
19632,1789614865,10192925,0,
19632,1789614865,10192925,10192925,
4474,1789615263,1577542697,1577457735,
17946,1789615364,10090482,0,
5793,1789616971,1576489492,0,
12988,1789617632,1576822556,0,
21142,1789618495,1577526460,1577180701,
8242,1789620139,984470,0,
2967,1789620360,1577428254,0,
23672,1789620833,1577545375,0,
16048,1789621318,1577178575,0,
510,1789621381,1577293750,0,
15271,1789621716,1577486614,1575893472,
33397,1789621748,1577544971,0,
11637,1789621757,2314840,0,
20349,1789622716,2363816,0,
4499,1789623027,9779516,1577543902,
12359,1789624064,1577279310,0,
1952,1789624689,1577540023,0,
1275,1789624800,1576401633,1577495835,
6297,1789624800,1577170060,1577535034,
13030,1789624811,813539,1576934321,
11351,1789624830,1577526543,1577524728,
3195,1789624860,1577128585,0,
13727,1789624864,1576608156,1576752649,
13576,1789625230,2100127,0,
21293,1789625307,2363816,0,
3295,1789625424,1102568,1577169689,
13421,1789625553,1576487399,1577393712,
22201,1789625613,1577544898,0,
8290,1789625679,1576608156,1576752649,
8875,1789625694,1577405165,0,
11699,1789625734,9285938,0,
21876,1789625771,1576552912,0,
8290,1789625803,1576608156,1576608156,
4688,1789625993,1577142359,0,
5288,1789626158,1576776469,0,
13700,1789626163,1576716190,1577444909,
9372,1789626323,1576956198,0,
18600,1789626747,1577543304,0,
13499,1789626950,1577527187,1577524901,
16447,1789627266,1577073064,0,
11562,1789627516,1576096938,0,
30652,1789628093,1577434601,0,
3417,1789628575,1065350,0,
27326,1789628594,1577370056,1577384932,
33521,1789628871,1577546246,0,
4969,1789629188,1577526925,1577507342,
15683,1789629585,1576608156,1576752649,
15058,1789629608,1577514194,0,
16248,1789629637,1577393697,10069751,
11650,1789629714,1577529876,9642632,
18933,1789629804,1577293039,1577500366,
1872,1789629827,10070392,0,
32790,1789630410,1577546064,0,
18095,1789630528,1577498081,0,
29640,1789630632,9490221,9393737,
13906,1789630890,1576369777,0,
26083,1789631342,9846914,0,
5603,1789631498,1577270215,0,
23740,1789631581,1577273211,0,
19247,1789631613,9800838,1576402134,
2940,1789631760,1577114057,0,
4827,1789631851,1577432136,1577507137,
15420,1789631944,10192925,0,
22672,1789632318,1577279310,0,
24429,1789632694,8455208,0,
12619,1789632789,1577534253,0,
23932,1789633021,1577524352,0,
4279,1789633427,1576717468,0,
9125,1789633490,971259,0,
25657,1789634001,1577489354,0,
26752,1789634171,1576179409,0,
18654,1789634484,1577424025,0,
13977,1789634495,1577545071,1577542741,
3215,1789634539,607767,0,
16691,1789634605,1577544056,0,
10254,1789634769,1577538578,1576365152,
14826,1789635072,681019,2254926,
14177,1789635205,1577279310,0,
15205,1789635285,1577184777,0,
258,1789635311,1577541053,0,
6529,1789635417,1577454074,1577310030,
5598,1789635454,1577505624,1577537938,
13724,1789635537,1577189339,0,
1232,1789635604,1577527103,0,
324,1789635705,1577097076,0,
8931,1789635725,7730087,0,
11749,1789635767,1577353269,1577416330,
23130,1789635799,1577136351,1577136351,
13739,1789636191,1577383865,0,
2603,1789636763,1577490989,1576365152,
12947,1789636935,1577534253,0,
21546,1789636984,1577543025,0,
14319,1789637200,1577513669,0,
32910,1789637224,1577544971,0,
13724,1789637267,7734781,1577189339,
291,1789637276,8308415,0,
9878,1789637470,8447777,0,
13794,1789637572,8013865,1577511604,
17485,1789637794,1577544146,0,
7127,1789637855,1576574201,0,
3299,1789638008,549882,0,
29849,1789638606,9909262,0,
26440,1789638671,1577537140,0,
13458,1789638733,9827999,0,
8217,1789638853,1577176262,1577181321,
19877,1789639085,1577171625,0,
12214,1789639273,1577433791,0,
6501,1789639486,1476550,8516154,
28746,1789639656,1577534684,0,
11609,1789639659,1577528385,0,
21198,1789639676,1576596873,0,
26533,1789639678,9979507,8597620,
16094,1789640073,1577073064,0,
20582,1789640260,1577350386,1577535980,
9160,1789640451,1576716190,0,
13151,1789640494,8547967,0,
17416,1789640617,1577539136,0,
11332,1789640717,1577158244,0,
27544,1789641083,1577419227,0,
8960,1789641571,9285938,0,
1056,1789641802,1577453052,0,
3722,1789642068,1577247164,0,
19507,1789642178,1577544975,0,
8262,1789642500,3084607,0,
9812,1789642561,1576683351,0,
7935,1789643510,1576130910,0,
295,1789643842,1577432431,0,
12373,1789643937,1577349443,0,
12520,1789643954,1125583,0,
13145,1789643967,1577429914,0,
13699,1789644286,1577433791,0,
23376,1789645141,1577169492,1577544929,
12577,1789645213,1577332496,0,
13011,1789645529,1577433791,0,
5341,1789645570,1577182090,0,
2053,1789645575,1577527465,0,
15495,1789646036,1577136351,0,
15691,1789646068,1577539321,0,
6558,1789646269,1577498626,0,
13567,1789646271,9285938,1577490262,
10397,1789646302,258773,0,
19901,1789646563,1577536606,287884,
9210,1789646874,1577526754,0,
12941,1789647169,1577433791,0,
16132,1789647854,9834413,1577090986,
20452,1789648369,1382731,1577538777,
10198,1789648435,1576716190,1577444909,
32800,1789648439,1577232503,0,
13218,1789649042,813539,1576934321,
24422,1789649109,1577536604,0,
8776,1789649122,9857437,0,
7037,1789649293,1577530945,0,
21722,1789649637,1577136351,0,
3563,1789649834,1577454074,1577310030,
656,1789650163,1577378678,1576630293,
5646,1789650190,1577542714,0,
5447,1789650335,9219282,0,
28508,1789650964,1577419227,0,
18490,1789651098,2876883,0,
8517,1789651451,1577350677,0,
2511,1789651528,3096060,0,
7270,1789651740,1577515376,1577540519,
26408,1789652177,3172459,1576540808,
6951,1789652550,1577454410,0,
18647,1789652933,1577294676,0,
13167,1789652949,1577536190,1576789578,
14763,1789653038,2241644,0,
8804,1789653127,1576900092,0,
21698,1789653418,1577499116,1577486821,
18534,1789653500,1577450671,0,
19397,1789653754,1577544193,0,
22235,1789653998,1144521,1577431811,
23389,1789654022,9968576,1577544939,
1652,1789654123,1577303143,0,
16929,1789654422,1576449100,0,
9159,1789654537,1576716190,0,
31405,1789654591,1577546064,0,
32389,1789654723,1577534684,0,
4186,1789655128,9827990,1577432950,
6596,1789655350,1577383380,1577535842,
14010,1789655380,1576342688,1577128718,
2814,1789655406,1577536799,1576264125,
31662,1789655427,1577536820,0,
14818,1789655470,8013865,1577438080,
11213,1789655504,10039871,0,
24508,1789655849,1577512976,7825556,
32296,1789656069,1577348705,0,
15114,1789656334,1576598150,0,
9967,1789656346,1577261773,1577444909,
32010,1789656632,1577544971,0,
2149,1789656932,1577137838,0,
31122,1789657301,1577544971,0,
2420,1789657326,1577498189,0,
25409,1789657349,8059172,0,
15281,1789657666,119382,1576494648,
19364,1789657769,1577178575,0,
9704,1789657875,1577395538,0,
11677,1789657920,618448,0,
12535,1789658409,1577455662,0,
16058,1789659037,1577178575,0,
1265,1789659169,1577544065,0,
28897,1789659308,1577504686,1577405280,
32083,1789659333,1577544971,0,
9832,1789660038,7730087,0,
16482,1789660098,1577073064,0,
1683,1789660107,10118874,0,
21385,1789660211,1577544614,0,
21381,1789660337,9958324,1577138067,
13181,1789660376,1577338402,1577108171,
12131,1789661082,171619,0,
10494,1789661252,1577538819,0,
3913,1789661257,1577375163,0,
8396,1789661281,1577151127,1577536149,
1977,1789661300,1577539555,1520704,
2714,1789661459,1577512980,10240356,
18298,1789661586,1577544193,0,
8580,1789661857,1577526754,0,
14044,1789661940,1576789347,0,
32226,1789662543,1577232503,0,
19386,1789662560,1577544505,0,
6937,1789662562,1577231003,0,
23529,1789663265,8460835,0,
28729,1789663491,1577507622,0,
31348,1789663750,1577434601,0,
16788,1789663809,1576473280,1577340840,
15210,1789664019,1577530371,8590904,
15511,1789664452,1577542546,0,
1459,1789665001,1576908434,9762608,
8936,1789665032,1576716190,0,
2515,1789665116,1577542700,0,
7042,1789665571,1577487732,0,
16147,1789665884,1576130859,0,
9596,1789666189,1576900092,0,
3485,1789666402,9471881,0,
9967,1789667199,1576716190,1577261773,
24186,1789667570,1577508929,1577390913,
17240,1789667738,1577178575,0,
11057,1789668154,8635569,190628,
24508,1789668179,1577291074,1577512976,
24846,1789668459,1094420,1577257232,
25062,1789668521,9387446,0,
23236,1789668712,1577393299,0,
14930,1789668717,1577353269,0,
13085,1789668820,1640849,1577498910,
20467,1789669038,8927127,0,
11750,1789669192,1577073064,0,
28277,1789669440,1577534684,0,
23985,1789669802,1577444303,0,
11560,1789669826,2815069,0,
15697,1789670007,1577388732,0,
5290,1789670061,1577498200,0,
8171,1789670109,9277021,0,
2915,1789670453,1577509515,0,
22475,1789670555,1577487956,0,
19170,1789670577,8832677,0,
4685,1789670580,1577537940,0,
22670,1789670633,1575961017,0,
19123,1789671112,2363816,0,
16332,1789671649,1577536212,1577537964,
5718,1789671786,1577240807,0,
3407,1789671837,1576984375,1577244359,
13000,1789672028,1577493803,0,
14603,1789672091,1577229730,0,
24833,1789672308,1577263787,1577237530,
23010,1789672382,1577502140,0,
4179,1789672419,1577106077,1577432894,
4910,1789673241,9135298,0,
67,1789673281,8239422,2326023,
22646,1789673384,485896,0,
18166,1789673525,7917499,0,
17009,1789673528,2363816,0,
7925,1789673588,1577543305,0,
21915,1789673984,1577444303,0,
18054,1789674251,8017942,0,
6066,1789674514,1577433896,0,
25020,1789674553,1577503111,1577545142,
9659,1789674628,1576095344,1576826979,
387,1789675098,1577247164,1577542909,
4251,1789675467,8172660,1577433263,
12584,1789675631,1577303147,9832333,
21905,1789675895,1577169492,0,
27116,1789675931,1577232503,0,
9659,1789675943,1577151127,1576095344,
31163,1789676058,1577546064,0,
32160,1789676199,1577506024,0,
19055,1789676322,1577489962,0,
26064,1789676336,1576093251,0,
580,1789676348,8004100,211951,
23306,1789676530,1577444303,0,
14787,1789676714,1577499075,0,
25148,1789676912,1577545668,0,
21563,1789676933,7742857,1577544616,
13794,1789677089,8942925,8013865,
7714,1789677190,1577128585,0,
8707,1789677246,9285938,0,
25260,1789677420,1577040263,3356538,
624,1789677545,1577136351,0,
12689,1789677565,9719422,0,
11626,1789677593,1576973176,0,
18668,1789677630,7621130,1650546,
12972,1789678030,1577279310,0,
8200,1789678083,1577537954,0,
5010,1789678361,1577513511,0,
4036,1789678580,1577349938,0,
16790,1789678644,1577539363,1577544130,
4918,1789678780,1575986581,0,
6262,1789678837,1577498626,0,
13419,1789679188,1577338402,0,
12038,1789679403,1577433791,0,
20371,1789679524,8927127,0,
13919,1789679576,1576304811,0,
8263,1789679595,1577394158,1577325272,
20739,1789679619,1577444303,0,
11089,1789679623,8993660,0,
8249,1789679877,1577543603,0,
1453,1789679884,1577016743,1577528400,
8703,1789679961,1577349938,0,
13642,1789679984,1577522047,0,
18024,1789680012,1577178575,0,
10731,1789680092,10007100,7866086,
2596,1789680734,1577422997,0,
24466,1789680751,1577545063,0,
15906,1789680757,1577218615,0,
10363,1789681511,1577370212,0,
25191,1789682346,1577169755,0,
10254,1789682361,1577490989,1577538578,
13455,1789682745,1577073064,0,
7242,1789682960,1561562,1577540454,
8488,1789683034,1577432049,0,
14782,1789683097,1577452508,0,
9606,1789683595,1576699803,1577542320,
8268,1789683874,1577543469,1577438044,
14311,1789684126,10228790,1577543900,
24754,1789684437,1576984951,0,
12268,1789684447,1576979580,0,
17414,1789684542,1576982986,1576706274,
16199,1789684806,1577350738,0,
20319,1789685023,1577526460,1577544438,
29285,1789685315,1576984345,0,
31396,1789685465,1576984345,0,
2532,1789685696,1577422997,0,
6541,1789685990,9492470,1577535543,
6863,1789686603,1577416552,1577537681,
8640,1789686656,1577450953,1577543374,
22270,1789686792,1577444303,0,
16760,1789687192,1577539178,0,
10155,1789687283,9476676,0,
23226,1789687382,1639634,0,
27835,1789687531,1577422981,1577545573,
7540,1789687533,1577274339,0,
6327,1789687911,1577538471,0,
33377,1789687995,1577544971,0,
20630,1789688010,10017115,9478306,
8548,1789688307,1576716190,0,
20321,1789688432,1577268653,0,
19179,1789688518,1577512062,0,
31760,1789688522,1576039189,0,
23742,1789688883,1577444303,0,
16312,1789688888,1577543403,9536838,
5115,1789690251,1577527103,0,
11828,1789690490,1577486006,0,
14186,1789691180,2100127,0,
15941,1789691390,1577106499,0,
8925,1789691447,1577327643,0,
17204,1789691613,8463845,0,
11115,1789691682,1577433791,0,
15081,1789691965,1576608156,0,
9048,1789691966,1577349938,0,
24288,1789692042,1577444303,0,
13424,1789692265,1577073064,0,
7949,1789692742,258773,0,
5004,1789693460,1577114057,0,
22485,1789693534,9637025,0,
21939,1789693927,2363816,0,
19615,1789694313,1577300851,0,
7612,1789694447,1555549,0,
6111,1789695319,1577408275,0,
8825,1789696015,3084607,1577511095,
23974,1789696462,1577444303,0,
10743,1789696533,10257779,0,
6703,1789696798,10092563,1577535896,
30819,1789697044,1577536820,0,
25784,1789697279,1577534684,0,
4411,1789697713,1577349938,0,
23253,1789697984,10120799,1577369374,
23245,1789698484,1577444303,0,
21154,1789698875,1577169492,0,
19880,1789700110,1577419383,0,
27603,1789700667,1577421767,1576913707,
7525,1789700845,1577489865,0,
10160,1789701401,9857437,0,
5841,1789701623,1577073064,0,
31624,1789702147,9909262,0,
15634,1789703142,1576979580,0,
4389,1789703247,1577349358,1577447702,
4488,1789703434,1577538983,0,
254,1789703865,1576298928,0,
2606,1789703995,1577415275,0,
20946,1789704000,2363816,0,
32603,1789704558,1577232503,0,
1459,1789704809,1577523449,1576908434,
21591,1789705438,1577520010,0,
10632,1789705449,1577433791,0,
13213,1789705549,1577493803,0,
12756,1789705810,2314840,0,
19470,1789706836,8927127,0,
4819,1789706845,1577181310,0,
537,1789707706,3148113,1577531670,
18055,1789708908,1577498081,0,
19350,1789709593,10094903,0,
19747,1789709791,8927127,0,
16871,1789710067,824029,0,
18285,1789710211,1577415326,0,
14451,1789710455,1577274339,0,
20108,1789710696,1576486955,0,
9616,1789710850,9285938,0,
3776,1789711204,8621050,0,
19706,1789711206,1577507188,9099524,
19706,1789711208,1577507188,1577507188,
11304,1789711230,1577526543,1577524675,
7616,1789711369,1577533787,0,
8454,1789711383,1838107,1576752649,
21796,1789711441,9800838,669723,
9777,1789711462,1576823565,0,
29017,1789711517,9979507,1577413711,
9097,1789712353,9196619,0,
27910,1789712575,1577486065,8273303,
11771,1789712579,1577179248,0,
5803,1789712705,1577420867,0,
21381,1789712809,1576341980,9958324,
6933,1789712812,1577526110,1577538498,
20412,1789713011,9869866,1577277673,
14272,1789713228,1577279310,0,
15783,1789713260,1577537954,0,
23281,1789713303,1577518944,1576435797,
30865,1789713308,1577434601,0,
31935,1789713429,1577356042,0,
10230,1789713469,9857437,0,
25648,1789713512,885738,0,
19081,1789713708,10192925,0,
11092,1789713768,1577484886,0,
30557,1789713804,9490221,8106081,
29906,1789714239,7811077,1577399623,
13615,1789714249,9741357,10214875,
24248,1789714335,1577545419,0,
9028,1789714619,1576716190,0,
10175,1789715367,1577515530,0,
5856,1789715394,1576068723,0,
1167,1789715504,8621050,0,
7554,1789715626,8161459,1577542848,
1100,1789715652,1576366062,8116656,
14695,1789715671,1577319091,0,
8502,1789716009,7726094,0,
26621,1789716278,1577545193,1577219394,
30723,1789716282,1577348705,0,
371,1789716406,1576839110,1577542040,
27373,1789716620,1577545319,0,
9955,1789716770,9968798,1576962923,
25884,1789716826,7880842,0,
24326,1789716880,1576679816,0,
16946,1789716908,1577440363,0,
12907,1789717515,2100127,0,
3942,1789717736,801831,0,
1593,1789717862,8621050,0,
12239,1789717966,1819870,0,
5219,1789718400,1576862060,1577542546,
26790,1789718504,9175201,1634636,
22391,1789718551,1577111906,133852,
19103,1789718644,1577536791,0,
30704,1789718682,1577232503,0,
22486,1789719325,1577544614,0,
29030,1789719337,1577538934,0,
1401,1789719755,1577349938,0,
2695,1789719892,9359584,10118874,
14201,1789719933,1576979580,0,
2163,1789720200,1577527930,3148113,
29992,1789720398,9909262,0,
6999,1789720458,1577538578,1577539207,
6999,1789720459,1577490989,1577538578,
7344,1789720507,1577102640,1577541455,
23431,1789721057,1577291074,0,
25459,1789721141,1577387087,0,
13806,1789721146,1576903315,0,
21235,1789721186,1577300851,0,
20379,1789721623,1577544586,1577537493,
32170,1789721644,1577356042,0,
18580,1789721729,1577544857,0,
21428,1789722001,2513210,0,
9025,1789722042,1577349938,0,
8598,1789722157,1577520900,0,
20889,1789722194,1577499116,0,
19793,1789722513,1577300851,0,
16908,1789723059,1576728802,8324097,
21018,1789723110,1577238150,1941374,
6124,1789723181,8815904,0,
20522,1789723323,1144521,1577537512,
22715,1789723369,1577292595,1577544748,
16842,1789723378,1577300851,0,
13896,1789723832,1577514864,0,
588,1789724012,1577522047,1577330377,
5972,1789724050,1130518,0,
22584,1789724052,1577464140,1577539015,
21619,1789724082,1577245043,0,
16905,1789724134,7621130,0,
3896,1789724660,1577284675,1577521841,
6125,1789724913,1577384735,0,
11255,1789725079,1577507199,0,
25863,1789725184,1577417455,0,
13831,1789725249,9218699,0,
13543,1789725345,1577504193,0,
16312,1789725372,1576598150,1577543403,
1372,1789725506,1577544203,1576068723,
9049,1789725595,9285938,0,
2914,1789725600,7961799,1576068723,
1697,1789725601,1577537933,1576068723,
6332,1789725603,1577523776,1576068723,
1745,1789725614,1577499142,1576068723,
10575,1789725622,1577518265,1576068723,
9067,1789726303,7667875,1577510570,
5481,1789726781,1577281588,1577527222,
4045,1789726891,8554566,0,
11311,1789726910,1576439886,1576858619,
10508,1789726922,9857437,0,
8850,1789727147,1577350677,0,
14202,1789727214,1576369777,0,
18013,1789727435,1577455870,0,
12542,1789727503,1577532871,0,
13674,1789727736,1577545071,1577134720,
11039,1789728055,1577494514,0,
11127,1789728112,724234,0,
22403,1789728215,1577300851,0,
754,1789728331,9550292,0,
8822,1789728340,1577349938,0,
9564,1789728510,1577536439,0,
22698,1789728838,1577396380,0,
789,1789728845,1577542139,0,
24547,1789729257,1577405997,1576940959,
18825,1789729410,1577526811,1575873486,
13202,1789729678,978765,0,
18981,1789729873,1577540982,0,
9561,1789729895,1577395538,0,
26097,1789730129,1577438034,0,
24860,1789730230,1577544904,1577113456,
23915,1789730413,1577404540,1577438669,
33320,1789730700,1577123694,0,
25622,1789730788,1577489446,0,
20854,1789730869,8927127,0,
20610,1789731544,8927127,0,
21219,1789731619,1577544301,1577159225,
12984,1789731669,1577059736,0,
10980,1789731694,8635569,0,
18931,1789731753,1577544505,0,
12280,1789731952,1577300006,0,
11511,1789732589,1577518034,0,
19812,1789732775,1577410712,1577194015,
2529,1789732805,1472477,0,
26602,1789732853,1577545413,0,
9164,1789732936,1577405165,0,
7503,1789733009,1577543315,1577542639,
4005,1789733278,1577394602,0,
4662,1789733342,1576756867,1577542040,
24535,1789733489,1458607,1577484249,
30525,1789733803,9909262,0,
19790,1789733951,1577544326,0,
7508,1789734505,1577433896,0,
4793,1789734635,8954846,0,
22920,1789734756,1576369173,0,
14864,1789734786,1577408647,1576821262,
5401,1789735352,8621050,0,
21176,1789735370,1576341980,1577499116,
21676,1789735405,1576312757,0,
18636,1789735477,1577490989,1577539207,
29652,1789735765,1577534684,0,
11039,1789735791,1577494514,1577494514,
3671,1789736212,1577455373,0,
7867,1789736660,8247637,0,
2108,1789736689,583857,1577133059,
7938,1789736771,1577396088,0,
15023,1789736804,1576608156,9741357,
22638,1789736836,1577444303,0,
6106,1789736841,1577537130,0,
6660,1789736913,1577539178,0,
11761,1789737194,446010,1577355679,
23177,1789737300,1577537140,0,
32948,1789737487,1577356042,0,
3869,1789737936,1577000757,0,
29331,1789738181,9175201,0,
27446,1789738214,1576588036,0,
723,1789738773,1575934548,0,
29606,1789738792,9175201,0,
10918,1789739395,1577540090,0,
3193,1789739559,7897717,0,
18762,1789739567,1577539363,0,
18455,1789739637,1577300851,0,
23115,1789739664,1577005782,0,
28860,1789739681,9175201,0,
7167,1789740007,119382,1577540299,
3249,1789740454,10071988,1577129341,
21664,1789740454,1577268653,0,
3725,1789740608,1577349938,0,
13615,1789741108,1576608156,9741357,
32952,1789741125,1576984345,0,
1092,1789741483,1577523449,0,
21510,1789741672,1577444303,0,
4782,1789741679,8942925,10007100,
33079,1789741850,1577546246,0,
22482,1789742077,1577444303,0,
30263,1789742094,7811077,0,
23211,1789742100,1577444303,0,
21709,1789742324,9800838,669723,
21514,1789742419,1577444303,0,
23567,1789742961,1577444303,0,
22963,1789743186,1577544702,0,
18356,1789743392,1102804,1576095183,
13620,1789743407,9285938,0,
28607,1789743679,8685599,1577371986,
12892,1789743692,1576691820,1577543755,
5992,1789744340,1577531158,0,
13674,1789744563,787594,1577545071,
17048,1789744738,9285938,0,
23452,1789744770,1577147034,0,
8454,1789744775,1576608156,1838107,
10178,1789744974,9261979,0,
18329,1789745121,1577544962,0,
1988,1789745131,1577512528,1650986,
15111,1789745217,1577424496,0,
9123,1789745319,1577534253,1577543420,
9123,1789745887,1577534253,1577534253,
11450,1789745887,1577539353,0,
29329,1789745965,1576712413,9988813,
7748,1789745974,1577543305,0,
9496,1789746249,1576716190,0,
20893,1789746271,1577238150,1576860460,
6933,1789746852,1575943186,1577526110,
15818,1789746958,9804716,1577494020,
7668,1789747207,2349646,0,
20929,1789747536,1577300851,0,
3697,1789747557,8621050,0,
13719,1789747594,1576279686,1576598461,
30534,1789747621,7811077,0,
18244,1789747687,8740198,9980885,
4098,1789747749,1577543989,1577424496,
1541,1789747955,624770,0,
8883,1789747965,1576716190,0,
1780,1789748159,1577279310,0,
1780,1789748161,1577279310,1577279310,
1780,1789748161,1577279310,1577279310,
13336,1789748199,8547967,0,
6433,1789748204,1577396699,0,
21890,1789748288,1577169492,0,
8384,1789748715,1577192256,1577534895,
16458,1789748855,1577519674,0,
13785,1789748892,1577059736,0,
14704,1789749030,2100127,0,
25626,1789749180,1577261762,0,
2406,1789749219,1577543128,0,
5162,1789749422,8621050,0,
34132,1789749488,1577544971,0,
12743,1789750075,9285938,0,
5163,1789750214,1102568,1577512716,
28424,1789750225,1577370056,9521725,
2039,1789750282,1577539033,2086313,
12590,1789750299,1577507008,0,
14778,1789750408,1577403666,0,
6472,1789750763,1577231729,1577535386,
12613,1789750818,9888572,3037125,
21499,1789750954,1144521,0,
13822,1789751162,608497,1577311267,
21528,1789751286,8927127,0,
16832,1789751617,2843385,0,
569,1789751771,1577452508,7808206,
10820,1789751781,1576937849,0,
20034,1789751824,1577544432,0,
18860,1789752012,1577544569,1577313616,
18745,1789752051,1577542135,0,
499,1789752344,1577244712,0,
12467,1789752396,1576342688,1577345029,
10647,1789752487,1576716190,0,
15063,1789752507,10192925,0,
2658,1789752508,8942925,10007100,
7407,1789752543,1577142359,0,
1704,1789752659,8812458,0,
4336,1789752715,1577428254,1577538578,
20106,1789752931,8927127,0,
6497,1789752999,1576255757,0,
24836,1789753195,1577444303,0,
12712,1789753355,1577073064,0,
12872,1789753437,1577073064,0,
29505,1789753564,7811077,0,
23341,1789754002,1577444303,0,
8366,1789754586,1577349938,0,
13345,1789754595,1577126356,0,
2356,1789754808,8963712,9277021,
1462,1789754811,9789555,1577283611,
7315,1789754879,1577539128,0,
12049,1789755058,1577518440,1577542775,
33040,1789755186,1576204516,0,
15704,1789755320,1577073064,0,
21393,1789755600,10017115,0,
7404,1789755604,7780921,1577542221,
7261,1789755727,101438,0,
16512,1789755928,2567982,0,
24040,1789755951,8593889,0,
2851,1789756141,1577357407,1576365478,
4336,1789756144,1577538578,1577428254,
12026,1789756151,1577400745,0,
16917,1789756161,1577300851,0,
12777,1789756175,2100127,0,
21121,1789756232,9637025,0,
18845,1789756289,2876883,0,
18963,1789756657,1576401633,0,
22065,1789756794,1577516923,0,
27993,1789756802,8007706,1577335055,
17096,1789756804,3323662,0,
21330,1789757181,1577300851,0,
19061,1789757194,9214215,0,
17085,1789757797,1577241033,1577312449,
21393,1789758091,10017115,10017115,
21393,1789758091,10017115,10017115,
8321,1789758191,1577349938,0,
22699,1789758234,1577444303,0,
22181,1789758266,1577444303,0,
2254,1789758304,1577499715,0,
7333,1789758479,1577240807,0,
23961,1789758883,1577431073,0,
26975,1789759105,1577286231,0,
13886,1789759166,1577507199,0,
14078,1789759313,1577496036,0,
11854,1789759682,618448,0,
19880,1789759883,8927127,1577419383,
19880,1789759884,8927127,8927127,
22740,1789759966,1577444303,0,
4119,1789760328,9277021,0,
15692,1789760334,9920231,1577350738,
15692,1789760334,9920231,9920231,
21988,1789760373,1577533438,0,
4545,1789760393,1577181310,0,
2163,1789760455,1577505624,1577527930,
21459,1789760461,8927127,0,
10325,1789760576,1577516697,0,
14733,1789760617,1577539906,1577543940,
18089,1789760665,1577544104,0,
11172,1789760667,1577274339,8169554,
28358,1789760751,1577311879,0,
7721,1789760755,9523129,1649481,
11039,1789761117,9182638,1577494514,
17997,1789761221,1577512098,0,
409,1789761320,1577066276,0,
4466,1789761327,1577537130,0,
21964,1789761373,1577545582,0,
3948,1789761884,1577439119,0,
22973,1789761928,1577293039,1577544882,
14882,1789762004,8246098,1576402128,
20820,1789762036,1577300851,0,
8303,1789762195,1577356387,0,
22571,1789762235,1144521,0,
20435,1789762292,10192925,0,
19721,1789762420,1577524173,0,
15533,1789762528,1577526179,0,
2178,1789762562,1576547936,0,
15305,1789762659,1577542085,0,
8253,1789762876,1576298928,0,
8094,1789763239,984470,0,
25175,1789763249,1577187211,1577545169,
19723,1789763270,1295499,0,
18314,1789763457,8832677,0,
8803,1789763480,10055367,0,
10441,1789763605,9946437,1577508978,
13816,1789763645,1577258251,0,
182,1789763670,1577495543,0,
6964,1789763751,1577538983,0,
31176,1789763778,1577123694,3182831,
12366,1789763789,1577537931,1576068723,
5832,1789763858,1061536,0,
26949,1789763922,1576793179,0,
11827,1789764077,1577535367,1577539128,
8188,1789764222,10261171,0,
21243,1789764355,1577300851,0,
10907,1789764375,1577284675,1577521841,
1130,1789764419,1577268661,0,
24434,1789764424,8845539,0,
24141,1789764630,1577444303,1303880,
7349,1789764691,1576756867,1577542040,
7349,1789764692,1576756867,1576756867,
23111,1789764729,1577444303,0,
29317,1789764830,1577524292,2901348,
15549,1789764955,9834413,1577544024,
21699,1789765156,10114864,0,
18331,1789765207,1577424025,0,
17754,1789765211,9834413,0,
9059,1789765829,1577535454,0,
7380,1789766095,1576839110,1577542040,
11068,1789766177,1577421183,0,
10845,1789766485,1577124977,1577452308,
19075,1789766511,9888572,0,
9061,1789766534,1576716190,0,
19902,1789766890,10017115,0,
6531,1789766957,1577507199,0,
10217,1789767041,10257779,0,
16037,1789767121,9888572,0,
12739,1789767711,1577393697,1577000618,
17314,1789767729,1577544124,0,
2537,1789767814,1577453052,0,
3313,1789768178,1577220971,0,
12773,1789768288,1576979580,0,
15299,1789768345,9741357,1577533786,
228,1789768362,2652136,0,
12338,1789768362,8658019,1577204896,
13470,1789768426,3323662,0,
16475,1789768730,1577355633,0,
2235,1789768879,1576356553,0,
8890,1789769072,1577486006,0,
21839,1789769995,9800838,0,
9622,1789770099,9857437,0,
10025,1789770226,8635569,0,
8449,1789770369,1577349938,0,
17909,1789770448,1576401633,0,
5492,1789770554,1577175835,0,
12637,1789770581,171619,0,
16834,1789770764,9147907,1577540235,
17676,1789770947,1577300851,0,
6169,1789771121,4652,0,
2873,1789771560,1577340545,0,
5036,1789772568,1577487732,0,
11827,1789772762,1576608156,1577535367,
7950,1789772950,258773,0,
23231,1789773022,1577542377,1577115923,
13304,1789773210,1577501389,0,
28211,1789773357,9175201,0,
34298,1789773362,1577506024,0,
11508,1789773556,1577411036,1577362464,
11365,1789773896,1576937849,0,
22084,1789774228,1577300851,0,
10707,1789774392,1577455662,0,
17242,1789774466,3459464,1577544171,
27470,1789774719,1576620804,0,
12423,1789774840,1577526543,0,
14107,1789775674,1576987613,1577495835,
25472,1789775674,1577431073,0,
2763,1789775683,1577538849,0,
27130,1789775908,1577544971,0,
11744,1789775925,1576937849,0,
5055,1789776368,1577531075,1577507497,
21725,1789776406,1577393299,0,
4348,1789776504,1577137816,0,
7196,1789776866,2636022,1577540336,
18359,1789776866,1577489908,0,
29540,1789777042,1576039189,0,
5038,1789777132,1577342313,0,
22422,1789777286,1144521,0,
20816,1789777300,1577300851,0,
5446,1789777751,1577425042,0,
1807,1789778261,1577206838,213937,
22758,1789778591,1476550,9908099,
12830,1789778957,532597,0,
17386,1789779021,1576982986,0,
10274,1789779168,1577522554,1577438928,
23041,1789779560,1577516880,1577405866,
28624,1789780931,1577536820,0,
19385,1789781005,8927127,0,
13960,1789781185,1577514864,0,
33628,1789781300,1577232503,0,
8973,1789781383,9642632,0,
22503,1789781625,8455208,0,
10603,1789781805,1576716190,0,
24305,1789782720,1577431073,0,
21315,1789782778,1577300851,0,
21322,1789783155,1577396007,9707878,
10130,1789783765,1576716190,0,
24413,1789783995,1577487956,0,
5519,1789784202,2255761,0,
7433,1789784751,1577532841,0,
14278,1789785155,1577073064,0,
26128,1789786259,1576620804,0,
13593,1789786326,1577419538,0,
16526,1789786748,1576130859,1577528935,
24742,1789787004,1576093251,0,
15075,1789787369,1577487574,0,
14208,1789787812,1576824164,1577412349,
21008,1789788086,1577178575,0,
17207,1789789730,10140478,0,
20364,1789790629,10017115,0,
17248,1789791978,1577300851,0,
7699,1789792428,1577417347,0,
24815,1789792557,1577494847,0,
22318,1789793330,10017115,0,
8869,1789793494,1577505248,0,
23153,1789793723,1577292595,0,
16069,1789793781,1476550,0,
7904,1789794238,1577349358,0,
2202,1789794786,1577231003,3454984,
23441,1789794883,1577001333,0,
26858,1789795211,8989395,0,
11048,1789795891,1577484886,0,
6865,1789796158,1577059736,0,
25717,1789797600,1576435917,1577421465,
3781,1789797601,1576491732,1577368977,
21583,1789797601,1577010036,1577544618,
2123,1789797630,1577124090,2919699,
9885,1789797645,8609191,7883310,
26488,1789797661,1576270672,8234377,
10570,1789797718,1102568,1577543212,
17056,1789797735,8609191,1577383865,
12931,1789798269,1577178702,1577072710,
8569,1789798757,1576439886,0,
15706,1789798847,1577507188,1577344654,
1990,1789799080,9789555,0,
2336,1789799092,1577406964,0,
21226,1789799218,9800838,0,
5913,1789799746,8815904,0,
22447,1789799833,1577494090,0,
30976,1789799871,9175201,0,
17316,1789800072,1577364944,0,
22562,1789800212,1577533943,9752057,
24571,1789800278,1577423646,1576552912,
9475,1789800324,1577261773,1577444909,
92,1789800459,1577532841,1576459432,
25060,1789800461,10015177,1577527866,
4213,1789800500,8621050,0,
20939,1789800856,1577464497,0,
17541,1789800962,2797585,0,
24610,1789801009,1575961225,1577400379,
20081,1789801068,1577380217,0,
22255,1789801280,1577444303,0,
5068,1789801582,1577543305,0,
461,1789801658,2884541,0,
31748,1789802273,1577356042,1109602,
14623,1789802299,1575952891,1577325320,
25512,1789802520,9869866,9353440,
26944,1789802799,1577507622,0,
20528,1789802899,10017115,0,
2561,1789802969,1577527930,9559034,
1577,1789803041,1577540023,0,
6886,1789803111,1577505624,1577537938,
29578,1789803244,1577405997,7627091,
15712,1789803484,1577073064,0,
14464,1789803542,1577496036,0,
14085,1789803648,1577311314,1577406096,
18648,1789803670,2522339,0,
15283,1789804018,8942925,7704883,
29156,1789804120,1576588036,0,
24938,1789804141,1576886887,1577532404,
24296,1789804405,1577544942,0,
26347,1789804559,1577338605,0,
22733,1789804976,1144521,0,
4812,1789805062,1577539906,1577507120,
21598,1789805160,1575914865,0,
2428,1789805702,9779516,8924265,
6425,1789805728,9789555,0,
15640,1789806126,1577269517,0,
4812,1789806340,1577539906,1577539906,
8639,1789806459,1577520900,0,
4438,1789806715,9135298,0,
3238,1789806742,1577526619,1577122903,
5340,1789807124,1577077797,0,
16672,1789807142,1577040263,1577485331,
17326,1789807668,9645437,1577485331,
10033,1789807821,1576979580,0,
32213,1789807831,1577546246,0,
15416,1789808089,10192925,0,
27661,1789808115,1577397494,0,
1812,1789808162,1576431758,0,
13275,1789808232,1577262209,0,
15835,1789808441,1577390985,0,
15229,1789808486,10187316,1577450953,
6472,1789808592,1576598150,1577231729,
9295,1789808647,1577534253,1577543420,
30662,1789808708,1577534684,0,
14249,1789809313,1577493796,1576875619,
4594,1789809555,1577539033,1577490462,
13243,1789809556,1819870,0,
12771,1789809848,1577279310,0,
3819,1789809860,1577484847,1577540888,
20499,1789810009,2217626,0,
23766,1789810247,8658681,0,
17443,1789810353,1577136351,725995,
12566,1789810442,1577526543,0,
11306,1789810710,9839014,1577507036,
3267,1789811074,1577303279,0,
3736,1789811276,1576102350,1577367654,
7635,1789811430,1575995793,1576717468,
10320,1789811446,1577321823,0,
24197,1789811487,1575965709,1577511539,
16161,1789811578,10192925,0,
17533,1789811674,1576449100,0,
10693,1789811711,9642632,0,
4321,1789811733,1576508063,0,
23316,1789812038,1577444303,0,
18023,1789812886,9888572,0,
30182,1789812979,1577534684,0,
6651,1789813156,1577535367,1577535870,
24185,1789813431,1577545088,1576096956,
16287,1789813432,1577300851,0,
14077,1789813605,1577507008,0,
16572,1789813630,8816541,0,
5322,1789813929,8564063,0,
18959,1789814042,8927127,0,
27837,1789814194,1576712413,1577545576,
27837,1789814194,1576712413,1576712413,
20763,1789814214,1577544702,0,
17914,1789814400,1577040263,1577485331,
22072,1789814411,1577169492,0,
418,1789814495,1577490989,1577538578,
23249,1789814634,1577444303,0,
17266,1789814917,1577374650,0,
15437,1789815132,8658019,0,
25502,1789815183,1575965709,0,
22567,1789815194,1577300851,0,
16980,1789815208,1577540388,0,
27153,1789815254,1576620804,0,
3039,1789815311,1381625,1576821123,
17386,1789815838,9888572,1576982986,
17386,1789815838,9888572,9888572,
16783,1789815858,1577136351,725995,
2932,1789816145,1577392662,0,
14656,1789816462,1577499075,0,
30140,1789816507,1094420,1577528760,
14709,1789816570,1577542085,0,
4834,1789816702,7668055,0,
27554,1789816869,1577504686,1577535042,
1560,1789817061,1577325274,0,
22818,1789817432,1577111906,1577346099,
29143,1789817514,1577534684,0,
1697,1789817743,1577537931,1577537933,
7257,1789817988,1576659949,0,
962,1789818716,1577544203,1577538578,
962,1789818718,1577544203,1577544203,
24475,1789818989,9864953,0,
8434,1789819031,1577526754,0,
11635,1789819088,1577512641,0,
27632,1789819249,1577503111,1442482,
27139,1789819374,1577197630,0,
5801,1789819404,9789555,0,
18023,1789819593,9888572,9888572,
15444,1789819779,2741812,0,
9505,1789820039,1577349938,0,
18228,1789820177,1577187836,0,
618,1789820178,1375412,0,
10907,1789820185,1576608156,1577284675,
52,1789820198,9876086,0,
3736,1789820332,1577076729,1576102350,
14375,1789820548,1577356387,1577505242,
17004,1789820847,1577539178,0,
4849,1789820849,3459704,0,
3867,1789821027,8621050,0,
9147,1789821072,1577349938,0,
14236,1789821181,1577319091,0,
34482,1789821249,1577378847,0,
11108,1789821352,10039871,0,
6061,1789821557,8609191,0,
13780,1789821569,1576608156,1577284675,
23336,1789821581,1577111906,10120799,
7954,1789821587,1576608156,1577521841,
22259,1789821638,3118288,0,
1406,1789821690,1577537166,1577520959,
10354,1789821880,1577492185,0,
28801,1789821940,1576176852,1577545723,
10907,1789821993,1576608156,1576608156,
32704,1789822365,1577356042,0,
26256,1789822588,1144521,0,
14714,1789822626,1577544093,0,
3807,1789822826,1576696487,1577543449,
17851,1789823087,3130542,0,
5610,1789823230,1576937673,0,
8252,1789823302,1577406000,0,
18628,1789823319,1577544412,0,
22780,1789823402,3118288,0,
25419,1789823408,1577545582,8512556,
9685,1789823525,1577046434,0,
9787,1789823549,477421,0,
2773,1789823561,1577499142,1576068723,
22063,1789823686,1577451673,0,
16812,1789823826,1577396992,0,
18070,1789823870,1577390985,0,
19817,1789823882,1577390946,0,
17973,1789823941,1577040263,1577485331,
16505,1789824145,1577544193,0,
27910,1789824159,1577508929,1577486065,
10182,1789824310,8046112,0,
8797,1789824605,9196619,0,
20071,1789824665,1577171625,0,
23429,1789824882,1577545193,1577376256,
24384,1789824902,10189407,0,
22546,1789824935,1577300851,0,
14007,1789824976,10115869,1577543868,
11710,1789825072,9285938,0,
23635,1789825194,3118288,0,
978,1789825485,1577123936,0,
14893,1789825579,1577067968,0,
16507,1789825594,9120425,1576835232,
18023,1789825662,9888572,9888572,
18023,1789825662,9888572,9888572,
8132,1789825945,1577350677,0,
17386,1789826224,1576982986,9888572,
16160,1789826409,9971029,0,
8499,1789826518,1577510430,0,
21913,1789826785,9979507,0,
20718,1789827072,1577493738,0,
12616,1789827292,1577512641,0,
17724,1789827331,1576401633,1577485331,
6925,1789827362,1577523449,0,
23656,1789827485,3118288,0,
19937,1789827961,1577532046,0,
10857,1789827995,1577535454,0,
7724,1789828083,1575995793,0,
34795,1789828139,1576204516,0,
7575,1789828368,1577265934,0,
22867,1789828436,1577092404,0,
27672,1789828824,1576620804,0,
14277,1789828947,1577543315,0,
10503,1789829156,9261979,9261979,
21144,1789829194,319909,0,
11947,1789829344,1577351899,8096091,
1797,1789829467,1576716190,0,
8857,1789829596,1576608156,1577521841,
2333,1789829894,1577539431,0,
12281,1789830074,8609191,1577383865,
13552,1789830181,1577542546,1577538046,
28994,1789830275,1577545668,0,
20817,1789830290,1576239968,0,
11891,1789830771,1577533697,0,
26595,1789830974,1575869975,0,
8218,1789831022,1577394158,0,
33386,1789831084,1577431073,0,
7022,1789831402,1577522507,0,
9915,1789831770,1577538591,0,
13358,1789831908,1577543181,0,
18808,1789832303,1577426137,1577215399,
12467,1789832356,1577520196,1576342688,
30863,1789832365,1577505797,1577341225,
18906,1789832402,9214215,0,
7550,1789832457,1577504050,0,
2946,1789832489,8812458,0,
9253,1789832585,10152802,0,
12174,1789832668,1577501389,0,
4701,1789833142,1576703850,0,
13747,1789833264,1577496036,0,
13822,1789833602,9621806,608497,
989,1789833766,1576903315,1576274298,
2208,1789833975,1577537359,3478371,
15137,1789834014,1577544193,0,
31925,1789834036,1577491951,1577519304,
23478,1789834169,9958324,0,
15760,1789834170,3100947,0,
25155,1789834202,1577545042,1576303975,
5137,1789834485,1577455373,0,
29615,1789834498,1577544971,0,
23619,1789834532,9752057,0,
2442,1789834645,1577543745,0,
12573,1789834796,2815069,0,
5787,1789834911,1577453052,0,
30710,1789835039,1577538934,0,
17687,1789835335,1577364944,0,
10503,1789835419,1577327643,9261979,
12652,1789835436,8033485,0,
19762,1789835670,10017115,0,
15041,1789835691,1577059736,0,
12077,1789835794,10026843,0,
8113,1789835818,9876086,0,
2985,1789835865,1577422997,0,
24426,1789836130,1577431073,0,
12996,1789836151,1577528437,1577505962,
9057,1789836224,1576941748,0,
135,1789836260,1577533940,0,
10547,1789836365,8942925,7704883,
26295,1789836470,1576712413,1577222207,
8896,1789836630,1576956198,0,
26560,1789836639,1577061017,0,
15196,1789836694,1576347194,1577485331,
16062,1789837194,1577300851,0,
3422,1789837442,1577539033,1577490462,
4288,1789837881,3126992,0,
3529,1789837967,1577543512,1577299714,
19127,1789838207,9700469,0,
4293,1789838494,1577541232,0,
17956,1789838609,10192925,0,
5870,1789838995,2241644,0,
17728,1789839113,1577511588,0,
14655,1789839246,8009331,0,
4339,1789839336,1575995793,0,
12957,1789839657,1576979580,0,
4620,1789839707,9277021,0,
6640,1789839912,1577059736,0,
6599,1789839913,1577507199,0,
24217,1789839913,1577423646,0,
2208,1789840228,9839014,1577537359,
4240,1789840515,1576963983,0,
30973,1789840820,1577348705,8328690,
27150,1789841103,1576093251,0,
6143,1789841671,1577077797,0,
34971,1789841689,1577546246,0,
12559,1789842024,1577512641,0,
10686,1789842324,171619,0,
8752,1789842382,1577405165,0,
11052,1789842400,2314840,0,
7384,1789842474,7976002,1577542140,
10352,1789842488,9642632,0,
30774,1789842752,1577232503,0,
15938,1789842792,1577268653,0,
1795,1789842855,1577086049,128761,
825,1789842909,1577538051,0,
24388,1789842992,8012511,1577545046,
24338,1789843077,1577537986,0,
14323,1789843227,1577543403,1479250,
3186,1789843460,1577178702,1577072710,
9946,1789843543,1576716190,0,
15196,1789843568,1577319091,1576347194,
9355,1789843623,1601449,0,
27301,1789843700,1577281597,0,
13407,1789843703,1577378014,0,
18702,1789843788,1576450370,1577428918,
9207,1789843877,10257779,0,
17166,1789843979,1577408647,1577457466,
16615,1789844053,1577268653,0,
20553,1789844165,1577426137,0,
13767,1789844263,1577440363,0,
10284,1789844383,1577535454,0,
3664,1789844471,1576779551,0,
9744,1789844531,10257779,0,
9794,1789844855,1577127354,1577540863,
13714,1789844880,1576369777,0,
26785,1789844945,1577126109,0,
2480,1789845058,608497,9182638,
15963,1789845081,1577300851,0,
16426,1789845261,1576401633,0,
18875,1789845315,1577374960,3382442,
17205,1789845820,1577544193,0,
15767,1789846219,1577248732,3234977,
14532,1789846457,1577507199,0,
14007,1789846720,1577279310,10115869,
21257,1789846742,2513210,0,
7614,1789846785,2100127,1577543420,
15247,1789846889,2779332,0,
18566,1789846976,1577544569,0,
18566,1789846976,1577544569,1577544569,
18566,1789846976,1577544569,1577544569,
18566,1789846976,1577544569,1577544569,
15140,1789847121,8213975,0,
12910,1789847371,1577514864,0,
4967,1789847558,1577499447,0,
20475,1789847598,1577136351,0,
21957,1789847771,1577147034,0,
13408,1789847856,1576426865,0,
11110,1789847983,704848,0,
10070,1789848381,1577261773,0,
8375,1789848471,1577178702,1577426349,
30933,1789848642,1576890825,0,
12305,1789848681,1577461280,0,
15427,1789849050,1577542085,0,
33514,1789849120,1576204516,0,
23869,1789849141,1576559031,0,
18547,1789849220,1577322633,1577380849,
6782,1789849447,1577537931,0,
14605,1789849514,1577544193,0,
14833,1789849557,1576270672,0,
11801,1789849570,1577399262,8516154,
22410,1789850002,1577500483,0,
11110,1789850014,1577523352,704848,
11110,1789850014,1577523352,1577523352,
16110,1789850138,1577229730,1577485331,
17881,1789850230,1577232385,0,
12467,1789850462,3084607,1577520196,
12467,1789850462,3084607,3084607,
70,1789850815,1577282858,0,
15196,1789850915,9768644,1577319091,
8128,1789851005,1577290291,0,
22088,1789851084,1576095712,0,
1813,1789851200,1577487732,0,
11796,1789851284,1577459879,1575996358,
11796,1789851290,1577416318,1577459879,
6441,1789851300,1577502521,0,
18207,1789851367,1577490916,0,
2507,1789851480,1576839110,1577399890,
3923,1789851481,1576839110,1577399890,
6900,1789851523,1576839110,1577399890,
2682,1789851552,1576839110,1577399890,
3301,1789851582,1577544093,1577172098,
4249,1789851626,1576525456,0,
14591,1789851690,1577513584,0,
26831,1789851759,1577532048,1577363148,
10176,1789851876,1577522554,1577430955,
402,1789852306,1577535670,0,
5124,1789852331,1575995793,0,
8873,1789853003,10257779,0,
20406,1789853400,1577268653,0,
12385,1789853414,1577512641,0,
4168,1789853605,1577465695,1577432887,
12467,1789853748,1576342688,3084607,
3553,1789853878,10061197,0,
26947,1789854178,1576176852,1577545434,
4262,1789854332,2880548,0,
10129,1789855217,1577179248,0,
9650,1789855289,1577252455,0,
8111,1789855614,1577543305,0,
11179,1789855842,9752551,0,
22460,1789856209,9523859,1577544703,
8491,1789856346,8304302,0,
9542,1789856716,9642632,10257779,
14230,1789857026,1216362,0,
9557,1789857154,1577349938,0,
4568,1789857404,9471881,0,
10377,1789857516,10007049,0,
23068,1789857540,8404713,0,
3354,1789857544,1577532848,0,
9132,1789857713,258773,0,
10,1789857728,8621050,0,
27646,1789857899,1577397494,0,
12383,1789858125,1577512641,0,
12094,1789858126,1577512641,0,
18382,1789858386,1728057,1577544248,
1792,1789858462,1577539555,101438,
21239,1789858678,1577544791,0,
15878,1789858725,2100127,1577372786,
13334,1789858740,1577535530,0,
10751,1789858864,1577279914,9225710,
17810,1789859102,8927127,0,
7520,1789859334,1577520021,0,
13875,1789859438,1577541439,0,
1522,1789859551,1577178702,1577426349,
18102,1789859793,9888572,0,
24814,1789860224,9864953,0,
2561,1789860252,1577505624,1577527930,
24208,1789860371,1577487956,0,
32712,1789860472,1577483735,0,
2137,1789860660,1575995793,0,
17078,1789860667,1577544193,0,
20184,1789860667,1576652508,0,
19642,1789860715,1577544468,0,
23252,1789860975,1577431073,0,
27146,1789861282,1577545602,0,
670,1789861454,1576776469,0,
14079,1789862055,1577059736,0,
19381,1789862821,1577530887,0,
16734,1789863495,9888572,0,
25239,1789863575,1577431073,0,
4450,1789863684,1577104559,0,
10538,1789863908,1576608156,1577521841,
20676,1789864069,2363816,0,
26721,1789864195,1577434061,0,
20804,1789864229,1577300851,0,
3878,1789864905,1577532848,0,
1008,1789865172,1577375163,0,
30202,1789865338,1577391955,0,
30905,1789865490,1577462233,1577139269,
17229,1789865569,1577544193,0,
12895,1789865620,2100127,1577372786,
4465,1789866208,1577540836,1577456599,
29027,1789866404,9285938,0,
28786,1789866592,1577524352,0,
6833,1789866803,1577533940,0,
16507,1789867250,8609191,9120425,
25230,1789867310,1577273952,1577409283,
3996,1789867431,1577182459,1577416110,
13426,1789867999,1577178702,0,
11190,1789868343,1577523932,0,
3186,1789868736,1577536449,1577178702,
12601,1789868902,9523129,1575854527,
3791,1789869336,1061536,0,
930,1789869642,1577422997,0,
16756,1789869738,1577544419,1577408728,
25228,1789869997,1577489354,1577497425,
14442,1789870136,10057023,0,
14384,1789870455,1577543403,0,
5209,1789871142,1575995793,0,
11039,1789871614,1577536286,0,
23587,1789872017,3118288,0,
16769,1789872253,1577374650,0,
16671,1789872261,1577300851,0,
4393,1789872465,1577392662,0,
5296,1789872495,1577423724,0,
5119,1789872637,1577525383,0,
6498,1789872838,1577537931,0,
12550,1789873267,1577512641,0,
13431,1789874137,1576824164,0,
8716,1789875209,8828794,0,
22123,1789875687,1577423646,0,
34595,1789875695,1577483735,0,
16136,1789875756,1577210194,0,
960,1789875783,9275232,1716929,
34012,1789876475,1577483735,0,
32554,1789876523,1577483735,0,
13120,1789876778,1577493803,0,
16478,1789876879,1577430890,0,
13066,1789876923,1577009392,607872,
17222,1789877021,1576449100,0,
6772,1789877276,1577501338,1577536494,
25151,1789877500,1577545042,0,
423,1789878156,1577142359,0,
13749,1789878207,8239422,0,
33825,1789878233,1575859303,0,
3000,1789878364,1577518265,1576068723,
4084,1789878474,9789555,0,
19159,1789878506,1577524173,0,
20134,1789879135,1577464497,0,
7204,1789879446,1577395864,0,
5853,1789879668,1577016743,10260675,
20565,1789879938,1577464497,0,
12791,1789880147,1577073064,0,
14125,1789880964,813539,0,
13607,1789881173,10164353,1576686856,
14006,1789881305,1576304811,0,
25333,1789881400,1577426317,0,
4084,1789881437,9789555,9789555,
19540,1789881527,1577417226,1577380217,
34637,1789881978,1577506024,0,
29856,1789882722,1577516846,8131481,
29462,1789882781,1577536820,0,
21816,1789882839,1577492206,0,
13100,1789883053,1577507199,0,
8336,1789883579,1577511025,0,
25965,1789883974,1576624664,0,
12942,1789884000,1577501389,1575857946,
26879,1789884000,1577544578,1577489354,
12854,1789884002,8609191,1577518818,
13610,1789884002,8609191,1577518818,
13682,1789884002,8609191,1577518818,
20460,1789884002,1577010036,8185409,
23491,1789884002,1577382414,1577401540,
27371,1789884002,1577390509,1577491830,
4590,1789884004,10115869,1577489898,
20856,1789884041,9800838,1576608732,
23409,1789884093,9800838,1576608732,
24368,1789884131,1577060442,1577526879,
1719,1789884310,1575995793,0,
11806,1789884424,1577535367,1577539364,
27553,1789884459,10251603,0,
10609,1789884558,1576612841,0,
3077,1789884731,1577490989,1576908434,
16310,1789884969,1577542546,0,
29387,1789885328,1577391955,0,
29801,1789885516,1577536820,0,
2969,1789885636,9789555,0,
6301,1789885797,9883742,0,
3431,1789886367,2652136,0,
7951,1789886679,1575995793,0,
32966,1789887460,10017115,0,
18718,1789887494,1577544193,0,
463,1789887608,1577536686,1577526122,
7039,1789888061,1577505432,0,
15939,1789888717,1216362,0,
15939,1789888719,1216362,1216362,
5732,1789888723,1575995793,0,
3801,1789888980,1306780,0,
4386,1789889048,1577432431,1577447669,
2400,1789889175,1577537931,1577538578,
29012,1789889439,1577529046,9794087,
9523,1789889460,2607380,0,
29064,1789889663,3392114,0,
12800,1789889763,1577274339,0,
7565,1789889811,1113238,0,
27846,1789890128,1577545616,0,
12010,1789890421,1577178702,0,
33651,1789890500,1577483735,0,
19670,1789890676,1576515268,0,
15040,1789890686,1216362,0,
1444,1789890710,1577097076,0,
4067,1789890892,1577538742,1577420823,
20575,1789890939,3246288,0,
12267,1789890968,1577158244,0,
28772,1789891656,1577419227,0,
27321,1789891661,1577419227,0,
7986,1789892017,1577176262,0,
16493,1789892127,1577364944,0,
26221,1789892218,733755,0,
16602,1789892304,1577180515,0,
9057,1789892448,1577304505,1576941748,
7450,1789892638,1577532848,0,
17487,1789892691,1577522946,1577544186,
21976,1789892781,1575928808,0,
4175,1789892930,9712134,1577432892,
23724,1789893035,940772,0,
20926,1789893446,1577464497,0,
7615,1789893554,1575995793,0,
26271,1789893792,1575987740,0,
7201,1789894177,1576781253,1577540339,
6478,1789894448,8277166,1577535390,
25412,1789894534,1577545243,0,
27110,1789894728,1577370056,1577220696,
11508,1789894864,9277021,1577411036,
11508,1789894864,9277021,9277021,
7224,1789894984,1577207636,0,
14510,1789895159,1577353269,0,
17267,1789895270,1577490916,0,
2937,1789895304,1577532848,0,
20675,1789895336,1577408106,1577540706,
14323,1789895354,1576598150,1577543403,
31804,1789895359,1576984345,0,
31382,1789895663,1577503170,0,
11072,1789896096,9642632,0,
23052,1789896428,1577509315,9140273,
33143,1789896430,1576984345,0,
3220,1789896472,1577537056,0,
16363,1789896556,8971236,0,
18263,1789896636,1577180515,2572253,
11738,1789896771,1577505719,1577072710,
8163,1789896787,1577526619,1576935207,
21331,1789897006,1577526460,0,
9588,1789897287,608497,0,
15896,1789897462,1577396699,0,
24006,1789897574,1576605277,1577545007,
12964,1789897665,1576342688,1577520196,
26470,1789897930,1577438578,0,
31079,1789898034,1577232503,0,
3122,1789898142,1577505624,0,
375,1789898447,2652136,0,
10567,1789898519,3039070,0,
12055,1789898567,1576708775,1577542777,
28890,1789898603,3392114,0,
14988,1789898665,1577544193,0,
20175,1789898807,1577464497,0,
2674,1789899010,1576431758,0,
17155,1789899295,1577514194,0,
18732,1789899301,1577238150,1577464113,
9541,1789899444,971259,0,
7141,1789899620,1577386883,0,
1268,1789899680,1577496178,1577455681,
17815,1789900175,1577526179,0,
9652,1789900509,1577179248,0,
28377,1789900822,1577545668,0,
13524,1789900909,1576079416,0,
9991,1789900997,1576823565,0,
20471,1789901107,8927127,0,
20471,1789901107,8927127,8927127,
28701,1789901282,1577347044,0,
28520,1789901690,1577434601,0,
12352,1789901734,1577512641,0,
20218,1789901784,1576391853,0,
23979,1789902073,1576730854,0,
12783,1789902186,1576514735,0,
2653,1789902353,1577538659,0,
1798,1789902432,1577527187,142049,
19248,1789902514,1576897890,0,
4525,1789902694,1576779551,0,
4525,1789902694,1576779551,1576779551,
4336,1789902709,1577428254,1577538578,
14260,1789902933,1577376086,0,
14302,1789903118,1577513669,0,
5043,1789903375,1576409112,1577507477,
16266,1789903376,3130542,0,
4842,1789903388,1576932853,0,
13527,1789903420,2100127,0,
5041,1789903523,9789555,0,
4590,1789903820,1577279310,10115869,
29410,1789903915,3118288,0,
22877,1789903995,1577464497,0,
2894,1789904043,9186675,0,
18736,1789904652,1577544629,0,
6614,1789904809,1577399535,0,
6614,1789904847,1577399535,1577399535,
20113,1789904860,1577214430,0,
12626,1789905471,1577538083,0,
2069,1789905565,1577532848,0,
19022,1789905623,295281,0,
11206,1789905716,1577532601,0,
26099,1789905724,1576712413,1577458642,
22282,1789905744,10017115,0,
10726,1789905783,9476676,0,
14302,1789905978,1577492491,1577513669,
12083,1789906118,1577300006,0,
4074,1789906232,1577373047,1577421662,
2702,1789906349,1577503937,1577539207,
35207,1789906405,1576204516,0,
25795,1789906426,1577377089,0,
18135,1789906490,1577537062,7712374,
22328,1789906635,1577545170,0,
351,1789906776,1577282858,0,
3172,1789906942,1577327517,0,
654,1789907315,106967,1577252481,
7405,1789907385,1577532848,0,
8135,1789907425,1577406000,0,
21729,1789907485,1577263787,0,
17977,1789907526,2613067,1577541291,
6095,1789907721,1785224,1577534772,
16127,1789907839,1577364944,0,
33883,1789907998,1577452447,0,
31091,1789908093,3392114,0,
12810,1789908106,7755816,0,
15004,1789908162,1577300851,0,
6179,1789908177,1577504050,0,
4253,1789908377,1577270215,0,
28749,1789908406,1577486078,0,
25340,1789908477,1577184777,0,
27689,1789908620,1576890825,0,
8370,1789908740,1100582,1577534592,
6913,1789908968,1577365881,0,
17448,1789909033,1576401633,0,
27730,1789909092,10241010,0,
6825,1789909148,1577541232,0,
17750,1789909200,1577136351,725995,
24899,1789909338,9979507,8845539,
563,1789909393,1576703850,0,
28891,1789909992,1576270672,0,
9876,1789910422,1577349938,0,
15117,1789910721,1577507199,0,
31859,1789910772,1576984345,0,
3683,1789910850,1577542697,0,
8026,1789910984,8039582,0,
28989,1789911138,1577507622,0,
18900,1789911231,1576862060,0,
20303,1789911296,1577544581,0,
32397,1789911322,1576807749,0,
13599,1789911329,1577514864,0,
17905,1789911473,1577423646,0,
31711,1789911739,2128175,0,
9810,1789911821,1577405087,0,
17199,1789911831,9875797,0,
34136,1789911854,1576984345,0,
12523,1789911986,3019681,0,
20072,1789912007,1575914865,0,
11277,1789912044,9642632,0,
4267,1789912074,1375412,0,
23176,1789912129,9533770,0,
25988,1789912267,1576962665,1577052639,
20641,1789912581,1576312757,0,
13660,1789912657,1577529876,0,
2829,1789912671,1577195098,0,
22426,1789912812,1577464497,0,
23883,1789913202,1577509315,1577540782,
2735,1789913301,1577422997,0,
27615,1789913505,1576620804,0,
5856,1789914024,2261699,1576068723,
14518,1789914054,1577311314,0,
10372,1789914243,7756628,0,
8306,1789914332,1575995793,0,
3571,1789914342,10213364,0,
4274,1789914342,8819928,0,
20211,1789914395,1577545049,0,
18147,1789914438,1577544301,1577368535,
4233,1789914496,2617477,1577433238,
432,1789914776,1577390344,0,
2171,1789914816,1130518,1577490462,
14475,1789915036,2815150,0,
12877,1789915102,1577416318,1577535118,
12443,1789915142,618448,0,
23068,1789915318,168739,8404713,
20166,1789915363,1577464497,0,
1485,1789915632,10071988,0,
24903,1789915756,1577382414,1657908,
3992,1789915942,1577498626,0,
24400,1789915952,10094903,0,
20828,1789916085,319909,0,
30854,1789916119,9909262,1577295752,
9690,1789916170,1577252455,0,
22513,1789916305,9888572,0,
6112,1789916306,1577318150,0,
10421,1789916385,1577412013,1577068853,
29844,1789916447,1576039189,0,
25254,1789916603,1577545063,0,
6595,1789916834,1577523449,1576908434,
12081,1789916920,1577500093,0,
21331,1789917373,8963712,1577526460,
21331,1789917373,8963712,8963712,
21331,1789917373,8963712,8963712,
22494,1789917446,8963712,0,
22810,1789917482,485896,0,
14036,1789917513,1577417601,1577540374,
22755,1789917554,1577464497,0,
29034,1789917656,3392114,0,
6438,1789917841,1577543506,0,
13297,1789917925,1577507008,0,
11226,1789918111,1576937849,0,
10880,1789918271,1577523352,0,
11734,1789918346,8363828,0,
4589,1789918426,1577532848,0,
15067,1789918433,1577452508,0,
13963,1789918453,1576984375,0,
6281,1789918619,8954846,0,
5930,1789918712,1020788,0,
17080,1789918712,1577544193,0,
18706,1789918749,1577544197,0,
17423,1789918831,7785993,0,
8535,1789919209,1577511025,0,
14384,1789919210,1576598150,1577543403,
24067,1789919261,1577431073,1576603248,
24067,1789919263,1576603248,1577431073,
22702,1789919268,8963712,0,
17750,1789919365,725995,1577136351,
28319,1789919793,1577197630,0,
31791,1789919827,1577452447,0,
32410,1789919973,1577361961,1577316142,
8291,1789920288,1577350677,0,
2968,1789920358,1577422997,0,
23057,1789920370,1577431073,0,
26812,1789920651,9845211,0,
28094,1789920744,1577431073,0,
23294,1789920805,1257571,2335309,
23411,1789920895,1576401633,1577258198,
19919,1789920939,1577514194,0,
29493,1789921051,1577538080,1577490372,
29493,1789921051,1577538080,1577538080,
10237,1789921189,8072994,0,
446,1789921415,8819359,0,
20811,1789921482,9839137,1577394053,
27059,1789921539,1577544578,1577489354,
26704,1789921571,1577311879,0,
33099,1789921792,1577356305,0,
21396,1789921856,9888572,0,
12562,1789922126,1577543605,1577353473,
14587,1789922336,1577396699,0,
11664,1789922352,583857,8247369,
373,1789922924,1577526619,0,
28231,1789923054,1577431073,0,
18732,1789923222,1577456618,1577238150,
16275,1789923609,1577490916,0,
2939,1789923660,1577422997,0,
23309,1789923714,1577431073,0,
18461,1789923763,1577180515,0,
18145,1789923898,1577408960,0,
8479,1789923933,1575943186,1577511025,
26644,1789923953,9175201,0,
12754,1789924006,1577543989,1576789347,
15422,1789924039,1577521913,360538,
26860,1789924205,1577249106,0,
379,1789924239,1577306410,1577543139,
14935,1789924271,1216362,0,
13899,1789924435,1576304811,0,
25657,1789924540,1577382414,1577489354,
19280,1789924619,1576450370,1577428918,
14933,1789924877,8677916,0,
14299,1789924996,8609191,1576903315,
20394,1789925096,1576391853,0,
12956,1789925342,1576984375,0,
5508,1789925502,1577532848,0,
4139,1789925556,1577537130,0,
22172,1789925622,1577544610,1577531428,
5459,1789925715,1577247043,1577526110,
9224,1789925930,1576608156,1577373312,
9224,1789925930,1576608156,1576608156,
18133,1789925932,1576608156,1577373312,
12960,1789925941,8547967,0,
7368,1789925943,1577535511,0,
25074,1789926086,1577533585,0,
12732,1789926121,1576973896,1577397211,
1126,1789926148,1577195098,0,
4686,1789926164,1577465695,0,
9227,1789926211,10055367,0,
14302,1789926224,1577513669,1577492491,
16339,1789926375,1577524607,1577489364,
21114,1789926584,1577544569,0,
16978,1789926662,1577490916,0,
20398,1789926888,1295499,0,
25325,1789926923,1575869975,0,
19360,1789927038,1576652508,1577544343,
3074,1789927447,8609191,1576903315,
3074,1789927447,8609191,8609191,
3074,1789927447,8609191,8609191,
24079,1789927702,1576662455,0,
5147,1789927888,1577528385,1577512319,
32318,1789927897,1576807749,0,
7657,1789927929,1577522554,0,
30345,1789928002,10017115,0,
11778,1789928043,10287096,1577453031,
20525,1789928070,9781088,0,
22911,1789928082,1577530887,0,
6607,1789928271,1577488359,1577535846,
934,1789928395,1577124090,1577245253,
8521,1789928424,1575995793,0,
29701,1789928459,3118288,0,
17520,1789928614,2363816,0,
22189,1789928767,1577505385,0,
3954,1789928807,1577539555,0,
10402,1789928967,1577059736,3469106,
15753,1789928986,9147907,0,
8422,1789929000,1577059736,3469106,
308,1789929171,1576356553,0,
16105,1789929180,1576130859,0,
34244,1789929245,1577444909,0,
17930,1789929492,1577490480,1577232385,
7549,1789929543,1577059736,3469106,
16391,1789929553,9967293,0,
2725,1789929688,9189327,0,
11604,1789929706,1577327700,0,
19557,1789929746,1577544299,1577113362,
21963,1789929833,1577464497,0,
31988,1789929926,1577506024,0,
3222,1789930019,1577381110,0,
20557,1789930094,3459464,1577082881,
4323,1789930103,1577532848,0,
7572,1789930124,1577532848,0,
2962,1789930142,1577200461,0,
7876,1789930234,1577520900,0,
5756,1789930253,1577437395,1577533337,
35441,1789930339,1577546246,0,
28318,1789930568,1577418462,0,
17953,1789930612,1577519674,0,
27977,1789930622,1577501831,0,
6466,1789930883,10118752,0,
23168,1789930985,9387446,0,
24917,1789931134,3172459,1577545122,
4238,1789931180,258773,0,
3074,1789931197,2229269,8609191,
7886,1789931224,529923,1577238595,
14017,1789931369,1577538083,0,
33323,1789931633,1576984345,0,
11911,1789931753,1577502812,0,
13653,1789931895,1577059736,0,
12597,1789932056,1577512641,0,
18522,1789932140,1577544163,0,
704,1789932297,1577530583,1577409166,
2787,1789932369,1576491732,1576102350,
15338,1789932565,9814162,10015247,
25725,1789932619,1577394358,0,
29022,1789932689,1577546054,0,
28829,1789932722,1576620804,0,
4403,1789932843,8832891,0,
14721,1789932970,2100127,1577372786,
2806,1789933003,1577509515,0,
2323,1789933214,1577522507,0,
33404,1789933219,1577356305,0,
22247,1789933665,1577379857,1575963898,
35,1789933712,1577212131,0,
33452,1789933798,1577123694,0,
25720,1789933822,1577527129,0,
577,1789933846,1577422997,0,
22483,1789933885,1577545582,0,
23136,1789933890,1577464497,0,
2197,1789933911,1576839110,1577399890,
14170,1789933996,9523129,9237991,
22611,1789934133,1577428950,1575921027,
7376,1789934149,1518944,0,
2271,1789934170,1577484886,8046112,
15214,1789934475,1216362,0,
6451,1789934774,1576006509,0,
22130,1789934993,10017115,0,
19663,1789935045,2363816,0,
1638,1789935073,1577523637,0,
10099,1789935292,1577466267,1577495681,
1178,1789935396,2606474,1576520314,
3436,1789935521,1577489257,0,
18350,1789935553,295281,0,
24663,1789935600,1577533730,2033332,
14683,1789935667,1216362,0,
24166,1789935723,1577064445,0,
9036,1789935775,1577361154,1577510961,
2198,1789936095,1576839110,1577399890,
34127,1789936140,1577452447,0,
22495,1789936179,8404713,0,
3688,1789936204,1577538659,0,
19272,1789936213,1576401633,0,
9900,1789936282,9857437,0,
3166,1789936285,1577181969,1577053574,
25251,1789936385,1577516952,1577300215,
23066,1789936620,1577518944,999792,
31338,1789936652,1577356305,0,
11231,1789936945,1576608156,1577542923,
4092,1789937034,1576696487,0,
16773,1789937227,8971236,0,
29548,1789937296,8989395,1577545266,
1451,1789937474,1577536212,9544769,
34099,1789937548,1577444909,0,
15994,1789937653,1577512067,0,
13363,1789937684,1577529138,1577355281,
7708,1789937709,1577537933,0,
10242,1789937751,1577179248,0,
704,1789937812,1577530583,1577530583,
8098,1789937830,2351874,0,
9053,1789938276,1577449904,0,
21324,1789938359,1577520010,0,
16398,1789938406,1577374650,0,
11773,1789938533,1577543316,0,
7852,1789938787,1576900092,0,
21504,1789938801,1577544518,0,
14055,1789938825,813539,0,
21660,1789938830,1577544898,1577544638,
9228,1789939159,9285938,0,
7994,1789939194,1577495490,0,
7215,1789939509,2100127,1577372786,
120,1789939541,1577521254,0,
12950,1789939601,1577059736,0,
17545,1789939634,2363816,0,
29902,1789939780,1576620804,0,
3165,1789939831,1576839110,1577399890,
996,1789939920,1577540512,0,
23363,1789940017,2231408,0,
23994,1789940117,1577533438,0,
19471,1789940159,3246288,0,
6724,1789940322,1577151127,1577535907,
12663,1789940459,8968526,0,
15135,1789940502,1577127354,0,
12580,1789940542,1577493803,0,
14515,1789940862,1577496036,0,
611,1789940908,9645437,8004100,
32595,1789940979,1576807749,0,
14925,1789941241,1577537166,1577520959,
2640,1789941278,2943946,9944239,
22407,1789941432,9752057,2335309,
7321,1789941512,1576839110,1577399890,
24175,1789941517,1577545049,1577369026,
3073,1789941582,1577532848,0,
21277,1789941679,397337,0,
24387,1789941880,1575965709,0,
8819,1789942201,1577389439,0,
6629,1789942467,1577538849,0,
18740,1789942563,9107720,0,
6451,1789942904,1577537931,1576006509,
19601,1789943136,1577496865,0,
10852,1789943322,1577534253,0,
3613,1789943523,8156505,1577336272,
6383,1789943530,1577454410,0,
17391,1789943664,1577540388,0,
25026,1789943750,1577545088,1577538663,
4720,1789944126,1577490989,1576908434,
989,1789944162,1577504874,1576903315,
1353,1789944305,1577541344,0,
2921,1789944526,1577176262,0,
24299,1789944769,1577365184,0,
29761,1789944841,1576179409,0,
10416,1789944895,760440,0,
35159,1789945190,1576984345,0,
10231,1789945324,1577313442,0,
22501,1789945734,1577538217,1577540082,
5365,1789945890,1577114057,0,
10850,1789946099,1577513584,0,
904,1789946100,1577244712,0,
17286,1789946192,1577544569,0,
729,1789946195,1576839110,0,
33547,1789946285,1576984345,0,
7194,1789946631,1577279914,1577540334,
22941,1789946866,1575965709,0,
29768,1789946952,1577544971,0,
3258,1789946992,1575943186,0,
24311,1789947079,1577545098,0,
10905,1789947167,1577425938,0,
28482,1789947540,1577545319,0,
21380,1789947658,1577393299,0,
4265,1789947759,106967,0,
28361,1789948008,1577391955,0,
6297,1789948687,1577247043,1577170060,
8097,1789948906,1577278242,0,
7187,1789948941,1577544203,1577538578,
30617,1789949395,1577356305,0,
30617,1789949396,1577356305,1577356305,
30617,1789949396,1577356305,1577356305,
30617,1789949396,1577356305,1577356305,
8684,1789950841,608497,0,
20830,1789951606,1577464497,0,
26748,1789951831,1577397494,0,
24378,1789952051,1577405997,0,
4736,1789952079,1577524206,0,
280,1789952421,9839014,1577537359,
23120,1789952617,1144521,0,
23270,1789952880,9120425,0,
22489,1789953082,1577464497,0,
21170,1789953092,1577185326,0,
32046,1789953151,9588126,0,
31057,1789953228,1577544971,0,
10026,1789953447,1577284151,0,
12681,1789953493,1577544008,0,
8833,1789953850,1577446326,0,
28414,1789953887,1577397494,0,
23573,1789953895,1577524352,0,
7187,1789953980,1577490989,1577544203,
15616,1789954179,295281,0,
19674,1789954379,1577483824,0,
10782,1789954677,1577449949,0,
27737,1789954887,1577504686,0,
10303,1789954897,1577449949,0,
17935,1789955403,1577490916,0,
8101,1789955797,1577543745,0,
22384,1789956128,1577374650,0,
21296,1789956414,1577092404,1577276676,
1627,1789956469,1577543989,1577458844,
5079,1789956617,1577542923,0,
5097,1789958419,1577436002,1577508383,
18544,1789958502,295281,0,
14899,1789959028,1577452508,0,
33922,1789959039,1576204516,0,
25059,1789959668,8658681,9353440,
25937,1789959709,1577421767,1577545304,
4461,1789959791,8475251,0,
11503,1789960194,1577493796,1577458517,
15955,1789960232,1577512528,0,
23190,1789960279,1577544935,0,
18004,1789961141,1577446349,0,
33468,1789961303,1576984345,0,
19472,1789961346,1576401633,0,
5366,1789961771,1130518,0,
11512,1789962087,1577512641,0,
1284,1789963084,1577137838,1577504557,
4163,1789963508,1577532848,0,
9821,1789963912,1576298928,0,
9908,1789964038,8304302,0,
17233,1789964448,1577490916,0,
31135,1789964714,1577545991,0,
30579,1789964734,1577060442,0,
29766,1789965381,1577508929,1577486065,
1446,1789965688,1577182459,0,
3774,1789966278,8172660,1577368517,
29545,1789966327,1576270672,0,
9212,1789966553,548866,0,
7303,1789967159,8860225,0,
19317,1789967262,1576355925,0,
10136,1789967465,1577229730,0,
16317,1789968068,1577419521,1577516104,
31302,1789968378,1576984345,0,
18441,1789968825,1576862060,0,
264,1789968899,9839014,8547967,
24525,1789969460,8059172,0,
26656,1789969792,1577143346,0,
14144,1789969977,1576781253,0,
13230,1789970192,9827999,0,
17750,1789970400,1577136351,725995,
17750,1789970400,1577136351,1577136351,
23046,1789970401,1576670683,1577206838,
30811,1789970402,1577426954,1577538080,
8910,1789970424,1577446402,9607649,
14831,1789970425,10092563,1576501328,
3461,1789970523,1577537896,1577273802,
5106,1789970732,7961799,1577509515,
20642,1789970777,1577545582,8076591,
25727,1789970805,1577347044,0,
4378,1789970830,1577148092,1577446342,
8087,1789971122,1576932602,0,
13294,1789971359,1577539301,0,
15329,1789971515,1576608156,1577542923,
7926,1789971745,1577538003,1577181321,
23471,1789971753,1577500903,1577263787,
8190,1789972180,1577543396,0,
19313,1789972189,1576486955,0,
6353,1789972269,1576401633,0,
22973,1789972610,1576976099,1577293039,
28445,1789972755,1577374960,1577545670,
17493,1789972971,1577544975,0,
27627,1789973089,1577347044,0,
4298,1789973091,1577506998,0,
29609,1789973455,3118288,0,
5042,1789973469,1577139881,0,
7512,1789973711,1577494371,0,
24275,1789973813,1577382414,1577489354,
22970,1789973910,1576976099,1577293039,
9390,1789974108,152124,1577507116,
25592,1789974225,1577509315,1577075479,
24652,1789974264,1577464497,0,
6810,1789974347,1577066276,0,
12128,1789974466,1577059736,0,
828,1789974638,1577489257,0,
1756,1789974851,1577373047,1577542532,
15897,1789974871,1577515518,1576268569,
12927,1789975063,681019,0,
23509,1789975651,1577349437,1575961225,
13032,1789975864,1577541060,0,
32813,1789976328,1576807749,0,
25309,1789976625,3172459,0,
9619,1789976665,1577349358,1576941748,
9619,1789976665,1577349358,1577349358,
9619,1789976665,1577349358,1577349358,
20928,1789976707,1577393502,1577544539,
15284,1789976756,1576270672,0,
34834,1789976771,1577452447,0,
9765,1789976838,1577544962,1577502939,
10787,1789976908,1577507199,0,
10985,1789977138,9285938,0,
15491,1789977446,9888572,0,
6055,1789977547,1577502218,1577534676,
14056,1789977651,1577510735,1577500400,
19511,1789977916,1577520010,0,
5773,1789978154,9550292,0,
19003,1789978786,1577544629,0,
15258,1789979000,1577526811,0,
16545,1789979040,1577544093,3091488,
12817,1789979049,1577331299,0,
12817,1789979049,1577331299,1577331299,
9788,1789979121,258773,0,
14565,1789979233,1577178702,0,
3161,1789979323,1577520977,1577042248,
249,1789979416,8812458,0,
8770,1789979487,1577350677,0,
12572,1789979621,9261979,8004100,
7721,1789979718,1577507188,9523129,
9096,1789979818,9642632,0,
2759,1789979825,1577539906,0,
25142,1789979994,1577534684,0,
8137,1789980468,1577349938,0,
2211,1789980556,9219282,0,
1626,1789980716,1577247043,0,
28380,1789980772,1577431073,0,
15510,1789980792,1577539136,0,
1311,1789980952,1577542697,0,
9848,1789981102,1575995793,0,
4583,1789981134,1577499631,1577489572,
13063,1789981487,9523129,0,
26172,1789981744,1575965709,0,
21547,1789981816,1577423646,1577544610,
29291,1789981899,8269463,1577486805,
25455,1789982059,1577531621,0,
7710,1789982209,7726094,1577286275,
26222,1789982343,1577532048,1576221717,
16365,1789982570,1577536190,1297454,
3547,1789982671,106967,0,
7199,1789982690,8169554,1577540337,
8500,1789982721,1577261773,1577542725,
3764,1789982775,312204,0,
800,1789982924,1577501338,0,
3063,1789983104,2349646,0,
12381,1789983126,1577460921,0,
7600,1789983153,1576298928,0,
26821,1789983213,1576850414,0,
3806,1789983614,1577421479,0,
21231,1789983642,9585439,0,
10942,1789983731,1577059736,0,
10942,1789983731,1577059736,1577059736,
28817,1789983751,1577545032,0,
24770,1789984016,1576620804,1577545102,
17180,1789984663,9860046,0,
20629,1789985869,1577504314,0,
9741,1789985921,7730087,0,
18327,1789986066,1577544569,0,
6033,1789986150,1577490989,1576908434,
6105,1789986157,1577490989,1576908434,
3346,1789986376,7969496,0,
10977,1789986625,1577484886,8046112,
11881,1789986744,1577401100,0,
6737,1789986805,1577492985,1577535914,
22774,1789987094,1577464497,0,
14548,1789987130,1577231729,1577296537,
9274,1789987315,1577540200,0,
5278,1789987334,9941410,0,
5413,1789987489,1577392316,0,
11741,1789987521,1577501389,0,
14688,1789987820,1576862060,0,
28362,1789987882,1577516846,0,
13751,1789987939,9218699,0,
3710,1789987940,1577077787,0,
699,1789988335,3077939,1577504193,
26924,1789988389,8007706,1577533226,
25164,1789988454,9864953,0,
9909,1789988651,259525,0,
8264,1789988704,1577502359,0,
13265,1789988720,1576824164,0,
17743,1789988940,1577514194,1577189339,
19399,1789989191,1577520010,0,
18336,1789989504,1577374650,0,
95,1789989558,1577537896,1577084602,
12425,1789989561,1577512641,0,
29294,1789989611,1577305275,1577538292,
9619,1789990117,1577505248,1577349358,
32164,1789990134,1577483735,1577221422,
1858,1789990298,9864164,0,
15189,1789990604,1577544058,0,
580,1789991193,1577383380,0,
13954,1789991278,1577499950,0,
30521,1789991394,1577516729,0,
29463,1789991466,1577462233,0,
29936,1789991654,10241010,0,
29328,1789991691,9270972,0,
7304,1789991785,1974764,0,
2511,1789991911,1577422997,3096060,
2511,1789991911,1577422997,1577422997,
30205,1789991957,1102804,0,
21799,1789992047,1577460911,0,
36022,1789992097,1576807749,0,
21580,1789992162,1577544614,0,
1091,1789992400,1577498626,0,
5478,1789992461,1577365881,1577527103,
4374,1789992476,8621050,0,
20463,1789992541,9800838,0,
32697,1789992570,1576984345,0,
20982,1789993229,1577544569,0,
29723,1789993351,9636145,0,
8461,1789993466,1100582,1577539404,
15698,1789993600,1577268653,1577444440,
23544,1789993991,1577464497,0,
4676,1789994010,310663,1577498360,
6540,1789994098,1577487842,0,
12189,1789994208,9261979,0,
30444,1789994386,9909262,0,
16231,1789994403,1577355633,0,
2902,1789994423,9277021,1576525456,
3927,1789994880,1577114057,0,
12204,1789995069,1577512641,0,
2697,1789995358,1577247043,1575943186,
5948,1789995435,1576703850,0,
8496,1789995549,258773,0,
27699,1789995825,1577397494,0,
14243,1789995994,1577515743,0,
4982,1789996136,1576776469,0,
29572,1789996186,1577505797,0,
19074,1789996243,10094903,0,
302,1789996579,1577385533,0,
16386,1789996652,9888572,0,
5390,1789997011,8832891,0,
16805,1789997021,1577544056,1577527449,
2239,1789997027,1577428843,7806131,
11078,1789997216,1577073064,0,
11078,1789997216,1577073064,1577073064,
7223,1789997375,1577530473,0,
1954,1789997508,8621050,0,
436,1789997674,10118752,0,
8337,1789997752,10085518,0,
13312,1789997840,1577527690,1577534263,
24898,1789997888,2231408,0,
10358,1789997931,1180286,0,
23128,1789997955,1577534684,0,
32497,1789998163,1577546246,0,
5510,1789998582,583857,1577528682,
17244,1789998655,1577544184,0,
19776,1789998865,2444984,0,
24323,1789998901,1577431073,0,
2926,1789999200,8609191,1577528385,
5147,1789999200,8609191,1577528385,
5147,1789999200,8609191,8609191,
13093,1789999200,8609191,1577528385,
23905,1789999247,1575961017,0,
15113,1789999789,1216362,0,
17331,1790000116,1577393697,0,
3817,1790000214,1577529138,1577380363,
27803,1790000674,1576979580,0,
12048,1790000690,1577371129,0,
11551,1790000776,171619,0,
16154,1790000848,1577531957,0,
22420,1790001130,1577349437,1577520898,
1095,1790001638,2524878,0,
4526,1790001757,1577247043,0,
19707,1790001891,1577040263,1577392073,
10031,1790001918,1576608156,0,
13306,1790002036,1576781253,0,
12370,1790002186,2355753,0,
2810,1790002311,1577543305,0,
24097,1790002436,1577534684,0,
4560,1790002494,8308415,0,
29885,1790002558,1577143315,1577537958,
3303,1790002574,1577247043,1575943186,
15710,1790002649,1577544193,0,
34495,1790002839,1576984345,0,
26901,1790003052,1577394358,0,
5419,1790003217,1575943186,0,
5017,1790003556,1577498200,0,
9345,1790003604,8635569,0,
1989,1790003632,2387304,0,
12612,1790003659,1577540836,0,
10031,1790003723,1576608156,1576608156,
986,1790004089,46212,9239802,
21039,1790004125,1577501125,1577380776,
2066,1790004259,10070392,0,
28093,1790004379,9285938,0,
7040,1790004866,1577420867,8247369,
24748,1790004912,1577364287,0,
26522,1790005019,1577434061,0,
30212,1790005812,1577153767,9013490,
17331,1790005870,1577526811,1577393697,
4872,1790005948,1577441405,0,
23172,1790005989,1577464497,0,
18165,1790006217,1577103914,0,
28308,1790006257,1577425872,0,
1785,1790006524,1577489257,0,
1785,1790006525,1577489257,1577489257,
1785,1790006525,1577489257,1577489257,
12066,1790006587,9839014,1577539265,
1084,1790007114,1577538895,0,
25199,1790007123,1577545032,0,
14668,1790007137,1577424267,0,
11389,1790007609,1576608156,1577542923,
224,1790007715,1577114057,0,
34272,1790007919,1577452447,0,
1903,1790007940,9471881,0,
11090,1790007996,8996017,0,
331,1790008146,1577512980,0,
10641,1790008212,8993660,0,
8066,1790008304,1577520866,0,
2291,1790008324,1577385537,0,
3357,1790008544,1577247043,1577170060,
1424,1790008589,1577523776,1576783714,
12058,1790008928,9261979,0,
5963,1790009062,1577544203,0,
28030,1790009133,8989395,0,
7312,1790009218,1577504050,0,
21161,1790009662,1576605277,1577392073,
18578,1790010000,1577136351,725995,
30360,1790010009,9888571,0,
27948,1790010281,1577431073,0,
22906,1790010866,1576341980,1577169755,
9877,1790010901,1577484886,0,
26068,1790010923,1576620804,0,
10039,1790011022,1577261773,0,
22775,1790011026,1577534684,0,
21836,1790011204,1577545164,0,
1871,1790011420,1577212131,0,
15910,1790011602,9888572,0,
19888,1790011782,1577059736,0,
3781,1790011851,1576985771,1576491732,
33827,1790011863,1577048182,0,
24843,1790011930,1577534684,0,
24249,1790012072,1577536604,0,
333,1790012074,1577439119,0,
27067,1790012076,3172459,0,
19604,1790012102,1577268653,0,
5686,1790012504,1575995793,0,
10650,1790012530,1577494514,0,
6763,1790012566,9503234,0,
18376,1790012611,1577136351,725995,
12875,1790012652,1577065649,0,
1452,1790012655,1577540023,0,
25256,1790012773,1577396317,0,
21027,1790012929,1577181969,1577182459,
15881,1790013087,1577180515,0,
8240,1790013151,3039070,0,
15970,1790013190,1577544058,0,
20708,1790013196,8963712,0,
27485,1790013211,10188951,0,
2232,1790013274,787594,7776593,
21978,1790013478,1577513316,0,
30264,1790013553,3118288,0,
3966,1790013674,1575943186,0,
9377,1790014005,1576608156,0,
7519,1790014169,7969496,0,
14154,1790014340,529923,1576171959,
4805,1790014370,10113203,0,
12919,1790014931,1577401100,0,
10178,1790015063,1577327643,9261979,
14548,1790015342,1576598150,1577231729,
28188,1790015386,792488,3382442,
16474,1790015389,1577269517,0,
31250,1790015558,1577444909,1577392603,
1855,1790015696,8039582,549882,
19665,1790015778,1577456618,0,
19278,1790016270,1576605277,1577392073,
4632,1790016304,1577523449,1576908434,
9778,1790016576,7730087,0,
21398,1790016599,8790349,0,
4333,1790016724,1577505624,0,
8983,1790016765,971259,0,
7151,1790016955,8954846,0,
20995,1790017011,1577538217,0,
25040,1790017170,7904967,1577117696,
23186,1790017280,168739,0,
15699,1790017422,1576130859,0,
15299,1790017865,1577535367,9741357,
17087,1790018026,1577408647,1576986707,
5227,1790018076,1577537931,0,
6288,1790018167,1577301029,1577385537,
1448,1790018211,632653,0,
8601,1790018684,8072994,0,
25180,1790018784,1577504455,9055044,
4666,1790018828,1130518,0,
26856,1790018911,9588126,0,
12593,1790018932,1577514864,0,
20177,1790019023,3327844,1577501125,
13232,1790019059,1577059736,0,
6076,1790019300,1577421479,0,
10471,1790019332,1577060944,0,
3520,1790019406,1577544203,1576068723,
20271,1790019424,8963712,0,
3109,1790019868,1577303143,0,
7019,1790020083,1577505432,0,
1607,1790020114,1576779551,0,
9404,1790020339,1577526593,1576409112,
19917,1790020430,9107720,0,
9388,1790020487,1577483451,0,
18727,1790020981,2363816,0,
20647,1790021048,1577513316,0,
20324,1790021133,1576401633,0,
285,1790021193,9839014,1577539265,
10922,1790021207,1575942295,0,
18132,1790021229,1577521913,0,
18010,1790021940,1577136351,725995,
12150,1790022002,1577435805,0,
1438,1790022119,1577406964,1576801183,
23462,1790022633,1577545582,1577500483,
28064,1790022682,1576209065,1577398639,
6236,1790022718,8942925,0,
2250,1790022822,607767,0,
2041,1790022849,1576298928,0,
8168,1790022889,8246098,0,
10233,1790023097,1577050969,0,
7118,1790023162,1577443463,1577539961,
23521,1790023254,1577349437,0,
8168,1790023256,1577396699,8246098,
10152,1790023258,1577421183,0,
8247,1790023371,1577396088,0,
36171,1790023375,1576204516,0,
18236,1790023600,1577544975,0,
6944,1790023860,1576298928,0,
8168,1790024006,8658019,1577396699,
35334,1790024048,1577534972,0,
3085,1790024104,1577501338,0,
2568,1790024340,1576096938,9607649,
2856,1790024344,520283,1576380099,
14265,1790024614,8677916,0,
7916,1790024682,4652,0,
31431,1790024930,1577516846,0,
27237,1790025019,1577542011,1577545481,
18347,1790025066,1576862060,0,
2159,1790025182,8819928,0,
21903,1790025195,1577360773,0,
6795,1790025462,1575943186,0,
17822,1790025586,689302,0,
31964,1790026021,1577483735,1577453513,
5418,1790026427,1576696487,0,
25672,1790026806,1577511190,1577545255,
1608,1790026819,1577422997,0,
23450,1790026843,1575965709,0,
21937,1790026932,1577544569,0,
24215,1790027043,1577544649,1577324641,
34409,1790027101,1576984345,0,
2816,1790027244,1577247043,1577170060,
3363,1790027309,1576508063,0,
2185,1790027480,1577499142,1576068723,
6167,1790027484,3240324,1577534825,
10803,1790027722,1577512641,0,
16636,1790027815,1577060442,0,
15489,1790027895,2241644,0,
5024,1790028064,1577428254,1576068723,
6771,1790028159,1577384735,0,
1385,1790028519,7668055,0,
14927,1790028772,1577538418,1576604265,
34719,1790028878,1577356305,0,
13614,1790028933,1577545071,0,
24608,1790029011,1577545193,0,
1830,1790029146,1577542714,0,
7287,1790029310,1577484847,1577540888,
24000,1790029358,1577464497,0,
30591,1790029374,9636145,0,
23548,1790029512,1576679816,0,
22873,1790029659,3118288,0,
27852,1790029795,1577249881,0,
7486,1790029828,1577262209,1577542552,
18770,1790030007,1493164,1577431811,
36112,1790030243,1577544578,0,
13332,1790030688,7909153,0,
31597,1790031815,1577391955,0,
22554,1790031854,1576976099,0,
18672,1790031914,9834413,0,
13594,1790032223,1576781253,0,
1628,1790032251,1577518265,1576068723,
8248,1790032315,1577543122,0,
26270,1790032376,1577405997,0,
3784,1790032416,1576756867,0,
17069,1790032622,1577136351,0,
30673,1790032964,1577507622,0,
17135,1790033024,1577483845,0,
13348,1790033180,1577541060,0,
12695,1790033300,9523129,0,
332,1790034012,1576363634,1577543427,
20894,1790034305,1577543015,0,
23548,1790034333,8963712,1576679816,
27221,1790034365,1239642,1577538687,
14149,1790034371,1577454074,1576738170,
11161,1790034679,1576608156,0,
11161,1790034679,1576608156,1576608156,
11161,1790034679,1576608156,1576608156,
15779,1790034763,1577279310,0,
23418,1790034795,1144521,0,
9953,1790034807,1576608156,0,
6251,1790034910,1577293750,0,
6510,1790035101,1577279310,0,
21047,1790035687,1577536606,1577230531,
2335,1790035702,3084607,8319911,
8742,1790035776,1575995793,0,
19620,1790035853,1577544193,0,
18486,1790035856,1576862060,0,
12429,1790036062,1576781253,0,
31039,1790036400,1576976099,0,
7266,1790036591,1577425681,0,
4368,1790037065,1575943186,0,
8419,1790037233,9804716,1577539385,
11941,1790037303,1577411036,0,
10311,1790037343,1577415816,0,
17531,1790037568,1576862060,0,
1032,1790037631,7730087,0,
22667,1790037842,1577534684,0,
20885,1790037909,2363816,0,
833,1790037989,258773,0,
6381,1790038043,1974764,8416945,
10904,1790038332,1577394820,0,
1484,1790038518,1577178702,1576514735,
14208,1790038544,1577319091,1576824164,
4844,1790038588,8621050,0,
377,1790038605,1577124090,1577542913,
3536,1790038679,1974764,8416945,
23299,1790038679,1577534684,0,
16915,1790039605,1577544193,0,
30726,1790039718,1577049933,0,
12005,1790040431,1577435805,0,
31279,1790040743,3118288,0,
26254,1790040952,1577527930,409237,
11378,1790040991,1333459,0,
19278,1790041058,1577040263,1576605277,
23594,1790041379,1577534684,0,
2593,1790041779,1577527465,0,
33821,1790042103,1576984345,0,
12618,1790042425,1576608156,0,
33573,1790043186,1577356305,0,
9368,1790043410,1577035038,0,
31581,1790043416,1577348705,0,
2902,1790043511,1577539431,9277021,
11907,1790044765,1577501389,0,
23185,1790045098,1577374650,0,
32217,1790045098,8931073,9704970,
16302,1790045119,1577303147,1577529983,
21471,1790045293,1577544791,0,
15512,1790045589,1577539363,1577537984,
9736,1790046227,1576608156,0,
10101,1790046368,1576608156,0,
24347,1790046689,1577431073,0,
28863,1790047648,1577486078,0,
30787,1790047686,1577175835,1577546006,
18644,1790048585,2248983,1577384286,
31175,1790049175,1576270672,0,
17770,1790049345,1577438623,0,
4446,1790050373,9779516,1577451898,
16516,1790050717,9768644,0,
19150,1790051257,1577544424,0,
14184,1790051280,9839693,1577425387,
8602,1790051545,1577505248,0,
2124,1790051560,1577114057,0,
19530,1790051773,2201913,52326,
2787,1790053040,1577498189,1576491732,
4532,1790053684,1577525383,0,
11974,1790053710,9839014,0,
1045,1790054016,1577181310,0,
7269,1790054176,1577028321,0,
14219,1790054199,1577536449,1576514735,
18262,1790054387,1577542135,0,
10818,1790055004,1577360664,0,
13023,1790055450,978765,0,
10975,1790055678,1577430890,0,
2925,1790055767,1577543745,0,
3052,1790056617,1577114057,0,
733,1790056800,1577374650,2229269,
8788,1790056800,10115869,10057023,
21575,1790056810,1577010036,1577544614,
23318,1790056810,1577126109,1577292595,
19237,1790056811,8979093,1577187836,
21575,1790056814,1577010036,1577010036,
23094,1790056814,1577010036,1577544614,
24169,1790056814,1577010036,1577544614,
1044,1790056817,1577539056,10041214,
9619,1790056833,1577349358,1577505248,
29971,1790056841,10015177,1576657952,
14170,1790056886,1577507188,9523129,
2150,1790056929,1577422997,3096060,
2150,1790056930,1577422997,1577422997,
2150,1790056930,1577422997,1577422997,
19358,1790057041,1577279914,1577544342,
15847,1790057115,1576728802,0,
15512,1790057124,1577419521,1577539363,
15584,1790057161,1577514194,9804716,
20091,1790057199,1577374960,1577455870,
28026,1790057752,1577434601,1577545614,
10921,1790057776,1577059736,0,
11106,1790057880,1577433791,1577345825,
4826,1790058004,1577301029,0,
22479,1790058217,1577273211,0,
19105,1790058417,1577544326,0,
7199,1790058533,1577274339,8169554,
7199,1790058533,1577274339,1577274339,
4439,1790058551,3126992,0,
15130,1790058706,8942925,0,
33362,1790058914,1576807749,0,
12886,1790059553,1576401633,0,
12886,1790059565,1576401633,1576401633,
17641,1790059574,1577103914,0,
6563,1790060036,1577319091,0,
26928,1790060173,1577529046,1577545430,
19920,1790060240,1577374960,1577455870,
19128,1790060833,1577439119,0,
18979,1790060891,3130542,0,
8267,1790060894,1575995793,0,
29975,1790060914,313901,0,
716,1790060940,1577124090,473648,
10899,1790061151,2314840,724234,
12043,1790061295,1577158244,0,
26280,1790061389,9845211,1577545345,
4152,1790061556,1577502521,0,
20254,1790061746,1577542820,0,
3626,1790062031,1577170060,0,
14199,1790062162,2314840,1577262209,
26604,1790062781,1577532048,0,
11736,1790062978,10092563,3158433,
5482,1790063846,1211055,0,
16618,1790063906,1577545848,1153440,
21586,1790064090,1577513316,0,
31741,1790064201,1577113388,0,
4291,1790064376,1577535670,0,
14295,1790064439,1577408647,1577372786,
17877,1790065038,2363816,0,
27036,1790065069,1577545300,0,
7860,1790065288,1576298928,0,
9829,1790065500,7730087,0,
24142,1790065739,9569646,0,
24055,1790065806,1577405997,0,
29795,1790066077,1577545417,1577425434,
19920,1790066521,1577374960,1577374960,
27076,1790066737,1577405997,0,
10126,1790066756,1576608156,0,
9525,1790066974,8231565,0,
19693,1790067001,2363816,0,
25398,1790067078,1577405997,0,
11658,1790067340,1577449949,0,
17639,1790067446,1576862060,0,
13008,1790067602,8609191,1577528385,
202,1790067690,1575866300,0,
7603,1790067823,787594,1577543371,
10786,1790067885,1577394820,0,
24857,1790067899,1577534684,0,
25525,1790068190,1577421767,0,
17234,1790068536,1576401633,0,
2063,1790068887,1577514592,0,
18300,1790068986,1577388732,0,
9786,1790069315,852853,1577539940,
28355,1790069542,1577419227,0,
1685,1790069658,1577499456,1577411853,
5966,1790069659,10253420,0,
28154,1790069818,1577419227,0,
17399,1790070010,1102804,725995,
13101,1790070220,1577512641,0,
23235,1790070576,1577544569,0,
2836,1790070664,1577543128,0,
16308,1790070706,1577531957,0,
24939,1790070741,1577531621,0,
24041,1790070772,9490221,1577292595,
15679,1790070824,1576982986,0,
9594,1790070893,8304302,0,
8089,1790071143,1577495490,0,
20095,1790071196,1576391853,0,
208,1790071458,1576839110,0,
9984,1790071850,1577073064,0,
8105,1790072160,1577262490,0,
10808,1790072209,1577394820,0,
23392,1790072302,1577349437,0,
16223,1790072579,1577514194,0,
5211,1790072597,1576696487,0,
28763,1790072793,194641,0,
15974,1790072828,792488,0,
14428,1790073245,1577319091,0,
17283,1790073271,1577490916,0,
15217,1790073447,1577279310,0,
19346,1790073568,1577388732,0,
31472,1790073665,8963155,0,
17527,1790073790,1577521913,0,
12341,1790073997,1577378014,0,
19558,1790074211,1577515929,0,
16618,1790074372,1577327643,1577545848,
16863,1790074417,1577103914,0,
5101,1790074521,1577340545,0,
12115,1790074997,1577484886,0,
18446,1790075048,1576449100,0,
23153,1790075393,1577187211,1577292595,
17211,1790075466,9514208,0,
22753,1790075734,9920231,1577533438,
9613,1790075774,7667875,0,
1508,1790075850,1577349358,0,
18918,1790075880,1577456618,1577532046,
1957,1790076150,1577507188,0,
15734,1790076440,1577279310,0,
18529,1790076455,10094903,0,
29693,1790076557,1577545811,0,
30016,1790076660,1577545516,1577531385,
26444,1790076701,1576093251,1577402646,
28253,1790076804,1577397494,0,
19800,1790076857,1577456618,0,
20654,1790077272,1577543326,0,
2684,1790077488,1577499142,0,
24950,1790077533,1577534684,0,
26254,1790077638,1577505624,1577527930,
20301,1790077692,1577268653,0,
20768,1790077872,1577439119,0,
9714,1790078034,1577405087,1577108278,
15737,1790078037,1577542546,0,
16073,1790078064,1577514194,0,
13884,1790078564,1577279310,0,
2779,1790078676,1577454410,0,
12971,1790078723,1577319091,0,
25302,1790078893,1577545413,0,
26751,1790079072,1577486078,0,
10901,1790079124,1577512641,0,
24369,1790079159,8460835,0,
32862,1790079297,1577060442,0,
9215,1790079460,2607380,0,
25768,1790079508,1577545419,1577425434,
5373,1790079606,1576298928,0,
15585,1790079647,1577414967,0,
8552,1790079705,1575995793,0,
20887,1790079940,1577423646,0,
24878,1790079996,8070008,0,
20863,1790080121,1577136351,0,
23434,1790080326,1577544694,9122018,
8681,1790080570,1577536439,0,
9256,1790080689,1577534253,0,
14018,1790080765,1577507008,0,
19816,1790081101,9800838,0,
13089,1790081170,1577067968,0,
124,1790081254,1375412,0,
29216,1790081354,2128175,0,
17434,1790081708,9834413,0,
25079,1790081930,3172459,0,
22519,1790082154,1577349437,0,
23389,1790082160,8979093,9968576,
34780,1790082225,1577452447,0,
26823,1790082278,1577338605,0,
19600,1790082388,9684280,0,
23732,1790082389,1577464497,0,
5219,1790082407,1577542546,1576862060,
32784,1790082542,1577048182,1577546278,
14074,1790082559,1577399262,0,
4324,1790082722,1577523449,0,
10097,1790082801,1601449,0,
20837,1790082881,1577544414,1080223,
17697,1790082921,1577297044,0,
11132,1790083018,1577484886,0,
8486,1790083034,1576006509,0,
3251,1790083129,1575842212,0,
3655,1790083288,1577532848,1577348462,
19204,1790083375,1577544415,1260323,
9648,1790083431,1577536290,0,
1508,1790083518,1577220971,1577349358,
203,1790083558,1577408275,0,
17702,1790083558,1577192256,0,
17702,1790083558,1577192256,1577192256,
12102,1790084142,1577319091,0,
21452,1790084233,8979093,9968576,
21452,1790084233,8979093,8979093,
10186,1790084598,1577538635,0,
16462,1790084678,1577360773,0,
731,1790084789,1576533606,1577542956,
3689,1790084860,1577114057,0,
7903,1790084901,1576298928,0,
14290,1790084946,1577178702,1576514735,
10658,1790085203,9256749,0,
23745,1790085387,1577405997,0,
28836,1790085671,1577391955,0,
13802,1790085956,1577498626,0,
19346,1790085979,1577544163,1577388732,
8110,1790086021,1576298928,0,
13796,1790086671,1577059736,0,
8391,1790086909,1577100814,0,
33181,1790087293,1577378847,0,
5567,1790087401,1577505624,0,
24138,1790087402,1577544675,0,
24319,1790087422,1577405997,0,
27345,1790087480,1577368361,0,
781,1790087507,1130518,0,
357,1790087586,1577505624,0,
3402,1790087713,2160809,0,
13476,1790087720,1577538083,0,
10374,1790087833,1577327643,0,
5960,1790087835,1577073064,0,
17628,1790087904,400157,10192406,
28185,1790088019,1577390655,0,
2566,1790088217,1577381110,0,
17084,1790088258,1577073064,0,
9457,1790088414,9285938,0,
19766,1790088503,1577544299,1577544386,
2717,1790088533,1577104559,0,
22896,1790088533,1577410712,1577516923,
28647,1790088601,3392114,0,
23762,1790088622,1577417264,0,
4651,1790088669,9640463,0,
24870,1790088705,1577394586,0,
26896,1790088932,1577513316,0,
12899,1790089544,8033485,0,
17445,1790089988,1577181107,0,
12776,1790089991,1577401100,0,
7524,1790089998,1577516528,0,
18014,1790090050,1577340462,1576031502,
17944,1790090183,1576862060,0,
22611,1790090209,1577520010,1577428950,
14859,1790090267,10092563,0,
5645,1790090335,1577327643,0,
16192,1790090400,295281,0,
26178,1790090425,9864953,0,
13199,1790090542,1577319091,0,
46,1790090734,1577365881,0,
22433,1790090810,1577520010,1577428950,
26247,1790090875,1577489446,1577503485,
28343,1790091184,1577281597,0,
1958,1790091208,1577520866,0,
13139,1790091381,1577536449,1576514735,
5751,1790091437,10257779,0,
8688,1790091539,258773,0,
25302,1790091564,8963712,1577545413,
17018,1790091854,1577539321,0,
24538,1790092243,1577405997,0,
15178,1790092302,1216362,0,
22490,1790092347,383773,1577501599,
27299,1790092360,9869866,1577507622,
25362,1790092583,1577537986,0,
16810,1790092643,1577526811,0,
26792,1790092701,1577513076,1577545226,
13465,1790092826,9621806,1577126356,
10024,1790092921,9857437,0,
9949,1790093126,608497,0,
12091,1790093222,2375326,0,
22526,1790093339,1577150723,1577544614,
8734,1790093341,1577526754,3230217,
8581,1790093377,3039070,0,
18920,1790093858,2206898,1577341817,
21346,1790093924,9800838,0,
3824,1790093943,1577378174,0,
5460,1790094170,1577422997,0,
9206,1790094273,1577533294,0,
25583,1790094564,1577534684,0,
18928,1790094566,1577229730,1576355925,
7819,1790094804,1577290291,0,
19045,1790095031,1577305909,3034750,
3897,1790095120,607767,0,
7665,1790095150,1576846722,0,
25476,1790095402,1577111906,1576970765,
13390,1790095565,681019,0,
9528,1790095807,1577534253,0,
9370,1790096031,1577483451,0,
32902,1790096205,1503822,1577542183,
16862,1790096302,1577494283,1577539499,
10446,1790096329,1577394820,0,
412,1790096378,1576703850,0,
24479,1790096437,1577334751,1577511040,
17399,1790096568,1577136351,1102804,
7863,1790096655,2950142,0,
11113,1790096724,1577021648,0,
12244,1790096747,2815069,0,
12806,1790096853,1577232018,0,
25562,1790096905,1577390509,2568739,
3053,1790096918,1306780,1576842103,
14650,1790096982,9971170,0,
22816,1790097300,1577010036,9968576,
17870,1790097504,1577504878,1577536213,
8228,1790097584,1577248732,0,
23981,1790097774,1577396380,0,
12938,1790098017,1577319091,0,
16916,1790098137,1577536212,725995,
27975,1790098144,1577543848,1577448135,
4742,1790098300,1577325274,0,
1594,1790098316,1577523449,0,
12672,1790098933,1577073064,0,
25718,1790099206,1577396317,0,
21968,1790099297,1576369173,0,
18374,1790099381,1577544414,0,
11113,1790099691,7869583,1577021648,
1177,1790099697,1577489257,0,
20941,1790099856,1577322633,0,
27557,1790099864,1577545419,1577425434,
1621,1790099868,1577489257,0,
11502,1790099905,1577518034,0,
680,1790100209,1576756867,1577249320,
15288,1790100307,1577515991,0,
21119,1790100341,1577423646,0,
21425,1790100467,1577360773,0,
13712,1790100551,2355753,0,
29949,1790100854,1640849,10040927,
5843,1790100987,1577354984,0,
31183,1790101010,1577462233,1577533607,
15209,1790101025,1576608156,0,
15493,1790101036,8239422,0,
5480,1790101285,1577489257,0,
5480,1790101285,1577489257,1577489257,
5480,1790101285,1577489257,1577489257,
24946,1790101330,1577405997,0,
12308,1790101409,9261979,0,
26300,1790101674,1577534684,0,
10240,1790101679,7730087,0,
16792,1790101743,1577542080,0,
27882,1790101755,1577370056,0,
5749,1790102022,1577331299,0,
1156,1790102095,2349646,0,
22912,1790102432,1577136351,0,
17967,1790102537,9261979,0,
25320,1790102569,1577273952,0,
7147,1790102575,1577465504,1577540185,
16225,1790102892,1577279914,0,
5133,1790102917,1577526925,0,
5311,1790102949,8039582,1577520021,
29716,1790103032,1577378572,1576664300,
16134,1790103110,1576982986,0,
26337,1790103191,1577419227,0,
11736,1790103236,1577059736,10092563,
21364,1790103275,2363816,0,
16280,1790103312,1577246381,0,
21513,1790103459,10017115,1577045013,
9019,1790103489,1577285245,1577507292,
32512,1790103738,1577539136,0,
18241,1790103779,1576982506,1577493832,
21630,1790103835,1577136351,0,
16220,1790103869,1577279310,0,
14286,1790104039,8677916,0,
23076,1790104051,1577187211,1577292595,
2030,1790104217,1577373047,2022803,
16240,1790104287,1577514194,0,
18277,1790104298,1576862060,0,
27537,1790104300,1577273211,1577483116,
803,1790104307,1577517307,0,
14275,1790104713,1577537933,1577437395,
21953,1790104758,1577518171,0,
21513,1790104839,10017115,10017115,
28198,1790105030,1577360296,0,
6683,1790105139,1576298928,0,
5120,1790105283,1577522967,1577510436,
10622,1790105331,1180286,0,
22486,1790105485,1577171897,1577544614,
5606,1790105534,1689796,0,
8667,1790105593,1577415816,0,
8667,1790105601,1577415816,1577415816,
25391,1790105642,1577279438,0,
23565,1790105672,9490221,1577292595,
19660,1790106186,1577488094,0,
1933,1790106253,1577139820,0,
3868,1790106643,1561562,0,
21535,1790107009,8979093,9968576,
25529,1790107190,1577397494,0,
12033,1790107305,9523129,0,
17321,1790107621,1577533360,0,
29978,1790107685,9978487,1576890825,
15487,1790107774,9120425,1576835232,
14231,1790108118,1577442311,1577539265,
5706,1790108446,1577425681,0,
24558,1790108469,1577279438,0,
21161,1790108695,1577040263,1576605277,
21535,1790108711,1577010036,8979093,
21535,1790108711,1577010036,1577010036,
21535,1790108711,1577010036,1577010036,
129,1790108747,9926210,0,
22463,1790108824,1577495320,0,
25890,1790109078,1577405997,0,
3488,1790109110,1577077787,0,
11018,1790109158,1576781253,0,
5375,1790109217,1577268661,0,
26889,1790109449,1577545604,0,
1154,1790109487,9779516,0,
7859,1790109529,1577545848,1577522183,
18716,1790109550,1577374650,0,
2292,1790109750,1102568,8156505,
2292,1790109750,1102568,1102568,
2292,1790109750,1102568,1102568,
11541,1790109891,1576155415,0,
20533,1790109918,1577544464,0,
14133,1790110108,1577507188,0,
4197,1790110188,1577504050,0,
31152,1790110235,1577431073,0,
1508,1790110497,1577349358,1577220971,
4830,1790110642,1577465504,1577540185,
27762,1790110896,1577347044,0,
14534,1790111315,9768644,0,
8528,1790111610,2351874,710130,
2626,1790111691,1577306410,0,
30109,1790111716,8217072,0,
23906,1790111906,1577405997,0,
6371,1790111950,8447777,0,
15043,1790112015,8071280,0,
15417,1790112148,9768644,0,
17590,1790112301,9285938,0,
22065,1790112686,1577410712,1577516923,
4202,1790112714,8149229,0,
7356,1790112863,1577538051,0,
9762,1790113186,477421,0,
3587,1790113542,1577537944,0,
21484,1790113638,1576638753,0,
14701,1790113812,1577536449,0,
12778,1790113999,10026843,0,
32409,1790114088,1577378847,0,
7581,1790114103,1577537933,0,
21535,1790114248,8979093,1577010036,
17276,1790114260,1577527233,1576907335,
32713,1790114741,1577546207,9099325,
12821,1790114805,813539,0,
12839,1790114819,1577532620,0,
25851,1790115220,1577534684,0,
13883,1790115232,1576900092,0,
15228,1790115381,1577374650,0,
233,1790115491,1577489257,0,
13774,1790115703,7909153,0,
26857,1790115754,1576626963,1576281097,
17723,1790116059,1577539318,0,
31457,1790116236,1102804,0,
7813,1790116523,1576079866,0,
16523,1790116541,9120425,1576835232,
15237,1790116738,1577279310,0,
20695,1790116745,1577439119,0,
20695,1790116745,1577439119,1577439119,
29167,1790116755,1577546063,0,
15192,1790116765,2100127,1577372786,
4945,1790116771,1577373047,0,
28899,1790116858,63348,0,
17177,1790116937,1577526811,0,
8679,1790117117,1577349938,0,
18073,1790117387,1576862060,0,
4231,1790117524,1577537205,0,
4255,1790117935,1577422997,0,
7081,1790118337,1577505624,0,
30671,1790118344,1577544578,1577545991,
14611,1790118395,1576608156,0,
12086,1790118850,1577534253,0,
33269,1790118967,1576984345,0,
13111,1790119068,1577319091,0,
3310,1790119069,1577431426,0,
15203,1790119359,8609191,0,
11220,1790119383,1577073064,0,
28650,1790119445,3118288,0,
13880,1790119702,1577493803,0,
3297,1790120437,1577247043,0,
2292,1790120462,1577394602,1102568,
8092,1790121168,1576932602,0,
22535,1790121414,1577393299,0,
20069,1790121494,1576341980,1577379857,
20967,1790121523,1144521,0,
20967,1790121523,1144521,1144521,
20967,1790121523,1144521,1144521,
815,1790121887,1577212131,1677602,
15002,1790122183,1577542546,0,
23833,1790122335,1576976099,0,
12215,1790122561,1576298928,0,
26492,1790122588,1577171897,9968576,
3477,1790123032,1577465504,0,
22549,1790123154,8963712,0,
9373,1790123632,9968798,0,
14472,1790123681,1577429914,0,
20695,1790123955,258773,1577439119,
23796,1790124339,1576976099,0,
30972,1790124700,1577426954,0,
27564,1790124714,1577399082,0,
1865,1790125271,1577114057,0,
22114,1790125289,9888572,0,
3702,1790125357,1577375163,0,
14198,1790125422,1576608156,0,
16194,1790125594,1577542546,0,
14275,1790126094,1577537931,1577537933,
19073,1790126352,1577244557,0,
12124,1790126354,618448,0,
7392,1790126484,1576716190,0,
28204,1790126588,1576620804,0,
11230,1790126820,1576608156,0,
15662,1790126942,1577241033,1577246482,
13295,1790127244,1577536449,1576514735,
16408,1790127452,7917499,0,
7861,1790127551,1576439886,0,
15859,1790128584,1577279310,0,
31332,1790129243,1577545718,0,
25054,1790129669,1576640373,0,
2626,1790130721,1577540500,1577306410,
17926,1790131081,1577073064,0,
17723,1790131232,1577241033,1577539318,
15993,1790131716,1577279310,0,
11752,1790131787,1577394820,0,
1096,1790132130,10115869,8009331,
31047,1790132781,9636145,0,
11242,1790132852,1577394820,0,
31886,1790134038,1577374650,0,
13420,1790134382,1577192256,0,
13117,1790134581,1577505719,1576514735,
7690,1790134772,1577537933,0,
37087,1790134828,1577536630,0,
1930,1790135088,1577542409,0,
22684,1790135106,9800838,0,
7415,1790135154,1577542298,0,
815,1790135223,8621050,1577212131,
1171,1790136171,1577073064,0,
2959,1790137139,984470,0,
36654,1790137292,1576686712,0,
10612,1790137553,1577395538,0,
15980,1790137724,1577485882,0,
22823,1790137942,1577544852,0,
23532,1790137962,1576873095,0,
34785,1790138093,1577356305,0,
10167,1790138417,1577073064,0,
12198,1790138905,1577073064,0,
12074,1790139073,1577532601,0,
4669,1790139375,1577283427,0,
15451,1790140108,1576130859,0,
8349,1790141492,1577151127,1577534365,
20120,1790141639,1577244557,0,
26791,1790142642,1577534684,0,
21166,1790142910,1577544468,0,
17928,1790143038,1576096938,0,
11694,1790143167,1577512641,0,
4277,1790143174,1113238,0,
9169,1790143206,1577382950,0,
8572,1790143320,1577415816,1577536439,
26572,1790143320,1577545824,2948997,
6433,1790143377,8246098,1577396699,
21480,1790143425,1577150723,1577292595,
21480,1790143425,1577150723,1577150723,
25737,1790143425,1577187211,1577292595,
12783,1790143433,1577544056,1576514735,
30429,1790143440,9869866,1577411945,
22488,1790143445,1577518171,0,
7442,1790143593,1577301029,1577504050,
9640,1790143705,7730087,0,
22143,1790143787,1577349437,0,
22859,1790143943,1577544569,0,
26821,1790144017,1577232503,1576850414,
34902,1790144293,1503822,0,
24622,1790144733,1577405997,0,
27119,1790145001,1576093251,1577102106,
18038,1790145017,1576862060,0,
21643,1790145109,3459464,0,
22819,1790145223,1577464497,0,
7619,1790145546,9983815,0,
21319,1790145609,2904998,1577544592,
7859,1790145805,1577327643,1577545848,
15311,1790146319,9971029,0,
17820,1790146357,9920231,2201913,
12121,1790146381,1576822556,0,
25936,1790146441,1577431073,0,
26202,1790146610,1576886887,1577314278,
8320,1790146825,1577207636,1577539377,
16086,1790146974,1577279310,0,
36985,1790147070,1576979580,0,
1711,1790147349,1576712239,0,
34167,1790147421,1577159811,0,
32230,1790147496,1577524292,0,
17377,1790147512,1577531957,0,
1878,1790148115,1102568,0,
4194,1790148133,3459704,0,
8269,1790148390,1577432049,0,
20160,1790148447,1576596873,0,
13755,1790148753,1577258251,0,
12146,1790148869,1577070679,0,
11591,1790149001,1577459879,0,
2634,1790149113,624770,0,
28577,1790149499,1577419227,0,
27972,1790149707,1577419227,0,
10513,1790149888,8072994,0,
8031,1790150273,1577433791,8039582,
10887,1790150418,1577394820,0,
28805,1790150460,1576891056,0,
4070,1790150741,1472477,0,
15172,1790151301,529923,7682250,
3356,1790151512,1577247164,0,
17513,1790151523,1577490916,0,
24619,1790151596,8963712,0,
30465,1790152070,1576712413,1577113388,
1634,1790152106,1577290403,0,
18885,1790152166,1576401633,0,
20466,1790152506,1577513316,0,
13535,1790152544,531673,2951522,
27536,1790152585,1577419227,0,
269,1790152700,7608140,0,
10810,1790152867,8993660,0,
21035,1790152994,1576679816,0,
6407,1790153041,1306780,0,
8372,1790153156,1577510735,1577539381,
1065,1790153194,1577281588,0,
13481,1790153203,1576347194,0,
18212,1790153358,1577540522,0,
25508,1790153595,1577524352,1576850414,
23649,1790153909,3031607,0,
19907,1790153922,1577390985,0,
13787,1790153950,910346,0,
16570,1790154120,1577526593,9860046,
13604,1790154163,8169554,1576342688,
25192,1790154182,1577516952,133852,
15992,1790154215,1577279914,0,
24408,1790154308,1576787615,1577286231,
16607,1790154352,1577519674,0,
33584,1790154389,1576984345,0,
11849,1790154600,3094599,1576973176,
28474,1790154763,1577368361,0,
7890,1790154777,1577439119,0,
667,1790154899,801831,1577385537,
16300,1790155352,1577060442,0,
14405,1790155374,1577533913,0,
192,1790155440,1577503937,0,
15079,1790155453,8971236,0,
32161,1790155462,1576588394,1577489970,
9815,1790155577,1577304505,0,
6879,1790155583,1577536686,1577537896,
6879,1790155583,1577536686,1577536686,
17124,1790155613,1577538108,0,
33584,1790155762,1576984345,1576984345,
26492,1790155981,1577545217,1577171897,
8336,1790155988,3084607,1577511025,
10743,1790155992,9642632,10257779,
21050,1790156323,1211,0,
2544,1790156463,1576716190,0,
23175,1790156729,1577393502,1577537140,
23175,1790156729,1577393502,1577393502,
11208,1790156830,1577332496,0,
34875,1790156886,8837766,0,
9906,1790156932,1576973896,0,
16952,1790156968,10092563,0,
23632,1790156980,1577518171,0,
2520,1790157254,1576716190,0,
24800,1790157399,8678939,0,
539,1790157580,1577538983,0,
23007,1790157595,1577136351,0,
32671,1790157870,8837766,0,
26729,1790158068,1577370056,0,
3467,1790158236,1577504687,0,
3353,1790158283,1575943186,1577204506,
35551,1790158408,1577534972,0,
18770,1790158427,1576304363,1493164,
24637,1790158467,1577300851,0,
35186,1790158671,1577545217,0,
10938,1790158932,10228790,1576349760,
3423,1790158983,9189327,0,
11336,1790159577,1577461280,0,
4211,1790159724,1577544203,1577538578,
4140,1790159843,1577231729,1577429621,
13798,1790159931,7909153,0,
16022,1790159937,1577526811,0,
25775,1790160112,1577457619,0,
29334,1790160736,1577544578,0,
19049,1790161173,1576982506,1577221194,
29263,1790161265,8931073,0,
14318,1790161440,1577353269,2241644,
32834,1790161575,1577538279,0,
29717,1790161748,1577546016,0,
24996,1790161953,1577405997,0,
27458,1790161967,8007706,0,
13528,1790162204,1577488359,0,
12668,1790162220,1576487399,1577393712,
12946,1790162401,1576270672,0,
3691,1790162420,9757868,0,
11022,1790162730,1577345825,1576845850,
10475,1790163069,1576716190,0,
2129,1790163176,1577433791,2950142,
25508,1790163210,1576850414,1577524352,
19158,1790163492,1577544857,1577392073,
5710,1790163532,1577446402,10057023,
13922,1790163670,1577456833,8592674,
4693,1790163752,1577422997,0,
10067,1790163978,1577499786,1577502935,
8155,1790164151,1576815190,0,
20050,1790164216,1577171897,0,
3435,1790164427,10071988,1577259910,
19243,1790164427,9741357,9700469,
21025,1790164454,1577513316,0,
2251,1790164559,1577181969,7901216,
22622,1790164597,9569646,0,
16706,1790164732,1577246381,0,
13907,1790164793,1577465504,0,
404,1790165039,1577541053,9930226,
19582,1790165184,1576298928,0,
8283,1790165289,1577439119,0,
2018,1790165465,3116062,1902642,
14301,1790165624,1577465504,0,
30677,1790165741,10015177,0,
22674,1790165809,940772,0,
29716,1790165910,1577232503,1577378572,
12545,1790165972,1577070679,0,
20188,1790166014,9888572,0,
10449,1790166048,1576716190,0,
13478,1790166291,1577383380,0,
22163,1790166623,1577531524,0,
12527,1790166735,2100127,1576997632,
9671,1790166876,1577484886,0,
5256,1790166935,1577523449,0,
3606,1790167134,1577505624,1577330910,
6623,1790167346,1577510683,0,
23671,1790167611,3031607,0,
13211,1790167823,1577501389,0,
3916,1790168165,1577114057,0,
7673,1790168401,1577122126,1577537918,
5505,1790168640,1577510430,0,
10760,1790168664,1577515197,0,
10371,1790168831,1576716190,0,
26647,1790168897,1577545512,0,
10426,1790168965,1577151636,0,
8425,1790169059,7726094,0,
24736,1790169369,383773,0,
18949,1790169495,1577424025,0,
21149,1790169501,1577513584,0,
19405,1790169576,1577489962,0,
3983,1790169665,1577524608,0,
7408,1790169674,1577538849,1577542231,
26137,1790169706,1577536604,0,
27447,1790169769,1577422981,0,
24664,1790169777,1577405997,0,
28565,1790169913,1577507622,0,
9532,1790169956,1577533990,0,
35913,1790170061,9285938,0,
12622,1790170105,1576824164,0,
10943,1790170273,1577073064,0,
2728,1790170316,9471881,1575866300,
27743,1790170500,1576179409,1577385998,
22236,1790170633,2363816,0,
537,1790170654,1577505624,0,
34347,1790170716,1577545217,0,
8599,1790170888,1577543512,0,
2694,1790170912,1577422997,0,
8090,1790170935,1577178702,0,
29119,1790171040,1577391955,0,
4825,1790171284,2160809,0,
13235,1790171395,1576959656,3437389,
34068,1790171527,8837766,1577530418,
2479,1790171554,1576716190,0,
11369,1790171565,1577073064,0,
28238,1790171709,2425826,194641,
26025,1790171770,1577545852,1577545316,
21945,1790172207,1577518171,0,
14064,1790172573,1576608156,0,
4071,1790172644,1577542355,0,
13793,1790172712,1577429914,0,
22330,1790172795,1577513316,0,
14454,1790173021,1577465504,0,
8233,1790173025,1576298928,0,
1853,1790173130,1102568,520283,
1829,1790173511,9947088,0,
22505,1790173630,3031607,0,
10424,1790173694,1576563053,0,
11123,1790173728,1577536449,0,
16093,1790174028,1577450028,0,
11640,1790174080,1577276908,0,
15888,1790174137,1577543403,1577538049,
17491,1790174242,1576862060,0,
24209,1790174371,1577489060,1576916261,
36936,1790174563,1577546204,0,
28920,1790174673,1577414870,0,
6381,1790174792,1974764,1974764,
30162,1790174912,1575914969,0,
13345,1790175214,9621806,0,
15523,1790175276,1577279310,0,
36413,1790175612,1576204516,0,
15158,1790175699,8942925,0,
18322,1790175968,1576096938,0,
15411,1790176310,1577543989,0,
17885,1790176355,1576096938,0,
5931,1790176612,1577516528,0,
5983,1790176715,1577513377,1577534513,
17840,1790176785,2206898,0,
14524,1790176838,1577514864,0,
1641,1790176935,1577178702,0,
23780,1790176984,1577544682,0,
27967,1790177183,10015177,0,
3613,1790177204,1575927745,8156505,
37462,1790177263,1576686712,0,
20212,1790177294,1577516019,1577544424,
4490,1790177311,3094599,1577461280,
22302,1790177416,2110165,0,
9560,1790177448,1819870,0,
9560,1790177448,1819870,1819870,
9560,1790177448,1819870,1819870,
6471,1790177593,1577130926,0,
31867,1790177673,1577538934,1577527848,
17187,1790177731,8484618,9514208,
11573,1790177766,1575952891,1091740,
14445,1790177911,1576347194,0,
25000,1790177974,1577534684,0,
23287,1790178000,1576093251,485896,
6856,1790178121,1577545848,1577537630,
3376,1790178311,1130518,0,
16042,1790178624,1577246381,0,
12017,1790178804,2288408,0,
18803,1790178874,8927127,0,
14068,1790178996,1576982986,0,
29968,1790179492,1576093251,0,
15480,1790179518,1577536449,0,
31940,1790179800,1577491956,1577464500,
28676,1790179891,8269463,1577530718,
298,1790179929,8621050,9864164,
2989,1790180061,1577178460,1576708775,
12029,1790180105,1577073064,0,
11975,1790180605,8135599,1577075050,
21480,1790180871,1577171897,1577150723,
949,1790181215,171619,1577527921,
4140,1790181233,1576598150,1577231729,
8237,1790181605,1577327643,0,
3873,1790181713,1577540186,0,
29182,1790181744,1577529046,0,
10379,1790181945,1577523352,0,
25273,1790182046,10189407,0,
13848,1790182069,9523129,0,
12064,1790182192,1577073064,0,
3397,1790182435,1577337039,1577485331,
26095,1790182454,1577394358,0,
15172,1790182462,1577073064,529923,
26992,1790182708,1577534684,0,
18997,1790182801,1577536791,0,
15728,1790183062,792488,0,
8103,1790183197,1577520900,0,
23293,1790183389,1577060442,0,
23955,1790183473,1577457619,0,
4896,1790183490,1577466354,1577507251,
5169,1790183512,1102568,520283,
6256,1790183607,1576716190,0,
6948,1790183654,1577504050,1577538698,
24968,1790183706,7880842,0,
19056,1790183901,10006222,1577431811,
26487,1790184443,1577534684,0,
27992,1790184526,1577545811,0,
4296,1790184667,1577423724,0,
693,1790184699,1577537933,0,
1461,1790184701,1577522554,0,
4215,1790184736,8621050,0,
27689,1790184792,1577418462,1576890825,
13711,1790184971,1577488359,0,
28162,1790184974,1577545616,0,
20290,1790185882,1577493738,0,
31246,1790185911,1576698659,0,
3752,1790185940,1577530682,0,
7012,1790185978,1577544203,0,
2681,1790186036,1577303279,0,
19612,1790186289,1577513316,0,
14110,1790186321,1577279310,0,
21747,1790186327,1577060442,0,
19875,1790186414,9800838,0,
528,1790186469,1577545405,1577378174,
11339,1790186512,1577070679,0,
28600,1790186536,1577197630,0,
4763,1790186558,1576716190,0,
15054,1790186656,803854,0,
9218,1790186903,1577494293,0,
13355,1790187504,1577507008,0,
6432,1790187655,1577543506,0,
18533,1790187746,1577536606,1577539137,
19112,1790187824,1576049073,0,
2989,1790188160,1577319091,1577178460,
8651,1790188324,1577433791,1577494293,
7705,1790188438,2524878,0,
33142,1790188493,1577544971,0,
933,1790188571,2261699,0,
23273,1790188708,2231408,0,
12660,1790188906,1577070679,0,
2883,1790189032,1577420867,1576491732,
17187,1790189055,8740198,8484618,
17187,1790189055,8740198,8740198,
17187,1790189055,8740198,8740198,
17187,1790189055,8484618,8740198,
18445,1790189060,2217626,0,
2883,1790189091,1576985771,1577420867,
34214,1790189099,1577518653,919250,
11360,1790189109,1577073064,0,
17591,1790189156,1577229327,0,
10716,1790189193,1577370212,0,
37445,1790189383,1576204516,0,
9656,1790189565,1577112204,0,
13616,1790189845,1577371129,0,
19836,1790189879,1576515268,0,
27780,1790190036,1577393299,0,
27780,1790190048,1577393299,1577393299,
23181,1790190235,1577501675,0,
34390,1790190515,1577332569,0,
22095,1790191433,3031607,0,
1916,1790191554,1577318150,0,
19530,1790191679,9920231,0,
26462,1790191882,1577545602,0,
4428,1790191888,1577342313,0,
1317,1790192203,1577539896,0,
156,1790192288,1577386883,0,
19056,1790192440,1576304363,10006222,
28404,1790192463,1577544896,0,
14840,1790192468,1577279310,0,
6198,1790192496,1577151127,0,
14444,1790192534,1577542546,0,
24676,1790192759,1780546,0,
10038,1790192884,7756628,0,
32679,1790192987,1577404687,0,
27516,1790193060,1576773470,2342017,
19352,1790193098,1577520010,0,
29824,1790193281,1577546143,1577545885,
20094,1790193369,1577542080,0,
19646,1790193493,1576596873,0,
14227,1790193529,8816522,1577034833,
7585,1790193539,1061536,0,
2585,1790193656,8609191,9752551,
24060,1790193714,1577509315,8059172,
13095,1790193797,1577528437,0,
22358,1790194112,8963712,0,
27866,1790194221,1576270672,0,
17584,1790194338,8832677,0,
20212,1790194344,1577498081,1577516019,
8450,1790194430,1577262490,0,
14573,1790194919,1577456833,0,
12018,1790194982,2288408,0,
11067,1790195031,9476676,0,
3197,1790195050,1375412,0,
389,1790195367,1577499631,1577542910,
6907,1790195403,1577281588,0,
17104,1790195612,1577279310,0,
12816,1790195780,1577070679,0,
16855,1790195788,1576096938,0,
4038,1790195913,1577532962,1577418557,
1938,1790195945,1575995793,0,
9842,1790196065,8996017,0,
14525,1790196122,1577372978,0,
18744,1790196433,1577456618,2206898,
19945,1790196521,1576239968,0,
19740,1790196537,1577360773,0,
28929,1790196677,1577546063,0,
22857,1790196855,1577325883,0,
17890,1790196909,2613067,0,
17506,1790196987,1577544163,0,
13531,1790197041,1577456833,0,
29473,1790197069,1577289174,0,
19530,1790197105,9107720,9920231,
25245,1790197278,1577405997,0,
25969,1790197351,1039613,0,
28697,1790197717,1577485392,0,
5969,1790197755,310663,0,
9151,1790197927,1577331107,0,
21059,1790198000,1577544935,0,
22771,1790198031,9800838,0,
27338,1790198431,9491819,0,
17353,1790199112,1577516019,0,
3074,1790199262,1577504874,2229269,
21687,1790199320,1577545582,0,
30061,1790199347,142764,0,
6710,1790199392,2636022,1577535898,
32266,1790199551,1577536630,0,
3214,1790199983,9779516,0,
11753,1790200002,3094599,0,
12158,1790200139,1577452508,0,
11406,1790200251,1577070679,0,
11406,1790200251,1577070679,1577070679,
25701,1790200299,1577545824,0,
4225,1790200541,1576779551,0,
14357,1790200576,152124,0,
13477,1790200800,1577454074,0,
10725,1790201702,9256749,0,
13889,1790201857,1576605399,0,
8145,1790201910,1577178702,0,
2475,1790202202,1577330010,0,
2955,1790202211,1577499447,0,
16550,1790202451,1577210194,0,
17869,1790202895,1577238150,0,
14813,1790203049,1577279310,0,
16487,1790203414,1577073064,0,
24127,1790203434,1577538208,0,
33863,1790203783,1577132384,0,
3998,1790203973,1577512641,0,
1894,1790204072,1577531158,947376,
7243,1790204177,1576716190,0,
8635,1790204252,1577505248,0,
10369,1790204306,1576716190,0,
20717,1790204435,1577513316,0,
5175,1790204569,1577499715,0,
4757,1790204825,1577521254,0,
24553,1790204877,1577431073,0,
11877,1790204932,1577360664,0,
35331,1790204966,1575961017,0,
18631,1790205001,9888572,0,
19879,1790205327,1577512062,0,
23456,1790205420,1576976099,0,
6856,1790205471,1577327643,1577545848,
27196,1790205782,1577370056,0,
4123,1790206390,1577443463,0,
8768,1790206412,9116012,0,
5536,1790206600,1575943186,0,
17014,1790206981,1577515991,1577493020,
6340,1790207178,1577423741,0,
139,1790207381,1577392316,0,
17488,1790207440,1577136351,0,
26730,1790207489,1577545088,0,
1238,1790207827,7976002,0,
15888,1790207851,1576598150,1577543403,
651,1790207856,1576716190,0,
15650,1790208091,1577512528,1577466267,
10369,1790208596,1576716190,1576716190,
10218,1790208781,1577415816,0,
932,1790209080,1576716190,0,
1818,1790209089,1576533606,0,
22340,1790210599,1577393299,0,
12291,1790210769,1575952891,1091740,
13404,1790211304,1577543875,0,
16182,1790211555,1576449100,0,
13054,1790211845,1577501389,0,
24208,1790212082,1576093251,1577487956,
16841,1790212254,1577494376,0,
25719,1790212407,1576640373,0,
37750,1790212523,1577544971,0,
9600,1790213392,1577544203,0,
9768,1790213443,1577073064,0,
4074,1790213632,1576716190,1577373047,
19353,1790213965,1577192256,0,
6835,1790214355,1577537933,0,
9093,1790215614,1577136351,0,
22226,1790215652,1577171897,0,
19908,1790215658,10006222,1577431811,
18621,1790216095,1577294676,0,
8243,1790216776,1577289243,0,
9781,1790216822,1577494514,0,
19505,1790216902,1576862060,0,
8277,1790217247,9116012,0,
20537,1790217430,1576049073,0,
30454,1790218670,3118288,0,
9432,1790218861,1577349938,0,
28089,1790218898,10241668,0,
16503,1790219474,1577544021,8021860,
29963,1790220729,1577538279,0,
27936,1790221357,1577370056,0,
13190,1790222141,10203582,2981106,
8162,1790222207,1577543396,0,
33123,1790222733,1575961017,0,
9943,1790223187,8304302,0,
27579,1790223417,1577397494,0,
11757,1790223839,2288408,0,
25902,1790224377,1577524352,0,
12522,1790224503,1576822556,0,
26634,1790224637,1577544578,0,
853,1790224783,2884541,0,
11478,1790224807,1577070679,0,
11409,1790224836,1577321823,0,
19794,1790224995,1577415816,0,
4690,1790225056,9926210,0,
11793,1790225405,9719422,0,
8347,1790225546,1577327517,0,
5704,1790225675,1577465504,0,
20712,1790225910,1577513316,0,
34965,1790226615,1575859303,1577546682,
25883,1790226736,1577545341,0,
20488,1790227135,1577542085,0,
21651,1790227404,1577537583,0,
10147,1790228118,1601449,0,
3574,1790228225,1577432136,1577311432,
28832,1790228242,1577370056,0,
12055,1790228497,1577319091,0,
13604,1790229081,1577274339,8169554,
3515,1790229082,1577543128,1577293750,
29234,1790229098,1577370056,0,
28548,1790229601,1576698659,1577541192,
2878,1790229755,1577483302,1576476295,
3368,1790230106,1577394602,0,
22752,1790230434,1577536315,0,
27812,1790230445,1577545862,1577460551,
4034,1790230586,1575943186,0,
23403,1790230754,1577545299,1577543330,
30024,1790230755,3392114,0,
24420,1790230756,1577544569,0,
7996,1790230999,1577329285,0,
22855,1790231047,1577545375,0,
5666,1790231703,1375412,0,
30921,1790231822,1577361961,1577546022,
4174,1790231950,1577518265,1577538578,
10001,1790231981,1577523352,0,
14612,1790231994,1577353269,2241644,
25317,1790232015,1576686689,0,
22029,1790232225,1577103914,1577544583,
25496,1790232232,1577405997,0,
22305,1790232322,1576999585,0,
19142,1790232639,9888572,0,
11660,1790232709,1577073064,0,
14280,1790232968,1577416837,0,
29960,1790233024,1577427281,0,
15865,1790233329,9946437,0,
8257,1790233413,1576298928,0,
451,1790233771,310663,0,
33972,1790233929,1577048182,1577546496,
32529,1790234021,1577378847,0,
6179,1790234113,1577301029,1577504050,
20773,1790234199,1577543326,0,
11790,1790234305,1577394820,0,
21848,1790234343,1577545582,0,
22077,1790234715,8963712,0,
37585,1790234793,1577456184,0,
30457,1790234850,1577386979,1577318338,
2880,1790235159,9827990,0,
14120,1790235159,10092563,1577515743,
21356,1790235724,1577423646,0,
30233,1790235751,1577536800,0,
28989,1790236141,9869866,1577507622,
13403,1790236393,1576138691,0,
451,1790236488,310663,310663,
451,1790236488,310663,310663,
451,1790236488,310663,310663,
1145,1790236566,1577337399,1577452989,
5016,1790237040,1577423933,0,
30356,1790237499,9175201,3056942,
31969,1790237591,1577536630,0,
7969,1790237690,1577304505,0,
28909,1790237746,1576976099,0,
11143,1790237753,1577069213,0,
3458,1790238009,1577406964,0,
21621,1790238383,1576638753,0,
16799,1790238678,1577284151,0,
3890,1790239088,1577528572,0,
25010,1790239190,1577394586,0,
567,1790239293,1577529138,7805918,
16802,1790239324,366473,1577490625,
11912,1790239999,1577073064,0,
19363,1790240091,1577293039,1577537437,
32073,1790240320,8837766,1577080702,
9717,1790240525,1577535367,1577373312,
9717,1790240525,1577535367,1577535367,
708,1790240556,1577527676,1577456833,
8484,1790240823,1576859369,0,
22677,1790240972,1577545264,0,
13537,1790241111,813539,0,
9174,1790241127,1577533628,0,
3890,1790241329,1577105211,1577528572,
7683,1790241430,1577139117,0,
19538,1790241550,1577483845,1577540522,
14438,1790241708,1577454074,0,
3840,1790242363,801831,1577385537,
3515,1790242422,1577543128,1577543128,
11492,1790242604,1576608156,0,
2534,1790242745,1576716190,0,
34016,1790242813,8024461,0,
29890,1790242920,1575914969,0,
3638,1790243025,1576369777,0,
1446,1790243119,1577130926,1577182459,
9796,1790243310,258773,0,
2020,1790243315,1577176262,1577523449,
2020,1790243315,1577176262,1577176262,
2984,1790243334,1577381110,0,
12351,1790243482,1577399262,941519,
9856,1790243821,3094599,0,
5939,1790244000,8564063,1974764,
13466,1790244012,1576347194,0,
8341,1790244101,1576298928,0,
25733,1790244206,8593889,0,
20448,1790244371,1577542085,0,
24413,1790244419,1576605277,1577487956,
19363,1790244423,1577544299,1577293039,
1736,1790244587,1577535670,1577540023,
6706,1790244649,1577142359,0,
11400,1790244691,1577539353,0,
3839,1790244901,1577522507,1329319,
12617,1790244937,1577070679,0,
724,1790245001,1577124090,1577249320,
3083,1790245010,9124434,0,
17625,1790245345,9888572,0,
9560,1790245710,8635569,1819870,
9560,1790245710,8635569,8635569,
2598,1790245855,1577181969,0,
23029,1790245997,1577544649,0,
2470,1790246440,2100127,1577372786,
17727,1790246740,1577544124,0,
22650,1790246926,1577544898,0,
4239,1790247011,198161,0,
4160,1790247047,1102568,0,
3548,1790247049,1577545848,1577304505,
1096,1790247255,1577279310,10115869,
11492,1790247443,1576608156,1576608156,
23767,1790247585,1577535243,1577543794,
15989,1790247680,2100127,1577372786,
6855,1790247912,1577530556,0,
17075,1790248820,1577238150,0,
24921,1790248870,1577273211,1577545123,
26034,1790248933,1577494847,0,
5711,1790249322,1577114057,0,
27282,1790249502,8816541,0,
12915,1790249578,1577070679,0,
13679,1790249635,978765,0,
1087,1790249719,1577505624,0,
20350,1790249805,1577520010,0,
23385,1790250279,1576933233,1344079,
4077,1790250346,1211055,0,
18321,1790250529,1577374960,1577440363,
9221,1790250614,1576716190,0,
11792,1790250739,2288408,0,
6149,1790251075,1577114057,0,
25405,1790251205,1577527129,0,
14130,1790251208,1576984375,0,
11,1790251213,1561562,0,
24346,1790251230,8963712,0,
5332,1790251346,1577181969,0,
24833,1790251395,8989395,1577263787,
4246,1790251445,1577396614,0,
16897,1790251839,1577388732,0,
33194,1790251876,1577356305,0,
2999,1790252180,1577521254,0,
22509,1790252260,1575928808,0,
8603,1790252275,8635569,0,
1747,1790252572,7961799,0,
28323,1790252643,1577545347,1577545650,
15506,1790252713,1577515991,0,
17708,1790252981,1577543304,1576644130,
13113,1790253285,1576298928,0,
26916,1790253431,1576588036,1577523306,
5939,1790253848,1974764,8564063,
3975,1790254149,1577539555,1577411562,
18316,1790254153,1577374650,0,
587,1790254327,1102568,0,
24238,1790254569,1577545319,0,
22315,1790254684,1577431073,0,
29405,1790254877,9888571,0,
6929,1790255400,1472477,0,
14238,1790255413,1577408647,1577372786,
23947,1790255430,1577491520,0,
16413,1790255443,9120425,1577237207,
20170,1790255624,1577193376,0,
34175,1790255874,1576204516,0,
32091,1790256125,1577381872,0,
11124,1790256130,1576155415,0,
11693,1790256132,1577523932,0,
17625,1790256148,1576982986,9888572,
26624,1790256568,9966,0,
11961,1790256615,1577296431,1577503108,
28876,1790256749,1577546054,0,
14803,1790256790,1577536449,1586253,
26960,1790256885,1577544578,0,
2798,1790257206,1577130926,0,
33585,1790257349,8776383,1577378847,
29855,1790257549,1577545217,0,
25821,1790257556,8453826,1577531910,
4270,1790257671,8449541,0,
13605,1790257749,1577338402,0,
32469,1790258099,8269463,1577176669,
12552,1790258111,1575952891,1091740,
34826,1790258124,1577374650,1576698659,
28275,1790258211,1577545530,0,
12611,1790258444,1577464697,0,
16204,1790258663,2613067,0,
26240,1790258682,1577393299,0,
17713,1790258731,1577543403,8325022,
17161,1790258826,7734781,1577189339,
14920,1790258935,787594,1577540185,
1420,1790259049,1577384735,0,
6291,1790259177,10061197,0,
4747,1790259197,1577502218,0,
16673,1790259330,9809725,0,
5054,1790259434,1576828512,0,
16451,1790259535,1576095344,1577544104,
21536,1790260036,1577513316,0,
1553,1790260129,9941410,0,
1155,1790260188,1576119142,0,
20824,1790260211,1577513316,0,
95,1790260326,1577536686,1577537896,
2265,1790260519,1576716190,0,
32692,1790260536,1577536820,0,
31274,1790260718,1577140988,1577546059,
27578,1790260865,63348,0,
33798,1790260883,1577491956,0,
13632,1790260935,1577514864,0,
6968,1790260948,1577454410,0,
20563,1790260968,1577544439,0,
29010,1790261189,1577508929,0,
25209,1790261357,1576850414,0,
9265,1790261610,1576298928,0,
17300,1790261691,1577180515,0,
24743,1790261702,1577544675,1577535243,
6022,1790261714,1577542932,0,
23794,1790261886,1577509315,1577544583,
8359,1790262037,9116012,0,
17067,1790262057,1577016743,1576990588,
4731,1790262311,1577268024,1577502074,
4731,1790262312,1577268024,1577268024,
12027,1790262399,1577102640,8850243,
23116,1790262702,1577273211,1576777856,
7399,1790262722,1576836244,0,
26835,1790262738,1577382414,0,
23104,1790262997,1576435917,1577544897,
1486,1790263012,1577504050,0,
24091,1790263213,1577545168,0,
5819,1790263281,310663,0,
19908,1790263460,1144521,10006222,
19908,1790263460,1144521,1144521,
19908,1790263460,1144521,1144521,
11112,1790263558,1577532601,0,
7171,1790263585,1575986581,0,
5066,1790263598,1577433791,2950142,
5054,1790263601,1577530682,1576828512,
12565,1790263689,9808270,0,
12969,1790264034,1577070679,0,
20579,1790264209,1576794370,1577516880,
22783,1790264415,1576638753,0,
16065,1790264483,9214215,1576654562,
16013,1790264494,1577241033,0,
7741,1790265136,1577433791,2950142,
12156,1790265196,9719422,0,
14421,1790265290,1577465504,0,
16294,1790265334,1577522822,7712451,
142,1790265709,8308415,0,
34482,1790266157,8776383,1577378847,
19003,1790266193,1577544569,1577544629,
2489,1790266816,1576703850,0,
8332,1790267033,1577433791,2950142,
22069,1790267225,1577431073,0,
21701,1790267227,1577513316,0,
26439,1790267262,1577081964,0,
17188,1790267287,1577297044,0,
32897,1790267595,1577545169,0,
18863,1790267672,9448034,0,
11390,1790268083,1577073064,0,
3074,1790268092,8609191,1577504874,
14920,1790268158,1577465504,787594,
16091,1790268287,1577374960,1577440363,
12138,1790268337,9719422,0,
3970,1790268510,1577527930,0,
2733,1790268688,1575934548,1575901833,
12655,1790268794,1103024,0,
26633,1790268986,1577393299,0,
592,1790269414,1577422997,0,
22307,1790269551,383773,1577537700,
4487,1790269597,1577543512,0,
8323,1790269732,1577536449,0,
5988,1790269787,1577310167,0,
14365,1790269862,1577492985,0,
3548,1790270019,1577327643,1577545848,
26655,1790270610,1577545252,1577541007,
22948,1790270628,1576093251,9569646,
36667,1790270645,1576752667,0,
30997,1790270691,1577524292,0,
11120,1790270846,2288408,0,
5689,1790270918,1577524608,0,
3506,1790271053,1575885880,0,
16245,1790271053,9645437,1577544058,
12372,1790271066,618448,0,
408,1790271301,1576703850,0,
30835,1790271303,1577545516,0,
8614,1790271589,9814162,0,
25209,1790271977,1576850414,1576850414,
18257,1790272148,9979507,1576990588,
15153,1790272185,8239422,0,
11229,1790272192,809354,0,
29296,1790272395,9420921,0,
1155,1790272571,1577353269,1576119142,
35695,1790272681,1576686712,0,
1899,1790272869,1577425042,950524,
19972,1790272945,7742857,0,
12664,1790272961,1577545071,0,
26655,1790273083,1577545299,1577545252,
36420,1790273643,10007100,0,
15714,1790273831,1577515376,1577529485,
3608,1790274155,9277021,1577331299,
10197,1790274299,477421,0,
26543,1790274363,1577405997,0,
18972,1790274532,1577401927,0,
24416,1790274542,1577545230,0,
4734,1790274561,1576065532,1577502075,
3258,1790274642,1577247043,1575943186,
10549,1790274646,1577518710,0,
21057,1790274710,1577544415,9537555,
38231,1790274813,1576204516,0,
24165,1790275034,1576312757,0,
4248,1790275253,1381625,0,
12070,1790275354,2288408,0,
17516,1790275399,1576096938,0,
7345,1790275607,1375412,0,
11415,1790275850,1577070679,0,
24890,1790275857,8455208,1577387087,
19228,1790275880,9839137,1576672722,
9775,1790275948,1576732605,0,
13125,1790275951,1577303147,10173328,
9275,1790275963,3094599,0,
7766,1790275987,1577246283,8282453,
21787,1790276201,1577537583,0,
16649,1790276772,1576982986,0,
21318,1790276818,1577410712,0,
3379,1790276852,1575943186,0,
13766,1790276951,1577507188,0,
5228,1790276975,1577106077,0,
3029,1790277013,1577244712,0,
17365,1790277039,1577539318,0,
24042,1790277088,9845211,1577545013,
29508,1790277145,1577545347,0,
6790,1790277156,1577536510,0,
27983,1790277377,1577232503,0,
32914,1790277464,8024461,0,
20039,1790277526,1576049073,0,
26365,1790277542,1577150723,1577240501,
10410,1790277577,1577216148,1596362,
1388,1790277599,1577542518,0,
27657,1790277636,1577539136,1577143315,
11435,1790277732,1577073064,0,
25242,1790277934,1577285439,1577266463,
24126,1790278112,8740198,0,
16844,1790278483,9285938,0,
24074,1790278488,1577451673,0,
19756,1790278634,1576596873,0,
2021,1790279091,1577494371,0,
2524,1790279099,1577486566,0,
4101,1790279172,1577408275,0,
15091,1790279413,1577067968,0,
9552,1790279414,9642632,0,
31979,1790279461,1577546558,0,
6762,1790279506,1577489257,0,
6194,1790279646,1956243,0,
23113,1790279822,3327844,1577501675,
7277,1790279963,1130518,1577539033,
12060,1790280120,1577400806,0,
23767,1790280143,1576794370,0,
24178,1790280521,1577536343,0,
12467,1790280647,3084607,1576342688,
9122,1790280912,1577533990,0,
2845,1790281201,1577542298,0,
29700,1790281230,3392114,0,
5426,1790281304,1577196840,0,
1720,1790281347,1577435653,1577537251,
25172,1790281460,2231408,0,
15874,1790281822,1577284885,1577544051,
14987,1790281951,10092563,1577269517,
18076,1790282079,8740198,0,
13049,1790282392,1576605399,0,
10580,1790282575,10007049,0,
16534,1790282877,8463845,0,
3147,1790283105,1102568,0,
4644,1790283151,3039070,0,
14857,1790283161,1577279310,0,
16735,1790283254,10006222,0,
22389,1790283370,1577545101,0,
6049,1790283572,8815904,0,
16120,1790283648,1577527233,0,
12143,1790283674,2815069,0,
27700,1790283783,1576268464,0,
10614,1790283884,9285938,0,
1854,1790283892,1577114057,0,
26677,1790283934,1577545852,1577536389,
16247,1790283937,1577237718,0,
16872,1790284112,1577496615,0,
28401,1790284256,1577529046,0,
8905,1790284263,8635569,0,
18739,1790284372,1577426317,0,
21823,1790284436,2807607,0,
16215,1790284564,8740198,0,
26164,1790284582,1577533585,0,
1274,1790284590,7961799,0,
9083,1790284773,1577361154,0,
25557,1790284900,1576605277,1577487956,
27422,1790285141,1577153767,0,
37976,1790285170,8685599,0,
7654,1790285247,1577536449,1586253,
10388,1790285271,1577526543,0,
15752,1790285307,1577279310,0,
38256,1790285468,1576204516,0,
31903,1790285511,1577163180,0,
24294,1790286093,8963712,0,
22475,1790286351,1576093251,1577487956,
36209,1790286378,9285938,0,
18830,1790286683,1577103695,0,
8049,1790286765,1577340545,0,
7832,1790286804,9810710,1577535477,
17058,1790286804,1577040263,1577516880,
11632,1790286901,2100127,1576997632,
7460,1790286949,1577394602,0,
20401,1790287031,1577136351,0,
27094,1790287091,1577395253,0,
14732,1790287166,1576119142,0,
31310,1790287210,1576039189,0,
30707,1790287318,1576039189,0,
4284,1790287556,1577539431,0,
6684,1790288006,1577499517,0,
33788,1790288224,1577546346,0,
31648,1790288254,1577505797,0,
15361,1790288444,1576449100,0,
772,1790288733,1577530918,0,
14727,1790289235,1577136351,0,
3065,1790289415,1576716190,0,
7263,1790289415,3079876,0,
24886,1790289497,1577365295,1339166,
36607,1790290220,1577132384,0,
14413,1790290367,1577507008,0,
25209,1790290726,1577232503,1576850414,
18183,1790290855,1577051456,1577544221,
4378,1790291054,1577545848,1577148092,
10335,1790291088,1576823565,0,
31810,1790291328,1577544578,0,
27024,1790291379,8217072,0,
8560,1790291632,1576298928,0,
14307,1790291891,8609191,0,
31681,1790291985,1576984345,0,
11280,1790292155,1577070679,0,
11210,1790292212,1576937849,0,
4284,1790292228,1577439119,1577539431,
4284,1790292228,1577539431,1577439119,
33019,1790292277,1577545217,0,
3202,1790292806,1577130926,0,
4522,1790293328,8832891,0,
35415,1790293443,1577356305,0,
13262,1790293511,9523129,0,
25508,1790293626,1577232503,1576850414,
22706,1790293751,1577509315,1577544583,
28573,1790294141,1576805224,1577523657,
12878,1790294353,813539,0,
23518,1790294699,1577483801,0,
10884,1790294756,1577542923,0,
31249,1790295093,9636145,0,
11799,1790295214,1577073064,0,
12656,1790295509,1576898454,0,
10959,1790295914,1577530583,1577360510,
23816,1790296007,1577384906,0,
35326,1790296236,1577356305,0,
12575,1790296290,1577178460,0,
2036,1790296482,1577519745,2078242,
32500,1790296521,1577539656,1576068536,
1128,1790296597,1577130926,0,
33123,1790296686,1577048182,1575961017,
30933,1790297348,1577418462,1576890825,
33217,1790298033,9062610,0,
13521,1790298332,1577501389,0,
9039,1790298600,1577059736,0,
7401,1790298953,1577432431,0,
14165,1790299770,1577419538,0,
22870,1790300614,1576794370,1577516880,
3514,1790301102,1102568,0,
27565,1790301723,1576793179,0,
15074,1790302101,1577465504,1576997632,
27590,1790302149,1577273211,0,
17043,1790302322,1577489908,0,
16836,1790302483,1577522047,0,
22206,1790302568,1577523746,0,
16056,1790302648,1577279310,0,
20240,1790303304,1576679816,0,
25090,1790303360,1577545088,0,
12418,1790303502,1125583,0,
12625,1790303587,1577070679,0,
24358,1790304181,1577544852,0,
2908,1790304835,1575927745,1576528172,
33137,1790305533,1576984345,0,
21247,1790305641,1577509315,1577544583,
5916,1790306004,1577130926,0,
3039,1790306559,1577325138,1381625,
32649,1790306875,1577536820,0,
19138,1790306978,1577171625,0,
37055,1790307112,1576204516,0,
23118,1790307367,1639634,1577516824,
37564,1790308139,1576979580,0,
37564,1790308139,1576979580,1576979580,
2988,1790309538,8832891,0,
17327,1790309896,1576096938,0,
17713,1790309903,1576598150,1577543403,
10816,1790310072,529923,0,
8848,1790310107,1577178460,0,
25294,1790310685,7890448,1577491520,
34932,1790310700,1577534972,0,
6103,1790310739,1577517307,1577534778,
15142,1790310790,8740198,0,
16142,1790311143,1577544234,0,
9068,1790311189,1577533294,0,
12502,1790311487,1577486614,0,
23835,1790311797,1577417264,0,
28524,1790312483,3118288,0,
35066,1790312523,1577546661,0,
33432,1790312779,1791682,0,
13520,1790313025,3019681,0,
21432,1790313124,1577360773,0,
18780,1790313926,1577504878,0,
17403,1790314286,1577209268,0,
31782,1790314463,1576984345,0,
13675,1790314481,2355753,0,
2307,1790314818,1576716190,0,
6329,1790315874,9779516,0,
20544,1790315901,1577429914,0,
19310,1790315941,1576515268,0,
7227,1790316001,1577504874,1577540358,
20455,1790316007,9808270,1577544464,
15205,1790316010,8979093,1577184777,
18466,1790316011,1577171897,1577184777,
21468,1790316012,9808270,1577544464,
4769,1790316026,1577545848,1577505248,
23112,1790316221,1577539140,0,
1459,1790316301,1577538281,1577523449,
21993,1790316408,8740198,397337,
7900,1790316677,2069613,0,
2439,1790316868,1577071465,0,
28186,1790317078,3172459,0,
10184,1790317478,9808270,0,
12964,1790317690,8169554,1576342688,
8388,1790317820,4824573,1577536133,
8388,1790317820,4824573,4824573,
31498,1790317937,9153025,0,
31415,1790318099,1577218222,0,
35763,1790318180,1577546204,0,
15184,1790318447,1576119142,0,
24092,1790318892,1577483801,0,
37789,1790318996,1577544971,0,
5378,1790319097,1577114057,0,
11663,1790319454,2288408,0,
6440,1790319582,1577207636,1577535210,
16218,1790319582,3100947,0,
15970,1790319703,9768644,1577544058,
30984,1790320188,1577546346,0,
513,1790320456,1577499142,0,
26628,1790320486,1577545413,0,
28835,1790320712,1577442002,1577545730,
23221,1790320758,885738,0,
18550,1790321162,1577268653,0,
18829,1790321207,1577536449,0,
18829,1790321207,1577536449,1577536449,
12837,1790321225,1577073064,0,
11438,1790321486,1576363634,0,
5887,1790321490,8812458,0,
18089,1790321565,1576095344,1577544104,
29989,1790322064,1577546054,0,
18741,1790322138,1576596873,0,
29266,1790322359,1576712413,0,
627,1790322413,1577111565,1577416226,
26359,1790322419,1577382414,0,
25275,1790322586,1577081964,0,
9931,1790322666,9196619,0,
17663,1790322745,1577214430,0,
24811,1790323030,1577511484,0,
2407,1790323251,1577505624,8819928,
28548,1790323338,1575961017,1576698659,
28548,1790323338,1575961017,1575961017,
20097,1790323417,1577539140,1577533564,
1712,1790323422,8161459,1577537029,
33778,1790323672,1577545169,0,
31243,1790323778,1577299842,1576635644,
18829,1790323811,366473,1577536449,
20064,1790324088,295281,1577508795,
8047,1790324152,1577345825,1577494293,
14484,1790324283,813539,0,
11627,1790324790,8013865,1577288976,
11627,1790324790,8013865,8013865,
29812,1790324989,1577310106,0,
12137,1790325120,9808270,0,
11661,1790325133,1577070679,0,
30701,1790325259,8269463,0,
4374,1790325941,1577176262,8621050,
28194,1790325984,1577546054,0,
23410,1790326005,1577513316,0,
28169,1790326105,1577545465,1577545633,
24871,1790326411,1576773470,1577423672,
4139,1790326885,1577394602,1577537130,
15915,1790327180,1577403666,0,
16254,1790327523,10187316,1576680602,
35957,1790327852,1577518653,0,
8650,1790327866,608497,0,
32726,1790327881,1577542377,0,
24959,1790328093,2642692,2471620,
3181,1790328368,1577543305,1577066533,
8343,1790328670,1576298928,0,
11178,1790328872,2815069,0,
28031,1790329312,1576039189,0,
11237,1790329391,1576155415,0,
18240,1790329429,1577496615,0,
26944,1790329510,9869866,1577507622,
26474,1790329522,8963712,0,
37979,1790329731,1577500021,0,
31246,1790330194,1575961017,1576698659,
31246,1790330194,1575961017,1575961017,
11212,1790330204,1577073064,0,
12781,1790330251,531673,0,
34574,1790330295,1577048182,0,
13611,1790330391,1576347194,0,
8834,1790330406,1577262490,0,
3181,1790330569,1577543305,1577543305,
22534,1790330899,1577410712,0,
23730,1790331010,1577545252,0,
6978,1790331054,1130518,1577539033,
1019,1790331187,1577504050,0,
30216,1790331552,9888571,1577510325,
20545,1790331759,1577431534,1577531729,
28636,1790331767,1576270672,0,
8047,1790331776,1577433791,1577345825,
38278,1790332000,1576204516,0,
17406,1790332154,1577532811,0,
37963,1790332256,9285938,0,
27717,1790332351,1577545668,0,
12694,1790332404,1577501389,1234644,
25284,1790332636,1577273952,0,
8074,1790332795,1555549,1576720012,
15536,1790333317,1576279686,0,
16309,1790333510,1577374960,1577440363,
13316,1790333609,1577414412,0,
1587,1790334179,1577181969,0,
28491,1790334304,1576039189,0,
3051,1790334361,1577537102,0,
14217,1790334447,1576270672,0,
1947,1790334455,1576839110,1329319,
6922,1790334455,1576839110,1329319,
13757,1790334952,1577465504,0,
26312,1790335461,1577393299,0,
18084,1790335558,1577456618,1576760279,
4750,1790335789,1577502218,0,
1929,1790335870,1577436002,1329319,
35684,1790336356,1577546207,0,
13833,1790336814,119382,2817313,
8009,1790337279,1577432049,0,
10515,1790337401,1577296431,0,
33798,1790337500,8516154,1577491956,
28902,1790337581,1577324633,0,
35380,1790337610,1577546557,0,
14843,1790338142,10187316,0,
32725,1790338252,1577299842,0,
17707,1790338294,1577537954,1576990588,
19718,1790338324,1577513316,0,
27012,1790338411,1577545062,0,
1947,1790338528,1577436002,1576839110,
38354,1790338688,1576979580,0,
5915,1790339199,1577512528,0,
16737,1790339262,1577355633,0,
11217,1790339744,9277021,0,
38106,1790339753,10007100,0,
14213,1790339918,9968798,0,
34824,1790339944,9319477,1577456184,
29996,1790340086,1577501831,0,
12477,1790340159,1576691820,0,
14665,1790340251,1577536449,0,
1004,1790340303,1577182090,0,
418,1790340336,1577537931,1577490989,
3826,1790340728,10213323,0,
20365,1790340823,1577005782,1577544452,
3268,1790340913,1576716190,0,
27339,1790341244,1577542011,0,
3354,1790341314,1576776469,1577532848,
25897,1790341797,1577405997,0,
1081,1790341844,1577349358,1577220971,
2039,1790342125,1130518,1577539033,
5156,1790342179,1576703850,0,
10479,1790342309,1577484886,0,
4466,1790342352,1577394602,1577537130,
27628,1790342751,1576655476,0,
34481,1790342828,9743622,0,
11296,1790342860,1577542085,0,
13246,1790342872,1577164549,1577518015,
9881,1790342901,8635569,0,
808,1790343046,624770,0,
6102,1790343306,1306780,0,
24454,1790343466,1577494090,0,
18965,1790343684,1577540982,0,
12688,1790344324,3077939,0,
8594,1790344542,1576298928,0,
4699,1790344594,1576440292,1577499075,
221,1790344611,3459704,0,
11765,1790344656,9808270,0,
6228,1790345077,8894996,0,
14967,1790345124,7909153,0,
3268,1790345367,1577178702,1576716190,
14664,1790345635,9968798,0,
6754,1790345638,10287096,0,
28024,1790345860,1577393299,0,
20515,1790346132,1577520518,1576929715,
20073,1790346232,1577405536,0,
33674,1790346510,1577132384,0,
26547,1790346565,1577545824,0,
18829,1790346872,1577536449,366473,
17034,1790346920,1728057,0,
11497,1790346976,1576781253,0,
31907,1790347098,1577132384,0,
37743,1790347205,1576752667,0,
16232,1790347217,1577268653,1577106499,
16232,1790347294,1577106499,1577268653,
36889,1790347296,1577500021,0,
5389,1790347471,1577538659,1577523449,
33439,1790348014,1577048182,0,
942,1790348039,9503234,1577513628,
9056,1790348261,10055367,0,
4235,1790348474,1577542025,0,
19656,1790348491,1577544295,0,
6487,1790348575,1577321158,0,
14505,1790348637,813539,0,
26332,1790348697,10241668,0,
10954,1790348723,1819870,0,
38253,1790348896,1576752667,0,
38253,1790348902,1576752667,1576752667,
3395,1790348973,1577170060,0,
8910,1790348984,1577279310,1577446402,
22540,1790349127,1577417053,0,
28179,1790349206,1576093251,0,
26668,1790349297,1577545473,0,
35704,1790349300,1577491956,8516154,
35704,1790349301,1577483735,1577491956,
6624,1790349422,1576119142,1577535853,
20689,1790349646,1577040263,1577516880,
24336,1790349833,1577483801,0,
748,1790350086,310663,0,
8846,1790350199,1577059736,0,
160,1790350243,9471881,0,
11251,1790350278,1577498626,0,
18477,1790350365,1577390946,0,
14689,1790350410,1577446402,10057023,
3745,1790350504,1577540186,0,
29217,1790350757,1576039189,0,
34798,1790351094,9062610,0,
6442,1790351267,1577350112,0,
30223,1790351274,1577064445,0,
6442,1790351294,1577350112,1577350112,
29683,1790351454,1577512782,0,
4271,1790351833,1577268024,0,
8575,1790352069,1577394158,0,
18332,1790352126,1577103914,0,
6754,1790352393,10039871,10287096,
22408,1790352436,9637025,0,
5208,1790352458,9219282,0,
11706,1790352460,9808270,0,
19587,1790352576,1458607,1576239968,
4769,1790352910,1577327643,1577545848,
19856,1790352955,2513210,0,
11156,1790353039,760440,1576173553,
19293,1790353064,8142713,0,
23802,1790353295,1576889530,0,
6742,1790353870,2663633,0,
20495,1790353870,1577544326,0,
17731,1790354150,8979093,1577184777,
11806,1790355115,1576608156,1577535367,
19056,1790355129,1144521,1576304363,
5558,1790355159,1577484847,0,
4711,1790355220,8447777,0,
12482,1790355294,1577378014,0,
15725,1790355425,1577510735,1577348216,
12524,1790355455,1576691820,0,
20506,1790355530,1577544883,0,
17751,1790355650,1577539136,1577369951,
20343,1790355697,9781088,0,
1738,1790355729,1577535670,1577139881,
9434,1790356005,1577430890,1576174848,
10481,1790356296,1577449949,8247237,
16564,1790356425,1577539321,0,
13833,1790356661,1577527187,119382,
16059,1790356667,1576608156,0,
8299,1790356706,9801163,0,
1243,1790356889,801831,0,
10264,1790356994,1577526543,0,
24945,1790357033,1577516952,1576561543,
17156,1790357060,1577544193,0,
14596,1790357201,1577507188,0,
25216,1790357303,1577489060,0,
20016,1790357342,1577544243,0,
20784,1790357394,1577178460,0,
5051,1790357682,1577489257,0,
30757,1790357860,9704671,0,
1953,1790357877,1577170060,0,
27951,1790357982,1577545646,0,
36703,1790358214,1577452447,0,
4138,1790358306,1577433896,1577428860,
36068,1790358677,10007100,1577546841,
7365,1790358689,7976002,0,
16232,1790358689,1577268653,1577106499,
25643,1790358737,1577338605,0,
21989,1790358754,1577513316,0,
24820,1790359237,1577377089,0,
31723,1790359280,9978487,0,
18770,1790359295,1144521,1576304363,
5639,1790359368,1577465504,0,
5639,1790359368,1577465504,1577465504,
32380,1790359510,1577432169,1576614653,
4425,1790359576,7780921,0,
11504,1790359641,2815069,0,
10329,1790359743,1792869,0,
1981,1790359863,1577537940,1556117,
28651,1790359919,1577542885,0,
15529,1790360130,1577544962,1577544007,
4594,1790360158,8554566,1577539033,
37668,1790360181,1577439112,0,
9683,1790360422,1577178460,0,
2161,1790360510,1577537728,0,
3404,1790360605,1577130926,0,
2199,1790360613,9285938,8447777,
15241,1790360650,1577360773,0,
997,1790360674,1577486566,0,
4295,1790360828,7961799,0,
5897,1790360882,1577531075,0,
8299,1790360891,9801163,9801163,
19913,1790360958,1577405536,0,
4495,1790361034,2607380,0,
16594,1790361059,1576982986,0,
793,1790361323,1577538281,1576659949,
4506,1790361441,9808270,0,
35943,1790361569,1576204516,0,
15788,1790361592,1577241033,0,
6654,1790361651,1577381110,0,
3676,1790361694,1577332555,0,
9878,1790361817,9285938,8447777,
11627,1790362097,8942925,8013865,
7227,1790362504,1577374650,1577504874,
5639,1790362587,1577544047,1577465504,
12113,1790362858,1103024,0,
26707,1790362878,1577305275,0,
3845,1790362960,1974764,0,
29088,1790363023,1576620804,1577442999,
34999,1790363055,1577270307,1577141028,
28820,1790363200,1577545668,0,
18736,1790363701,1577544569,1577544629,
6454,1790363811,9834413,1576959764,
6454,1790363811,9834413,9834413,
6123,1790363826,10118752,0,
7274,1790364000,1577542298,0,
22093,1790364040,1577524352,0,
16272,1790364176,1577388732,0,
34428,1790364208,9909262,0,
1077,1790364226,1576985771,0,
10498,1790364272,1576298928,0,
11696,1790364335,1577073064,0,
126,1790364376,1577420867,0,
11802,1790364385,2288408,0,
25341,1790364542,1577545243,0,
6454,1790364689,1576959764,9834413,
15861,1790364970,1577192256,0,
23912,1790364974,1577438034,0,
12951,1790365275,1577484886,0,
1585,1790365450,1577530371,1577396699,
6854,1790365585,1577537917,1577537613,
14419,1790365708,1577454074,0,
4248,1790365730,1577354984,1381625,
13717,1790366140,1577507008,0,
15568,1790366159,9946437,0,
12052,1790366323,1576781253,0,
34627,1790366390,1577444909,0,
20765,1790366588,8740198,397337,
10128,1790366618,1577530583,0,
2096,1790366735,1577538895,0,
28261,1790366745,1576268464,8502039,
28924,1790367223,1577365105,0,
6804,1790367255,1576756867,1381625,
20975,1790367258,9099524,0,
5035,1790367336,10113203,0,
1749,1790367464,1577499447,0,
19671,1790367618,1577545267,1577184777,
23041,1790367805,1577040263,1577516880,
16758,1790367949,1577103914,0,
35770,1790368404,1577299842,0,
10581,1790368593,10257779,0,
18225,1790368635,1577103914,0,
6933,1790368661,1577247043,1575943186,
22992,1790368674,1577518944,0,
14417,1790368859,1577452508,0,
16595,1790368889,1576401633,0,
17819,1790368896,1577393502,1577440363,
37616,1790368950,1577546661,0,
18297,1790369025,1577512062,0,
34198,1790369505,1577356305,0,
24282,1790369517,1577393299,0,
1751,1790369532,1577543469,1577537130,
12836,1790369788,455448,0,
21994,1790369824,1577509315,0,
20429,1790369825,1577150723,1577184777,
26853,1790369907,1576588394,0,
2039,1790369999,1577415816,1130518,
21422,1790370216,9490221,1577184777,
11897,1790370252,1577512641,1576173553,
8878,1790370292,1577059736,0,
23699,1790370374,8593889,0,
11274,1790370401,9719422,0,
8025,1790370543,9801163,0,
19678,1790370609,1577520010,0,
23274,1790370750,1576025187,0,
35735,1790371088,1576686712,0,
4780,1790371337,1577170060,0,
23106,1790371459,1577505385,1577544898,
6922,1790371547,1577436002,1576839110,
10264,1790371727,1577526543,1577526543,
17752,1790371972,9857324,0,
25749,1790372090,8658681,9353440,
4280,1790372177,1576634644,0,
8605,1790372199,8816522,0,
14255,1790372448,1577136351,0,
37221,1790372725,1576204516,0,
3833,1790372977,1577142359,0,
20558,1790373219,1577489962,0,
8288,1790373390,1577345825,1577494293,
1514,1790373484,1577543989,1577527690,
20767,1790373685,1576596873,0,
13132,1790374177,1577399262,0,
28789,1790374325,1576626963,0,
3041,1790374390,1689796,0,
12496,1790374476,1577073064,0,
30075,1790374552,300370,1577181324,
3375,1790374608,1577170060,0,
1960,1790374631,1576756867,1381625,
18859,1790374724,1577040263,1577516880,
32480,1790374845,1577545718,0,
23165,1790374891,1577325284,0,
8843,1790374991,1577394158,0,
20659,1790375270,1577358547,0,
17330,1790375304,1577544193,0,
20864,1790375551,1576096938,0,
9683,1790375678,1577060944,1577178460,
26229,1790375775,1576176852,0,
1316,1790375968,1577499142,0,
13532,1790376664,1577136351,0,
16566,1790376986,1577544193,0,
20264,1790377070,1577529656,0,
5925,1790377189,8751337,1577534479,
9281,1790377405,8816522,0,
15219,1790377449,1577344654,0,
19387,1790377601,2876883,0,
15219,1790378242,1577344654,1577344654,
541,1790378380,1577114057,0,
18506,1790378439,1577408960,0,
32967,1790378492,10260447,1576420299,
25963,1790378627,1577545190,0,
9988,1790378934,1576716190,0,
29492,1790378990,1576891056,0,
13603,1790379025,1577504878,0,
5177,1790379063,171619,1577513669,
23301,1790379197,1577279438,0,
3955,1790379618,1576547936,0,
7128,1790379619,1577517613,1577539978,
18912,1790379712,1577520010,0,
18380,1790379758,2217626,0,
36861,1790380000,9846914,0,
6953,1790380701,1577181969,0,
16346,1790381041,1577241033,0,
11775,1790381098,1333459,0,
4282,1790381496,1577525383,0,
3521,1790382535,1577268024,0,
30433,1790382662,1577542227,1577339237,
1585,1790382798,8658019,1577530371,
3559,1790382983,1576487399,0,
15266,1790383013,1577383865,1577431790,
36752,1790383637,1577500021,0,
26082,1790383705,1577545824,0,
15356,1790385120,9888572,0,
12923,1790385197,1577414412,0,
11156,1790385313,1576716190,760440,
1297,1790385719,1577268024,0,
5065,1790385782,1576716190,0,
30655,1790386025,1577546149,0,
11051,1790386611,1577073064,0,
505,1790386883,1577395864,0,
9338,1790386925,2135938,0,
8934,1790386965,9116012,0,
28755,1790387833,1576645834,7970409,
13480,1790387857,1125583,0,
18329,1790388548,1576598150,1577544962,
28692,1790388802,1576039189,0,
2101,1790389222,10071988,2606474,
37743,1790389478,1577397494,1576752667,
20797,1790389609,1577153654,0,
27914,1790389619,1577438100,0,
23413,1790389728,1577382054,0,
13782,1790390334,1577465504,0,
16477,1790390789,1577515991,0,
7520,1790391362,1577394158,0,
30801,1790391663,1576655476,0,
14724,1790392043,8609191,0,
4619,1790392928,9811082,0,
15983,1790392987,9645437,1577544058,
10268,1790393130,1576716190,0,
12271,1790393457,1577512641,0,
38940,1790393497,1576204516,0,
33798,1790394980,1576244879,8516154,
3206,1790395004,1577543745,0,
23405,1790396975,1577273211,0,
27240,1790397482,2376637,0,
9592,1790398147,608497,0,
19534,1790398620,2444984,0,
37243,1790398630,1577546204,0,
13530,1790399404,1577295965,1577022940,
4938,1790399625,1577130926,0,
27668,1790400835,3172459,0,
27668,1790400835,3172459,3172459,
2487,1790401544,1577543512,0,
35529,1790401870,1577300215,0,
13586,1790402401,1576439886,8447777,
26846,1790402445,1577536820,8217072,
34001,1790402478,1625880,1577402274,
1121,1790402884,1576828512,0,
6864,1790402910,1577527465,0,
4119,1790403020,1577122126,9277021,
19418,1790403130,1576794370,0,
24924,1790403131,1576093251,10241668,
917,1790403151,8418936,8308415,
13595,1790403559,3019681,0,
524,1790403586,1577537102,0,
12271,1790404049,1577512641,1577512641,
10934,1790404090,1577449949,8247237,
3940,1790404107,1577489059,0,
7905,1790404115,1577504874,10273957,
5872,1790404310,1577499142,0,
29905,1790405043,1577536800,0,
20032,1790405425,1576049073,0,
25756,1790405615,1577150723,0,
9632,1790405684,1577394158,0,
9175,1790406305,8816522,0,
5975,1790406551,1576449100,0,
15982,1790406639,1577301959,0,
24978,1790406710,1577545042,1577007968,
17260,1790407332,1577229327,0,
7906,1790407419,9801163,0,
32244,1790407541,1577045351,0,
10698,1790407692,477421,0,
855,1790407731,1577268024,0,
25889,1790408070,733755,0,
15399,1790408186,1577507188,0,
4261,1790408241,1375412,0,
25081,1790408459,9863875,0,
6292,1790408610,1577114057,0,
14820,1790408691,8161459,0,
23367,1790408756,383773,0,
23367,1790408756,383773,383773,
136,1790408803,1577526925,0,
19355,1790408992,1577520010,0,
34397,1790409193,8774668,1576577871,
516,1790409244,1577541439,0,
11215,1790409260,8993660,0,
9655,1790409304,1577395538,0,
26723,1790409343,1577545336,0,
33391,1790409712,10007100,0,
5882,1790409769,1577187912,0,
6652,1790410066,1577342313,0,
18882,1790410400,1577374960,792488,
33181,1790410472,8776383,1577378847,
5970,1790410562,8013865,1577438080,
6983,1790410890,1577506998,8186966,
30289,1790410981,1576039189,0,
24477,1790411068,1577545038,1577061292,
23059,1790411130,1577495320,0,
9474,1790411406,10287096,0,
14863,1790411500,1493164,0,
11384,1790411567,1577501389,1234644,
24253,1790411590,1577544675,0,
6754,1790411851,1577383865,10039871,
31864,1790411971,1576528969,0,
11001,1790412309,1577500093,0,
13746,1790412688,9808270,0,
26288,1790413140,1577545243,0,
25549,1790413180,1577545604,1577545230,
32924,1790413581,1577505797,0,
4,1790413635,1577543745,0,
3552,1790413925,1577527642,0,
29771,1790414386,9978487,0,
32757,1790414574,1576204516,0,
17780,1790415106,1577498081,0,
26152,1790415175,1576805224,1577315631,
15342,1790415190,3094599,1577539353,
5193,1790415210,1577394602,1577537130,
28799,1790415419,63348,0,
25591,1790415772,10189407,0,
26235,1790416048,1577464497,0,
9579,1790416324,1576440292,0,
19180,1790416396,8979093,1577187836,
31186,1790416430,1928966,0,
29740,1790416454,1577279869,0,
17670,1790416557,1577544193,0,
36514,1790416724,1577232503,0,
25749,1790416750,9869866,8658681,
15219,1790416803,8161459,1577344654,
10398,1790416848,1577172541,0,
17729,1790416898,1577533990,1577527821,
5203,1790417142,1577392662,0,
26243,1790417555,1577897,0,
6702,1790417699,9116012,1577128585,
8064,1790418071,1577290291,0,
33131,1790418528,8774668,1577461836,
679,1790418761,9789555,1577523449,
13411,1790418837,1125583,0,
8184,1790419010,1577327517,0,
11014,1790419242,1577073064,0,
15357,1790419258,1102804,2779332,
30298,1790419317,1576671825,1577454874,
31637,1790420039,9888571,0,
18269,1790420747,1577536212,1576990588,
3491,1790421048,1577513511,0,
24037,1790421185,1577545419,0,
18498,1790421215,1577279914,0,
28499,1790421811,1577503111,0,
16255,1790421988,1577544193,0,
27876,1790421991,1577514194,0,
1228,1790422286,1576699803,1577420362,
28974,1790422500,1577382134,0,
14699,1790422668,1577544193,0,
31156,1790422699,549261,0,
6722,1790422949,1576699803,1577420362,
17557,1790423364,1577456618,1577102104,
9474,1790423549,1577178460,10287096,
3863,1790423966,1576508063,0,
10176,1790423992,9285938,1577522554,
30954,1790424036,1577364053,9532782,
13158,1790424123,9968798,1576304811,
38113,1790424278,8685599,0,
15418,1790424560,10187316,0,
18357,1790424618,1577051456,0,
30388,1790425173,1577442002,0,
6800,1790425190,1577527642,0,
3343,1790425307,1577489059,0,
8223,1790425470,8993459,0,
26918,1790425884,1260565,1577545427,
24403,1790425956,1577365184,0,
38992,1790426201,1576204516,0,
14403,1790426324,1577498626,0,
5703,1790426357,1577544203,0,
20169,1790426481,1577536606,0,
15008,1790426500,1577360773,0,
26498,1790426736,1577545668,0,
3756,1790426776,1577321158,1577367677,
8790,1790427404,1577332558,0,
8689,1790427408,9801163,0,
29023,1790427635,1577386979,0,
5779,1790428285,1577490989,0,
1058,1790428356,1577528572,0,
3144,1790428545,1577527642,0,
3422,1790428630,106967,1577539033,
27640,1790429122,9966,0,
15501,1790429142,1577241033,0,
17790,1790429210,9875797,0,
9745,1790429213,1577394158,0,
25637,1790429250,1577545299,0,
16445,1790429263,7785993,0,
18283,1790429393,2217626,0,
8463,1790429473,1576699803,1577420362,
9648,1790429592,9839014,1577536290,
4673,1790429768,1577350112,0,
12924,1790430321,8135599,0,
3592,1790430426,1576298928,1577539033,
3592,1790430426,1576298928,1576298928,
35122,1790430530,1577332569,0,
17450,1790430655,1577544197,0,
10779,1790430750,1577535454,0,
10274,1790430889,9285938,1577522554,
1944,1790430948,1577114057,0,
23207,1790430985,1577516880,1577360945,
16740,1790431340,9834413,0,
21285,1790431571,1577358547,0,
3078,1790431971,2663633,0,
16083,1790432201,9834413,0,
27382,1790432289,1577394742,0,
21026,1790432513,1577529656,0,
2640,1790432533,1577282858,2943946,
899,1790432621,1577016108,0,
25125,1790432686,1577232503,1576850414,
7285,1790432777,1576122141,0,
28731,1790432869,1577183141,0,
10487,1790432927,1577370212,0,
24214,1790433008,1577545494,0,
8000,1790433020,1577423724,0,
6106,1790433040,1577543469,1577537130,
4192,1790433293,1130518,1577539033,
33683,1790433351,1577163180,0,
8077,1790433471,1576298928,0,
6925,1790433589,1577538281,1577523449,
28949,1790433927,1577434601,0,
1342,1790434290,1577527930,0,
29631,1790434347,1577536630,369646,
35301,1790435042,9909262,1577495524,
8587,1790435097,1577406000,0,
28257,1790435133,1577273211,0,
31560,1790435290,1577381872,0,
23931,1790435301,1577545062,0,
6647,1790435346,1577348621,1576959764,
6647,1790435346,1576959764,1577348621,
6218,1790435373,1577386883,0,
32761,1790435480,9839137,0,
30241,1790435550,1577395253,1577464661,
22533,1790435711,1576270672,0,
10621,1790435724,10253420,0,
6983,1790435807,9801163,1577506998,
19629,1790436020,8979093,1577187836,
7626,1790436034,1577544203,1577490989,
2422,1790436620,1577274016,0,
10293,1790436860,1100582,0,
9041,1790436994,8816522,0,
749,1790437076,1577436002,1577415275,
1418,1790437219,1577534340,0,
19839,1790437248,1577544439,0,
25359,1790437249,1577545299,0,
31486,1790437305,1576671825,8344598,
4326,1790437476,8812458,0,
10094,1790437631,1601449,0,
18228,1790437664,8979093,1577187836,
18806,1790437675,8979093,1577187836,
4298,1790437803,9801163,1577506998,
26481,1790437807,1576662455,9218780,
26936,1790437832,1577395673,0,
18932,1790437878,1577522047,0,
25125,1790438362,1577232503,1577232503,
28537,1790438399,1577374650,0,
31974,1790438458,1577218222,0,
4691,1790438981,1577527930,0,
8810,1790439039,1577446326,9482437,
22933,1790439482,1239642,0,
10307,1790439494,1576937849,0,
22256,1790439855,1577544702,0,
36019,1790440018,8837766,0,
422,1790440120,1577274016,0,
9013,1790440143,9196619,0,
28307,1790440438,1577527085,0,
10222,1790440669,9839014,1577536290,
11534,1790440728,1576781253,0,
4192,1790441239,1577483302,1130518,
4192,1790441239,1577483302,1577483302,
4192,1790441239,1577483302,1577483302,
21679,1790441242,1577439023,0,
30110,1790441314,1577546519,1577167719,
28881,1790441569,10188951,0,
29162,1790441673,1577143346,0,
31014,1790441910,8931073,0,
21755,1790442196,1576312757,0,
12337,1790442388,1577070679,0,
33361,1790442563,1577299842,1577532050,
2104,1790442721,1577539555,2617477,
13722,1790442824,1476550,0,
